stamp,module,elapsed_ms
1657065600.530233,1.1_pointcloud_extract,0.042
1657065600.530233,1.1_cloud_preprocess,1.594
1657065600.530233,1.1_ros_callback_total,1.751
1657065600.530233,1.2_odom_insert_frame,1.451
1657065600.631227,1.1_pointcloud_extract,0.031
1657065600.631227,1.1_cloud_preprocess,1.503
1657065600.631227,1.1_ros_callback_total,1.614
1657065600.631227,1.2_odom_insert_frame,10.280
1657065600.730220,1.1_pointcloud_extract,0.010
1657065600.730220,1.1_cloud_preprocess,1.301
1657065600.730220,1.1_ros_callback_total,1.371
1657065600.730220,1.2_odom_insert_frame,5.382
1657065600.831397,1.1_pointcloud_extract,0.036
1657065600.831397,1.1_cloud_preprocess,1.590
1657065600.831397,1.1_ros_callback_total,1.699
1657065600.831397,1.2_odom_insert_frame,4.448
1657065600.930254,1.1_pointcloud_extract,0.011
1657065600.930254,1.1_cloud_preprocess,1.269
1657065600.930254,1.1_ros_callback_total,1.342
1657065600.930254,1.2_odom_insert_frame,3.657
1657065601.031287,1.1_pointcloud_extract,0.010
1657065601.031287,1.1_cloud_preprocess,1.319
1657065601.031287,1.1_ros_callback_total,1.393
1657065601.031287,1.2_odom_insert_frame,4.467
1657065601.130281,1.1_pointcloud_extract,0.010
1657065601.130281,1.1_cloud_preprocess,1.257
1657065601.130281,1.1_ros_callback_total,1.323
1657065601.130281,1.2_odom_insert_frame,4.478
1657065601.231274,1.1_pointcloud_extract,0.010
1657065601.231274,1.1_cloud_preprocess,1.356
1657065601.231274,1.1_ros_callback_total,1.425
1657065601.231274,1.2_odom_insert_frame,3.097
1657065601.331281,1.1_pointcloud_extract,0.044
1657065601.331281,1.1_cloud_preprocess,1.508
1657065601.331281,1.1_ros_callback_total,1.620
1657065601.331281,1.2_odom_insert_frame,3.031
1657065601.431276,1.1_pointcloud_extract,0.009
1657065601.431276,1.1_cloud_preprocess,1.219
1657065601.431276,1.1_ros_callback_total,1.282
1657065601.431276,1.2_odom_insert_frame,4.078
1657065601.531287,1.1_pointcloud_extract,0.011
1657065601.531287,1.1_cloud_preprocess,1.353
1657065601.531287,1.1_ros_callback_total,1.443
1657065601.531287,1.2_odom_insert_frame,3.021
1657065601.630273,1.1_pointcloud_extract,0.009
1657065601.630273,1.1_cloud_preprocess,1.168
1657065601.630273,1.1_ros_callback_total,1.227
1657065601.630273,1.2_odom_insert_frame,3.789
1657065601.731347,1.1_pointcloud_extract,0.011
1657065601.731347,1.1_cloud_preprocess,1.282
1657065601.731347,1.1_ros_callback_total,1.375
1657065601.731347,1.2_odom_insert_frame,5.020
1657065601.831262,1.1_pointcloud_extract,0.009
1657065601.831262,1.1_cloud_preprocess,1.240
1657065601.831262,1.1_ros_callback_total,1.308
1657065601.831262,1.2_odom_insert_frame,3.488
1657065601.931225,1.1_pointcloud_extract,0.009
1657065601.931225,1.1_cloud_preprocess,1.208
1657065601.931225,1.1_ros_callback_total,1.275
1657065601.931225,1.2_odom_insert_frame,5.031
1657065602.031221,1.1_pointcloud_extract,0.009
1657065602.031221,1.1_cloud_preprocess,1.211
1657065602.031221,1.1_ros_callback_total,1.280
1657065602.031221,1.2_odom_insert_frame,3.141
1657065602.130236,1.1_pointcloud_extract,0.011
1657065602.130236,1.1_cloud_preprocess,1.303
1657065602.130236,1.1_ros_callback_total,1.384
1657065602.130236,1.2_odom_insert_frame,3.229
1657065602.231291,1.1_pointcloud_extract,0.009
1657065602.231291,1.1_cloud_preprocess,1.210
1657065602.231291,1.1_ros_callback_total,1.305
1657065602.231291,1.2_odom_insert_frame,3.504
1657065602.331275,1.1_pointcloud_extract,0.010
1657065602.331275,1.1_cloud_preprocess,1.289
1657065602.331275,1.1_ros_callback_total,1.369
1657065602.331275,1.2_odom_insert_frame,2.803
1657065602.431282,1.1_pointcloud_extract,0.012
1657065602.431282,1.1_cloud_preprocess,1.270
1657065602.431282,1.1_ros_callback_total,1.354
1657065602.431282,1.2_odom_insert_frame,3.398
1657065602.531235,1.1_pointcloud_extract,0.011
1657065602.531235,1.1_cloud_preprocess,1.300
1657065602.531235,1.1_ros_callback_total,1.389
1657065602.531235,1.2_odom_insert_frame,4.248
1657065602.631329,1.1_pointcloud_extract,0.013
1657065602.631329,1.1_cloud_preprocess,1.280
1657065602.631329,1.1_ros_callback_total,1.361
1657065602.631329,1.2_odom_insert_frame,4.357
1657065602.730227,1.1_pointcloud_extract,0.011
1657065602.730227,1.1_cloud_preprocess,1.292
1657065602.730227,1.1_ros_callback_total,1.392
1657065602.730227,1.2_odom_insert_frame,4.533
1657065602.830418,1.1_pointcloud_extract,0.009
1657065602.830418,1.1_cloud_preprocess,1.140
1657065602.830418,1.1_ros_callback_total,1.201
1657065602.830418,1.2_odom_insert_frame,3.880
1657065602.930386,1.1_pointcloud_extract,0.012
1657065602.930386,1.1_cloud_preprocess,1.264
1657065602.930386,1.1_ros_callback_total,1.390
1657065602.930386,1.2_odom_insert_frame,4.605
1657065603.031227,1.1_pointcloud_extract,0.011
1657065603.031227,1.1_cloud_preprocess,1.267
1657065603.031227,1.1_ros_callback_total,1.350
1657065603.031227,1.2_odom_insert_frame,6.170
1657065603.131277,1.1_pointcloud_extract,0.010
1657065603.131277,1.1_cloud_preprocess,1.308
1657065603.131277,1.1_ros_callback_total,1.386
1657065603.131277,1.2_odom_insert_frame,4.199
1657065603.231276,1.1_pointcloud_extract,0.011
1657065603.231276,1.1_cloud_preprocess,1.254
1657065603.231276,1.1_ros_callback_total,1.341
1657065603.231276,1.2_odom_insert_frame,2.951
1657065603.331273,1.1_pointcloud_extract,0.013
1657065603.331273,1.1_cloud_preprocess,1.321
1657065603.331273,1.1_ros_callback_total,1.417
1657065603.331273,1.2_odom_insert_frame,5.548
1657065603.431274,1.1_pointcloud_extract,0.011
1657065603.431274,1.1_cloud_preprocess,1.273
1657065603.431274,1.1_ros_callback_total,1.371
1657065603.431274,1.2_odom_insert_frame,3.116
1657065603.531274,1.1_pointcloud_extract,0.011
1657065603.531274,1.1_cloud_preprocess,1.263
1657065603.531274,1.1_ros_callback_total,1.352
1657065603.531274,1.2_covariance_estimation,0.530
1657065603.531274,1.2_create_factors,0.003
1657065603.531274,1.2_smoother_update,0.138
1657065603.531274,1.2_update_frames_calculate_estimate,0.009
1657065603.531274,1.2_update_frames_state_copy,0.013
1657065603.531274,1.2_update_frames_sigma_p,0.260
1657065603.531274,1.2_update_frames,0.306
1657065603.531274,1.2_odom_insert_frame,10.812
1657065603.631277,1.1_pointcloud_extract,0.009
1657065603.631277,1.1_cloud_preprocess,1.360
1657065603.631277,1.1_ros_callback_total,1.429
1657065603.631277,1.2_imu_integration,0.095
1657065603.631277,1.2_pointcloud_deskew,0.048
1657065603.631277,1.2_covariance_estimation,0.660
1657065603.631277,1.2_create_factors,0.017
1657065603.631277,1.2_smoother_update,0.659
1657065603.631277,1.3_gnss_injection,0.241
1657065603.631277,1.2_update_frames_calculate_estimate,0.002
1657065603.631277,1.2_update_frames_state_copy,0.002
1657065603.631277,1.2_update_frames_sigma_p,0.016
1657065603.631277,1.2_update_frames,0.032
1657065603.613353,2.1_gnss_araim,1.402
1657065603.631277,2.3_dynamic_al,0.001
1657065603.631277,2.3_state_machine,0.001
1657065603.631277,2.3_integrity_total,1.692
1657065603.631277,1.2_odom_insert_frame,4.078
1657065603.730278,1.1_pointcloud_extract,0.008
1657065603.730278,1.1_cloud_preprocess,1.276
1657065603.730278,1.1_ros_callback_total,1.352
1657065603.730278,1.2_imu_integration,0.077
1657065603.730278,1.2_pointcloud_deskew,0.054
1657065603.730278,1.2_covariance_estimation,0.542
1657065603.730278,1.2_create_factors,0.013
1657065603.730278,1.2_smoother_update,1.231
1657065603.730278,1.3_gnss_injection,0.227
1657065603.730278,1.2_update_frames_calculate_estimate,0.003
1657065603.730278,1.2_update_frames_state_copy,0.002
1657065603.730278,1.2_update_frames_sigma_p,0.025
1657065603.730278,1.2_update_frames,0.042
1657065603.713275,2.1_gnss_araim,0.663
1657065603.730278,2.3_dynamic_al,0.000
1657065603.730278,2.3_state_machine,0.000
1657065603.730278,2.3_integrity_total,0.723
1657065603.730278,1.2_odom_insert_frame,3.506
1657065603.830276,1.1_pointcloud_extract,0.012
1657065603.830276,1.1_cloud_preprocess,1.169
1657065603.830276,1.1_ros_callback_total,1.224
1657065603.830276,1.2_imu_integration,0.089
1657065603.830276,1.2_pointcloud_deskew,0.049
1657065603.830276,1.2_covariance_estimation,0.713
1657065603.830276,1.2_create_factors,0.017
1657065603.830276,1.2_smoother_update,1.649
1657065603.830276,1.3_gnss_injection,0.301
1657065603.830276,1.2_update_frames_calculate_estimate,0.004
1657065603.830276,1.2_update_frames_state_copy,0.002
1657065603.830276,1.2_update_frames_sigma_p,0.022
1657065603.830276,1.2_update_frames,0.053
1657065603.813274,2.1_gnss_araim,0.608
1657065603.830276,2.3_dynamic_al,0.000
1657065603.830276,2.3_state_machine,0.000
1657065603.830276,2.3_integrity_total,0.658
1657065603.830276,1.2_odom_insert_frame,3.996
1657065603.930290,1.1_pointcloud_extract,0.009
1657065603.930290,1.1_cloud_preprocess,1.285
1657065603.930290,1.1_ros_callback_total,1.351
1657065603.930290,1.2_imu_integration,0.120
1657065603.930290,1.2_pointcloud_deskew,0.037
1657065603.930290,1.2_covariance_estimation,0.546
1657065603.930290,1.2_create_factors,0.014
1657065603.930290,1.2_smoother_update,1.644
1657065603.930290,1.3_gnss_injection,0.225
1657065603.930290,1.2_update_frames_calculate_estimate,0.005
1657065603.930290,1.2_update_frames_state_copy,0.002
1657065603.930290,1.2_update_frames_sigma_p,0.047
1657065603.930290,1.2_update_frames,0.070
1657065603.913274,2.1_gnss_araim,0.644
1657065603.930290,2.3_dynamic_al,0.000
1657065603.930290,2.3_state_machine,0.000
1657065603.930290,2.3_integrity_total,0.701
1657065603.930290,1.2_odom_insert_frame,3.981
1657065604.031280,1.1_pointcloud_extract,0.011
1657065604.031280,1.1_cloud_preprocess,1.285
1657065604.031280,1.1_ros_callback_total,1.360
1657065604.031280,1.2_imu_integration,0.090
1657065604.031280,1.2_pointcloud_deskew,0.037
1657065604.031280,1.2_covariance_estimation,0.757
1657065604.031280,1.2_create_factors,0.016
1657065604.031280,1.2_smoother_update,3.489
1657065604.031280,1.3_gnss_injection,0.302
1657065604.031280,1.2_update_frames_calculate_estimate,0.007
1657065604.031280,1.2_update_frames_state_copy,0.003
1657065604.031280,1.2_update_frames_sigma_p,0.076
1657065604.031280,1.2_update_frames,0.110
1657065604.013279,2.1_gnss_araim,0.638
1657065604.031280,2.3_dynamic_al,0.000
1657065604.031280,2.3_state_machine,0.000
1657065604.031280,2.3_integrity_total,0.697
1657065604.031280,1.2_odom_insert_frame,6.202
1657065604.131274,1.1_pointcloud_extract,0.011
1657065604.131274,1.1_cloud_preprocess,1.364
1657065604.131274,1.1_ros_callback_total,1.443
1657065604.131274,1.2_imu_integration,0.089
1657065604.131274,1.2_pointcloud_deskew,0.037
1657065604.131274,1.2_covariance_estimation,0.718
1657065604.131274,1.2_create_factors,0.015
1657065604.131274,1.2_smoother_update,4.181
1657065604.131274,1.3_gnss_injection,0.308
1657065604.131274,1.2_update_frames_calculate_estimate,0.009
1657065604.131274,1.2_update_frames_state_copy,0.004
1657065604.131274,1.2_update_frames_sigma_p,0.100
1657065604.131274,1.2_update_frames,0.139
1657065604.113273,2.1_gnss_araim,0.633
1657065604.131274,2.3_dynamic_al,0.000
1657065604.131274,2.3_state_machine,0.000
1657065604.131274,2.3_integrity_total,0.680
1657065604.131274,1.2_odom_insert_frame,7.072
1657065604.231275,1.1_pointcloud_extract,0.012
1657065604.231275,1.1_cloud_preprocess,1.351
1657065604.231275,1.1_ros_callback_total,1.428
1657065604.231275,1.2_imu_integration,0.076
1657065604.231275,1.2_pointcloud_deskew,0.046
1657065604.231275,1.2_covariance_estimation,0.885
1657065604.231275,1.2_create_factors,0.011
1657065604.231275,1.2_smoother_update,3.657
1657065604.231275,1.3_gnss_injection,0.235
1657065604.231275,1.2_update_frames_calculate_estimate,0.007
1657065604.231275,1.2_update_frames_state_copy,0.003
1657065604.231275,1.2_update_frames_sigma_p,0.018
1657065604.231275,1.2_update_frames,0.042
1657065604.213275,2.1_gnss_araim,0.601
1657065604.231275,2.3_dynamic_al,0.000
1657065604.231275,2.3_state_machine,0.000
1657065604.231275,2.3_integrity_total,0.661
1657065604.231275,1.2_odom_insert_frame,6.012
1657065604.331217,1.1_pointcloud_extract,0.010
1657065604.331217,1.1_cloud_preprocess,1.370
1657065604.331217,1.1_ros_callback_total,1.434
1657065604.331217,1.2_imu_integration,0.079
1657065604.331217,1.2_pointcloud_deskew,0.049
1657065604.331217,1.2_covariance_estimation,0.688
1657065604.331217,1.2_create_factors,0.017
1657065604.331217,1.2_smoother_update,5.400
1657065604.331217,1.3_gnss_injection,0.317
1657065604.331217,1.2_update_frames_calculate_estimate,0.009
1657065604.331217,1.2_update_frames_state_copy,0.004
1657065604.331217,1.2_update_frames_sigma_p,0.022
1657065604.331217,1.2_update_frames,0.059
1657065604.313243,2.1_gnss_araim,0.599
1657065604.331217,2.3_dynamic_al,0.000
1657065604.331217,2.3_state_machine,0.000
1657065604.331217,2.3_integrity_total,0.643
1657065604.331217,1.2_odom_insert_frame,7.804
1657065604.431236,1.1_pointcloud_extract,0.011
1657065604.431236,1.1_cloud_preprocess,1.342
1657065604.431236,1.1_ros_callback_total,1.420
1657065604.431236,1.2_imu_integration,0.089
1657065604.431236,1.2_pointcloud_deskew,0.037
1657065604.431236,1.2_covariance_estimation,0.901
1657065604.431236,1.2_create_factors,0.015
1657065604.431236,1.2_smoother_update,6.061
1657065604.431236,1.3_gnss_injection,0.319
1657065604.431236,1.2_update_frames_calculate_estimate,0.011
1657065604.431236,1.2_update_frames_state_copy,0.004
1657065604.431236,1.2_update_frames_sigma_p,0.215
1657065604.431236,1.2_update_frames,0.257
1657065604.413259,2.1_gnss_araim,0.772
1657065604.431236,2.3_dynamic_al,0.000
1657065604.431236,2.3_state_machine,0.000
1657065604.431236,2.3_integrity_total,0.830
1657065604.431236,1.2_odom_insert_frame,10.042
1657065604.531254,1.1_pointcloud_extract,0.012
1657065604.531254,1.1_cloud_preprocess,1.343
1657065604.531254,1.1_ros_callback_total,1.430
1657065604.531254,1.2_imu_integration,0.089
1657065604.531254,1.2_pointcloud_deskew,0.038
1657065604.531254,1.2_covariance_estimation,0.907
1657065604.531254,1.2_create_factors,0.015
1657065604.531254,1.2_smoother_update,6.840
1657065604.531254,1.3_gnss_injection,0.325
1657065604.531254,1.2_update_frames_calculate_estimate,0.011
1657065604.531254,1.2_update_frames_state_copy,0.005
1657065604.531254,1.2_update_frames_sigma_p,0.022
1657065604.531254,1.2_update_frames,0.061
1657065604.513257,2.1_gnss_araim,0.636
1657065604.531254,2.3_dynamic_al,0.000
1657065604.531254,2.3_state_machine,0.000
1657065604.531254,2.3_integrity_total,0.704
1657065604.531254,1.2_odom_insert_frame,9.477
1657065604.631292,1.1_pointcloud_extract,0.010
1657065604.631292,1.1_cloud_preprocess,1.416
1657065604.631292,1.1_ros_callback_total,1.502
1657065604.631292,1.2_imu_integration,0.092
1657065604.631292,1.2_pointcloud_deskew,0.037
1657065604.631292,1.2_covariance_estimation,0.722
1657065604.631292,1.2_create_factors,0.016
1657065604.631292,1.2_smoother_update,4.136
1657065604.631292,1.3_gnss_injection,0.323
1657065604.631292,1.2_update_frames_calculate_estimate,0.013
1657065604.631292,1.2_update_frames_state_copy,0.005
1657065604.631292,1.2_update_frames_sigma_p,0.032
1657065604.631292,1.2_update_frames,0.074
1657065604.613297,2.1_gnss_araim,0.620
1657065604.631292,2.3_dynamic_al,0.000
1657065604.631292,2.3_state_machine,0.000
1657065604.631292,2.3_integrity_total,0.686
1657065604.631292,1.2_odom_insert_frame,6.665
1657065604.731281,1.1_pointcloud_extract,0.008
1657065604.731281,1.1_cloud_preprocess,1.259
1657065604.731281,1.1_ros_callback_total,1.316
1657065604.731281,1.2_imu_integration,0.183
1657065604.731281,1.2_pointcloud_deskew,0.051
1657065604.731281,1.2_covariance_estimation,0.761
1657065604.731281,1.2_create_factors,0.015
1657065604.731281,1.2_smoother_update,4.628
1657065604.731281,1.3_gnss_injection,0.332
1657065604.731281,1.2_update_frames_calculate_estimate,0.013
1657065604.731281,1.2_update_frames_state_copy,0.005
1657065604.731281,1.2_update_frames_sigma_p,0.049
1657065604.731281,1.2_update_frames,0.092
1657065604.713280,2.1_gnss_araim,0.621
1657065604.731281,2.3_dynamic_al,0.000
1657065604.731281,2.3_state_machine,0.000
1657065604.731281,2.3_integrity_total,0.666
1657065604.731281,1.2_odom_insert_frame,7.459
1657065604.830280,1.1_pointcloud_extract,0.012
1657065604.830280,1.1_cloud_preprocess,1.362
1657065604.830280,1.1_ros_callback_total,1.435
1657065604.830280,1.2_imu_integration,0.089
1657065604.830280,1.2_pointcloud_deskew,0.038
1657065604.830280,1.2_covariance_estimation,0.723
1657065604.830280,1.2_create_factors,0.015
1657065604.830280,1.2_smoother_update,4.800
1657065604.830280,1.3_gnss_injection,0.317
1657065604.830280,1.2_update_frames_calculate_estimate,0.014
1657065604.830280,1.2_update_frames_state_copy,0.005
1657065604.830280,1.2_update_frames_sigma_p,0.032
1657065604.830280,1.2_update_frames,0.079
1657065604.813276,2.1_gnss_araim,0.745
1657065604.830280,2.3_dynamic_al,0.000
1657065604.830280,2.3_state_machine,0.000
1657065604.830280,2.3_integrity_total,0.807
1657065604.830280,1.2_odom_insert_frame,7.452
1657065604.930279,1.1_pointcloud_extract,0.009
1657065604.930279,1.1_cloud_preprocess,1.316
1657065604.930279,1.1_ros_callback_total,1.362
1657065604.930279,1.2_imu_integration,0.090
1657065604.930279,1.2_pointcloud_deskew,0.049
1657065604.930279,1.2_covariance_estimation,0.710
1657065604.930279,1.2_create_factors,0.017
1657065604.930279,1.2_smoother_update,5.506
1657065604.930279,1.3_gnss_injection,0.358
1657065604.930279,1.2_update_frames_calculate_estimate,0.015
1657065604.930279,1.2_update_frames_state_copy,0.006
1657065604.930279,1.2_update_frames_sigma_p,0.088
1657065604.930279,1.2_update_frames,0.135
1657065604.913294,2.1_gnss_araim,0.599
1657065604.930279,2.3_dynamic_al,0.000
1657065604.930279,2.3_state_machine,0.000
1657065604.930279,2.3_integrity_total,0.645
1657065604.930279,1.2_odom_insert_frame,8.469
1657065605.031229,1.1_pointcloud_extract,0.011
1657065605.031229,1.1_cloud_preprocess,1.326
1657065605.031229,1.1_ros_callback_total,1.398
1657065605.031229,1.2_imu_integration,0.090
1657065605.031229,1.2_pointcloud_deskew,0.037
1657065605.031229,1.2_covariance_estimation,0.737
1657065605.031229,1.2_create_factors,0.014
1657065605.031229,1.2_smoother_update,7.852
1657065605.031229,1.3_gnss_injection,0.265
1657065605.031229,1.2_update_frames_calculate_estimate,0.013
1657065605.031229,1.2_update_frames_state_copy,0.005
1657065605.031229,1.2_update_frames_sigma_p,0.020
1657065605.031229,1.2_update_frames,0.052
1657065605.013294,2.1_gnss_araim,0.753
1657065605.031229,2.3_dynamic_al,0.000
1657065605.031229,2.3_state_machine,0.000
1657065605.031229,2.3_integrity_total,0.795
1657065605.031229,1.2_odom_insert_frame,10.318
1657065605.131378,1.1_pointcloud_extract,0.009
1657065605.131378,1.1_cloud_preprocess,1.241
1657065605.131378,1.1_ros_callback_total,1.303
1657065605.131378,1.2_imu_integration,0.075
1657065605.131378,1.2_pointcloud_deskew,0.049
1657065605.131378,1.2_covariance_estimation,0.606
1657065605.131378,1.2_create_factors,0.013
1657065605.131378,1.2_smoother_update,4.604
1657065605.131378,1.3_gnss_injection,0.235
1657065605.131378,1.2_update_frames_calculate_estimate,0.014
1657065605.131378,1.2_update_frames_state_copy,0.005
1657065605.131378,1.2_update_frames_sigma_p,0.027
1657065605.131378,1.2_update_frames,0.062
1657065605.113338,2.1_gnss_araim,0.701
1657065605.131378,2.3_dynamic_al,0.000
1657065605.131378,2.3_state_machine,0.000
1657065605.131378,2.3_integrity_total,0.772
1657065605.131378,1.2_odom_insert_frame,6.898
1657065605.231382,1.1_pointcloud_extract,0.012
1657065605.231382,1.1_cloud_preprocess,1.375
1657065605.231382,1.1_ros_callback_total,1.455
1657065605.231382,1.2_imu_integration,0.074
1657065605.231382,1.2_pointcloud_deskew,0.045
1657065605.231382,1.2_covariance_estimation,0.558
1657065605.231382,1.2_create_factors,0.011
1657065605.231382,1.2_smoother_update,0.832
1657065605.231382,1.3_gnss_injection,0.231
1657065605.231382,1.2_update_frames_calculate_estimate,0.014
1657065605.231382,1.2_update_frames_state_copy,0.005
1657065605.231382,1.2_update_frames_sigma_p,0.029
1657065605.231382,1.2_update_frames,0.063
1657065605.213257,2.1_gnss_araim,0.657
1657065605.231382,2.3_dynamic_al,0.000
1657065605.231382,2.3_state_machine,0.000
1657065605.231382,2.3_integrity_total,0.706
1657065605.231382,1.2_odom_insert_frame,3.098
1657065605.331218,1.1_pointcloud_extract,0.011
1657065605.331218,1.1_cloud_preprocess,1.349
1657065605.331218,1.1_ros_callback_total,1.414
1657065605.331218,1.2_imu_integration,0.091
1657065605.331218,1.2_pointcloud_deskew,0.037
1657065605.331218,1.2_covariance_estimation,0.961
1657065605.331218,1.2_create_factors,0.014
1657065605.331218,1.2_smoother_update,7.127
1657065605.331218,1.3_gnss_injection,0.379
1657065605.331218,1.2_update_frames_calculate_estimate,0.019
1657065605.331218,1.2_update_frames_state_copy,0.007
1657065605.331218,1.2_update_frames_sigma_p,0.022
1657065605.331218,1.2_update_frames,0.072
1657065605.313372,2.1_gnss_araim,0.862
1657065605.331218,2.3_dynamic_al,0.000
1657065605.331218,2.3_state_machine,0.000
1657065605.331218,2.3_integrity_total,0.921
1657065605.331218,1.2_odom_insert_frame,10.249
1657065605.431276,1.1_pointcloud_extract,0.011
1657065605.431276,1.1_cloud_preprocess,1.328
1657065605.431276,1.1_ros_callback_total,1.409
1657065605.431276,1.2_imu_integration,0.089
1657065605.431276,1.2_pointcloud_deskew,0.037
1657065605.431276,1.2_covariance_estimation,0.916
1657065605.431276,1.2_create_factors,0.015
1657065605.431276,1.2_smoother_update,7.118
1657065605.431276,1.3_gnss_injection,0.336
1657065605.431276,1.2_update_frames_calculate_estimate,0.025
1657065605.431276,1.2_update_frames_state_copy,0.008
1657065605.431276,1.2_update_frames_sigma_p,0.038
1657065605.431276,1.2_update_frames,0.101
1657065605.413247,2.1_gnss_araim,0.759
1657065605.431276,2.3_dynamic_al,0.000
1657065605.431276,2.3_state_machine,0.000
1657065605.431276,2.3_integrity_total,0.822
1657065605.431276,1.2_odom_insert_frame,10.129
1657065605.531276,1.1_pointcloud_extract,0.011
1657065605.531276,1.1_cloud_preprocess,1.343
1657065605.531276,1.1_ros_callback_total,1.419
1657065605.531276,1.2_imu_integration,0.089
1657065605.531276,1.2_pointcloud_deskew,0.037
1657065605.531276,1.2_covariance_estimation,0.922
1657065605.531276,1.2_create_factors,0.015
1657065605.531276,1.2_smoother_update,1.088
1657065605.531276,1.3_gnss_injection,0.316
1657065605.531276,1.2_update_frames_calculate_estimate,0.020
1657065605.531276,1.2_update_frames_state_copy,0.007
1657065605.531276,1.2_update_frames_sigma_p,0.033
1657065605.531276,1.2_update_frames,0.084
1657065605.513315,2.1_gnss_araim,0.647
1657065605.531276,2.3_dynamic_al,0.000
1657065605.531276,2.3_state_machine,0.000
1657065605.531276,2.3_integrity_total,0.693
1657065605.531276,1.2_odom_insert_frame,3.973
1657065605.631275,1.1_pointcloud_extract,0.009
1657065605.631275,1.1_cloud_preprocess,1.222
1657065605.631275,1.1_ros_callback_total,1.286
1657065605.631275,1.2_imu_integration,0.069
1657065605.631275,1.2_pointcloud_deskew,0.045
1657065605.631275,1.2_covariance_estimation,0.600
1657065605.631275,1.2_create_factors,0.012
1657065605.631275,1.2_smoother_update,6.651
1657065605.631275,1.3_gnss_injection,0.295
1657065605.631275,1.2_update_frames_calculate_estimate,0.018
1657065605.631275,1.2_update_frames_state_copy,0.006
1657065605.631275,1.2_update_frames_sigma_p,0.020
1657065605.631275,1.2_update_frames,0.059
1657065605.613297,2.1_gnss_araim,0.646
1657065605.631275,2.3_dynamic_al,0.000
1657065605.631275,2.3_state_machine,0.000
1657065605.631275,2.3_integrity_total,0.734
1657065605.631275,1.2_odom_insert_frame,8.922
1657065605.731275,1.1_pointcloud_extract,0.010
1657065605.731275,1.1_cloud_preprocess,1.358
1657065605.731275,1.1_ros_callback_total,1.431
1657065605.731275,1.2_imu_integration,0.089
1657065605.731275,1.2_pointcloud_deskew,0.037
1657065605.731275,1.2_covariance_estimation,0.717
1657065605.731275,1.2_create_factors,0.016
1657065605.731275,1.2_smoother_update,8.447
1657065605.731275,1.3_gnss_injection,0.339
1657065605.731275,1.2_update_frames_calculate_estimate,0.023
1657065605.731275,1.2_update_frames_state_copy,0.008
1657065605.731275,1.2_update_frames_sigma_p,0.034
1657065605.731275,1.2_update_frames,0.091
1657065605.713275,2.1_gnss_araim,0.784
1657065605.731275,2.3_dynamic_al,0.000
1657065605.731275,2.3_state_machine,0.000
1657065605.731275,2.3_integrity_total,0.838
1657065605.731275,1.2_odom_insert_frame,11.338
1657065605.831276,1.1_pointcloud_extract,0.011
1657065605.831276,1.1_cloud_preprocess,1.333
1657065605.831276,1.1_ros_callback_total,1.398
1657065605.831276,1.2_imu_integration,0.083
1657065605.831276,1.2_pointcloud_deskew,0.051
1657065605.831276,1.2_covariance_estimation,1.049
1657065605.831276,1.2_create_factors,0.016
1657065605.831276,1.2_smoother_update,1.141
1657065605.831276,1.3_gnss_injection,0.315
1657065605.831276,1.2_update_frames_calculate_estimate,0.023
1657065605.831276,1.2_update_frames_state_copy,0.008
1657065605.831276,1.2_update_frames_sigma_p,0.034
1657065605.831276,1.2_update_frames,0.090
1657065605.813285,2.1_gnss_araim,0.628
1657065605.831276,2.3_dynamic_al,0.000
1657065605.831276,2.3_state_machine,0.000
1657065605.831276,2.3_integrity_total,0.685
1657065605.831276,1.2_odom_insert_frame,4.104
1657065605.931276,1.1_pointcloud_extract,0.011
1657065605.931276,1.1_cloud_preprocess,1.392
1657065605.931276,1.1_ros_callback_total,1.469
1657065605.931276,1.2_imu_integration,0.091
1657065605.931276,1.2_pointcloud_deskew,0.037
1657065605.931276,1.2_covariance_estimation,0.700
1657065605.931276,1.2_create_factors,0.016
1657065605.931276,1.2_smoother_update,1.183
1657065605.931276,1.3_gnss_injection,0.327
1657065605.931276,1.2_update_frames_calculate_estimate,0.022
1657065605.931276,1.2_update_frames_state_copy,0.009
1657065605.931276,1.2_update_frames_sigma_p,0.035
1657065605.931276,1.2_update_frames,0.093
1657065605.913274,2.1_gnss_araim,0.765
1657065605.931276,2.3_dynamic_al,0.000
1657065605.931276,2.3_state_machine,0.000
1657065605.931276,2.3_integrity_total,0.825
1657065605.931276,1.2_odom_insert_frame,4.070
1657065606.031275,1.1_pointcloud_extract,0.011
1657065606.031275,1.1_cloud_preprocess,1.337
1657065606.031275,1.1_ros_callback_total,1.413
1657065606.031275,1.2_imu_integration,0.092
1657065606.031275,1.2_pointcloud_deskew,0.037
1657065606.031275,1.2_covariance_estimation,1.038
1657065606.031275,1.2_create_factors,0.016
1657065606.031275,1.2_smoother_update,1.190
1657065606.031275,1.3_gnss_injection,0.316
1657065606.031275,1.2_update_frames_calculate_estimate,0.024
1657065606.031275,1.2_update_frames_state_copy,0.009
1657065606.031275,1.2_update_frames_sigma_p,0.034
1657065606.031275,1.2_update_frames,0.093
1657065606.013290,2.1_gnss_araim,0.626
1657065606.031275,2.3_dynamic_al,0.000
1657065606.031275,2.3_state_machine,0.000
1657065606.031275,2.3_integrity_total,0.688
1657065606.031275,1.2_odom_insert_frame,4.197
1657065606.131275,1.1_pointcloud_extract,0.012
1657065606.131275,1.1_cloud_preprocess,1.385
1657065606.131275,1.1_ros_callback_total,1.468
1657065606.131275,1.2_imu_integration,0.073
1657065606.131275,1.2_pointcloud_deskew,0.047
1657065606.131275,1.2_covariance_estimation,0.603
1657065606.131275,1.2_create_factors,0.012
1657065606.131275,1.2_smoother_update,0.970
1657065606.131275,1.3_gnss_injection,0.236
1657065606.131275,1.2_update_frames_calculate_estimate,0.019
1657065606.131275,1.2_update_frames_state_copy,0.007
1657065606.131275,1.2_update_frames_sigma_p,0.029
1657065606.131275,1.2_update_frames,0.077
1657065606.113284,2.1_gnss_araim,0.630
1657065606.131275,2.3_dynamic_al,0.000
1657065606.131275,2.3_state_machine,0.000
1657065606.131275,2.3_integrity_total,0.685
1657065606.131275,1.2_odom_insert_frame,3.372
1657065606.231275,1.1_pointcloud_extract,0.010
1657065606.231275,1.1_cloud_preprocess,1.357
1657065606.231275,1.1_ros_callback_total,1.430
1657065606.231275,1.2_imu_integration,0.073
1657065606.231275,1.2_pointcloud_deskew,0.046
1657065606.231275,1.2_covariance_estimation,0.634
1657065606.231275,1.2_create_factors,0.013
1657065606.231275,1.2_smoother_update,1.000
1657065606.231275,1.3_gnss_injection,0.242
1657065606.231275,1.2_update_frames_calculate_estimate,0.020
1657065606.231275,1.2_update_frames_state_copy,0.007
1657065606.231275,1.2_update_frames_sigma_p,0.030
1657065606.231275,1.2_update_frames,0.073
1657065606.213305,2.1_gnss_araim,0.604
1657065606.231275,2.3_dynamic_al,0.000
1657065606.231275,2.3_state_machine,0.000
1657065606.231275,2.3_integrity_total,0.660
1657065606.231275,1.2_odom_insert_frame,3.307
1657065606.331276,1.1_pointcloud_extract,0.009
1657065606.331276,1.1_cloud_preprocess,1.274
1657065606.331276,1.1_ros_callback_total,1.336
1657065606.331276,1.2_imu_integration,0.092
1657065606.331276,1.2_pointcloud_deskew,0.054
1657065606.331276,1.2_covariance_estimation,1.018
1657065606.331276,1.2_create_factors,0.016
1657065606.331276,1.2_smoother_update,1.268
1657065606.331276,1.3_gnss_injection,0.329
1657065606.331276,1.2_update_frames_calculate_estimate,0.027
1657065606.331276,1.2_update_frames_state_copy,0.010
1657065606.331276,1.2_update_frames_sigma_p,0.035
1657065606.331276,1.2_update_frames,0.099
1657065606.313281,2.1_gnss_araim,0.607
1657065606.331276,2.3_dynamic_al,0.000
1657065606.331276,2.3_state_machine,0.000
1657065606.331276,2.3_integrity_total,0.664
1657065606.331276,1.2_odom_insert_frame,4.428
1657065606.431275,1.1_pointcloud_extract,0.011
1657065606.431275,1.1_cloud_preprocess,1.343
1657065606.431275,1.1_ros_callback_total,1.434
1657065606.431275,1.2_imu_integration,0.093
1657065606.431275,1.2_pointcloud_deskew,0.038
1657065606.431275,1.2_covariance_estimation,0.596
1657065606.431275,1.2_create_factors,0.014
1657065606.431275,1.2_smoother_update,1.282
1657065606.431275,1.3_gnss_injection,0.331
1657065606.431275,1.2_update_frames_calculate_estimate,0.029
1657065606.431275,1.2_update_frames_state_copy,0.010
1657065606.431275,1.2_update_frames_sigma_p,0.033
1657065606.431275,1.2_update_frames,0.099
1657065606.413291,2.1_gnss_araim,0.608
1657065606.431275,2.3_dynamic_al,0.000
1657065606.431275,2.3_state_machine,0.000
1657065606.431275,2.3_integrity_total,0.674
1657065606.431275,1.2_odom_insert_frame,3.906
1657065606.531275,1.1_pointcloud_extract,0.009
1657065606.531275,1.1_cloud_preprocess,1.288
1657065606.531275,1.1_ros_callback_total,1.361
1657065606.531275,1.2_imu_integration,0.090
1657065606.531275,1.2_pointcloud_deskew,0.037
1657065606.531275,1.2_covariance_estimation,0.671
1657065606.531275,1.2_create_factors,0.015
1657065606.531275,1.2_smoother_update,13.462
1657065606.531275,1.3_gnss_injection,0.496
1657065606.531275,1.2_update_frames_calculate_estimate,0.034
1657065606.531275,1.2_update_frames_state_copy,0.011
1657065606.531275,1.2_update_frames_sigma_p,0.093
1657065606.531275,1.2_update_frames,0.172
1657065606.513280,2.1_gnss_araim,1.142
1657065606.531275,2.3_dynamic_al,0.000
1657065606.531275,2.3_state_machine,0.000
1657065606.531275,2.3_integrity_total,1.208
1657065606.531275,1.2_odom_insert_frame,17.394
1657065606.631273,1.1_pointcloud_extract,0.011
1657065606.631273,1.1_cloud_preprocess,1.344
1657065606.631273,1.1_ros_callback_total,1.420
1657065606.631273,1.2_imu_integration,0.155
1657065606.631273,1.2_pointcloud_deskew,0.037
1657065606.631273,1.2_covariance_estimation,0.698
1657065606.631273,1.2_create_factors,0.015
1657065606.631273,1.2_smoother_update,12.881
1657065606.631273,1.3_gnss_injection,0.383
1657065606.631273,1.2_update_frames_calculate_estimate,0.036
1657065606.631273,1.2_update_frames_state_copy,0.013
1657065606.631273,1.2_update_frames_sigma_p,0.035
1657065606.631273,1.2_update_frames,0.113
1657065606.613285,2.1_gnss_araim,0.724
1657065606.631273,2.3_dynamic_al,0.000
1657065606.631273,2.3_state_machine,0.000
1657065606.631273,2.3_integrity_total,0.769
1657065606.631273,1.2_odom_insert_frame,15.962
1657065606.731273,1.1_pointcloud_extract,0.011
1657065606.731273,1.1_cloud_preprocess,1.351
1657065606.731273,1.1_ros_callback_total,1.434
1657065606.731273,1.2_imu_integration,0.089
1657065606.731273,1.2_pointcloud_deskew,0.039
1657065606.731273,1.2_covariance_estimation,0.742
1657065606.731273,1.2_create_factors,0.016
1657065606.731273,1.2_smoother_update,1.379
1657065606.731273,1.3_gnss_injection,0.326
1657065606.731273,1.2_update_frames_calculate_estimate,0.031
1657065606.731273,1.2_update_frames_state_copy,0.011
1657065606.731273,1.2_update_frames_sigma_p,0.034
1657065606.731273,1.2_update_frames,0.103
1657065606.713286,2.1_gnss_araim,0.613
1657065606.731273,2.3_dynamic_al,0.000
1657065606.731273,2.3_state_machine,0.000
1657065606.731273,2.3_integrity_total,0.666
1657065606.731273,1.2_odom_insert_frame,4.166
1657065606.831275,1.1_pointcloud_extract,0.011
1657065606.831275,1.1_cloud_preprocess,1.329
1657065606.831275,1.1_ros_callback_total,1.417
1657065606.831275,1.2_imu_integration,0.092
1657065606.831275,1.2_pointcloud_deskew,0.038
1657065606.831275,1.2_covariance_estimation,0.998
1657065606.831275,1.2_create_factors,0.017
1657065606.831275,1.2_smoother_update,1.428
1657065606.831275,1.3_gnss_injection,0.329
1657065606.831275,1.2_update_frames_calculate_estimate,0.032
1657065606.831275,1.2_update_frames_state_copy,0.011
1657065606.831275,1.2_update_frames_sigma_p,0.034
1657065606.831275,1.2_update_frames,0.105
1657065606.813277,2.1_gnss_araim,0.661
1657065606.831275,2.3_dynamic_al,0.000
1657065606.831275,2.3_state_machine,0.000
1657065606.831275,2.3_integrity_total,0.723
1657065606.831275,1.2_odom_insert_frame,4.674
1657065606.931279,1.1_pointcloud_extract,0.009
1657065606.931279,1.1_cloud_preprocess,1.234
1657065606.931279,1.1_ros_callback_total,1.306
1657065606.931279,1.2_imu_integration,0.089
1657065606.931279,1.2_pointcloud_deskew,0.051
1657065606.931279,1.2_covariance_estimation,0.710
1657065606.931279,1.2_create_factors,0.015
1657065606.931279,1.2_smoother_update,1.409
1657065606.931279,1.3_gnss_injection,0.334
1657065606.931279,1.2_update_frames_calculate_estimate,0.033
1657065606.931279,1.2_update_frames_state_copy,0.011
1657065606.931279,1.2_update_frames_sigma_p,0.035
1657065606.931279,1.2_update_frames,0.107
1657065606.913274,2.1_gnss_araim,0.653
1657065606.931279,2.3_dynamic_al,0.000
1657065606.931279,2.3_state_machine,0.000
1657065606.931279,2.3_integrity_total,0.714
1657065606.931279,1.2_odom_insert_frame,4.401
1657065607.031273,1.1_pointcloud_extract,0.010
1657065607.031273,1.1_cloud_preprocess,1.386
1657065607.031273,1.1_ros_callback_total,1.477
1657065607.031273,1.2_imu_integration,0.091
1657065607.031273,1.2_pointcloud_deskew,0.038
1657065607.031273,1.2_covariance_estimation,0.749
1657065607.031273,1.2_create_factors,0.015
1657065607.031273,1.2_smoother_update,1.472
1657065607.031273,1.3_gnss_injection,0.385
1657065607.031273,1.2_update_frames_calculate_estimate,0.033
1657065607.031273,1.2_update_frames_state_copy,0.012
1657065607.031273,1.2_update_frames_sigma_p,0.036
1657065607.031273,1.2_update_frames,0.110
1657065607.013279,2.1_gnss_araim,0.634
1657065607.031273,2.3_dynamic_al,0.000
1657065607.031273,2.3_state_machine,0.000
1657065607.031273,2.3_integrity_total,0.697
1657065607.031273,1.2_odom_insert_frame,4.441
1657065607.131273,1.1_pointcloud_extract,0.012
1657065607.131273,1.1_cloud_preprocess,1.408
1657065607.131273,1.1_ros_callback_total,1.482
1657065607.131273,1.2_imu_integration,0.092
1657065607.131273,1.2_pointcloud_deskew,0.037
1657065607.131273,1.2_covariance_estimation,0.895
1657065607.131273,1.2_create_factors,0.016
1657065607.131273,1.2_smoother_update,16.991
1657065607.131273,1.3_gnss_injection,0.565
1657065607.131273,1.2_update_frames_calculate_estimate,0.062
1657065607.131273,1.2_update_frames_state_copy,0.016
1657065607.131273,1.2_update_frames_sigma_p,3.062
1657065607.131273,1.2_update_frames,3.212
1657065607.113281,2.1_gnss_araim,1.100
1657065607.131273,2.3_dynamic_al,0.000
1657065607.131273,2.3_state_machine,0.000
1657065607.131273,2.3_integrity_total,1.173
1657065607.131273,1.2_odom_insert_frame,49.983
1657065607.231276,1.1_pointcloud_extract,0.011
1657065607.231276,1.1_cloud_preprocess,1.366
1657065607.231276,1.1_ros_callback_total,1.442
1657065607.231276,1.2_imu_integration,0.090
1657065607.231276,1.2_pointcloud_deskew,0.037
1657065607.231276,1.2_covariance_estimation,0.500
1657065607.231276,1.2_create_factors,0.016
1657065607.231276,1.2_smoother_update,16.198
1657065607.231276,1.3_gnss_injection,0.396
1657065607.231276,1.2_update_frames_calculate_estimate,0.049
1657065607.231276,1.2_update_frames_state_copy,0.016
1657065607.231276,1.2_update_frames_sigma_p,0.038
1657065607.231276,1.2_update_frames,0.137
1657065607.213289,2.1_gnss_araim,0.673
1657065607.231276,2.3_dynamic_al,0.000
1657065607.231276,2.3_state_machine,0.000
1657065607.231276,2.3_integrity_total,0.730
1657065607.231276,1.2_odom_insert_frame,19.150
1657065607.331332,1.1_pointcloud_extract,0.009
1657065607.331332,1.1_cloud_preprocess,1.279
1657065607.331332,1.1_ros_callback_total,1.328
1657065607.331332,1.2_imu_integration,0.073
1657065607.331332,1.2_pointcloud_deskew,0.048
1657065607.331332,1.2_covariance_estimation,0.380
1657065607.331332,1.2_create_factors,0.012
1657065607.331332,1.2_smoother_update,1.267
1657065607.331332,1.3_gnss_injection,0.249
1657065607.331332,1.2_update_frames_calculate_estimate,0.029
1657065607.331332,1.2_update_frames_state_copy,0.010
1657065607.331332,1.2_update_frames_sigma_p,0.030
1657065607.331332,1.2_update_frames,0.087
1657065607.313236,2.1_gnss_araim,0.604
1657065607.331332,2.3_dynamic_al,0.000
1657065607.331332,2.3_state_machine,0.000
1657065607.331332,2.3_integrity_total,0.659
1657065607.331332,1.2_odom_insert_frame,3.421
1657065607.431259,1.1_pointcloud_extract,0.012
1657065607.431259,1.1_cloud_preprocess,1.355
1657065607.431259,1.1_ros_callback_total,1.432
1657065607.431259,1.2_imu_integration,0.090
1657065607.431259,1.2_pointcloud_deskew,0.040
1657065607.431259,1.2_covariance_estimation,0.705
1657065607.431259,1.2_create_factors,0.015
1657065607.431259,1.2_smoother_update,1.570
1657065607.431259,1.3_gnss_injection,0.343
1657065607.431259,1.2_update_frames_calculate_estimate,0.040
1657065607.431259,1.2_update_frames_state_copy,0.013
1657065607.431259,1.2_update_frames_sigma_p,0.036
1657065607.431259,1.2_update_frames,0.118
1657065607.413301,2.1_gnss_araim,0.621
1657065607.431259,2.3_dynamic_al,0.000
1657065607.431259,2.3_state_machine,0.000
1657065607.431259,2.3_integrity_total,0.685
1657065607.431259,1.2_odom_insert_frame,4.511
1657065607.531364,1.1_pointcloud_extract,0.011
1657065607.531364,1.1_cloud_preprocess,1.419
1657065607.531364,1.1_ros_callback_total,1.492
1657065607.531364,1.2_imu_integration,0.090
1657065607.531364,1.2_pointcloud_deskew,0.039
1657065607.531364,1.2_covariance_estimation,0.750
1657065607.531364,1.2_create_factors,0.016
1657065607.531364,1.2_smoother_update,1.634
1657065607.531364,1.3_gnss_injection,0.347
1657065607.531364,1.2_update_frames_calculate_estimate,0.040
1657065607.531364,1.2_update_frames_state_copy,0.013
1657065607.531364,1.2_update_frames_sigma_p,0.037
1657065607.531364,1.2_update_frames,0.119
1657065607.513261,2.1_gnss_araim,0.663
1657065607.531364,2.3_dynamic_al,0.000
1657065607.531364,2.3_state_machine,0.000
1657065607.531364,2.3_integrity_total,0.721
1657065607.531364,1.2_odom_insert_frame,4.776
1657065607.631275,1.1_pointcloud_extract,0.011
1657065607.631275,1.1_cloud_preprocess,1.337
1657065607.631275,1.1_ros_callback_total,1.410
1657065607.631275,1.2_imu_integration,0.090
1657065607.631275,1.2_pointcloud_deskew,0.039
1657065607.631275,1.2_covariance_estimation,0.884
1657065607.631275,1.2_create_factors,0.015
1657065607.631275,1.2_smoother_update,1.629
1657065607.631275,1.3_gnss_injection,0.355
1657065607.631275,1.2_update_frames_calculate_estimate,0.042
1657065607.631275,1.2_update_frames_state_copy,0.014
1657065607.631275,1.2_update_frames_sigma_p,0.040
1657065607.631275,1.2_update_frames,0.127
1657065607.613275,2.1_gnss_araim,0.711
1657065607.631275,2.3_dynamic_al,0.000
1657065607.631275,2.3_state_machine,0.000
1657065607.631275,2.3_integrity_total,0.774
1657065607.631275,1.2_odom_insert_frame,4.922
1657065607.731281,1.1_pointcloud_extract,0.010
1657065607.731281,1.1_cloud_preprocess,1.341
1657065607.731281,1.1_ros_callback_total,1.407
1657065607.731281,1.2_imu_integration,0.091
1657065607.731281,1.2_pointcloud_deskew,0.039
1657065607.731281,1.2_covariance_estimation,0.731
1657065607.731281,1.2_create_factors,0.015
1657065607.731281,1.2_smoother_update,20.917
1657065607.731281,1.3_gnss_injection,0.584
1657065607.731281,1.2_update_frames_calculate_estimate,0.055
1657065607.731281,1.2_update_frames_state_copy,0.015
1657065607.731281,1.2_update_frames_sigma_p,0.244
1657065607.731281,1.2_update_frames,0.358
1657065607.713277,2.1_gnss_araim,0.637
1657065607.731281,2.3_dynamic_al,0.000
1657065607.731281,2.3_state_machine,0.000
1657065607.731281,2.3_integrity_total,0.710
1657065607.731281,1.2_odom_insert_frame,25.898
1657065607.830276,1.1_pointcloud_extract,0.011
1657065607.830276,1.1_cloud_preprocess,1.367
1657065607.830276,1.1_ros_callback_total,1.440
1657065607.830276,1.2_imu_integration,0.105
1657065607.830276,1.2_pointcloud_deskew,0.048
1657065607.830276,1.2_covariance_estimation,0.321
1657065607.830276,1.2_create_factors,0.012
1657065607.830276,1.2_smoother_update,16.336
1657065607.830276,1.3_gnss_injection,0.300
1657065607.830276,1.2_update_frames_calculate_estimate,0.034
1657065607.830276,1.2_update_frames_state_copy,0.012
1657065607.830276,1.2_update_frames_sigma_p,0.030
1657065607.830276,1.2_update_frames,0.096
1657065607.813300,2.1_gnss_araim,0.837
1657065607.830276,2.3_dynamic_al,0.000
1657065607.830276,2.3_state_machine,0.000
1657065607.830276,2.3_integrity_total,0.870
1657065607.830276,1.2_odom_insert_frame,18.879
1657065607.930274,1.1_pointcloud_extract,0.011
1657065607.930274,1.1_cloud_preprocess,1.344
1657065607.930274,1.1_ros_callback_total,1.404
1657065607.930274,1.2_imu_integration,0.116
1657065607.930274,1.2_pointcloud_deskew,0.040
1657065607.930274,1.2_covariance_estimation,0.699
1657065607.930274,1.2_create_factors,0.016
1657065607.930274,1.2_smoother_update,1.706
1657065607.930274,1.3_gnss_injection,0.358
1657065607.930274,1.2_update_frames_calculate_estimate,0.045
1657065607.930274,1.2_update_frames_state_copy,0.015
1657065607.930274,1.2_update_frames_sigma_p,0.037
1657065607.930274,1.2_update_frames,0.127
1657065607.913275,2.1_gnss_araim,0.637
1657065607.930274,2.3_dynamic_al,0.000
1657065607.930274,2.3_state_machine,0.000
1657065607.930274,2.3_integrity_total,0.696
1657065607.930274,1.2_odom_insert_frame,4.804
1657065608.031242,1.1_pointcloud_extract,0.011
1657065608.031242,1.1_cloud_preprocess,1.396
1657065608.031242,1.1_ros_callback_total,1.472
1657065608.031242,1.2_imu_integration,0.093
1657065608.031242,1.2_pointcloud_deskew,0.040
1657065608.031242,1.2_covariance_estimation,0.893
1657065608.031242,1.2_create_factors,0.016
1657065608.031242,1.2_smoother_update,1.813
1657065608.031242,1.3_gnss_injection,0.368
1657065608.031242,1.2_update_frames_calculate_estimate,0.042
1657065608.031242,1.2_update_frames_state_copy,0.015
1657065608.031242,1.2_update_frames_sigma_p,0.036
1657065608.031242,1.2_update_frames,0.123
1657065608.012232,2.1_gnss_araim,0.629
1657065608.031242,2.3_dynamic_al,0.000
1657065608.031242,2.3_state_machine,0.000
1657065608.031242,2.3_integrity_total,0.686
1657065608.031242,1.2_odom_insert_frame,5.188
1657065608.131356,1.1_pointcloud_extract,0.010
1657065608.131356,1.1_cloud_preprocess,1.309
1657065608.131356,1.1_ros_callback_total,1.374
1657065608.131356,1.2_imu_integration,0.089
1657065608.131356,1.2_pointcloud_deskew,0.040
1657065608.131356,1.2_covariance_estimation,0.792
1657065608.131356,1.2_create_factors,0.017
1657065608.131356,1.2_smoother_update,1.736
1657065608.131356,1.3_gnss_injection,0.358
1657065608.131356,1.2_update_frames_calculate_estimate,0.044
1657065608.131356,1.2_update_frames_state_copy,0.015
1657065608.131356,1.2_update_frames_sigma_p,0.037
1657065608.131356,1.2_update_frames,0.126
1657065608.113258,2.1_gnss_araim,0.609
1657065608.131356,2.3_dynamic_al,0.000
1657065608.131356,2.3_state_machine,0.000
1657065608.131356,2.3_integrity_total,0.665
1657065608.131356,1.2_odom_insert_frame,4.960
1657065608.231241,1.1_pointcloud_extract,0.010
1657065608.231241,1.1_cloud_preprocess,1.288
1657065608.231241,1.1_ros_callback_total,1.371
1657065608.231241,1.2_imu_integration,0.094
1657065608.231241,1.2_pointcloud_deskew,0.041
1657065608.231241,1.2_covariance_estimation,0.748
1657065608.231241,1.2_create_factors,0.014
1657065608.231241,1.2_smoother_update,1.799
1657065608.231241,1.3_gnss_injection,0.362
1657065608.231241,1.2_update_frames_calculate_estimate,0.050
1657065608.231241,1.2_update_frames_state_copy,0.015
1657065608.231241,1.2_update_frames_sigma_p,0.038
1657065608.231241,1.2_update_frames,0.137
1657065608.213217,2.1_gnss_araim,0.721
1657065608.231241,2.3_dynamic_al,0.000
1657065608.231241,2.3_state_machine,0.000
1657065608.231241,2.3_integrity_total,0.775
1657065608.231241,1.2_odom_insert_frame,5.063
1657065608.330374,1.1_pointcloud_extract,0.011
1657065608.330374,1.1_cloud_preprocess,1.378
1657065608.330374,1.1_ros_callback_total,1.456
1657065608.330374,1.2_imu_integration,0.089
1657065608.330374,1.2_pointcloud_deskew,0.040
1657065608.330374,1.2_covariance_estimation,0.912
1657065608.330374,1.2_create_factors,0.016
1657065608.330374,1.2_smoother_update,1.772
1657065608.330374,1.3_gnss_injection,0.357
1657065608.330374,1.2_update_frames_calculate_estimate,0.050
1657065608.330374,1.2_update_frames_state_copy,0.016
1657065608.330374,1.2_update_frames_sigma_p,0.040
1657065608.330374,1.2_update_frames,0.138
1657065608.313217,2.1_gnss_araim,0.725
1657065608.330374,2.3_dynamic_al,0.000
1657065608.330374,2.3_state_machine,0.000
1657065608.330374,2.3_integrity_total,0.784
1657065608.330374,1.2_odom_insert_frame,5.327
1657065608.431224,1.1_pointcloud_extract,0.009
1657065608.431224,1.1_cloud_preprocess,1.325
1657065608.431224,1.1_ros_callback_total,1.388
1657065608.431224,1.2_imu_integration,0.090
1657065608.431224,1.2_pointcloud_deskew,0.040
1657065608.431224,1.2_covariance_estimation,0.750
1657065608.431224,1.2_create_factors,0.014
1657065608.431224,1.2_smoother_update,26.670
1657065608.431224,1.3_gnss_injection,0.638
1657065608.431224,1.2_update_frames_calculate_estimate,0.070
1657065608.431224,1.2_update_frames_state_copy,0.019
1657065608.431224,1.2_update_frames_sigma_p,1.093
1657065608.431224,1.2_update_frames,1.232
1657065608.413318,2.1_gnss_araim,0.763
1657065608.431224,2.3_dynamic_al,0.000
1657065608.431224,2.3_state_machine,0.000
1657065608.431224,2.3_integrity_total,0.831
1657065608.431224,1.2_odom_insert_frame,38.254
1657065608.531281,1.1_pointcloud_extract,0.011
1657065608.531281,1.1_cloud_preprocess,1.340
1657065608.531281,1.1_ros_callback_total,1.422
1657065608.531281,1.2_imu_integration,0.092
1657065608.531281,1.2_pointcloud_deskew,0.038
1657065608.531281,1.2_covariance_estimation,0.500
1657065608.531281,1.2_create_factors,0.016
1657065608.531281,1.2_smoother_update,28.408
1657065608.531281,1.3_gnss_injection,0.384
1657065608.531281,1.2_update_frames_calculate_estimate,0.063
1657065608.531281,1.2_update_frames_state_copy,0.018
1657065608.531281,1.2_update_frames_sigma_p,0.936
1657065608.531281,1.2_update_frames,1.067
1657065608.513275,2.1_gnss_araim,0.814
1657065608.531281,2.3_dynamic_al,0.000
1657065608.531281,2.3_state_machine,0.000
1657065608.531281,2.3_integrity_total,0.874
1657065608.531281,1.2_odom_insert_frame,38.318
1657065603.531274,1.4_sub_map_insert,3.044
1657065608.631289,1.1_pointcloud_extract,0.011
1657065608.631289,1.1_cloud_preprocess,1.380
1657065608.631289,1.1_ros_callback_total,1.439
1657065608.631289,1.2_imu_integration,0.088
1657065608.631289,1.2_pointcloud_deskew,0.038
1657065608.631289,1.2_covariance_estimation,0.489
1657065608.631289,1.2_create_factors,0.015
1657065608.631289,1.2_smoother_update,18.338
1657065608.631289,1.3_gnss_injection,0.385
1657065608.631289,1.2_update_frames_calculate_estimate,0.053
1657065608.631289,1.2_update_frames_state_copy,0.018
1657065608.631289,1.2_update_frames_sigma_p,0.027
1657065608.631289,1.2_update_frames,0.132
1657065608.613295,2.1_gnss_araim,0.799
1657065608.631289,2.3_dynamic_al,0.000
1657065608.631289,2.3_state_machine,0.000
1657065608.631289,2.3_integrity_total,0.864
1657065608.631289,1.2_odom_insert_frame,21.585
1657065603.730278,1.4_sub_map_insert,2.967
1657065608.731394,1.1_pointcloud_extract,0.009
1657065608.731394,1.1_cloud_preprocess,1.266
1657065608.731394,1.1_ros_callback_total,1.326
1657065608.731394,1.2_imu_integration,0.090
1657065608.731394,1.2_pointcloud_deskew,0.040
1657065608.731394,1.2_covariance_estimation,0.558
1657065608.731394,1.2_create_factors,0.016
1657065608.731394,1.2_smoother_update,18.524
1657065608.731394,1.3_gnss_injection,0.380
1657065608.731394,1.2_update_frames_calculate_estimate,0.055
1657065608.731394,1.2_update_frames_state_copy,0.017
1657065608.731394,1.2_update_frames_sigma_p,0.028
1657065608.731394,1.2_update_frames,0.137
1657065608.713275,2.1_gnss_araim,0.763
1657065608.731394,2.3_dynamic_al,0.000
1657065608.731394,2.3_state_machine,0.000
1657065608.731394,2.3_integrity_total,0.825
1657065608.731394,1.2_odom_insert_frame,21.821
1657065603.830276,1.4_sub_map_insert,2.911
1657065608.831300,1.1_pointcloud_extract,0.009
1657065608.831300,1.1_cloud_preprocess,1.297
1657065608.831300,1.1_ros_callback_total,1.363
1657065608.831300,1.2_imu_integration,0.096
1657065608.831300,1.2_pointcloud_deskew,0.038
1657065608.831300,1.2_covariance_estimation,0.496
1657065608.831300,1.2_create_factors,0.016
1657065608.831300,1.2_smoother_update,18.511
1657065608.831300,1.3_gnss_injection,0.374
1657065608.831300,1.2_update_frames_calculate_estimate,0.056
1657065608.831300,1.2_update_frames_state_copy,0.018
1657065608.831300,1.2_update_frames_sigma_p,0.028
1657065608.831300,1.2_update_frames,0.138
1657065608.813278,2.1_gnss_araim,0.782
1657065608.831300,2.3_dynamic_al,0.000
1657065608.831300,2.3_state_machine,0.000
1657065608.831300,2.3_integrity_total,0.843
1657065608.831300,1.2_odom_insert_frame,21.764
1657065603.930290,1.4_sub_map_insert,1.482
1657065608.931276,1.1_pointcloud_extract,0.014
1657065608.931276,1.1_cloud_preprocess,1.347
1657065608.931276,1.1_ros_callback_total,1.420
1657065608.931276,1.2_imu_integration,0.090
1657065608.931276,1.2_pointcloud_deskew,0.038
1657065608.931276,1.2_covariance_estimation,0.491
1657065608.931276,1.2_create_factors,0.017
1657065608.931276,1.2_smoother_update,18.292
1657065608.931276,1.3_gnss_injection,0.387
1657065608.931276,1.2_update_frames_calculate_estimate,0.060
1657065608.931276,1.2_update_frames_state_copy,0.019
1657065608.931276,1.2_update_frames_sigma_p,0.030
1657065608.931276,1.2_update_frames,0.148
1657065608.913283,2.1_gnss_araim,0.750
1657065608.931276,2.3_dynamic_al,0.000
1657065608.931276,2.3_state_machine,0.000
1657065608.931276,2.3_integrity_total,0.814
1657065608.931276,1.2_odom_insert_frame,21.580
1657065609.031252,1.1_pointcloud_extract,0.011
1657065609.031252,1.1_cloud_preprocess,1.333
1657065609.031252,1.1_ros_callback_total,1.404
1657065609.031252,1.2_imu_integration,0.157
1657065609.031252,1.2_pointcloud_deskew,0.040
1657065609.031252,1.2_covariance_estimation,0.494
1657065609.031252,1.2_create_factors,0.015
1657065609.031252,1.2_smoother_update,1.998
1657065609.031252,1.3_gnss_injection,0.374
1657065609.031252,1.2_update_frames_calculate_estimate,0.059
1657065609.031252,1.2_update_frames_state_copy,0.016
1657065609.031252,1.2_update_frames_sigma_p,0.037
1657065609.031252,1.2_update_frames,0.147
1657065609.012332,2.1_gnss_araim,0.658
1657065609.031252,2.3_dynamic_al,0.000
1657065609.031252,2.3_state_machine,0.000
1657065609.031252,2.3_integrity_total,0.708
1657065609.031252,1.2_odom_insert_frame,5.213
1657065604.031280,1.4_sub_map_insert,1.608
1657065609.131410,1.1_pointcloud_extract,0.009
1657065609.131410,1.1_cloud_preprocess,1.278
1657065609.131410,1.1_ros_callback_total,1.330
1657065609.131410,1.2_imu_integration,0.140
1657065609.131410,1.2_pointcloud_deskew,0.039
1657065609.131410,1.2_covariance_estimation,0.483
1657065609.131410,1.2_create_factors,0.014
1657065609.131410,1.2_smoother_update,2.139
1657065609.131410,1.3_gnss_injection,0.364
1657065609.131410,1.2_update_frames_calculate_estimate,0.061
1657065609.131410,1.2_update_frames_state_copy,0.016
1657065609.131410,1.2_update_frames_sigma_p,0.044
1657065609.131410,1.2_update_frames,0.158
1657065609.113226,2.1_gnss_araim,0.583
1657065609.131410,2.3_dynamic_al,0.000
1657065609.131410,2.3_state_machine,0.000
1657065609.131410,2.3_integrity_total,0.640
1657065609.131410,1.2_odom_insert_frame,5.332
1657065604.131274,1.4_sub_map_insert,4.410
1657065609.231304,1.1_pointcloud_extract,0.011
1657065609.231304,1.1_cloud_preprocess,1.350
1657065609.231304,1.1_ros_callback_total,1.421
1657065609.231304,1.2_imu_integration,0.090
1657065609.231304,1.2_pointcloud_deskew,0.039
1657065609.231304,1.2_covariance_estimation,0.551
1657065609.231304,1.2_create_factors,0.016
1657065609.231304,1.2_smoother_update,18.359
1657065609.231304,1.3_gnss_injection,0.378
1657065609.231304,1.2_update_frames_calculate_estimate,0.052
1657065609.231304,1.2_update_frames_state_copy,0.018
1657065609.231304,1.2_update_frames_sigma_p,0.027
1657065609.231304,1.2_update_frames,0.135
1657065609.213235,2.1_gnss_araim,0.819
1657065609.231304,2.3_dynamic_al,0.000
1657065609.231304,2.3_state_machine,0.000
1657065609.231304,2.3_integrity_total,0.881
1657065609.231304,1.2_odom_insert_frame,21.720
1657065604.331217,1.4_sub_map_insert,2.955
1657065609.331241,1.1_pointcloud_extract,0.011
1657065609.331241,1.1_cloud_preprocess,1.356
1657065609.331241,1.1_ros_callback_total,1.430
1657065609.331241,1.2_imu_integration,0.091
1657065609.331241,1.2_pointcloud_deskew,0.039
1657065609.331241,1.2_covariance_estimation,0.482
1657065609.331241,1.2_create_factors,0.017
1657065609.331241,1.2_smoother_update,18.349
1657065609.331241,1.3_gnss_injection,0.369
1657065609.331241,1.2_update_frames_calculate_estimate,0.058
1657065609.331241,1.2_update_frames_state_copy,0.018
1657065609.331241,1.2_update_frames_sigma_p,0.029
1657065609.331241,1.2_update_frames,0.144
1657065609.312227,2.1_gnss_araim,0.784
1657065609.331241,2.3_dynamic_al,0.000
1657065609.331241,2.3_state_machine,0.000
1657065609.331241,2.3_integrity_total,0.830
1657065609.331241,1.2_odom_insert_frame,21.554
1657065604.431236,1.4_sub_map_insert,2.985
1657065609.431242,1.1_pointcloud_extract,0.011
1657065609.431242,1.1_cloud_preprocess,1.263
1657065609.431242,1.1_ros_callback_total,1.375
1657065609.431242,1.2_imu_integration,0.090
1657065609.431242,1.2_pointcloud_deskew,0.040
1657065609.431242,1.2_covariance_estimation,0.492
1657065609.431242,1.2_create_factors,0.016
1657065609.431242,1.2_smoother_update,18.624
1657065609.431242,1.3_gnss_injection,0.366
1657065609.431242,1.2_update_frames_calculate_estimate,0.051
1657065609.431242,1.2_update_frames_state_copy,0.018
1657065609.431242,1.2_update_frames_sigma_p,0.027
1657065609.431242,1.2_update_frames,0.129
1657065609.413241,2.1_gnss_araim,0.788
1657065609.431242,2.3_dynamic_al,0.000
1657065609.431242,2.3_state_machine,0.000
1657065609.431242,2.3_integrity_total,0.852
1657065609.431242,1.2_odom_insert_frame,21.817
1657065609.531299,1.1_pointcloud_extract,0.009
1657065609.531299,1.1_cloud_preprocess,1.282
1657065609.531299,1.1_ros_callback_total,1.337
1657065609.531299,1.2_imu_integration,0.090
1657065609.531299,1.2_pointcloud_deskew,0.045
1657065609.531299,1.2_covariance_estimation,0.711
1657065609.531299,1.2_create_factors,0.018
1657065609.531299,1.2_smoother_update,18.596
1657065609.531299,1.3_gnss_injection,0.361
1657065609.531299,1.2_update_frames_calculate_estimate,0.053
1657065609.531299,1.2_update_frames_state_copy,0.018
1657065609.531299,1.2_update_frames_sigma_p,0.028
1657065609.531299,1.2_update_frames,0.135
1657065609.512282,2.1_gnss_araim,0.806
1657065609.531299,2.3_dynamic_al,0.000
1657065609.531299,2.3_state_machine,0.000
1657065609.531299,2.3_integrity_total,0.853
1657065609.531299,1.2_odom_insert_frame,22.081
1657065604.531254,1.4_sub_map_insert,4.382
1657065609.631286,1.1_pointcloud_extract,0.011
1657065609.631286,1.1_cloud_preprocess,1.264
1657065609.631286,1.1_ros_callback_total,1.331
1657065609.631286,1.2_imu_integration,0.090
1657065609.631286,1.2_pointcloud_deskew,0.039
1657065609.631286,1.2_covariance_estimation,0.634
1657065609.631286,1.2_create_factors,0.017
1657065609.631286,1.2_smoother_update,1.941
1657065609.631286,1.3_gnss_injection,0.382
1657065609.631286,1.2_update_frames_calculate_estimate,0.063
1657065609.631286,1.2_update_frames_state_copy,0.016
1657065609.631286,1.2_update_frames_sigma_p,0.040
1657065609.631286,1.2_update_frames,0.155
1657065609.613286,2.1_gnss_araim,0.646
1657065609.631286,2.3_dynamic_al,0.000
1657065609.631286,2.3_state_machine,0.000
1657065609.631286,2.3_integrity_total,0.711
1657065609.631286,1.2_odom_insert_frame,5.296
1657065604.731281,1.4_sub_map_insert,1.550
1657065609.731299,1.1_pointcloud_extract,0.010
1657065609.731299,1.1_cloud_preprocess,1.400
1657065609.731299,1.1_ros_callback_total,1.476
1657065609.731299,1.2_imu_integration,0.090
1657065609.731299,1.2_pointcloud_deskew,0.044
1657065609.731299,1.2_covariance_estimation,0.495
1657065609.731299,1.2_create_factors,0.016
1657065609.731299,1.2_smoother_update,2.165
1657065609.731299,1.3_gnss_injection,0.369
1657065609.731299,1.2_update_frames_calculate_estimate,0.061
1657065609.731299,1.2_update_frames_state_copy,0.016
1657065609.731299,1.2_update_frames_sigma_p,0.042
1657065609.731299,1.2_update_frames,0.162
1657065609.713275,2.1_gnss_araim,0.632
1657065609.731299,2.3_dynamic_al,0.000
1657065609.731299,2.3_state_machine,0.000
1657065609.731299,2.3_integrity_total,0.687
1657065609.731299,1.2_odom_insert_frame,5.365
1657065604.830280,1.4_sub_map_insert,1.365
1657065609.831285,1.1_pointcloud_extract,0.011
1657065609.831285,1.1_cloud_preprocess,1.357
1657065609.831285,1.1_ros_callback_total,1.431
1657065609.831285,1.2_imu_integration,0.090
1657065609.831285,1.2_pointcloud_deskew,0.039
1657065609.831285,1.2_covariance_estimation,0.390
1657065609.831285,1.2_create_factors,0.014
1657065609.831285,1.2_smoother_update,18.326
1657065609.831285,1.3_gnss_injection,0.364
1657065609.831285,1.2_update_frames_calculate_estimate,0.050
1657065609.831285,1.2_update_frames_state_copy,0.018
1657065609.831285,1.2_update_frames_sigma_p,0.026
1657065609.831285,1.2_update_frames,0.127
1657065609.813279,2.1_gnss_araim,0.990
1657065609.831285,2.3_dynamic_al,0.000
1657065609.831285,2.3_state_machine,0.000
1657065609.831285,2.3_integrity_total,1.043
1657065609.831285,1.2_odom_insert_frame,21.559
1657065604.930279,1.4_sub_map_insert,1.338
1657065609.931276,1.1_pointcloud_extract,0.012
1657065609.931276,1.1_cloud_preprocess,1.281
1657065609.931276,1.1_ros_callback_total,1.338
1657065609.931276,1.2_imu_integration,0.090
1657065609.931276,1.2_pointcloud_deskew,0.040
1657065609.931276,1.2_covariance_estimation,0.486
1657065609.931276,1.2_create_factors,0.016
1657065609.931276,1.2_smoother_update,18.458
1657065609.931276,1.3_gnss_injection,0.364
1657065609.931276,1.2_update_frames_calculate_estimate,0.050
1657065609.931276,1.2_update_frames_state_copy,0.018
1657065609.931276,1.2_update_frames_sigma_p,0.026
1657065609.931276,1.2_update_frames,0.127
1657065609.913279,2.1_gnss_araim,0.780
1657065609.931276,2.3_dynamic_al,0.000
1657065609.931276,2.3_state_machine,0.000
1657065609.931276,2.3_integrity_total,0.839
1657065609.931276,1.2_odom_insert_frame,21.625
1657065605.031229,1.4_sub_map_insert,1.365
1657065610.031284,1.1_pointcloud_extract,0.012
1657065610.031284,1.1_cloud_preprocess,1.277
1657065610.031284,1.1_ros_callback_total,1.346
1657065610.031284,1.2_imu_integration,0.084
1657065610.031284,1.2_pointcloud_deskew,0.052
1657065610.031284,1.2_covariance_estimation,0.448
1657065610.031284,1.2_create_factors,0.015
1657065610.031284,1.2_smoother_update,14.127
1657065610.031284,1.3_gnss_injection,0.272
1657065610.031284,1.2_update_frames_calculate_estimate,0.038
1657065610.031284,1.2_update_frames_state_copy,0.014
1657065610.031284,1.2_update_frames_sigma_p,0.022
1657065610.031284,1.2_update_frames,0.098
1657065610.013275,2.1_gnss_araim,0.690
1657065610.031284,2.3_dynamic_al,0.000
1657065610.031284,2.3_state_machine,0.000
1657065610.031284,2.3_integrity_total,0.740
1657065610.031284,1.2_odom_insert_frame,16.708
1657065610.131259,1.1_pointcloud_extract,0.010
1657065610.131259,1.1_cloud_preprocess,1.251
1657065610.131259,1.1_ros_callback_total,1.299
1657065610.131259,1.2_imu_integration,0.074
1657065610.131259,1.2_pointcloud_deskew,0.059
1657065610.131259,1.2_covariance_estimation,0.393
1657065610.131259,1.2_create_factors,0.014
1657065610.131259,1.2_smoother_update,1.575
1657065610.131259,1.3_gnss_injection,0.270
1657065610.131259,1.2_update_frames_calculate_estimate,0.042
1657065610.131259,1.2_update_frames_state_copy,0.012
1657065610.131259,1.2_update_frames_sigma_p,0.030
1657065610.131259,1.2_update_frames,0.106
1657065610.113283,2.1_gnss_araim,0.629
1657065610.131259,2.3_dynamic_al,0.000
1657065610.131259,2.3_state_machine,0.000
1657065610.131259,2.3_integrity_total,0.683
1657065610.131259,1.2_odom_insert_frame,4.033
1657065605.131378,1.4_sub_map_insert,1.371
1657065610.231257,1.1_pointcloud_extract,0.012
1657065610.231257,1.1_cloud_preprocess,1.296
1657065610.231257,1.1_ros_callback_total,1.362
1657065610.231257,1.2_imu_integration,0.092
1657065610.231257,1.2_pointcloud_deskew,0.039
1657065610.231257,1.2_covariance_estimation,0.503
1657065610.231257,1.2_create_factors,0.017
1657065610.231257,1.2_smoother_update,18.848
1657065610.231257,1.3_gnss_injection,0.359
1657065610.231257,1.2_update_frames_calculate_estimate,0.050
1657065610.231257,1.2_update_frames_state_copy,0.017
1657065610.231257,1.2_update_frames_sigma_p,0.026
1657065610.231257,1.2_update_frames,0.126
1657065610.213357,2.1_gnss_araim,0.798
1657065610.231257,2.3_dynamic_al,0.000
1657065610.231257,2.3_state_machine,0.000
1657065610.231257,2.3_integrity_total,0.857
1657065610.231257,1.2_odom_insert_frame,22.054
1657065605.231382,1.4_sub_map_insert,3.070
1657065610.331218,1.1_pointcloud_extract,0.011
1657065610.331218,1.1_cloud_preprocess,1.331
1657065610.331218,1.1_ros_callback_total,1.404
1657065610.331218,1.2_imu_integration,0.093
1657065610.331218,1.2_pointcloud_deskew,0.039
1657065610.331218,1.2_covariance_estimation,0.501
1657065610.331218,1.2_create_factors,0.017
1657065610.331218,1.2_smoother_update,19.064
1657065610.331218,1.3_gnss_injection,0.387
1657065610.331218,1.2_update_frames_calculate_estimate,0.061
1657065610.331218,1.2_update_frames_state_copy,0.019
1657065610.331218,1.2_update_frames_sigma_p,0.027
1657065610.331218,1.2_update_frames,0.142
1657065610.312251,2.1_gnss_araim,0.779
1657065610.331218,2.3_dynamic_al,0.000
1657065610.331218,2.3_state_machine,0.000
1657065610.331218,2.3_integrity_total,0.835
1657065610.331218,1.2_odom_insert_frame,22.368
1657065610.431219,1.1_pointcloud_extract,0.011
1657065610.431219,1.1_cloud_preprocess,1.344
1657065610.431219,1.1_ros_callback_total,1.425
1657065610.431219,1.2_imu_integration,0.142
1657065610.431219,1.2_pointcloud_deskew,0.039
1657065610.431219,1.2_covariance_estimation,0.492
1657065610.431219,1.2_create_factors,0.016
1657065610.431219,1.2_smoother_update,18.688
1657065610.431219,1.3_gnss_injection,0.364
1657065610.431219,1.2_update_frames_calculate_estimate,0.057
1657065610.431219,1.2_update_frames_state_copy,0.019
1657065610.431219,1.2_update_frames_sigma_p,0.027
1657065610.431219,1.2_update_frames,0.140
1657065610.413220,2.1_gnss_araim,0.818
1657065610.431219,2.3_dynamic_al,0.000
1657065610.431219,2.3_state_machine,0.000
1657065610.431219,2.3_integrity_total,0.874
1657065610.431219,1.2_odom_insert_frame,21.973
1657065605.431276,1.4_sub_map_insert,1.617
1657065610.531222,1.1_pointcloud_extract,0.019
1657065610.531222,1.1_cloud_preprocess,1.367
1657065610.531222,1.1_ros_callback_total,1.448
1657065610.531222,1.2_imu_integration,0.096
1657065610.531222,1.2_pointcloud_deskew,0.038
1657065610.531222,1.2_covariance_estimation,0.480
1657065610.531222,1.2_create_factors,0.020
1657065610.531222,1.2_smoother_update,19.148
1657065610.531222,1.3_gnss_injection,0.358
1657065610.531222,1.2_update_frames_calculate_estimate,0.059
1657065610.531222,1.2_update_frames_state_copy,0.018
1657065610.531222,1.2_update_frames_sigma_p,0.029
1657065610.531222,1.2_update_frames,0.144
1657065610.513224,2.1_gnss_araim,0.863
1657065610.531222,2.3_dynamic_al,0.000
1657065610.531222,2.3_state_machine,0.000
1657065610.531222,2.3_integrity_total,0.925
1657065610.531222,1.2_odom_insert_frame,22.471
1657065605.531276,1.4_sub_map_insert,1.644
1657065610.631278,1.1_pointcloud_extract,0.009
1657065610.631278,1.1_cloud_preprocess,1.145
1657065610.631278,1.1_ros_callback_total,1.197
1657065610.631278,1.2_imu_integration,0.090
1657065610.631278,1.2_pointcloud_deskew,0.050
1657065610.631278,1.2_covariance_estimation,0.504
1657065610.631278,1.2_create_factors,0.016
1657065610.631278,1.2_smoother_update,2.391
1657065610.631278,1.3_gnss_injection,0.370
1657065610.631278,1.2_update_frames_calculate_estimate,0.062
1657065610.631278,1.2_update_frames_state_copy,0.017
1657065610.631278,1.2_update_frames_sigma_p,0.058
1657065610.631278,1.2_update_frames,0.174
1657065610.613283,2.1_gnss_araim,0.627
1657065610.631278,2.3_dynamic_al,0.000
1657065610.631278,2.3_state_machine,0.000
1657065610.631278,2.3_integrity_total,0.690
1657065610.631278,1.2_odom_insert_frame,5.680
1657065605.631275,1.4_sub_map_insert,3.061
1657065610.731277,1.1_pointcloud_extract,0.012
1657065610.731277,1.1_cloud_preprocess,1.279
1657065610.731277,1.1_ros_callback_total,1.358
1657065610.731277,1.2_imu_integration,0.093
1657065610.731277,1.2_pointcloud_deskew,0.039
1657065610.731277,1.2_covariance_estimation,0.496
1657065610.731277,1.2_create_factors,0.016
1657065610.731277,1.2_smoother_update,18.580
1657065610.731277,1.3_gnss_injection,0.357
1657065610.731277,1.2_update_frames_calculate_estimate,0.051
1657065610.731277,1.2_update_frames_state_copy,0.018
1657065610.731277,1.2_update_frames_sigma_p,0.027
1657065610.731277,1.2_update_frames,0.128
1657065610.713278,2.1_gnss_araim,0.936
1657065610.731277,2.3_dynamic_al,0.000
1657065610.731277,2.3_state_machine,0.000
1657065610.731277,2.3_integrity_total,1.035
1657065610.731277,1.2_odom_insert_frame,21.924
1657065605.831276,1.4_sub_map_insert,1.666
1657065610.830275,1.1_pointcloud_extract,0.011
1657065610.830275,1.1_cloud_preprocess,1.257
1657065610.830275,1.1_ros_callback_total,1.324
1657065610.830275,1.2_imu_integration,0.089
1657065610.830275,1.2_pointcloud_deskew,0.038
1657065610.830275,1.2_covariance_estimation,0.490
1657065610.830275,1.2_create_factors,0.018
1657065610.830275,1.2_smoother_update,1.973
1657065610.830275,1.3_gnss_injection,0.370
1657065610.830275,1.2_update_frames_calculate_estimate,0.061
1657065610.830275,1.2_update_frames_state_copy,0.017
1657065610.830275,1.2_update_frames_sigma_p,0.038
1657065610.830275,1.2_update_frames,0.151
1657065610.813276,2.1_gnss_araim,0.745
1657065610.830275,2.3_dynamic_al,0.000
1657065610.830275,2.3_state_machine,0.000
1657065610.830275,2.3_integrity_total,0.811
1657065610.830275,1.2_odom_insert_frame,5.217
1657065610.931273,1.1_pointcloud_extract,0.009
1657065610.931273,1.1_cloud_preprocess,1.203
1657065610.931273,1.1_ros_callback_total,1.253
1657065610.931273,1.2_imu_integration,0.091
1657065610.931273,1.2_pointcloud_deskew,0.052
1657065610.931273,1.2_covariance_estimation,0.496
1657065610.931273,1.2_create_factors,0.017
1657065610.931273,1.2_smoother_update,19.123
1657065610.931273,1.3_gnss_injection,0.390
1657065610.931273,1.2_update_frames_calculate_estimate,0.065
1657065610.931273,1.2_update_frames_state_copy,0.019
1657065610.931273,1.2_update_frames_sigma_p,0.028
1657065610.931273,1.2_update_frames,0.149
1657065610.913279,2.1_gnss_araim,0.756
1657065610.931273,2.3_dynamic_al,0.000
1657065610.931273,2.3_state_machine,0.000
1657065610.931273,2.3_integrity_total,0.809
1657065610.931273,1.2_odom_insert_frame,22.421
1657065605.931276,1.4_sub_map_insert,1.639
1657065611.031274,1.1_pointcloud_extract,0.011
1657065611.031274,1.1_cloud_preprocess,1.300
1657065611.031274,1.1_ros_callback_total,1.368
1657065611.031274,1.2_imu_integration,0.092
1657065611.031274,1.2_pointcloud_deskew,0.038
1657065611.031274,1.2_covariance_estimation,0.497
1657065611.031274,1.2_create_factors,0.017
1657065611.031274,1.2_smoother_update,18.907
1657065611.031274,1.3_gnss_injection,0.362
1657065611.031274,1.2_update_frames_calculate_estimate,0.058
1657065611.031274,1.2_update_frames_state_copy,0.018
1657065611.031274,1.2_update_frames_sigma_p,0.028
1657065611.031274,1.2_update_frames,0.139
1657065611.013281,2.1_gnss_araim,0.776
1657065611.031274,2.3_dynamic_al,0.000
1657065611.031274,2.3_state_machine,0.000
1657065611.031274,2.3_integrity_total,0.845
1657065611.031274,1.2_odom_insert_frame,22.125
1657065606.031275,1.4_sub_map_insert,1.671
1657065611.131279,1.1_pointcloud_extract,0.011
1657065611.131279,1.1_cloud_preprocess,1.282
1657065611.131279,1.1_ros_callback_total,1.346
1657065611.131279,1.2_imu_integration,0.089
1657065611.131279,1.2_pointcloud_deskew,0.039
1657065611.131279,1.2_covariance_estimation,0.499
1657065611.131279,1.2_create_factors,0.017
1657065611.131279,1.2_smoother_update,2.391
1657065611.131279,1.3_gnss_injection,0.377
1657065611.131279,1.2_update_frames_calculate_estimate,0.067
1657065611.131279,1.2_update_frames_state_copy,0.017
1657065611.131279,1.2_update_frames_sigma_p,0.062
1657065611.131279,1.2_update_frames,0.185
1657065611.113275,2.1_gnss_araim,0.663
1657065611.131279,2.3_dynamic_al,0.000
1657065611.131279,2.3_state_machine,0.000
1657065611.131279,2.3_integrity_total,0.727
1657065611.131279,1.2_odom_insert_frame,5.729
1657065606.131275,1.4_sub_map_insert,3.080
1657065611.231274,1.1_pointcloud_extract,0.012
1657065611.231274,1.1_cloud_preprocess,1.286
1657065611.231274,1.1_ros_callback_total,1.363
1657065611.231274,1.2_imu_integration,0.091
1657065611.231274,1.2_pointcloud_deskew,0.041
1657065611.231274,1.2_covariance_estimation,0.484
1657065611.231274,1.2_create_factors,0.020
1657065611.231274,1.2_smoother_update,2.054
1657065611.231274,1.3_gnss_injection,0.370
1657065611.231274,1.2_update_frames_calculate_estimate,0.055
1657065611.231274,1.2_update_frames_state_copy,0.016
1657065611.231274,1.2_update_frames_sigma_p,0.037
1657065611.231274,1.2_update_frames,0.141
1657065611.213274,2.1_gnss_araim,0.609
1657065611.231274,2.3_dynamic_al,0.000
1657065611.231274,2.3_state_machine,0.000
1657065611.231274,2.3_integrity_total,0.663
1657065611.231274,1.2_odom_insert_frame,5.157
1657065611.331275,1.1_pointcloud_extract,0.011
1657065611.331275,1.1_cloud_preprocess,1.265
1657065611.331275,1.1_ros_callback_total,1.337
1657065611.331275,1.2_imu_integration,0.075
1657065611.331275,1.2_pointcloud_deskew,0.047
1657065611.331275,1.2_covariance_estimation,0.590
1657065611.331275,1.2_create_factors,0.014
1657065611.331275,1.2_smoother_update,14.111
1657065611.331275,1.3_gnss_injection,0.261
1657065611.331275,1.2_update_frames_calculate_estimate,0.039
1657065611.331275,1.2_update_frames_state_copy,0.013
1657065611.331275,1.2_update_frames_sigma_p,0.020
1657065611.331275,1.2_update_frames,0.095
1657065611.313275,2.1_gnss_araim,0.851
1657065611.331275,2.3_dynamic_al,0.000
1657065611.331275,2.3_state_machine,0.000
1657065611.331275,2.3_integrity_total,0.931
1657065611.331275,1.2_odom_insert_frame,16.918
1657065606.331276,1.4_sub_map_insert,3.127
1657065611.430301,1.1_pointcloud_extract,0.011
1657065611.430301,1.1_cloud_preprocess,1.278
1657065611.430301,1.1_ros_callback_total,1.365
1657065611.430301,1.2_imu_integration,0.089
1657065611.430301,1.2_pointcloud_deskew,0.039
1657065611.430301,1.2_covariance_estimation,0.655
1657065611.430301,1.2_create_factors,0.018
1657065611.430301,1.2_smoother_update,14.204
1657065611.430301,1.3_gnss_injection,0.259
1657065611.430301,1.2_update_frames_calculate_estimate,0.040
1657065611.430301,1.2_update_frames_state_copy,0.013
1657065611.430301,1.2_update_frames_sigma_p,0.023
1657065611.430301,1.2_update_frames,0.099
1657065611.413276,2.1_gnss_araim,0.820
1657065611.430301,2.3_dynamic_al,0.000
1657065611.430301,2.3_state_machine,0.000
1657065611.430301,2.3_integrity_total,0.874
1657065611.430301,1.2_odom_insert_frame,17.099
1657065611.531274,1.1_pointcloud_extract,0.010
1657065611.531274,1.1_cloud_preprocess,1.119
1657065611.531274,1.1_ros_callback_total,1.177
1657065611.531274,1.2_imu_integration,0.090
1657065611.531274,1.2_pointcloud_deskew,0.037
1657065611.531274,1.2_covariance_estimation,0.498
1657065611.531274,1.2_create_factors,0.017
1657065611.531274,1.2_smoother_update,19.138
1657065611.531274,1.3_gnss_injection,0.360
1657065611.531274,1.2_update_frames_calculate_estimate,0.054
1657065611.531274,1.2_update_frames_state_copy,0.017
1657065611.531274,1.2_update_frames_sigma_p,0.028
1657065611.531274,1.2_update_frames,0.133
1657065611.513281,2.1_gnss_araim,0.818
1657065611.531274,2.3_dynamic_al,0.000
1657065611.531274,2.3_state_machine,0.000
1657065611.531274,2.3_integrity_total,0.872
1657065611.531274,1.2_odom_insert_frame,22.348
1657065606.531275,1.4_sub_map_insert,3.248
1657065611.631279,1.1_pointcloud_extract,0.011
1657065611.631279,1.1_cloud_preprocess,1.352
1657065611.631279,1.1_ros_callback_total,1.416
1657065611.631279,1.2_imu_integration,0.089
1657065611.631279,1.2_pointcloud_deskew,0.037
1657065611.631279,1.2_covariance_estimation,0.485
1657065611.631279,1.2_create_factors,0.015
1657065611.631279,1.2_smoother_update,2.308
1657065611.631279,1.3_gnss_injection,0.358
1657065611.631279,1.2_update_frames_calculate_estimate,0.057
1657065611.631279,1.2_update_frames_state_copy,0.016
1657065611.631279,1.2_update_frames_sigma_p,0.058
1657065611.631279,1.2_update_frames,0.173
1657065611.613285,2.1_gnss_araim,0.620
1657065611.631279,2.3_dynamic_al,0.000
1657065611.631279,2.3_state_machine,0.000
1657065611.631279,2.3_integrity_total,0.668
1657065611.631279,1.2_odom_insert_frame,5.491
1657065606.731273,1.4_sub_map_insert,1.659
1657065611.731275,1.1_pointcloud_extract,0.012
1657065611.731275,1.1_cloud_preprocess,1.455
1657065611.731275,1.1_ros_callback_total,1.544
1657065611.731275,1.2_imu_integration,0.090
1657065611.731275,1.2_pointcloud_deskew,0.038
1657065611.731275,1.2_covariance_estimation,0.493
1657065611.731275,1.2_create_factors,0.016
1657065611.731275,1.2_smoother_update,18.817
1657065611.731275,1.3_gnss_injection,0.378
1657065611.731275,1.2_update_frames_calculate_estimate,0.055
1657065611.731275,1.2_update_frames_state_copy,0.018
1657065611.731275,1.2_update_frames_sigma_p,0.027
1657065611.731275,1.2_update_frames,0.136
1657065611.713278,2.1_gnss_araim,0.824
1657065611.731275,2.3_dynamic_al,0.000
1657065611.731275,2.3_state_machine,0.000
1657065611.731275,2.3_integrity_total,0.874
1657065611.731275,1.2_odom_insert_frame,22.084
1657065606.831275,1.4_sub_map_insert,1.708
1657065611.830393,1.1_pointcloud_extract,0.009
1657065611.830393,1.1_cloud_preprocess,1.126
1657065611.830393,1.1_ros_callback_total,1.187
1657065611.830393,1.2_imu_integration,0.089
1657065611.830393,1.2_pointcloud_deskew,0.038
1657065611.830393,1.2_covariance_estimation,0.480
1657065611.830393,1.2_create_factors,0.018
1657065611.830393,1.2_smoother_update,2.062
1657065611.830393,1.3_gnss_injection,0.383
1657065611.830393,1.2_update_frames_calculate_estimate,0.057
1657065611.830393,1.2_update_frames_state_copy,0.018
1657065611.830393,1.2_update_frames_sigma_p,0.041
1657065611.830393,1.2_update_frames,0.150
1657065611.813276,2.1_gnss_araim,0.675
1657065611.830393,2.3_dynamic_al,0.000
1657065611.830393,2.3_state_machine,0.000
1657065611.830393,2.3_integrity_total,0.734
1657065611.830393,1.2_odom_insert_frame,5.254
1657065611.930371,1.1_pointcloud_extract,0.011
1657065611.930371,1.1_cloud_preprocess,1.270
1657065611.930371,1.1_ros_callback_total,1.356
1657065611.930371,1.2_imu_integration,0.090
1657065611.930371,1.2_pointcloud_deskew,0.040
1657065611.930371,1.2_covariance_estimation,0.500
1657065611.930371,1.2_create_factors,0.016
1657065611.930371,1.2_smoother_update,19.294
1657065611.930371,1.3_gnss_injection,0.425
1657065611.930371,1.2_update_frames_calculate_estimate,0.094
1657065611.930371,1.2_update_frames_state_copy,0.020
1657065611.930371,1.2_update_frames_sigma_p,0.047
1657065611.930371,1.2_update_frames,0.210
1657065611.913255,2.1_gnss_araim,0.744
1657065611.930371,2.3_dynamic_al,0.000
1657065611.930371,2.3_state_machine,0.000
1657065611.930371,2.3_integrity_total,0.819
1657065611.930371,1.2_odom_insert_frame,22.919
1657065606.931279,1.4_sub_map_insert,3.642
1657065612.031236,1.1_pointcloud_extract,0.011
1657065612.031236,1.1_cloud_preprocess,1.261
1657065612.031236,1.1_ros_callback_total,1.367
1657065612.031236,1.2_imu_integration,0.090
1657065612.031236,1.2_pointcloud_deskew,0.038
1657065612.031236,1.2_covariance_estimation,0.499
1657065612.031236,1.2_create_factors,0.017
1657065612.031236,1.2_smoother_update,19.589
1657065612.031236,1.3_gnss_injection,0.417
1657065612.031236,1.2_update_frames_calculate_estimate,0.077
1657065612.031236,1.2_update_frames_state_copy,0.019
1657065612.031236,1.2_update_frames_sigma_p,0.032
1657065612.031236,1.2_update_frames,0.170
1657065612.013269,2.1_gnss_araim,0.758
1657065612.031236,2.3_dynamic_al,0.000
1657065612.031236,2.3_state_machine,0.000
1657065612.031236,2.3_integrity_total,0.818
1657065612.031236,1.2_odom_insert_frame,23.188
1657065607.031273,1.4_sub_map_insert,1.723
1657065612.131258,1.1_pointcloud_extract,0.009
1657065612.131258,1.1_cloud_preprocess,1.249
1657065612.131258,1.1_ros_callback_total,1.312
1657065612.131258,1.2_imu_integration,0.090
1657065612.131258,1.2_pointcloud_deskew,0.037
1657065612.131258,1.2_covariance_estimation,0.501
1657065612.131258,1.2_create_factors,0.019
1657065612.131258,1.2_smoother_update,20.056
1657065612.131258,1.3_gnss_injection,0.437
1657065612.131258,1.2_update_frames_calculate_estimate,0.083
1657065612.131258,1.2_update_frames_state_copy,0.019
1657065612.131258,1.2_update_frames_sigma_p,0.033
1657065612.131258,1.2_update_frames,0.176
1657065612.113230,2.1_gnss_araim,0.786
1657065612.131258,2.3_dynamic_al,0.000
1657065612.131258,2.3_state_machine,0.000
1657065612.131258,2.3_integrity_total,0.851
1657065612.131258,1.2_odom_insert_frame,23.707
1657065607.131273,1.4_sub_map_insert,1.670
1657065612.231275,1.1_pointcloud_extract,0.011
1657065612.231275,1.1_cloud_preprocess,1.290
1657065612.231275,1.1_ros_callback_total,1.357
1657065612.231275,1.2_imu_integration,0.090
1657065612.231275,1.2_pointcloud_deskew,0.038
1657065612.231275,1.2_covariance_estimation,0.487
1657065612.231275,1.2_create_factors,0.016
1657065612.231275,1.2_smoother_update,19.524
1657065612.231275,1.3_gnss_injection,0.417
1657065612.231275,1.2_update_frames_calculate_estimate,0.077
1657065612.231275,1.2_update_frames_state_copy,0.020
1657065612.231275,1.2_update_frames_sigma_p,0.031
1657065612.231275,1.2_update_frames,0.168
1657065612.213291,2.1_gnss_araim,0.794
1657065612.231275,2.3_dynamic_al,0.000
1657065612.231275,2.3_state_machine,0.000
1657065612.231275,2.3_integrity_total,0.856
1657065612.231275,1.2_odom_insert_frame,23.061
1657065607.231276,1.4_sub_map_insert,1.726
1657065612.331278,1.1_pointcloud_extract,0.011
1657065612.331278,1.1_cloud_preprocess,1.263
1657065612.331278,1.1_ros_callback_total,1.342
1657065612.331278,1.2_imu_integration,0.091
1657065612.331278,1.2_pointcloud_deskew,0.038
1657065612.331278,1.2_covariance_estimation,0.672
1657065612.331278,1.2_create_factors,0.020
1657065612.331278,1.2_smoother_update,19.562
1657065612.331278,1.3_gnss_injection,0.402
1657065612.331278,1.2_update_frames_calculate_estimate,0.073
1657065612.331278,1.2_update_frames_state_copy,0.020
1657065612.331278,1.2_update_frames_sigma_p,0.029
1657065612.331278,1.2_update_frames,0.160
1657065612.313288,2.1_gnss_araim,0.837
1657065612.331278,2.3_dynamic_al,0.000
1657065612.331278,2.3_state_machine,0.000
1657065612.331278,2.3_integrity_total,0.898
1657065612.331278,1.2_odom_insert_frame,23.273
1657065607.331332,1.4_sub_map_insert,3.186
1657065612.431276,1.1_pointcloud_extract,0.010
1657065612.431276,1.1_cloud_preprocess,1.293
1657065612.431276,1.1_ros_callback_total,1.362
1657065612.431276,1.2_imu_integration,0.090
1657065612.431276,1.2_pointcloud_deskew,0.037
1657065612.431276,1.2_covariance_estimation,0.495
1657065612.431276,1.2_create_factors,0.015
1657065612.431276,1.2_smoother_update,2.376
1657065612.431276,1.3_gnss_injection,0.384
1657065612.431276,1.2_update_frames_calculate_estimate,0.066
1657065612.431276,1.2_update_frames_state_copy,0.022
1657065612.431276,1.2_update_frames_sigma_p,0.064
1657065612.431276,1.2_update_frames,0.192
1657065612.413311,2.1_gnss_araim,0.637
1657065612.431276,2.3_dynamic_al,0.000
1657065612.431276,2.3_state_machine,0.000
1657065612.431276,2.3_integrity_total,0.697
1657065612.431276,1.2_odom_insert_frame,5.720
1657065612.531236,1.1_pointcloud_extract,0.011
1657065612.531236,1.1_cloud_preprocess,1.309
1657065612.531236,1.1_ros_callback_total,1.373
1657065612.531236,1.2_imu_integration,0.090
1657065612.531236,1.2_pointcloud_deskew,0.037
1657065612.531236,1.2_covariance_estimation,0.381
1657065612.531236,1.2_create_factors,0.018
1657065612.531236,1.2_smoother_update,2.255
1657065612.531236,1.3_gnss_injection,0.380
1657065612.531236,1.2_update_frames_calculate_estimate,0.061
1657065612.531236,1.2_update_frames_state_copy,0.017
1657065612.531236,1.2_update_frames_sigma_p,0.039
1657065612.531236,1.2_update_frames,0.159
1657065612.513254,2.1_gnss_araim,0.600
1657065612.531236,2.3_dynamic_al,0.000
1657065612.531236,2.3_state_machine,0.000
1657065612.531236,2.3_integrity_total,0.658
1657065612.531236,1.2_odom_insert_frame,5.414
1657065607.531364,1.4_sub_map_insert,1.604
1657065612.631447,1.1_pointcloud_extract,0.011
1657065612.631447,1.1_cloud_preprocess,1.262
1657065612.631447,1.1_ros_callback_total,1.345
1657065612.631447,1.2_imu_integration,0.074
1657065612.631447,1.2_pointcloud_deskew,0.049
1657065612.631447,1.2_covariance_estimation,0.329
1657065612.631447,1.2_create_factors,0.012
1657065612.631447,1.2_smoother_update,1.723
1657065612.631447,1.3_gnss_injection,0.270
1657065612.631447,1.2_update_frames_calculate_estimate,0.039
1657065612.631447,1.2_update_frames_state_copy,0.012
1657065612.631447,1.2_update_frames_sigma_p,0.033
1657065612.631447,1.2_update_frames,0.107
1657065612.613231,2.1_gnss_araim,0.642
1657065612.631447,2.3_dynamic_al,0.000
1657065612.631447,2.3_state_machine,0.000
1657065612.631447,2.3_integrity_total,0.692
1657065612.631447,1.2_odom_insert_frame,4.132
1657065607.631275,1.4_sub_map_insert,3.259
1657065612.730411,1.1_pointcloud_extract,0.011
1657065612.730411,1.1_cloud_preprocess,1.272
1657065612.730411,1.1_ros_callback_total,1.352
1657065612.730411,1.2_imu_integration,0.089
1657065612.730411,1.2_pointcloud_deskew,0.038
1657065612.730411,1.2_covariance_estimation,0.630
1657065612.730411,1.2_create_factors,0.017
1657065612.730411,1.2_smoother_update,2.070
1657065612.730411,1.3_gnss_injection,0.375
1657065612.730411,1.2_update_frames_calculate_estimate,0.058
1657065612.730411,1.2_update_frames_state_copy,0.019
1657065612.730411,1.2_update_frames_sigma_p,0.039
1657065612.730411,1.2_update_frames,0.151
1657065612.713415,2.1_gnss_araim,0.647
1657065612.730411,2.3_dynamic_al,0.000
1657065612.730411,2.3_state_machine,0.000
1657065612.730411,2.3_integrity_total,0.709
1657065612.730411,1.2_odom_insert_frame,5.401
1657065607.830276,1.4_sub_map_insert,1.671
1657065612.830397,1.1_pointcloud_extract,0.011
1657065612.830397,1.1_cloud_preprocess,1.288
1657065612.830397,1.1_ros_callback_total,1.366
1657065612.830397,1.2_imu_integration,0.090
1657065612.830397,1.2_pointcloud_deskew,0.038
1657065612.830397,1.2_covariance_estimation,0.383
1657065612.830397,1.2_create_factors,0.017
1657065612.830397,1.2_smoother_update,2.255
1657065612.830397,1.3_gnss_injection,0.370
1657065612.830397,1.2_update_frames_calculate_estimate,0.051
1657065612.830397,1.2_update_frames_state_copy,0.016
1657065612.830397,1.2_update_frames_sigma_p,0.041
1657065612.830397,1.2_update_frames,0.141
1657065612.813411,2.1_gnss_araim,0.626
1657065612.830397,2.3_dynamic_al,0.000
1657065612.830397,2.3_state_machine,0.000
1657065612.830397,2.3_integrity_total,0.686
1657065612.830397,1.2_odom_insert_frame,5.260
1657065607.930274,1.4_sub_map_insert,1.706
1657065612.930383,1.1_pointcloud_extract,0.011
1657065612.930383,1.1_cloud_preprocess,1.347
1657065612.930383,1.1_ros_callback_total,1.434
1657065612.930383,1.2_imu_integration,0.090
1657065612.930383,1.2_pointcloud_deskew,0.038
1657065612.930383,1.2_covariance_estimation,0.626
1657065612.930383,1.2_create_factors,0.017
1657065612.930383,1.2_smoother_update,19.291
1657065612.930383,1.3_gnss_injection,0.422
1657065612.930383,1.2_update_frames_calculate_estimate,0.062
1657065612.930383,1.2_update_frames_state_copy,0.019
1657065612.930383,1.2_update_frames_sigma_p,0.028
1657065612.930383,1.2_update_frames,0.145
1657065612.913400,2.1_gnss_araim,0.792
1657065612.930383,2.3_dynamic_al,0.000
1657065612.930383,2.3_state_machine,0.000
1657065612.930383,2.3_integrity_total,0.858
1657065612.930383,1.2_odom_insert_frame,22.847
1657065613.030387,1.1_pointcloud_extract,0.009
1657065613.030387,1.1_cloud_preprocess,1.212
1657065613.030387,1.1_ros_callback_total,1.266
1657065613.030387,1.2_imu_integration,0.093
1657065613.030387,1.2_pointcloud_deskew,0.037
1657065613.030387,1.2_covariance_estimation,0.658
1657065613.030387,1.2_create_factors,0.019
1657065613.030387,1.2_smoother_update,1.993
1657065613.030387,1.3_gnss_injection,0.374
1657065613.030387,1.2_update_frames_calculate_estimate,0.056
1657065613.030387,1.2_update_frames_state_copy,0.016
1657065613.030387,1.2_update_frames_sigma_p,0.038
1657065613.030387,1.2_update_frames,0.144
1657065613.013365,2.1_gnss_araim,0.750
1657065613.030387,2.3_dynamic_al,0.000
1657065613.030387,2.3_state_machine,0.000
1657065613.030387,2.3_integrity_total,0.803
1657065613.030387,1.2_odom_insert_frame,5.439
1657065608.031242,1.4_sub_map_insert,1.715
1657065613.131524,1.1_pointcloud_extract,0.012
1657065613.131524,1.1_cloud_preprocess,1.327
1657065613.131524,1.1_ros_callback_total,1.426
1657065613.131524,1.2_imu_integration,0.092
1657065613.131524,1.2_pointcloud_deskew,0.039
1657065613.131524,1.2_covariance_estimation,0.526
1657065613.131524,1.2_create_factors,0.018
1657065613.131524,1.2_smoother_update,2.324
1657065613.131524,1.3_gnss_injection,0.380
1657065613.131524,1.2_update_frames_calculate_estimate,0.057
1657065613.131524,1.2_update_frames_state_copy,0.016
1657065613.131524,1.2_update_frames_sigma_p,0.044
1657065613.131524,1.2_update_frames,0.153
1657065613.113382,2.1_gnss_araim,0.613
1657065613.131524,2.3_dynamic_al,0.000
1657065613.131524,2.3_state_machine,0.000
1657065613.131524,2.3_integrity_total,0.669
1657065613.131524,1.2_odom_insert_frame,5.613
1657065608.131356,1.4_sub_map_insert,3.211
1657065613.231344,1.1_pointcloud_extract,0.009
1657065613.231344,1.1_cloud_preprocess,1.274
1657065613.231344,1.1_ros_callback_total,1.333
1657065613.231344,1.2_imu_integration,0.086
1657065613.231344,1.2_pointcloud_deskew,0.052
1657065613.231344,1.2_covariance_estimation,0.492
1657065613.231344,1.2_create_factors,0.013
1657065613.231344,1.2_smoother_update,14.064
1657065613.231344,1.3_gnss_injection,0.287
1657065613.231344,1.2_update_frames_calculate_estimate,0.039
1657065613.231344,1.2_update_frames_state_copy,0.013
1657065613.231344,1.2_update_frames_sigma_p,0.022
1657065613.231344,1.2_update_frames,0.096
1657065613.213355,2.1_gnss_araim,0.633
1657065613.231344,2.3_dynamic_al,0.000
1657065613.231344,2.3_state_machine,0.000
1657065613.231344,2.3_integrity_total,0.694
1657065613.231344,1.2_odom_insert_frame,16.714
1657065608.330374,1.4_sub_map_insert,1.728
1657065613.330417,1.1_pointcloud_extract,0.012
1657065613.330417,1.1_cloud_preprocess,1.310
1657065613.330417,1.1_ros_callback_total,1.396
1657065613.330417,1.2_imu_integration,0.091
1657065613.330417,1.2_pointcloud_deskew,0.038
1657065613.330417,1.2_covariance_estimation,0.515
1657065613.330417,1.2_create_factors,0.016
1657065613.330417,1.2_smoother_update,19.088
1657065613.330417,1.3_gnss_injection,0.409
1657065613.330417,1.2_update_frames_calculate_estimate,0.066
1657065613.330417,1.2_update_frames_state_copy,0.019
1657065613.330417,1.2_update_frames_sigma_p,0.028
1657065613.330417,1.2_update_frames,0.152
1657065613.313349,2.1_gnss_araim,0.745
1657065613.330417,2.3_dynamic_al,0.000
1657065613.330417,2.3_state_machine,0.000
1657065613.330417,2.3_integrity_total,0.800
1657065613.330417,1.2_odom_insert_frame,22.498
1657065613.430527,1.1_pointcloud_extract,0.012
1657065613.430527,1.1_cloud_preprocess,1.383
1657065613.430527,1.1_ros_callback_total,1.456
1657065613.430527,1.2_imu_integration,0.075
1657065613.430527,1.2_pointcloud_deskew,0.049
1657065613.430527,1.2_covariance_estimation,0.602
1657065613.430527,1.2_create_factors,0.012
1657065613.430527,1.2_smoother_update,1.606
1657065613.430527,1.3_gnss_injection,0.268
1657065613.430527,1.2_update_frames_calculate_estimate,0.042
1657065613.430527,1.2_update_frames_state_copy,0.012
1657065613.430527,1.2_update_frames_sigma_p,0.030
1657065613.430527,1.2_update_frames,0.107
1657065613.413401,2.1_gnss_araim,0.623
1657065613.430527,2.3_dynamic_al,0.000
1657065613.430527,2.3_state_machine,0.000
1657065613.430527,2.3_integrity_total,0.686
1657065613.430527,1.2_odom_insert_frame,4.258
1657065608.431224,1.4_sub_map_insert,1.743
1657065613.530397,1.1_pointcloud_extract,0.012
1657065613.530397,1.1_cloud_preprocess,1.423
1657065613.530397,1.1_ros_callback_total,1.493
1657065613.530397,1.2_imu_integration,0.091
1657065613.530397,1.2_pointcloud_deskew,0.039
1657065613.530397,1.2_covariance_estimation,0.527
1657065613.530397,1.2_create_factors,0.015
1657065613.530397,1.2_smoother_update,19.868
1657065613.530397,1.3_gnss_injection,0.409
1657065613.530397,1.2_update_frames_calculate_estimate,0.070
1657065613.530397,1.2_update_frames_state_copy,0.018
1657065613.530397,1.2_update_frames_sigma_p,0.031
1657065613.530397,1.2_update_frames,0.158
1657065613.513422,2.1_gnss_araim,0.703
1657065613.530397,2.3_dynamic_al,0.000
1657065613.530397,2.3_state_machine,0.000
1657065613.530397,2.3_integrity_total,0.754
1657065613.530397,1.2_odom_insert_frame,23.367
1657065608.531281,1.4_sub_map_insert,1.707
1657065613.630419,1.1_pointcloud_extract,0.010
1657065613.630419,1.1_cloud_preprocess,1.375
1657065613.630419,1.1_ros_callback_total,1.454
1657065613.630419,1.2_imu_integration,0.092
1657065613.630419,1.2_pointcloud_deskew,0.040
1657065613.630419,1.2_covariance_estimation,0.518
1657065613.630419,1.2_create_factors,0.016
1657065613.630419,1.2_smoother_update,19.872
1657065613.630419,1.3_gnss_injection,0.458
1657065613.630419,1.2_update_frames_calculate_estimate,0.075
1657065613.630419,1.2_update_frames_state_copy,0.020
1657065613.630419,1.2_update_frames_sigma_p,0.032
1657065613.630419,1.2_update_frames,0.168
1657065613.613407,2.1_gnss_araim,0.730
1657065613.630419,2.3_dynamic_al,0.000
1657065613.630419,2.3_state_machine,0.000
1657065613.630419,2.3_integrity_total,0.795
1657065613.630419,1.2_odom_insert_frame,23.526
1657065608.631289,1.4_sub_map_insert,1.685
1657065613.730400,1.1_pointcloud_extract,0.012
1657065613.730400,1.1_cloud_preprocess,1.369
1657065613.730400,1.1_ros_callback_total,1.462
1657065613.730400,1.2_imu_integration,0.095
1657065613.730400,1.2_pointcloud_deskew,0.040
1657065613.730400,1.2_covariance_estimation,0.661
1657065613.730400,1.2_create_factors,0.017
1657065613.730400,1.2_smoother_update,19.677
1657065613.730400,1.3_gnss_injection,0.394
1657065613.730400,1.2_update_frames_calculate_estimate,0.064
1657065613.730400,1.2_update_frames_state_copy,0.019
1657065613.730400,1.2_update_frames_sigma_p,0.029
1657065613.730400,1.2_update_frames,0.150
1657065613.713442,2.1_gnss_araim,0.783
1657065613.730400,2.3_dynamic_al,0.000
1657065613.730400,2.3_state_machine,0.000
1657065613.730400,2.3_integrity_total,0.835
1657065613.730400,1.2_odom_insert_frame,23.322
1657065608.731394,1.4_sub_map_insert,1.886
1657065613.830399,1.1_pointcloud_extract,0.011
1657065613.830399,1.1_cloud_preprocess,1.366
1657065613.830399,1.1_ros_callback_total,1.444
1657065613.830399,1.2_imu_integration,0.092
1657065613.830399,1.2_pointcloud_deskew,0.042
1657065613.830399,1.2_covariance_estimation,0.512
1657065613.830399,1.2_create_factors,0.018
1657065613.830399,1.2_smoother_update,20.217
1657065613.830399,1.3_gnss_injection,0.389
1657065613.830399,1.2_update_frames_calculate_estimate,0.066
1657065613.830399,1.2_update_frames_state_copy,0.018
1657065613.830399,1.2_update_frames_sigma_p,0.029
1657065613.830399,1.2_update_frames,0.152
1657065613.813403,2.1_gnss_araim,0.966
1657065613.830399,2.3_dynamic_al,0.000
1657065613.830399,2.3_state_machine,0.000
1657065613.830399,2.3_integrity_total,1.055
1657065613.830399,1.2_odom_insert_frame,23.885
1657065608.831300,1.4_sub_map_insert,1.669
1657065613.930397,1.1_pointcloud_extract,0.012
1657065613.930397,1.1_cloud_preprocess,1.374
1657065613.930397,1.1_ros_callback_total,1.461
1657065613.930397,1.2_imu_integration,0.091
1657065613.930397,1.2_pointcloud_deskew,0.039
1657065613.930397,1.2_covariance_estimation,0.719
1657065613.930397,1.2_create_factors,0.016
1657065613.930397,1.2_smoother_update,14.452
1657065613.930397,1.3_gnss_injection,0.288
1657065613.930397,1.2_update_frames_calculate_estimate,0.043
1657065613.930397,1.2_update_frames_state_copy,0.014
1657065613.930397,1.2_update_frames_sigma_p,0.021
1657065613.930397,1.2_update_frames,0.101
1657065613.913404,2.1_gnss_araim,0.634
1657065613.930397,2.3_dynamic_al,0.000
1657065613.930397,2.3_state_machine,0.000
1657065613.930397,2.3_integrity_total,0.695
1657065613.930397,1.2_odom_insert_frame,17.382
1657065608.931276,1.4_sub_map_insert,1.451
1657065614.030397,1.1_pointcloud_extract,0.012
1657065614.030397,1.1_cloud_preprocess,1.371
1657065614.030397,1.1_ros_callback_total,1.438
1657065614.030397,1.2_imu_integration,0.092
1657065614.030397,1.2_pointcloud_deskew,0.039
1657065614.030397,1.2_covariance_estimation,0.504
1657065614.030397,1.2_create_factors,0.017
1657065614.030397,1.2_smoother_update,19.594
1657065614.030397,1.3_gnss_injection,0.397
1657065614.030397,1.2_update_frames_calculate_estimate,0.068
1657065614.030397,1.2_update_frames_state_copy,0.019
1657065614.030397,1.2_update_frames_sigma_p,0.029
1657065614.030397,1.2_update_frames,0.154
1657065614.013410,2.1_gnss_araim,0.786
1657065614.030397,2.3_dynamic_al,0.000
1657065614.030397,2.3_state_machine,0.000
1657065614.030397,2.3_integrity_total,0.836
1657065614.030397,1.2_odom_insert_frame,23.057
1657065609.031252,1.4_sub_map_insert,1.422
1657065614.130397,1.1_pointcloud_extract,0.011
1657065614.130397,1.1_cloud_preprocess,1.260
1657065614.130397,1.1_ros_callback_total,1.354
1657065614.130397,1.2_imu_integration,0.094
1657065614.130397,1.2_pointcloud_deskew,0.039
1657065614.130397,1.2_covariance_estimation,0.490
1657065614.130397,1.2_create_factors,0.018
1657065614.130397,1.2_smoother_update,20.148
1657065614.130397,1.3_gnss_injection,0.393
1657065614.130397,1.2_update_frames_calculate_estimate,0.071
1657065614.130397,1.2_update_frames_state_copy,0.019
1657065614.130397,1.2_update_frames_sigma_p,0.032
1657065614.130397,1.2_update_frames,0.164
1657065614.113401,2.1_gnss_araim,0.686
1657065614.130397,2.3_dynamic_al,0.000
1657065614.130397,2.3_state_machine,0.000
1657065614.130397,2.3_integrity_total,0.762
1657065614.130397,1.2_odom_insert_frame,23.600
1657065609.131410,1.4_sub_map_insert,1.411
1657065614.231397,1.1_pointcloud_extract,0.010
1657065614.231397,1.1_cloud_preprocess,1.247
1657065614.231397,1.1_ros_callback_total,1.302
1657065614.231397,1.2_imu_integration,0.096
1657065614.231397,1.2_pointcloud_deskew,0.036
1657065614.231397,1.2_covariance_estimation,0.597
1657065614.231397,1.2_create_factors,0.017
1657065614.231397,1.2_smoother_update,2.552
1657065614.231397,1.3_gnss_injection,0.383
1657065614.231397,1.2_update_frames_calculate_estimate,0.057
1657065614.231397,1.2_update_frames_state_copy,0.017
1657065614.231397,1.2_update_frames_sigma_p,0.062
1657065614.231397,1.2_update_frames,0.171
1657065614.213416,2.1_gnss_araim,0.632
1657065614.231397,2.3_dynamic_al,0.000
1657065614.231397,2.3_state_machine,0.000
1657065614.231397,2.3_integrity_total,0.690
1657065614.231397,1.2_odom_insert_frame,5.955
1657065609.231304,1.4_sub_map_insert,2.707
1657065614.331471,1.1_pointcloud_extract,0.011
1657065614.331471,1.1_cloud_preprocess,1.247
1657065614.331471,1.1_ros_callback_total,1.337
1657065614.331471,1.2_imu_integration,0.092
1657065614.331471,1.2_pointcloud_deskew,0.036
1657065614.331471,1.2_covariance_estimation,0.477
1657065614.331471,1.2_create_factors,0.018
1657065614.331471,1.2_smoother_update,19.537
1657065614.331471,1.3_gnss_injection,0.416
1657065614.331471,1.2_update_frames_calculate_estimate,0.062
1657065614.331471,1.2_update_frames_state_copy,0.019
1657065614.331471,1.2_update_frames_sigma_p,0.029
1657065614.331471,1.2_update_frames,0.147
1657065614.313346,2.1_gnss_araim,0.753
1657065614.331471,2.3_dynamic_al,0.000
1657065614.331471,2.3_state_machine,0.000
1657065614.331471,2.3_integrity_total,0.801
1657065614.331471,1.2_odom_insert_frame,22.913
1657065609.431242,1.4_sub_map_insert,1.478
1657065614.430448,1.1_pointcloud_extract,0.011
1657065614.430448,1.1_cloud_preprocess,1.286
1657065614.430448,1.1_ros_callback_total,1.366
1657065614.430448,1.2_imu_integration,0.093
1657065614.430448,1.2_pointcloud_deskew,0.037
1657065614.430448,1.2_covariance_estimation,0.480
1657065614.430448,1.2_create_factors,0.017
1657065614.430448,1.2_smoother_update,1.992
1657065614.430448,1.3_gnss_injection,0.387
1657065614.430448,1.2_update_frames_calculate_estimate,0.062
1657065614.430448,1.2_update_frames_state_copy,0.017
1657065614.430448,1.2_update_frames_sigma_p,0.039
1657065614.430448,1.2_update_frames,0.153
1657065614.413347,2.1_gnss_araim,0.638
1657065614.430448,2.3_dynamic_al,0.000
1657065614.430448,2.3_state_machine,0.000
1657065614.430448,2.3_integrity_total,0.689
1657065614.430448,1.2_odom_insert_frame,5.194
1657065614.530459,1.1_pointcloud_extract,0.012
1657065614.530459,1.1_cloud_preprocess,1.238
1657065614.530459,1.1_ros_callback_total,1.312
1657065614.530459,1.2_imu_integration,0.080
1657065614.530459,1.2_pointcloud_deskew,0.046
1657065614.530459,1.2_covariance_estimation,0.377
1657065614.530459,1.2_create_factors,0.013
1657065614.530459,1.2_smoother_update,14.421
1657065614.530459,1.3_gnss_injection,0.281
1657065614.530459,1.2_update_frames_calculate_estimate,0.040
1657065614.530459,1.2_update_frames_state_copy,0.013
1657065614.530459,1.2_update_frames_sigma_p,0.022
1657065614.530459,1.2_update_frames,0.097
1657065614.513381,2.1_gnss_araim,0.772
1657065614.530459,2.3_dynamic_al,0.000
1657065614.530459,2.3_state_machine,0.000
1657065614.530459,2.3_integrity_total,0.805
1657065614.530459,1.2_odom_insert_frame,17.005
1657065609.531299,1.4_sub_map_insert,1.494
1657065614.630469,1.1_pointcloud_extract,0.015
1657065614.630469,1.1_cloud_preprocess,1.259
1657065614.630469,1.1_ros_callback_total,1.343
1657065614.630469,1.2_imu_integration,0.093
1657065614.630469,1.2_pointcloud_deskew,0.037
1657065614.630469,1.2_covariance_estimation,0.672
1657065614.630469,1.2_create_factors,0.018
1657065614.630469,1.2_smoother_update,19.853
1657065614.630469,1.3_gnss_injection,0.393
1657065614.630469,1.2_update_frames_calculate_estimate,0.067
1657065614.630469,1.2_update_frames_state_copy,0.019
1657065614.630469,1.2_update_frames_sigma_p,0.030
1657065614.630469,1.2_update_frames,0.155
1657065614.613475,2.1_gnss_araim,0.667
1657065614.630469,2.3_dynamic_al,0.000
1657065614.630469,2.3_state_machine,0.000
1657065614.630469,2.3_integrity_total,0.720
1657065614.630469,1.2_odom_insert_frame,23.361
1657065609.631286,1.4_sub_map_insert,1.467
1657065614.730416,1.1_pointcloud_extract,0.011
1657065614.730416,1.1_cloud_preprocess,1.297
1657065614.730416,1.1_ros_callback_total,1.377
1657065614.730416,1.2_imu_integration,0.092
1657065614.730416,1.2_pointcloud_deskew,0.038
1657065614.730416,1.2_covariance_estimation,0.508
1657065614.730416,1.2_create_factors,0.017
1657065614.730416,1.2_smoother_update,19.797
1657065614.730416,1.3_gnss_injection,0.386
1657065614.730416,1.2_update_frames_calculate_estimate,0.072
1657065614.730416,1.2_update_frames_state_copy,0.020
1657065614.730416,1.2_update_frames_sigma_p,0.032
1657065614.730416,1.2_update_frames,0.168
1657065614.713349,2.1_gnss_araim,0.670
1657065614.730416,2.3_dynamic_al,0.000
1657065614.730416,2.3_state_machine,0.000
1657065614.730416,2.3_integrity_total,0.732
1657065614.730416,1.2_odom_insert_frame,23.159
1657065609.731299,1.4_sub_map_insert,1.525
1657065614.830413,1.1_pointcloud_extract,0.009
1657065614.830413,1.1_cloud_preprocess,1.170
1657065614.830413,1.1_ros_callback_total,1.223
1657065614.830413,1.2_imu_integration,0.091
1657065614.830413,1.2_pointcloud_deskew,0.037
1657065614.830413,1.2_covariance_estimation,0.498
1657065614.830413,1.2_create_factors,0.019
1657065614.830413,1.2_smoother_update,19.719
1657065614.830413,1.3_gnss_injection,0.378
1657065614.830413,1.2_update_frames_calculate_estimate,0.065
1657065614.830413,1.2_update_frames_state_copy,0.019
1657065614.830413,1.2_update_frames_sigma_p,0.029
1657065614.830413,1.2_update_frames,0.150
1657065614.813402,2.1_gnss_araim,0.855
1657065614.830413,2.3_dynamic_al,0.000
1657065614.830413,2.3_state_machine,0.000
1657065614.830413,2.3_integrity_total,0.914
1657065614.830413,1.2_odom_insert_frame,23.179
1657065609.831285,1.4_sub_map_insert,1.406
1657065614.930397,1.1_pointcloud_extract,0.011
1657065614.930397,1.1_cloud_preprocess,1.296
1657065614.930397,1.1_ros_callback_total,1.403
1657065614.930397,1.2_imu_integration,0.094
1657065614.930397,1.2_pointcloud_deskew,0.039
1657065614.930397,1.2_covariance_estimation,0.498
1657065614.930397,1.2_create_factors,0.017
1657065614.930397,1.2_smoother_update,19.771
1657065614.930397,1.3_gnss_injection,0.393
1657065614.930397,1.2_update_frames_calculate_estimate,0.065
1657065614.930397,1.2_update_frames_state_copy,0.019
1657065614.930397,1.2_update_frames_sigma_p,0.030
1657065614.930397,1.2_update_frames,0.153
1657065614.913517,2.1_gnss_araim,1.014
1657065614.930397,2.3_dynamic_al,0.000
1657065614.930397,2.3_state_machine,0.000
1657065614.930397,2.3_integrity_total,1.070
1657065614.930397,1.2_odom_insert_frame,23.402
1657065609.931276,1.4_sub_map_insert,1.443
1657065615.030433,1.1_pointcloud_extract,0.011
1657065615.030433,1.1_cloud_preprocess,1.302
1657065615.030433,1.1_ros_callback_total,1.372
1657065615.030433,1.2_imu_integration,0.092
1657065615.030433,1.2_pointcloud_deskew,0.039
1657065615.030433,1.2_covariance_estimation,0.617
1657065615.030433,1.2_create_factors,0.019
1657065615.030433,1.2_smoother_update,19.699
1657065615.030433,1.3_gnss_injection,0.385
1657065615.030433,1.2_update_frames_calculate_estimate,0.057
1657065615.030433,1.2_update_frames_state_copy,0.019
1657065615.030433,1.2_update_frames_sigma_p,0.028
1657065615.030433,1.2_update_frames,0.138
1657065615.013460,2.1_gnss_araim,0.764
1657065615.030433,2.3_dynamic_al,0.000
1657065615.030433,2.3_state_machine,0.000
1657065615.030433,2.3_integrity_total,0.819
1657065615.030433,1.2_odom_insert_frame,23.122
1657065610.031284,1.4_sub_map_insert,1.546
1657065615.130397,1.1_pointcloud_extract,0.011
1657065615.130397,1.1_cloud_preprocess,1.299
1657065615.130397,1.1_ros_callback_total,1.374
1657065615.130397,1.2_imu_integration,0.085
1657065615.130397,1.2_pointcloud_deskew,0.052
1657065615.130397,1.2_covariance_estimation,0.334
1657065615.130397,1.2_create_factors,0.015
1657065615.130397,1.2_smoother_update,15.004
1657065615.130397,1.3_gnss_injection,0.289
1657065615.130397,1.2_update_frames_calculate_estimate,0.041
1657065615.130397,1.2_update_frames_state_copy,0.014
1657065615.130397,1.2_update_frames_sigma_p,0.022
1657065615.130397,1.2_update_frames,0.100
1657065615.113401,2.1_gnss_araim,0.901
1657065615.130397,2.3_dynamic_al,0.000
1657065615.130397,2.3_state_machine,0.000
1657065615.130397,2.3_integrity_total,0.962
1657065615.130397,1.2_odom_insert_frame,17.791
1657065610.131259,1.4_sub_map_insert,1.459
1657065615.230384,1.1_pointcloud_extract,0.009
1657065615.230384,1.1_cloud_preprocess,1.205
1657065615.230384,1.1_ros_callback_total,1.253
1657065615.230384,1.2_imu_integration,0.091
1657065615.230384,1.2_pointcloud_deskew,0.042
1657065615.230384,1.2_covariance_estimation,0.961
1657065615.230384,1.2_create_factors,0.020
1657065615.230384,1.2_smoother_update,19.966
1657065615.230384,1.3_gnss_injection,0.383
1657065615.230384,1.2_update_frames_calculate_estimate,0.062
1657065615.230384,1.2_update_frames_state_copy,0.019
1657065615.230384,1.2_update_frames_sigma_p,0.028
1657065615.230384,1.2_update_frames,0.147
1657065615.213365,2.1_gnss_araim,0.736
1657065615.230384,2.3_dynamic_al,0.000
1657065615.230384,2.3_state_machine,0.000
1657065615.230384,2.3_integrity_total,0.795
1657065615.230384,1.2_odom_insert_frame,23.774
1657065610.231257,1.4_sub_map_insert,1.837
1657065615.330423,1.1_pointcloud_extract,0.011
1657065615.330423,1.1_cloud_preprocess,1.287
1657065615.330423,1.1_ros_callback_total,1.363
1657065615.330423,1.2_imu_integration,0.094
1657065615.330423,1.2_pointcloud_deskew,0.038
1657065615.330423,1.2_covariance_estimation,0.518
1657065615.330423,1.2_create_factors,0.019
1657065615.330423,1.2_smoother_update,19.970
1657065615.330423,1.3_gnss_injection,0.376
1657065615.330423,1.2_update_frames_calculate_estimate,0.060
1657065615.330423,1.2_update_frames_state_copy,0.018
1657065615.330423,1.2_update_frames_sigma_p,0.028
1657065615.330423,1.2_update_frames,0.142
1657065615.313417,2.1_gnss_araim,0.858
1657065615.330423,2.3_dynamic_al,0.000
1657065615.330423,2.3_state_machine,0.000
1657065615.330423,2.3_integrity_total,0.921
1657065615.330423,1.2_odom_insert_frame,23.436
1657065610.331218,1.4_sub_map_insert,1.710
1657065615.430400,1.1_pointcloud_extract,0.011
1657065615.430400,1.1_cloud_preprocess,1.286
1657065615.430400,1.1_ros_callback_total,1.353
1657065615.430400,1.2_imu_integration,0.094
1657065615.430400,1.2_pointcloud_deskew,0.040
1657065615.430400,1.2_covariance_estimation,0.501
1657065615.430400,1.2_create_factors,0.017
1657065615.430400,1.2_smoother_update,20.329
1657065615.430400,1.3_gnss_injection,0.376
1657065615.430400,1.2_update_frames_calculate_estimate,0.059
1657065615.430400,1.2_update_frames_state_copy,0.019
1657065615.430400,1.2_update_frames_sigma_p,0.028
1657065615.430400,1.2_update_frames,0.147
1657065615.413399,2.1_gnss_araim,0.790
1657065615.430400,2.3_dynamic_al,0.000
1657065615.430400,2.3_state_machine,0.000
1657065615.430400,2.3_integrity_total,0.846
1657065615.430400,1.2_odom_insert_frame,23.672
1657065610.431219,1.4_sub_map_insert,1.714
1657065615.530400,1.1_pointcloud_extract,0.011
1657065615.530400,1.1_cloud_preprocess,1.345
1657065615.530400,1.1_ros_callback_total,1.428
1657065615.530400,1.2_imu_integration,0.076
1657065615.530400,1.2_pointcloud_deskew,0.047
1657065615.530400,1.2_covariance_estimation,0.379
1657065615.530400,1.2_create_factors,0.013
1657065615.530400,1.2_smoother_update,14.367
1657065615.530400,1.3_gnss_injection,0.278
1657065615.530400,1.2_update_frames_calculate_estimate,0.040
1657065615.530400,1.2_update_frames_state_copy,0.014
1657065615.530400,1.2_update_frames_sigma_p,0.022
1657065615.530400,1.2_update_frames,0.100
1657065615.513409,2.1_gnss_araim,0.797
1657065615.530400,2.3_dynamic_al,0.000
1657065615.530400,2.3_state_machine,0.000
1657065615.530400,2.3_integrity_total,0.854
1657065615.530400,1.2_odom_insert_frame,17.008
1657065610.531222,1.4_sub_map_insert,1.755
1657065615.630399,1.1_pointcloud_extract,0.011
1657065615.630399,1.1_cloud_preprocess,1.298
1657065615.630399,1.1_ros_callback_total,1.379
1657065615.630399,1.2_imu_integration,0.081
1657065615.630399,1.2_pointcloud_deskew,0.048
1657065615.630399,1.2_covariance_estimation,0.556
1657065615.630399,1.2_create_factors,0.014
1657065615.630399,1.2_smoother_update,14.661
1657065615.630399,1.3_gnss_injection,0.273
1657065615.630399,1.2_update_frames_calculate_estimate,0.040
1657065615.630399,1.2_update_frames_state_copy,0.014
1657065615.630399,1.2_update_frames_sigma_p,0.021
1657065615.630399,1.2_update_frames,0.098
1657065615.613401,2.1_gnss_araim,0.665
1657065615.630399,2.3_dynamic_al,0.000
1657065615.630399,2.3_state_machine,0.000
1657065615.630399,2.3_integrity_total,0.712
1657065615.630399,1.2_odom_insert_frame,17.298
1657065610.631278,1.4_sub_map_insert,1.728
1657065615.730420,1.1_pointcloud_extract,0.009
1657065615.730420,1.1_cloud_preprocess,1.180
1657065615.730420,1.1_ros_callback_total,1.237
1657065615.730420,1.2_imu_integration,0.095
1657065615.730420,1.2_pointcloud_deskew,0.037
1657065615.730420,1.2_covariance_estimation,0.589
1657065615.730420,1.2_create_factors,0.018
1657065615.730420,1.2_smoother_update,19.885
1657065615.730420,1.3_gnss_injection,0.385
1657065615.730420,1.2_update_frames_calculate_estimate,0.063
1657065615.730420,1.2_update_frames_state_copy,0.018
1657065615.730420,1.2_update_frames_sigma_p,0.029
1657065615.730420,1.2_update_frames,0.147
1657065615.713400,2.1_gnss_araim,0.781
1657065615.730420,2.3_dynamic_al,0.000
1657065615.730420,2.3_state_machine,0.000
1657065615.730420,2.3_integrity_total,0.830
1657065615.730420,1.2_odom_insert_frame,23.301
1657065610.731277,1.4_sub_map_insert,3.241
1657065615.831487,1.1_pointcloud_extract,0.009
1657065615.831487,1.1_cloud_preprocess,1.290
1657065615.831487,1.1_ros_callback_total,1.354
1657065615.831487,1.2_imu_integration,0.094
1657065615.831487,1.2_pointcloud_deskew,0.037
1657065615.831487,1.2_covariance_estimation,0.483
1657065615.831487,1.2_create_factors,0.023
1657065615.831487,1.2_smoother_update,2.473
1657065615.831487,1.3_gnss_injection,0.394
1657065615.831487,1.2_update_frames_calculate_estimate,0.060
1657065615.831487,1.2_update_frames_state_copy,0.017
1657065615.831487,1.2_update_frames_sigma_p,0.058
1657065615.831487,1.2_update_frames,0.171
1657065615.813400,2.1_gnss_araim,0.742
1657065615.831487,2.3_dynamic_al,0.000
1657065615.831487,2.3_state_machine,0.000
1657065615.831487,2.3_integrity_total,0.800
1657065615.831487,1.2_odom_insert_frame,5.937
1657065610.931273,1.4_sub_map_insert,1.867
1657065615.931401,1.1_pointcloud_extract,0.011
1657065615.931401,1.1_cloud_preprocess,1.306
1657065615.931401,1.1_ros_callback_total,1.371
1657065615.931401,1.2_imu_integration,0.097
1657065615.931401,1.2_pointcloud_deskew,0.037
1657065615.931401,1.2_covariance_estimation,0.702
1657065615.931401,1.2_create_factors,0.018
1657065615.931401,1.2_smoother_update,19.353
1657065615.931401,1.3_gnss_injection,0.370
1657065615.931401,1.2_update_frames_calculate_estimate,0.056
1657065615.931401,1.2_update_frames_state_copy,0.018
1657065615.931401,1.2_update_frames_sigma_p,0.029
1657065615.931401,1.2_update_frames,0.141
1657065615.913404,2.1_gnss_araim,0.727
1657065615.931401,2.3_dynamic_al,0.000
1657065615.931401,2.3_state_machine,0.000
1657065615.931401,2.3_integrity_total,0.774
1657065615.931401,1.2_odom_insert_frame,22.748
1657065611.031274,1.4_sub_map_insert,1.821
1657065616.030416,1.1_pointcloud_extract,0.011
1657065616.030416,1.1_cloud_preprocess,1.298
1657065616.030416,1.1_ros_callback_total,1.383
1657065616.030416,1.2_imu_integration,0.090
1657065616.030416,1.2_pointcloud_deskew,0.039
1657065616.030416,1.2_covariance_estimation,0.546
1657065616.030416,1.2_create_factors,0.019
1657065616.030416,1.2_smoother_update,2.023
1657065616.030416,1.3_gnss_injection,0.393
1657065616.030416,1.2_update_frames_calculate_estimate,0.068
1657065616.030416,1.2_update_frames_state_copy,0.017
1657065616.030416,1.2_update_frames_sigma_p,0.039
1657065616.030416,1.2_update_frames,0.161
1657065616.013406,2.1_gnss_araim,0.766
1657065616.030416,2.3_dynamic_al,0.000
1657065616.030416,2.3_state_machine,0.000
1657065616.030416,2.3_integrity_total,0.822
1657065616.030416,1.2_odom_insert_frame,5.510
1657065616.130428,1.1_pointcloud_extract,0.011
1657065616.130428,1.1_cloud_preprocess,1.293
1657065616.130428,1.1_ros_callback_total,1.381
1657065616.130428,1.2_imu_integration,0.091
1657065616.130428,1.2_pointcloud_deskew,0.039
1657065616.130428,1.2_covariance_estimation,0.499
1657065616.130428,1.2_create_factors,0.020
1657065616.130428,1.2_smoother_update,20.260
1657065616.130428,1.3_gnss_injection,0.381
1657065616.130428,1.2_update_frames_calculate_estimate,0.063
1657065616.130428,1.2_update_frames_state_copy,0.019
1657065616.130428,1.2_update_frames_sigma_p,0.029
1657065616.130428,1.2_update_frames,0.153
1657065616.113402,2.1_gnss_araim,0.935
1657065616.130428,2.3_dynamic_al,0.000
1657065616.130428,2.3_state_machine,0.000
1657065616.130428,2.3_integrity_total,0.987
1657065616.130428,1.2_odom_insert_frame,23.766
1657065611.131279,1.4_sub_map_insert,1.890
1657065616.230402,1.1_pointcloud_extract,0.011
1657065616.230402,1.1_cloud_preprocess,1.371
1657065616.230402,1.1_ros_callback_total,1.442
1657065616.230402,1.2_imu_integration,0.074
1657065616.230402,1.2_pointcloud_deskew,0.047
1657065616.230402,1.2_covariance_estimation,0.410
1657065616.230402,1.2_create_factors,0.015
1657065616.230402,1.2_smoother_update,14.537
1657065616.230402,1.3_gnss_injection,0.299
1657065616.230402,1.2_update_frames_calculate_estimate,0.041
1657065616.230402,1.2_update_frames_state_copy,0.014
1657065616.230402,1.2_update_frames_sigma_p,0.022
1657065616.230402,1.2_update_frames,0.101
1657065616.212409,2.1_gnss_araim,0.626
1657065616.230402,2.3_dynamic_al,0.000
1657065616.230402,2.3_state_machine,0.000
1657065616.230402,2.3_integrity_total,0.682
1657065616.230402,1.2_odom_insert_frame,17.108
1657065611.231274,1.4_sub_map_insert,1.844
1657065616.330387,1.1_pointcloud_extract,0.011
1657065616.330387,1.1_cloud_preprocess,1.298
1657065616.330387,1.1_ros_callback_total,1.380
1657065616.330387,1.2_imu_integration,0.095
1657065616.330387,1.2_pointcloud_deskew,0.039
1657065616.330387,1.2_covariance_estimation,0.766
1657065616.330387,1.2_create_factors,0.022
1657065616.330387,1.2_smoother_update,19.359
1657065616.330387,1.3_gnss_injection,0.384
1657065616.330387,1.2_update_frames_calculate_estimate,0.063
1657065616.330387,1.2_update_frames_state_copy,0.018
1657065616.330387,1.2_update_frames_sigma_p,0.028
1657065616.330387,1.2_update_frames,0.146
1657065616.313347,2.1_gnss_araim,0.768
1657065616.330387,2.3_dynamic_al,0.000
1657065616.330387,2.3_state_machine,0.000
1657065616.330387,2.3_integrity_total,0.829
1657065616.330387,1.2_odom_insert_frame,22.978
1657065611.331275,1.4_sub_map_insert,3.567
1657065616.430357,1.1_pointcloud_extract,0.055
1657065616.430357,1.1_cloud_preprocess,1.316
1657065616.430357,1.1_ros_callback_total,1.430
1657065616.430357,1.2_imu_integration,0.091
1657065616.430357,1.2_pointcloud_deskew,0.038
1657065616.430357,1.2_covariance_estimation,0.544
1657065616.430357,1.2_create_factors,0.021
1657065616.430357,1.2_smoother_update,2.547
1657065616.430357,1.3_gnss_injection,0.394
1657065616.430357,1.2_update_frames_calculate_estimate,0.062
1657065616.430357,1.2_update_frames_state_copy,0.018
1657065616.430357,1.2_update_frames_sigma_p,0.060
1657065616.430357,1.2_update_frames,0.179
1657065616.413362,2.1_gnss_araim,0.633
1657065616.430357,2.3_dynamic_al,0.000
1657065616.430357,2.3_state_machine,0.000
1657065616.430357,2.3_integrity_total,0.689
1657065616.430357,1.2_odom_insert_frame,5.983
1657065616.530352,1.1_pointcloud_extract,0.009
1657065616.530352,1.1_cloud_preprocess,1.350
1657065616.530352,1.1_ros_callback_total,1.417
1657065616.530352,1.2_imu_integration,0.094
1657065616.530352,1.2_pointcloud_deskew,0.037
1657065616.530352,1.2_covariance_estimation,0.494
1657065616.530352,1.2_create_factors,0.021
1657065616.530352,1.2_smoother_update,2.328
1657065616.530352,1.3_gnss_injection,0.412
1657065616.530352,1.2_update_frames_calculate_estimate,0.059
1657065616.530352,1.2_update_frames_state_copy,0.017
1657065616.530352,1.2_update_frames_sigma_p,0.037
1657065616.530352,1.2_update_frames,0.145
1657065616.513371,2.1_gnss_araim,0.651
1657065616.530352,2.3_dynamic_al,0.000
1657065616.530352,2.3_state_machine,0.000
1657065616.530352,2.3_integrity_total,0.701
1657065616.530352,1.2_odom_insert_frame,5.613
1657065611.531274,1.4_sub_map_insert,1.772
1657065616.630400,1.1_pointcloud_extract,0.012
1657065616.630400,1.1_cloud_preprocess,1.312
1657065616.630400,1.1_ros_callback_total,1.400
1657065616.630400,1.2_imu_integration,0.092
1657065616.630400,1.2_pointcloud_deskew,0.039
1657065616.630400,1.2_covariance_estimation,0.548
1657065616.630400,1.2_create_factors,0.022
1657065616.630400,1.2_smoother_update,14.449
1657065616.630400,1.3_gnss_injection,0.271
1657065616.630400,1.2_update_frames_calculate_estimate,0.039
1657065616.630400,1.2_update_frames_state_copy,0.014
1657065616.630400,1.2_update_frames_sigma_p,0.022
1657065616.630400,1.2_update_frames,0.097
1657065616.613399,2.1_gnss_araim,0.636
1657065616.630400,2.3_dynamic_al,0.000
1657065616.630400,2.3_state_machine,0.000
1657065616.630400,2.3_integrity_total,0.694
1657065616.630400,1.2_odom_insert_frame,17.110
1657065611.631279,1.4_sub_map_insert,1.814
1657065616.730411,1.1_pointcloud_extract,0.011
1657065616.730411,1.1_cloud_preprocess,1.365
1657065616.730411,1.1_ros_callback_total,1.430
1657065616.730411,1.2_imu_integration,0.093
1657065616.730411,1.2_pointcloud_deskew,0.040
1657065616.730411,1.2_covariance_estimation,0.494
1657065616.730411,1.2_create_factors,0.024
1657065616.730411,1.2_smoother_update,20.315
1657065616.730411,1.3_gnss_injection,0.410
1657065616.730411,1.2_update_frames_calculate_estimate,0.070
1657065616.730411,1.2_update_frames_state_copy,0.019
1657065616.730411,1.2_update_frames_sigma_p,0.032
1657065616.730411,1.2_update_frames,0.160
1657065616.713409,2.1_gnss_araim,0.817
1657065616.730411,2.3_dynamic_al,0.000
1657065616.730411,2.3_state_machine,0.000
1657065616.730411,2.3_integrity_total,0.882
1657065616.730411,1.2_odom_insert_frame,23.925
1657065611.731275,1.4_sub_map_insert,2.796
1657065616.830401,1.1_pointcloud_extract,0.011
1657065616.830401,1.1_cloud_preprocess,1.315
1657065616.830401,1.1_ros_callback_total,1.387
1657065616.830401,1.2_imu_integration,0.085
1657065616.830401,1.2_pointcloud_deskew,0.052
1657065616.830401,1.2_covariance_estimation,0.520
1657065616.830401,1.2_create_factors,0.016
1657065616.830401,1.2_smoother_update,1.876
1657065616.830401,1.3_gnss_injection,0.275
1657065616.830401,1.2_update_frames_calculate_estimate,0.040
1657065616.830401,1.2_update_frames_state_copy,0.013
1657065616.830401,1.2_update_frames_sigma_p,0.046
1657065616.830401,1.2_update_frames,0.124
1657065616.813420,2.1_gnss_araim,0.772
1657065616.830401,2.3_dynamic_al,0.000
1657065616.830401,2.3_state_machine,0.000
1657065616.830401,2.3_integrity_total,0.822
1657065616.830401,1.2_odom_insert_frame,4.732
1657065611.930371,1.4_sub_map_insert,1.532
1657065616.930435,1.1_pointcloud_extract,0.009
1657065616.930435,1.1_cloud_preprocess,1.202
1657065616.930435,1.1_ros_callback_total,1.270
1657065616.930435,1.2_imu_integration,0.092
1657065616.930435,1.2_pointcloud_deskew,0.039
1657065616.930435,1.2_covariance_estimation,0.515
1657065616.930435,1.2_create_factors,0.020
1657065616.930435,1.2_smoother_update,19.312
1657065616.930435,1.3_gnss_injection,0.402
1657065616.930435,1.2_update_frames_calculate_estimate,0.058
1657065616.930435,1.2_update_frames_state_copy,0.019
1657065616.930435,1.2_update_frames_sigma_p,0.027
1657065616.930435,1.2_update_frames,0.140
1657065616.913408,2.1_gnss_araim,0.733
1657065616.930435,2.3_dynamic_al,0.000
1657065616.930435,2.3_state_machine,0.000
1657065616.930435,2.3_integrity_total,0.784
1657065616.930435,1.2_odom_insert_frame,22.622
1657065617.030415,1.1_pointcloud_extract,0.009
1657065617.030415,1.1_cloud_preprocess,1.263
1657065617.030415,1.1_ros_callback_total,1.329
1657065617.030415,1.2_imu_integration,0.090
1657065617.030415,1.2_pointcloud_deskew,0.039
1657065617.030415,1.2_covariance_estimation,0.496
1657065617.030415,1.2_create_factors,0.022
1657065617.030415,1.2_smoother_update,2.210
1657065617.030415,1.3_gnss_injection,0.436
1657065617.030415,1.2_update_frames_calculate_estimate,0.067
1657065617.030415,1.2_update_frames_state_copy,0.018
1657065617.030415,1.2_update_frames_sigma_p,0.039
1657065617.030415,1.2_update_frames,0.158
1657065617.012400,2.1_gnss_araim,0.657
1657065617.030415,2.3_dynamic_al,0.000
1657065617.030415,2.3_state_machine,0.000
1657065617.030415,2.3_integrity_total,0.726
1657065617.030415,1.2_odom_insert_frame,5.649
1657065612.031236,1.4_sub_map_insert,1.790
1657065617.131383,1.1_pointcloud_extract,0.012
1657065617.131383,1.1_cloud_preprocess,1.305
1657065617.131383,1.1_ros_callback_total,1.404
1657065617.131383,1.2_imu_integration,0.076
1657065617.131383,1.2_pointcloud_deskew,0.049
1657065617.131383,1.2_covariance_estimation,0.405
1657065617.131383,1.2_create_factors,0.018
1657065617.131383,1.2_smoother_update,1.826
1657065617.131383,1.3_gnss_injection,0.275
1657065617.131383,1.2_update_frames_calculate_estimate,0.164
1657065617.131383,1.2_update_frames_state_copy,0.014
1657065617.131383,1.2_update_frames_sigma_p,0.039
1657065617.131383,1.2_update_frames,0.246
1657065617.113409,2.1_gnss_araim,0.608
1657065617.131383,2.3_dynamic_al,0.000
1657065617.131383,2.3_state_machine,0.000
1657065617.131383,2.3_integrity_total,0.671
1657065617.131383,1.2_odom_insert_frame,4.567
1657065612.131258,1.4_sub_map_insert,3.348
1657065617.230359,1.1_pointcloud_extract,0.010
1657065617.230359,1.1_cloud_preprocess,1.308
1657065617.230359,1.1_ros_callback_total,1.374
1657065617.230359,1.2_imu_integration,0.089
1657065617.230359,1.2_pointcloud_deskew,0.039
1657065617.230359,1.2_covariance_estimation,0.496
1657065617.230359,1.2_create_factors,0.021
1657065617.230359,1.2_smoother_update,2.082
1657065617.230359,1.3_gnss_injection,0.390
1657065617.230359,1.2_update_frames_calculate_estimate,0.081
1657065617.230359,1.2_update_frames_state_copy,0.020
1657065617.230359,1.2_update_frames_sigma_p,0.048
1657065617.230359,1.2_update_frames,0.195
1657065617.213396,2.1_gnss_araim,0.659
1657065617.230359,2.3_dynamic_al,0.000
1657065617.230359,2.3_state_machine,0.000
1657065617.230359,2.3_integrity_total,0.722
1657065617.230359,1.2_odom_insert_frame,5.592
1657065617.330404,1.1_pointcloud_extract,0.012
1657065617.330404,1.1_cloud_preprocess,1.331
1657065617.330404,1.1_ros_callback_total,1.404
1657065617.330404,1.2_imu_integration,0.085
1657065617.330404,1.2_pointcloud_deskew,0.056
1657065617.330404,1.2_covariance_estimation,0.461
1657065617.330404,1.2_create_factors,0.018
1657065617.330404,1.2_smoother_update,14.602
1657065617.330404,1.3_gnss_injection,0.273
1657065617.330404,1.2_update_frames_calculate_estimate,0.040
1657065617.330404,1.2_update_frames_state_copy,0.014
1657065617.330404,1.2_update_frames_sigma_p,0.023
1657065617.330404,1.2_update_frames,0.103
1657065617.313381,2.1_gnss_araim,0.748
1657065617.330404,2.3_dynamic_al,0.000
1657065617.330404,2.3_state_machine,0.000
1657065617.330404,2.3_integrity_total,0.815
1657065617.330404,1.2_odom_insert_frame,17.314
1657065612.331278,1.4_sub_map_insert,1.745
1657065617.430401,1.1_pointcloud_extract,0.010
1657065617.430401,1.1_cloud_preprocess,1.240
1657065617.430401,1.1_ros_callback_total,1.304
1657065617.430401,1.2_imu_integration,0.079
1657065617.430401,1.2_pointcloud_deskew,0.052
1657065617.430401,1.2_covariance_estimation,0.402
1657065617.430401,1.2_create_factors,0.021
1657065617.430401,1.2_smoother_update,14.596
1657065617.430401,1.3_gnss_injection,0.288
1657065617.430401,1.2_update_frames_calculate_estimate,0.039
1657065617.430401,1.2_update_frames_state_copy,0.014
1657065617.430401,1.2_update_frames_sigma_p,0.022
1657065617.430401,1.2_update_frames,0.097
1657065617.413401,2.1_gnss_araim,0.786
1657065617.430401,2.3_dynamic_al,0.000
1657065617.430401,2.3_state_machine,0.000
1657065617.430401,2.3_integrity_total,0.844
1657065617.430401,1.2_odom_insert_frame,17.293
1657065612.431276,1.4_sub_map_insert,1.825
1657065617.530397,1.1_pointcloud_extract,0.011
1657065617.530397,1.1_cloud_preprocess,1.277
1657065617.530397,1.1_ros_callback_total,1.357
1657065617.530397,1.2_imu_integration,0.092
1657065617.530397,1.2_pointcloud_deskew,0.039
1657065617.530397,1.2_covariance_estimation,0.486
1657065617.530397,1.2_create_factors,0.022
1657065617.530397,1.2_smoother_update,19.554
1657065617.530397,1.3_gnss_injection,0.379
1657065617.530397,1.2_update_frames_calculate_estimate,0.057
1657065617.530397,1.2_update_frames_state_copy,0.018
1657065617.530397,1.2_update_frames_sigma_p,0.028
1657065617.530397,1.2_update_frames,0.140
1657065617.513399,2.1_gnss_araim,0.812
1657065617.530397,2.3_dynamic_al,0.000
1657065617.530397,2.3_state_machine,0.000
1657065617.530397,2.3_integrity_total,0.868
1657065617.530397,1.2_odom_insert_frame,22.881
1657065612.531236,1.4_sub_map_insert,1.884
1657065617.630399,1.1_pointcloud_extract,0.011
1657065617.630399,1.1_cloud_preprocess,1.276
1657065617.630399,1.1_ros_callback_total,1.368
1657065617.630399,1.2_imu_integration,0.087
1657065617.630399,1.2_pointcloud_deskew,0.055
1657065617.630399,1.2_covariance_estimation,0.385
1657065617.630399,1.2_create_factors,0.022
1657065617.630399,1.2_smoother_update,14.482
1657065617.630399,1.3_gnss_injection,0.265
1657065617.630399,1.2_update_frames_calculate_estimate,0.041
1657065617.630399,1.2_update_frames_state_copy,0.014
1657065617.630399,1.2_update_frames_sigma_p,0.022
1657065617.630399,1.2_update_frames,0.100
1657065617.613400,2.1_gnss_araim,0.748
1657065617.630399,2.3_dynamic_al,0.000
1657065617.630399,2.3_state_machine,0.000
1657065617.630399,2.3_integrity_total,0.807
1657065617.630399,1.2_odom_insert_frame,17.081
1657065612.631447,1.4_sub_map_insert,1.751
1657065617.730408,1.1_pointcloud_extract,0.009
1657065617.730408,1.1_cloud_preprocess,1.169
1657065617.730408,1.1_ros_callback_total,1.231
1657065617.730408,1.2_imu_integration,0.091
1657065617.730408,1.2_pointcloud_deskew,0.050
1657065617.730408,1.2_covariance_estimation,0.470
1657065617.730408,1.2_create_factors,0.023
1657065617.730408,1.2_smoother_update,20.181
1657065617.730408,1.3_gnss_injection,0.431
1657065617.730408,1.2_update_frames_calculate_estimate,0.074
1657065617.730408,1.2_update_frames_state_copy,0.020
1657065617.730408,1.2_update_frames_sigma_p,0.031
1657065617.730408,1.2_update_frames,0.166
1657065617.713402,2.1_gnss_araim,0.713
1657065617.730408,2.3_dynamic_al,0.000
1657065617.730408,2.3_state_machine,0.000
1657065617.730408,2.3_integrity_total,0.763
1657065617.730408,1.2_odom_insert_frame,23.774
1657065612.730411,1.4_sub_map_insert,3.422
1657065617.830421,1.1_pointcloud_extract,0.011
1657065617.830421,1.1_cloud_preprocess,1.268
1657065617.830421,1.1_ros_callback_total,1.350
1657065617.830421,1.2_imu_integration,0.095
1657065617.830421,1.2_pointcloud_deskew,0.038
1657065617.830421,1.2_covariance_estimation,0.596
1657065617.830421,1.2_create_factors,0.021
1657065617.830421,1.2_smoother_update,1.906
1657065617.830421,1.3_gnss_injection,0.270
1657065617.830421,1.2_update_frames_calculate_estimate,0.042
1657065617.830421,1.2_update_frames_state_copy,0.013
1657065617.830421,1.2_update_frames_sigma_p,0.048
1657065617.830421,1.2_update_frames,0.127
1657065617.813413,2.1_gnss_araim,0.654
1657065617.830421,2.3_dynamic_al,0.000
1657065617.830421,2.3_state_machine,0.000
1657065617.830421,2.3_integrity_total,0.717
1657065617.830421,1.2_odom_insert_frame,4.799
1657065612.930383,1.4_sub_map_insert,1.767
1657065617.930417,1.1_pointcloud_extract,0.012
1657065617.930417,1.1_cloud_preprocess,1.320
1657065617.930417,1.1_ros_callback_total,1.412
1657065617.930417,1.2_imu_integration,0.090
1657065617.930417,1.2_pointcloud_deskew,0.039
1657065617.930417,1.2_covariance_estimation,0.542
1657065617.930417,1.2_create_factors,0.025
1657065617.930417,1.2_smoother_update,19.147
1657065617.930417,1.3_gnss_injection,0.369
1657065617.930417,1.2_update_frames_calculate_estimate,0.057
1657065617.930417,1.2_update_frames_state_copy,0.018
1657065617.930417,1.2_update_frames_sigma_p,0.028
1657065617.930417,1.2_update_frames,0.139
1657065617.913406,2.1_gnss_araim,0.782
1657065617.930417,2.3_dynamic_al,0.000
1657065617.930417,2.3_state_machine,0.000
1657065617.930417,2.3_integrity_total,0.832
1657065617.930417,1.2_odom_insert_frame,22.448
1657065613.030387,1.4_sub_map_insert,1.902
1657065618.030396,1.1_pointcloud_extract,0.012
1657065618.030396,1.1_cloud_preprocess,1.277
1657065618.030396,1.1_ros_callback_total,1.350
1657065618.030396,1.2_imu_integration,0.074
1657065618.030396,1.2_pointcloud_deskew,0.050
1657065618.030396,1.2_covariance_estimation,0.385
1657065618.030396,1.2_create_factors,0.017
1657065618.030396,1.2_smoother_update,14.145
1657065618.030396,1.3_gnss_injection,0.260
1657065618.030396,1.2_update_frames_calculate_estimate,0.039
1657065618.030396,1.2_update_frames_state_copy,0.013
1657065618.030396,1.2_update_frames_sigma_p,0.022
1657065618.030396,1.2_update_frames,0.098
1657065618.013415,2.1_gnss_araim,0.802
1657065618.030396,2.3_dynamic_al,0.000
1657065618.030396,2.3_state_machine,0.000
1657065618.030396,2.3_integrity_total,0.860
1657065618.030396,1.2_odom_insert_frame,16.723
1657065618.130400,1.1_pointcloud_extract,0.011
1657065618.130400,1.1_cloud_preprocess,1.282
1657065618.130400,1.1_ros_callback_total,1.377
1657065618.130400,1.2_imu_integration,0.091
1657065618.130400,1.2_pointcloud_deskew,0.040
1657065618.130400,1.2_covariance_estimation,0.505
1657065618.130400,1.2_create_factors,0.023
1657065618.130400,1.2_smoother_update,2.143
1657065618.130400,1.3_gnss_injection,0.388
1657065618.130400,1.2_update_frames_calculate_estimate,0.063
1657065618.130400,1.2_update_frames_state_copy,0.017
1657065618.130400,1.2_update_frames_sigma_p,0.039
1657065618.130400,1.2_update_frames,0.158
1657065618.113400,2.1_gnss_araim,0.745
1657065618.130400,2.3_dynamic_al,0.000
1657065618.130400,2.3_state_machine,0.000
1657065618.130400,2.3_integrity_total,0.805
1657065618.130400,1.2_odom_insert_frame,5.599
1657065613.131524,1.4_sub_map_insert,1.850
1657065618.230407,1.1_pointcloud_extract,0.011
1657065618.230407,1.1_cloud_preprocess,1.293
1657065618.230407,1.1_ros_callback_total,1.378
1657065618.230407,1.2_imu_integration,0.092
1657065618.230407,1.2_pointcloud_deskew,0.038
1657065618.230407,1.2_covariance_estimation,0.482
1657065618.230407,1.2_create_factors,0.020
1657065618.230407,1.2_smoother_update,19.886
1657065618.230407,1.3_gnss_injection,0.400
1657065618.230407,1.2_update_frames_calculate_estimate,0.067
1657065618.230407,1.2_update_frames_state_copy,0.018
1657065618.230407,1.2_update_frames_sigma_p,0.030
1657065618.230407,1.2_update_frames,0.152
1657065618.213356,2.1_gnss_araim,0.689
1657065618.230407,2.3_dynamic_al,0.000
1657065618.230407,2.3_state_machine,0.000
1657065618.230407,2.3_integrity_total,0.748
1657065618.230407,1.2_odom_insert_frame,23.290
1657065613.231344,1.4_sub_map_insert,1.867
1657065618.330518,1.1_pointcloud_extract,0.014
1657065618.330518,1.1_cloud_preprocess,1.245
1657065618.330518,1.1_ros_callback_total,1.337
1657065618.330518,1.2_imu_integration,0.092
1657065618.330518,1.2_pointcloud_deskew,0.038
1657065618.330518,1.2_covariance_estimation,0.501
1657065618.330518,1.2_create_factors,0.020
1657065618.330518,1.2_smoother_update,2.433
1657065618.330518,1.3_gnss_injection,0.374
1657065618.330518,1.2_update_frames_calculate_estimate,0.058
1657065618.330518,1.2_update_frames_state_copy,0.018
1657065618.330518,1.2_update_frames_sigma_p,0.057
1657065618.330518,1.2_update_frames,0.168
1657065618.313406,2.1_gnss_araim,0.678
1657065618.330518,2.3_dynamic_al,0.000
1657065618.330518,2.3_state_machine,0.000
1657065618.330518,2.3_integrity_total,0.740
1657065618.330518,1.2_odom_insert_frame,5.782
1657065613.330417,1.4_sub_map_insert,1.761
1657065618.431399,1.1_pointcloud_extract,0.012
1657065618.431399,1.1_cloud_preprocess,1.330
1657065618.431399,1.1_ros_callback_total,1.419
1657065618.431399,1.2_imu_integration,0.091
1657065618.431399,1.2_pointcloud_deskew,0.038
1657065618.431399,1.2_covariance_estimation,0.506
1657065618.431399,1.2_create_factors,0.022
1657065618.431399,1.2_smoother_update,19.296
1657065618.431399,1.3_gnss_injection,0.372
1657065618.431399,1.2_update_frames_calculate_estimate,0.057
1657065618.431399,1.2_update_frames_state_copy,0.017
1657065618.431399,1.2_update_frames_sigma_p,0.028
1657065618.431399,1.2_update_frames,0.138
1657065618.413397,2.1_gnss_araim,0.797
1657065618.431399,2.3_dynamic_al,0.000
1657065618.431399,2.3_state_machine,0.000
1657065618.431399,2.3_integrity_total,0.859
1657065618.431399,1.2_odom_insert_frame,22.575
1657065613.430527,1.4_sub_map_insert,3.522
1657065618.531397,1.1_pointcloud_extract,0.010
1657065618.531397,1.1_cloud_preprocess,1.341
1657065618.531397,1.1_ros_callback_total,1.429
1657065618.531397,1.2_imu_integration,0.090
1657065618.531397,1.2_pointcloud_deskew,0.039
1657065618.531397,1.2_covariance_estimation,0.642
1657065618.531397,1.2_create_factors,0.023
1657065618.531397,1.2_smoother_update,19.108
1657065618.531397,1.3_gnss_injection,0.391
1657065618.531397,1.2_update_frames_calculate_estimate,0.065
1657065618.531397,1.2_update_frames_state_copy,0.018
1657065618.531397,1.2_update_frames_sigma_p,0.029
1657065618.531397,1.2_update_frames,0.153
1657065618.513407,2.1_gnss_araim,0.772
1657065618.531397,2.3_dynamic_al,0.000
1657065618.531397,2.3_state_machine,0.000
1657065618.531397,2.3_integrity_total,0.830
1657065618.531397,1.2_odom_insert_frame,22.589
1657065613.630419,1.4_sub_map_insert,1.784
1657065618.631507,1.1_pointcloud_extract,0.011
1657065618.631507,1.1_cloud_preprocess,1.301
1657065618.631507,1.1_ros_callback_total,1.389
1657065618.631507,1.2_imu_integration,0.073
1657065618.631507,1.2_pointcloud_deskew,0.048
1657065618.631507,1.2_covariance_estimation,0.408
1657065618.631507,1.2_create_factors,0.016
1657065618.631507,1.2_smoother_update,14.228
1657065618.631507,1.3_gnss_injection,0.275
1657065618.631507,1.2_update_frames_calculate_estimate,0.039
1657065618.631507,1.2_update_frames_state_copy,0.016
1657065618.631507,1.2_update_frames_sigma_p,0.022
1657065618.631507,1.2_update_frames,0.100
1657065618.613416,2.1_gnss_araim,0.655
1657065618.631507,2.3_dynamic_al,0.000
1657065618.631507,2.3_state_machine,0.000
1657065618.631507,2.3_integrity_total,0.712
1657065618.631507,1.2_odom_insert_frame,16.736
1657065613.730400,1.4_sub_map_insert,2.027
1657065618.731371,1.1_pointcloud_extract,0.013
1657065618.731371,1.1_cloud_preprocess,1.282
1657065618.731371,1.1_ros_callback_total,1.369
1657065618.731371,1.2_imu_integration,0.090
1657065618.731371,1.2_pointcloud_deskew,0.038
1657065618.731371,1.2_covariance_estimation,0.650
1657065618.731371,1.2_create_factors,0.023
1657065618.731371,1.2_smoother_update,19.479
1657065618.731371,1.3_gnss_injection,0.384
1657065618.731371,1.2_update_frames_calculate_estimate,0.070
1657065618.731371,1.2_update_frames_state_copy,0.019
1657065618.731371,1.2_update_frames_sigma_p,0.030
1657065618.731371,1.2_update_frames,0.162
1657065618.713366,2.1_gnss_araim,0.955
1657065618.731371,2.3_dynamic_al,0.000
1657065618.731371,2.3_state_machine,0.000
1657065618.731371,2.3_integrity_total,1.040
1657065618.731371,1.2_odom_insert_frame,23.332
1657065613.830399,1.4_sub_map_insert,1.818
1657065618.830381,1.1_pointcloud_extract,0.010
1657065618.830381,1.1_cloud_preprocess,1.188
1657065618.830381,1.1_ros_callback_total,1.250
1657065618.830381,1.2_imu_integration,0.089
1657065618.830381,1.2_pointcloud_deskew,0.038
1657065618.830381,1.2_covariance_estimation,0.628
1657065618.830381,1.2_create_factors,0.022
1657065618.830381,1.2_smoother_update,2.022
1657065618.830381,1.3_gnss_injection,0.381
1657065618.830381,1.2_update_frames_calculate_estimate,0.059
1657065618.830381,1.2_update_frames_state_copy,0.016
1657065618.830381,1.2_update_frames_sigma_p,0.037
1657065618.830381,1.2_update_frames,0.144
1657065618.813348,2.1_gnss_araim,0.628
1657065618.830381,2.3_dynamic_al,0.000
1657065618.830381,2.3_state_machine,0.000
1657065618.830381,2.3_integrity_total,0.690
1657065618.830381,1.2_odom_insert_frame,5.339
1657065618.930382,1.1_pointcloud_extract,0.011
1657065618.930382,1.1_cloud_preprocess,1.284
1657065618.930382,1.1_ros_callback_total,1.348
1657065618.930382,1.2_imu_integration,0.090
1657065618.930382,1.2_pointcloud_deskew,0.039
1657065618.930382,1.2_covariance_estimation,0.503
1657065618.930382,1.2_create_factors,0.021
1657065618.930382,1.2_smoother_update,19.705
1657065618.930382,1.3_gnss_injection,0.374
1657065618.930382,1.2_update_frames_calculate_estimate,0.065
1657065618.930382,1.2_update_frames_state_copy,0.019
1657065618.930382,1.2_update_frames_sigma_p,0.030
1657065618.930382,1.2_update_frames,0.153
1657065618.912376,2.1_gnss_araim,0.787
1657065618.930382,2.3_dynamic_al,0.000
1657065618.930382,2.3_state_machine,0.000
1657065618.930382,2.3_integrity_total,0.840
1657065618.930382,1.2_odom_insert_frame,23.045
1657065613.930397,1.4_sub_map_insert,1.852
1657065619.031374,1.1_pointcloud_extract,0.023
1657065619.031374,1.1_cloud_preprocess,1.283
1657065619.031374,1.1_ros_callback_total,1.395
1657065619.031374,1.2_imu_integration,0.089
1657065619.031374,1.2_pointcloud_deskew,0.040
1657065619.031374,1.2_covariance_estimation,0.483
1657065619.031374,1.2_create_factors,0.022
1657065619.031374,1.2_smoother_update,2.441
1657065619.031374,1.3_gnss_injection,0.374
1657065619.031374,1.2_update_frames_calculate_estimate,0.060
1657065619.031374,1.2_update_frames_state_copy,0.017
1657065619.031374,1.2_update_frames_sigma_p,0.059
1657065619.031374,1.2_update_frames,0.171
1657065619.013349,2.1_gnss_araim,0.849
1657065619.031374,2.3_dynamic_al,0.000
1657065619.031374,2.3_state_machine,0.000
1657065619.031374,2.3_integrity_total,0.914
1657065619.031374,1.2_odom_insert_frame,5.986
1657065614.030397,1.4_sub_map_insert,3.362
1657065619.130380,1.1_pointcloud_extract,0.011
1657065619.130380,1.1_cloud_preprocess,1.272
1657065619.130380,1.1_ros_callback_total,1.367
1657065619.130380,1.2_imu_integration,0.072
1657065619.130380,1.2_pointcloud_deskew,0.047
1657065619.130380,1.2_covariance_estimation,0.448
1657065619.130380,1.2_create_factors,0.017
1657065619.130380,1.2_smoother_update,1.720
1657065619.130380,1.3_gnss_injection,0.278
1657065619.130380,1.2_update_frames_calculate_estimate,0.041
1657065619.130380,1.2_update_frames_state_copy,0.013
1657065619.130380,1.2_update_frames_sigma_p,0.030
1657065619.130380,1.2_update_frames,0.105
1657065619.113355,2.1_gnss_araim,0.628
1657065619.130380,2.3_dynamic_al,0.000
1657065619.130380,2.3_state_machine,0.000
1657065619.130380,2.3_integrity_total,0.672
1657065619.130380,1.2_odom_insert_frame,4.343
1657065619.230359,1.1_pointcloud_extract,0.011
1657065619.230359,1.1_cloud_preprocess,1.332
1657065619.230359,1.1_ros_callback_total,1.410
1657065619.230359,1.2_imu_integration,0.091
1657065619.230359,1.2_pointcloud_deskew,0.038
1657065619.230359,1.2_covariance_estimation,0.505
1657065619.230359,1.2_create_factors,0.018
1657065619.230359,1.2_smoother_update,19.911
1657065619.230359,1.3_gnss_injection,0.424
1657065619.230359,1.2_update_frames_calculate_estimate,0.079
1657065619.230359,1.2_update_frames_state_copy,0.020
1657065619.230359,1.2_update_frames_sigma_p,0.035
1657065619.230359,1.2_update_frames,0.184
1657065619.213375,2.1_gnss_araim,0.753
1657065619.230359,2.3_dynamic_al,0.000
1657065619.230359,2.3_state_machine,0.000
1657065619.230359,2.3_integrity_total,0.801
1657065619.230359,1.2_odom_insert_frame,23.466
1657065614.231397,1.4_sub_map_insert,1.987
1657065619.330420,1.1_pointcloud_extract,0.011
1657065619.330420,1.1_cloud_preprocess,1.286
1657065619.330420,1.1_ros_callback_total,1.349
1657065619.330420,1.2_imu_integration,0.091
1657065619.330420,1.2_pointcloud_deskew,0.039
1657065619.330420,1.2_covariance_estimation,0.498
1657065619.330420,1.2_create_factors,0.020
1657065619.330420,1.2_smoother_update,19.441
1657065619.330420,1.3_gnss_injection,0.411
1657065619.330420,1.2_update_frames_calculate_estimate,0.074
1657065619.330420,1.2_update_frames_state_copy,0.019
1657065619.330420,1.2_update_frames_sigma_p,0.031
1657065619.330420,1.2_update_frames,0.164
1657065619.313427,2.1_gnss_araim,0.873
1657065619.330420,2.3_dynamic_al,0.000
1657065619.330420,2.3_state_machine,0.000
1657065619.330420,2.3_integrity_total,0.931
1657065619.330420,1.2_odom_insert_frame,23.020
1657065614.331471,1.4_sub_map_insert,1.855
1657065619.430345,1.1_pointcloud_extract,0.011
1657065619.430345,1.1_cloud_preprocess,1.318
1657065619.430345,1.1_ros_callback_total,1.401
1657065619.430345,1.2_imu_integration,0.077
1657065619.430345,1.2_pointcloud_deskew,0.048
1657065619.430345,1.2_covariance_estimation,0.394
1657065619.430345,1.2_create_factors,0.016
1657065619.430345,1.2_smoother_update,14.607
1657065619.430345,1.3_gnss_injection,0.286
1657065619.430345,1.2_update_frames_calculate_estimate,0.040
1657065619.430345,1.2_update_frames_state_copy,0.014
1657065619.430345,1.2_update_frames_sigma_p,0.023
1657065619.430345,1.2_update_frames,0.100
1657065619.413377,2.1_gnss_araim,0.843
1657065619.430345,2.3_dynamic_al,0.000
1657065619.430345,2.3_state_machine,0.000
1657065619.430345,2.3_integrity_total,0.904
1657065619.430345,1.2_odom_insert_frame,17.337
1657065614.430448,1.4_sub_map_insert,1.815
1657065619.530378,1.1_pointcloud_extract,0.011
1657065619.530378,1.1_cloud_preprocess,1.294
1657065619.530378,1.1_ros_callback_total,1.377
1657065619.530378,1.2_imu_integration,0.090
1657065619.530378,1.2_pointcloud_deskew,0.039
1657065619.530378,1.2_covariance_estimation,0.503
1657065619.530378,1.2_create_factors,0.022
1657065619.530378,1.2_smoother_update,19.486
1657065619.530378,1.3_gnss_injection,0.411
1657065619.530378,1.2_update_frames_calculate_estimate,0.066
1657065619.530378,1.2_update_frames_state_copy,0.019
1657065619.530378,1.2_update_frames_sigma_p,0.030
1657065619.530378,1.2_update_frames,0.154
1657065619.513382,2.1_gnss_araim,0.682
1657065619.530378,2.3_dynamic_al,0.000
1657065619.530378,2.3_state_machine,0.000
1657065619.530378,2.3_integrity_total,0.730
1657065619.530378,1.2_odom_insert_frame,22.903
1657065614.530459,1.4_sub_map_insert,1.893
1657065619.630382,1.1_pointcloud_extract,0.012
1657065619.630382,1.1_cloud_preprocess,1.297
1657065619.630382,1.1_ros_callback_total,1.381
1657065619.630382,1.2_imu_integration,0.092
1657065619.630382,1.2_pointcloud_deskew,0.039
1657065619.630382,1.2_covariance_estimation,0.485
1657065619.630382,1.2_create_factors,0.021
1657065619.630382,1.2_smoother_update,19.869
1657065619.630382,1.3_gnss_injection,0.413
1657065619.630382,1.2_update_frames_calculate_estimate,0.076
1657065619.630382,1.2_update_frames_state_copy,0.019
1657065619.630382,1.2_update_frames_sigma_p,0.032
1657065619.630382,1.2_update_frames,0.170
1657065619.613375,2.1_gnss_araim,0.664
1657065619.630382,2.3_dynamic_al,0.000
1657065619.630382,2.3_state_machine,0.000
1657065619.630382,2.3_integrity_total,0.715
1657065619.630382,1.2_odom_insert_frame,23.325
1657065614.630469,1.4_sub_map_insert,1.539
1657065619.730400,1.1_pointcloud_extract,0.011
1657065619.730400,1.1_cloud_preprocess,1.320
1657065619.730400,1.1_ros_callback_total,1.407
1657065619.730400,1.2_imu_integration,0.089
1657065619.730400,1.2_pointcloud_deskew,0.038
1657065619.730400,1.2_covariance_estimation,0.503
1657065619.730400,1.2_create_factors,0.021
1657065619.730400,1.2_smoother_update,19.957
1657065619.730400,1.3_gnss_injection,0.406
1657065619.730400,1.2_update_frames_calculate_estimate,0.069
1657065619.730400,1.2_update_frames_state_copy,0.020
1657065619.730400,1.2_update_frames_sigma_p,0.030
1657065619.730400,1.2_update_frames,0.158
1657065619.713430,2.1_gnss_araim,0.818
1657065619.730400,2.3_dynamic_al,0.000
1657065619.730400,2.3_state_machine,0.000
1657065619.730400,2.3_integrity_total,0.877
1657065619.730400,1.2_odom_insert_frame,23.512
1657065614.730416,1.4_sub_map_insert,1.558
1657065619.830424,1.1_pointcloud_extract,0.011
1657065619.830424,1.1_cloud_preprocess,1.289
1657065619.830424,1.1_ros_callback_total,1.359
1657065619.830424,1.2_imu_integration,0.090
1657065619.830424,1.2_pointcloud_deskew,0.038
1657065619.830424,1.2_covariance_estimation,0.487
1657065619.830424,1.2_create_factors,0.026
1657065619.830424,1.2_smoother_update,2.424
1657065619.830424,1.3_gnss_injection,0.379
1657065619.830424,1.2_update_frames_calculate_estimate,0.062
1657065619.830424,1.2_update_frames_state_copy,0.017
1657065619.830424,1.2_update_frames_sigma_p,0.059
1657065619.830424,1.2_update_frames,0.174
1657065619.813410,2.1_gnss_araim,0.757
1657065619.830424,2.3_dynamic_al,0.000
1657065619.830424,2.3_state_machine,0.000
1657065619.830424,2.3_integrity_total,0.804
1657065619.830424,1.2_odom_insert_frame,5.886
1657065614.830413,1.4_sub_map_insert,2.723
1657065619.930403,1.1_pointcloud_extract,0.011
1657065619.930403,1.1_cloud_preprocess,1.285
1657065619.930403,1.1_ros_callback_total,1.347
1657065619.930403,1.2_imu_integration,0.090
1657065619.930403,1.2_pointcloud_deskew,0.039
1657065619.930403,1.2_covariance_estimation,0.483
1657065619.930403,1.2_create_factors,0.020
1657065619.930403,1.2_smoother_update,19.829
1657065619.930403,1.3_gnss_injection,0.404
1657065619.930403,1.2_update_frames_calculate_estimate,0.067
1657065619.930403,1.2_update_frames_state_copy,0.020
1657065619.930403,1.2_update_frames_sigma_p,0.030
1657065619.930403,1.2_update_frames,0.158
1657065619.913405,2.1_gnss_araim,0.846
1657065619.930403,2.3_dynamic_al,0.000
1657065619.930403,2.3_state_machine,0.000
1657065619.930403,2.3_integrity_total,0.930
1657065619.930403,1.2_odom_insert_frame,23.442
1657065620.030397,1.1_pointcloud_extract,0.009
1657065620.030397,1.1_cloud_preprocess,1.190
1657065620.030397,1.1_ros_callback_total,1.244
1657065620.030397,1.2_imu_integration,0.090
1657065620.030397,1.2_pointcloud_deskew,0.041
1657065620.030397,1.2_covariance_estimation,0.595
1657065620.030397,1.2_create_factors,0.022
1657065620.030397,1.2_smoother_update,1.989
1657065620.030397,1.3_gnss_injection,0.386
1657065620.030397,1.2_update_frames_calculate_estimate,0.064
1657065620.030397,1.2_update_frames_state_copy,0.016
1657065620.030397,1.2_update_frames_sigma_p,0.037
1657065620.030397,1.2_update_frames,0.151
1657065620.012419,2.1_gnss_araim,0.619
1657065620.030397,2.3_dynamic_al,0.000
1657065620.030397,2.3_state_machine,0.000
1657065620.030397,2.3_integrity_total,0.667
1657065620.030397,1.2_odom_insert_frame,5.343
1657065615.030433,1.4_sub_map_insert,2.787
1657065620.130398,1.1_pointcloud_extract,0.013
1657065620.130398,1.1_cloud_preprocess,1.301
1657065620.130398,1.1_ros_callback_total,1.393
1657065620.130398,1.2_imu_integration,0.090
1657065620.130398,1.2_pointcloud_deskew,0.041
1657065620.130398,1.2_covariance_estimation,0.502
1657065620.130398,1.2_create_factors,0.019
1657065620.130398,1.2_smoother_update,2.394
1657065620.130398,1.3_gnss_injection,0.385
1657065620.130398,1.2_update_frames_calculate_estimate,0.065
1657065620.130398,1.2_update_frames_state_copy,0.017
1657065620.130398,1.2_update_frames_sigma_p,0.044
1657065620.130398,1.2_update_frames,0.164
1657065620.113416,2.1_gnss_araim,0.764
1657065620.130398,2.3_dynamic_al,0.000
1657065620.130398,2.3_state_machine,0.000
1657065620.130398,2.3_integrity_total,0.829
1657065620.130398,1.2_odom_insert_frame,5.884
1657065615.230384,1.4_sub_map_insert,1.511
