{
  "allowed_prefixes": [
    "/home/dev/ws_iap/src/iap/results/icra27/icra032/install",
    "/home/dev/ws_iap/src/iap/results/icra27/icra032/install_ego",
    "/home/dev/ws_iap/src/iap/results/icra27/icra026/install_bspline_opt",
    "/home/dev/ws_iap/src/iap/results/icra27/icra026/install_path_searching",
    "/home/dev/ws_iap/src/iap/results/icra27/icra026/install_plan_env"
  ],
  "expected_iap": "/home/dev/ws_iap/src/iap/results/icra27/icra032/install/lib/libiap.so",
  "expected_plan_env": "/home/dev/ws_iap/src/iap/results/icra27/icra026/install_plan_env/lib/libplan_env.so",
  "failures": [],
  "iap_total": 6,
  "plan_env_total": 1,
  "ready": true,
  "records": {
    "ldd_test_p0_occupancy_epoch_adapter.log": [
      {
        "library": "linux-vdso.so.1",
        "line": "\tlinux-vdso.so.1 (0x000075aaf0c3e000)",
        "path": ""
      },
      {
        "library": "libiap.so",
        "line": "\tlibiap.so => /home/dev/ws_iap/src/iap/results/icra27/icra032/install/lib/libiap.so (0x000075aaf0200000)",
        "path": "/home/dev/ws_iap/src/iap/results/icra27/icra032/install/lib/libiap.so"
      },
      {
        "library": "libstdc++.so.6",
        "line": "\tlibstdc++.so.6 => /usr/lib/x86_64-linux-gnu/libstdc++.so.6 (0x000075aaeff82000)",
        "path": "/usr/lib/x86_64-linux-gnu/libstdc++.so.6.0.33"
      },
      {
        "library": "libm.so.6",
        "line": "\tlibm.so.6 => /usr/lib/x86_64-linux-gnu/libm.so.6 (0x000075aaf0aac000)",
        "path": "/usr/lib/x86_64-linux-gnu/libm.so.6"
      },
      {
        "library": "libgcc_s.so.1",
        "line": "\tlibgcc_s.so.1 => /usr/lib/x86_64-linux-gnu/libgcc_s.so.1 (0x000075aaf0a7e000)",
        "path": "/usr/lib/x86_64-linux-gnu/libgcc_s.so.1"
      },
      {
        "library": "libc.so.6",
        "line": "\tlibc.so.6 => /usr/lib/x86_64-linux-gnu/libc.so.6 (0x000075aaefd70000)",
        "path": "/usr/lib/x86_64-linux-gnu/libc.so.6"
      },
      {
        "library": "libgtsam_points.so.1",
        "line": "\tlibgtsam_points.so.1 => /usr/local/lib/libgtsam_points.so.1 (0x000075aaefa7d000)",
        "path": "/usr/local/lib/libgtsam_points.so.1.2.1"
      },
      {
        "library": "libspdlog.so.1.12",
        "line": "\tlibspdlog.so.1.12 => /usr/lib/x86_64-linux-gnu/libspdlog.so.1.12 (0x000075aaef9f6000)",
        "path": "/usr/lib/x86_64-linux-gnu/libspdlog.so.1.12.0"
      },
      {
        "library": "libopencv_core.so.406",
        "line": "\tlibopencv_core.so.406 => /usr/lib/x86_64-linux-gnu/libopencv_core.so.406 (0x000075aaef682000)",
        "path": "/usr/lib/x86_64-linux-gnu/libopencv_core.so.4.6.0"
      },
      {
        "library": "libgnss_comm_lib.so",
        "line": "\tlibgnss_comm_lib.so => /home/dev/ws_iap/install/gnss_comm/lib/libgnss_comm_lib.so (0x000075aaef200000)",
        "path": "/home/dev/ws_iap/install/gnss_comm/lib/libgnss_comm_lib.so"
      },
      {
        "library": "libgtsam_points_cuda.so.1",
        "line": "\tlibgtsam_points_cuda.so.1 => /usr/local/lib/libgtsam_points_cuda.so.1 (0x000075aaeeee9000)",
        "path": "/usr/local/lib/libgtsam_points_cuda.so.1.2.1"
      },
      {
        "library": "libgomp.so.1",
        "line": "\tlibgomp.so.1 => /usr/lib/x86_64-linux-gnu/libgomp.so.1 (0x000075aaf0a26000)",
        "path": "/usr/lib/x86_64-linux-gnu/libgomp.so.1.0.0"
      },
      {
        "library": "libgtsam.so.4",
        "line": "\tlibgtsam.so.4 => /usr/lib/x86_64-linux-gnu/libgtsam.so.4 (0x000075aaee9ec000)",
        "path": "/usr/lib/x86_64-linux-gnu/libgtsam.so.4.3a0"
      },
      {
        "library": "libboost_serialization.so.1.83.0",
        "line": "\tlibboost_serialization.so.1.83.0 => /usr/lib/x86_64-linux-gnu/libboost_serialization.so.1.83.0 (0x000075aaef63f000)",
        "path": "/usr/lib/x86_64-linux-gnu/libboost_serialization.so.1.83.0"
      },
      {
        "library": "libboost_filesystem.so.1.83.0",
        "line": "\tlibboost_filesystem.so.1.83.0 => /usr/lib/x86_64-linux-gnu/libboost_filesystem.so.1.83.0 (0x000075aaef61c000)",
        "path": "/usr/lib/x86_64-linux-gnu/libboost_filesystem.so.1.83.0"
      },
      {
        "library": "libcephes-gtsam.so.1",
        "line": "\tlibcephes-gtsam.so.1 => /usr/lib/x86_64-linux-gnu/libcephes-gtsam.so.1 (0x000075aaef5ea000)",
        "path": "/usr/lib/x86_64-linux-gnu/libcephes-gtsam.so.1.0.0"
      },
      {
        "library": "libfmt.so.9",
        "line": "\tlibfmt.so.9 => /usr/lib/x86_64-linux-gnu/libfmt.so.9 (0x000075aaef5c9000)",
        "path": "/usr/lib/x86_64-linux-gnu/libfmt.so.9.1.0"
      },
      {
        "library": "/lib64/ld-linux-x86-64.so.2",
        "line": "\t/lib64/ld-linux-x86-64.so.2 (0x000075aaf0c40000)",
        "path": ""
      },
      {
        "library": "libboost_timer.so.1.83.0",
        "line": "\tlibboost_timer.so.1.83.0 => /usr/lib/x86_64-linux-gnu/libboost_timer.so.1.83.0 (0x000075aaf0a1d000)",
        "path": "/usr/lib/x86_64-linux-gnu/libboost_timer.so.1.83.0"
      },
      {
        "library": "libz.so.1",
        "line": "\tlibz.so.1 => /usr/lib/x86_64-linux-gnu/libz.so.1 (0x000075aaef5ad000)",
        "path": "/usr/lib/x86_64-linux-gnu/libz.so.1.3"
      },
      {
        "library": "libGLX.so.0",
        "line": "\tlibGLX.so.0 => /usr/lib/x86_64-linux-gnu/libGLX.so.0 (0x000075aaef57a000)",
        "path": "/usr/lib/x86_64-linux-gnu/libGLX.so.0.0.0"
      },
      {
        "library": "liblapack.so.3",
        "line": "\tliblapack.so.3 => /usr/lib/x86_64-linux-gnu/liblapack.so.3 (0x000075aaee2fc000)",
        "path": "/usr/lib/x86_64-linux-gnu/lapack/liblapack.so.3.12.0"
      },
      {
        "library": "libblas.so.3",
        "line": "\tlibblas.so.3 => /usr/lib/x86_64-linux-gnu/libblas.so.3 (0x000075aaee255000)",
        "path": "/usr/lib/x86_64-linux-gnu/blas/libblas.so.3.12.0"
      },
      {
        "library": "libtbb.so.12",
        "line": "\tlibtbb.so.12 => /usr/lib/x86_64-linux-gnu/libtbb.so.12 (0x000075aaef526000)",
        "path": "/usr/lib/x86_64-linux-gnu/libtbb.so.12.11"
      },
      {
        "library": "libglog.so.1",
        "line": "\tlibglog.so.1 => /usr/lib/x86_64-linux-gnu/libglog.so.1 (0x000075aaee21f000)",
        "path": "/usr/lib/x86_64-linux-gnu/libglog.so.0.6.0"
      },
      {
        "library": "libcudart.so.12",
        "line": "\tlibcudart.so.12 => /usr/local/cuda/targets/x86_64-linux/lib/libcudart.so.12 (0x000075aaede00000)",
        "path": "/usr/local/cuda-12.5/targets/x86_64-linux/lib/libcudart.so.12.5.82"
      },
      {
        "library": "libmetis.so.5",
        "line": "\tlibmetis.so.5 => /usr/lib/x86_64-linux-gnu/libmetis.so.5 (0x000075aaee1b3000)",
        "path": "/usr/lib/x86_64-linux-gnu/libmetis.so.5.1.0"
      },
      {
        "library": "libGLdispatch.so.0",
        "line": "\tlibGLdispatch.so.0 => /usr/lib/x86_64-linux-gnu/libGLdispatch.so.0 (0x000075aaee0fb000)",
        "path": "/usr/lib/x86_64-linux-gnu/libGLdispatch.so.0.0.0"
      },
      {
        "library": "libX11.so.6",
        "line": "\tlibX11.so.6 => /usr/lib/x86_64-linux-gnu/libX11.so.6 (0x000075aaedcc3000)",
        "path": "/usr/lib/x86_64-linux-gnu/libX11.so.6.4.0"
      },
      {
        "library": "libgfortran.so.5",
        "line": "\tlibgfortran.so.5 => /usr/lib/x86_64-linux-gnu/libgfortran.so.5 (0x000075aaed9a5000)",
        "path": "/usr/lib/x86_64-linux-gnu/libgfortran.so.5.0.0"
      },
      {
        "library": "libgflags.so.2.2",
        "line": "\tlibgflags.so.2.2 => /usr/lib/x86_64-linux-gnu/libgflags.so.2.2 (0x000075aaee0da000)",
        "path": "/usr/lib/x86_64-linux-gnu/libgflags.so.2.2.2"
      },
      {
        "library": "libunwind.so.8",
        "line": "\tlibunwind.so.8 => /usr/lib/x86_64-linux-gnu/libunwind.so.8 (0x000075aaee0bd000)",
        "path": "/usr/lib/x86_64-linux-gnu/libunwind.so.8.0.1"
      },
      {
        "library": "libdl.so.2",
        "line": "\tlibdl.so.2 => /usr/lib/x86_64-linux-gnu/libdl.so.2 (0x000075aaee0b8000)",
        "path": "/usr/lib/x86_64-linux-gnu/libdl.so.2"
      },
      {
        "library": "libpthread.so.0",
        "line": "\tlibpthread.so.0 => /usr/lib/x86_64-linux-gnu/libpthread.so.0 (0x000075aaee0b3000)",
        "path": "/usr/lib/x86_64-linux-gnu/libpthread.so.0"
      },
      {
        "library": "librt.so.1",
        "line": "\tlibrt.so.1 => /usr/lib/x86_64-linux-gnu/librt.so.1 (0x000075aaed9a0000)",
        "path": "/usr/lib/x86_64-linux-gnu/librt.so.1"
      },
      {
        "library": "libxcb.so.1",
        "line": "\tlibxcb.so.1 => /usr/lib/x86_64-linux-gnu/libxcb.so.1 (0x000075aaed977000)",
        "path": "/usr/lib/x86_64-linux-gnu/libxcb.so.1.1.0"
      },
      {
        "library": "liblzma.so.5",
        "line": "\tliblzma.so.5 => /usr/lib/x86_64-linux-gnu/liblzma.so.5 (0x000075aaed945000)",
        "path": "/usr/lib/x86_64-linux-gnu/liblzma.so.5.4.5"
      },
      {
        "library": "libXau.so.6",
        "line": "\tlibXau.so.6 => /usr/lib/x86_64-linux-gnu/libXau.so.6 (0x000075aaed93f000)",
        "path": "/usr/lib/x86_64-linux-gnu/libXau.so.6.0.0"
      },
      {
        "library": "libXdmcp.so.6",
        "line": "\tlibXdmcp.so.6 => /usr/lib/x86_64-linux-gnu/libXdmcp.so.6 (0x000075aaed937000)",
        "path": "/usr/lib/x86_64-linux-gnu/libXdmcp.so.6.0.0"
      },
      {
        "library": "libbsd.so.0",
        "line": "\tlibbsd.so.0 => /usr/lib/x86_64-linux-gnu/libbsd.so.0 (0x000075aaed921000)",
        "path": "/usr/lib/x86_64-linux-gnu/libbsd.so.0.12.1"
      },
      {
        "library": "libmd.so.0",
        "line": "\tlibmd.so.0 => /usr/lib/x86_64-linux-gnu/libmd.so.0 (0x000075aaed912000)",
        "path": "/usr/lib/x86_64-linux-gnu/libmd.so.0.1.0"
      }
    ],
    "ldd_test_p0_risk_grid_runtime.log": [
      {
        "library": "linux-vdso.so.1",
        "line": "\tlinux-vdso.so.1 (0x000074ae8bc33000)",
        "path": ""
      },
      {
        "library": "librclcpp.so",
        "line": "\tlibrclcpp.so => /opt/ros/jazzy/lib/librclcpp.so (0x000074ae8b3a2000)",
        "path": "/opt/ros/jazzy/lib/librclcpp.so"
      },
      {
        "library": "libnav_msgs__rosidl_typesupport_cpp.so",
        "line": "\tlibnav_msgs__rosidl_typesupport_cpp.so => /opt/ros/jazzy/lib/libnav_msgs__rosidl_typesupport_cpp.so (0x000074ae8bc1e000)",
        "path": "/opt/ros/jazzy/lib/libnav_msgs__rosidl_typesupport_cpp.so"
      },
      {
        "library": "libvisualization_msgs__rosidl_typesupport_cpp.so",
        "line": "\tlibvisualization_msgs__rosidl_typesupport_cpp.so => /opt/ros/jazzy/lib/libvisualization_msgs__rosidl_typesupport_cpp.so (0x000074ae8bc10000)",
        "path": "/opt/ros/jazzy/lib/libvisualization_msgs__rosidl_typesupport_cpp.so"
      },
      {
        "library": "libiap.so",
        "line": "\tlibiap.so => /home/dev/ws_iap/src/iap/results/icra27/icra032/install/lib/libiap.so (0x000074ae8aa00000)",
        "path": "/home/dev/ws_iap/src/iap/results/icra27/icra032/install/lib/libiap.so"
      },
      {
        "library": "libiap__rosidl_typesupport_cpp.so",
        "line": "\tlibiap__rosidl_typesupport_cpp.so => /home/dev/ws_iap/src/iap/results/icra27/icra032/install/lib/libiap__rosidl_typesupport_cpp.so (0x000074ae8bc0a000)",
        "path": "/home/dev/ws_iap/src/iap/results/icra27/icra032/install/lib/libiap__rosidl_typesupport_cpp.so"
      },
      {
        "library": "liblibstatistics_collector.so",
        "line": "\tliblibstatistics_collector.so => /opt/ros/jazzy/lib/liblibstatistics_collector.so (0x000074ae8bc02000)",
        "path": "/opt/ros/jazzy/lib/liblibstatistics_collector.so"
      },
      {
        "library": "librcl.so",
        "line": "\tlibrcl.so => /opt/ros/jazzy/lib/librcl.so (0x000074ae8bbbb000)",
        "path": "/opt/ros/jazzy/lib/librcl.so"
      },
      {
        "library": "libstatistics_msgs__rosidl_typesupport_cpp.so",
        "line": "\tlibstatistics_msgs__rosidl_typesupport_cpp.so => /opt/ros/jazzy/lib/libstatistics_msgs__rosidl_typesupport_cpp.so (0x000074ae8bbb3000)",
        "path": "/opt/ros/jazzy/lib/libstatistics_msgs__rosidl_typesupport_cpp.so"
      },
      {
        "library": "libtracetools.so",
        "line": "\tlibtracetools.so => /opt/ros/jazzy/lib/libtracetools.so (0x000074ae8bb99000)",
        "path": "/opt/ros/jazzy/lib/libtracetools.so"
      },
      {
        "library": "libsensor_msgs__rosidl_typesupport_cpp.so",
        "line": "\tlibsensor_msgs__rosidl_typesupport_cpp.so => /opt/ros/jazzy/lib/libsensor_msgs__rosidl_typesupport_cpp.so (0x000074ae8bb8a000)",
        "path": "/opt/ros/jazzy/lib/libsensor_msgs__rosidl_typesupport_cpp.so"
      },
      {
        "library": "librmw.so",
        "line": "\tlibrmw.so => /opt/ros/jazzy/lib/librmw.so (0x000074ae8bb7f000)",
        "path": "/opt/ros/jazzy/lib/librmw.so"
      },
      {
        "library": "libgnss_comm_lib.so",
        "line": "\tlibgnss_comm_lib.so => /home/dev/ws_iap/install/gnss_comm/lib/libgnss_comm_lib.so (0x000074ae8a600000)",
        "path": "/home/dev/ws_iap/install/gnss_comm/lib/libgnss_comm_lib.so"
      },
      {
        "library": "libgnss_comm__rosidl_typesupport_cpp.so",
        "line": "\tlibgnss_comm__rosidl_typesupport_cpp.so => /home/dev/ws_iap/install/gnss_comm/lib/libgnss_comm__rosidl_typesupport_cpp.so (0x000074ae8bb71000)",
        "path": "/home/dev/ws_iap/install/gnss_comm/lib/libgnss_comm__rosidl_typesupport_cpp.so"
      },
      {
        "library": "libstd_msgs__rosidl_typesupport_cpp.so",
        "line": "\tlibstd_msgs__rosidl_typesupport_cpp.so => /opt/ros/jazzy/lib/libstd_msgs__rosidl_typesupport_cpp.so (0x000074ae8bb65000)",
        "path": "/opt/ros/jazzy/lib/libstd_msgs__rosidl_typesupport_cpp.so"
      },
      {
        "library": "librcutils.so",
        "line": "\tlibrcutils.so => /opt/ros/jazzy/lib/librcutils.so (0x000074ae8bb45000)",
        "path": "/opt/ros/jazzy/lib/librcutils.so"
      },
      {
        "library": "libstdc++.so.6",
        "line": "\tlibstdc++.so.6 => /usr/lib/x86_64-linux-gnu/libstdc++.so.6 (0x000074ae8a382000)",
        "path": "/usr/lib/x86_64-linux-gnu/libstdc++.so.6.0.33"
      },
      {
        "library": "libm.so.6",
        "line": "\tlibm.so.6 => /usr/lib/x86_64-linux-gnu/libm.so.6 (0x000074ae8b2b9000)",
        "path": "/usr/lib/x86_64-linux-gnu/libm.so.6"
      },
      {
        "library": "libgcc_s.so.1",
        "line": "\tlibgcc_s.so.1 => /usr/lib/x86_64-linux-gnu/libgcc_s.so.1 (0x000074ae8baf7000)",
        "path": "/usr/lib/x86_64-linux-gnu/libgcc_s.so.1"
      },
      {
        "library": "libc.so.6",
        "line": "\tlibc.so.6 => /usr/lib/x86_64-linux-gnu/libc.so.6 (0x000074ae8a170000)",
        "path": "/usr/lib/x86_64-linux-gnu/libc.so.6"
      },
      {
        "library": "librcl_interfaces__rosidl_typesupport_cpp.so",
        "line": "\tlibrcl_interfaces__rosidl_typesupport_cpp.so => /opt/ros/jazzy/lib/librcl_interfaces__rosidl_typesupport_cpp.so (0x000074ae8badc000)",
        "path": "/opt/ros/jazzy/lib/librcl_interfaces__rosidl_typesupport_cpp.so"
      },
      {
        "library": "librcl_yaml_param_parser.so",
        "line": "\tlibrcl_yaml_param_parser.so => /opt/ros/jazzy/lib/librcl_yaml_param_parser.so (0x000074ae8bad0000)",
        "path": "/opt/ros/jazzy/lib/librcl_yaml_param_parser.so"
      },
      {
        "library": "librosgraph_msgs__rosidl_typesupport_cpp.so",
        "line": "\tlibrosgraph_msgs__rosidl_typesupport_cpp.so => /opt/ros/jazzy/lib/librosgraph_msgs__rosidl_typesupport_cpp.so (0x000074ae8bacb000)",
        "path": "/opt/ros/jazzy/lib/librosgraph_msgs__rosidl_typesupport_cpp.so"
      },
      {
        "library": "librcl_logging_interface.so",
        "line": "\tlibrcl_logging_interface.so => /opt/ros/jazzy/lib/librcl_logging_interface.so (0x000074ae8bac6000)",
        "path": "/opt/ros/jazzy/lib/librcl_logging_interface.so"
      },
      {
        "library": "librmw_implementation.so",
        "line": "\tlibrmw_implementation.so => /opt/ros/jazzy/lib/librmw_implementation.so (0x000074ae8bab7000)",
        "path": "/opt/ros/jazzy/lib/librmw_implementation.so"
      },
      {
        "library": "libament_index_cpp.so",
        "line": "\tlibament_index_cpp.so => /opt/ros/jazzy/lib/libament_index_cpp.so (0x000074ae8baab000)",
        "path": "/opt/ros/jazzy/lib/libament_index_cpp.so"
      },
      {
        "library": "libtype_description_interfaces__rosidl_typesupport_c.so",
        "line": "\tlibtype_description_interfaces__rosidl_typesupport_c.so => /opt/ros/jazzy/lib/libtype_description_interfaces__rosidl_typesupport_c.so (0x000074ae8baa4000)",
        "path": "/opt/ros/jazzy/lib/libtype_description_interfaces__rosidl_typesupport_c.so"
      },
      {
        "library": "librosidl_dynamic_typesupport.so",
        "line": "\tlibrosidl_dynamic_typesupport.so => /opt/ros/jazzy/lib/librosidl_dynamic_typesupport.so (0x000074ae8b2a0000)",
        "path": "/opt/ros/jazzy/lib/librosidl_dynamic_typesupport.so"
      },
      {
        "library": "librosidl_typesupport_introspection_cpp.so",
        "line": "\tlibrosidl_typesupport_introspection_cpp.so => /opt/ros/jazzy/lib/librosidl_typesupport_introspection_cpp.so (0x000074ae8ba9f000)",
        "path": "/opt/ros/jazzy/lib/librosidl_typesupport_introspection_cpp.so"
      },
      {
        "library": "librcpputils.so",
        "line": "\tlibrcpputils.so => /opt/ros/jazzy/lib/librcpputils.so (0x000074ae8b291000)",
        "path": "/opt/ros/jazzy/lib/librcpputils.so"
      },
      {
        "library": "librosidl_runtime_c.so",
        "line": "\tlibrosidl_runtime_c.so => /opt/ros/jazzy/lib/librosidl_runtime_c.so (0x000074ae8b272000)",
        "path": "/opt/ros/jazzy/lib/librosidl_runtime_c.so"
      },
      {
        "library": "/lib64/ld-linux-x86-64.so.2",
        "line": "\t/lib64/ld-linux-x86-64.so.2 (0x000074ae8bc35000)",
        "path": ""
      },
      {
        "library": "libnav_msgs__rosidl_generator_c.so",
        "line": "\tlibnav_msgs__rosidl_generator_c.so => /opt/ros/jazzy/lib/libnav_msgs__rosidl_generator_c.so (0x000074ae8b23f000)",
        "path": "/opt/ros/jazzy/lib/libnav_msgs__rosidl_generator_c.so"
      },
      {
        "library": "librosidl_typesupport_cpp.so",
        "line": "\tlibrosidl_typesupport_cpp.so => /opt/ros/jazzy/lib/librosidl_typesupport_cpp.so (0x000074ae8ba97000)",
        "path": "/opt/ros/jazzy/lib/librosidl_typesupport_cpp.so"
      },
      {
        "library": "libvisualization_msgs__rosidl_generator_c.so",
        "line": "\tlibvisualization_msgs__rosidl_generator_c.so => /opt/ros/jazzy/lib/libvisualization_msgs__rosidl_generator_c.so (0x000074ae8a9cc000)",
        "path": "/opt/ros/jazzy/lib/libvisualization_msgs__rosidl_generator_c.so"
      },
      {
        "library": "libgtsam_points.so.1",
        "line": "\tlibgtsam_points.so.1 => /usr/local/lib/libgtsam_points.so.1 (0x000074ae89e7d000)",
        "path": "/usr/local/lib/libgtsam_points.so.1.2.1"
      },
      {
        "library": "libspdlog.so.1.12",
        "line": "\tlibspdlog.so.1.12 => /usr/lib/x86_64-linux-gnu/libspdlog.so.1.12 (0x000074ae8a945000)",
        "path": "/usr/lib/x86_64-linux-gnu/libspdlog.so.1.12.0"
      },
      {
        "library": "libopencv_core.so.406",
        "line": "\tlibopencv_core.so.406 => /usr/lib/x86_64-linux-gnu/libopencv_core.so.406 (0x000074ae89b09000)",
        "path": "/usr/lib/x86_64-linux-gnu/libopencv_core.so.4.6.0"
      },
      {
        "library": "libgtsam_points_cuda.so.1",
        "line": "\tlibgtsam_points_cuda.so.1 => /usr/local/lib/libgtsam_points_cuda.so.1 (0x000074ae897f2000)",
        "path": "/usr/local/lib/libgtsam_points_cuda.so.1.2.1"
      },
      {
        "library": "libgomp.so.1",
        "line": "\tlibgomp.so.1 => /usr/lib/x86_64-linux-gnu/libgomp.so.1 (0x000074ae8979c000)",
        "path": "/usr/lib/x86_64-linux-gnu/libgomp.so.1.0.0"
      },
      {
        "library": "libgtsam.so.4",
        "line": "\tlibgtsam.so.4 => /usr/lib/x86_64-linux-gnu/libgtsam.so.4 (0x000074ae8929f000)",
        "path": "/usr/lib/x86_64-linux-gnu/libgtsam.so.4.3a0"
      },
      {
        "library": "libboost_serialization.so.1.83.0",
        "line": "\tlibboost_serialization.so.1.83.0 => /usr/lib/x86_64-linux-gnu/libboost_serialization.so.1.83.0 (0x000074ae8925c000)",
        "path": "/usr/lib/x86_64-linux-gnu/libboost_serialization.so.1.83.0"
      },
      {
        "library": "libboost_filesystem.so.1.83.0",
        "line": "\tlibboost_filesystem.so.1.83.0 => /usr/lib/x86_64-linux-gnu/libboost_filesystem.so.1.83.0 (0x000074ae89239000)",
        "path": "/usr/lib/x86_64-linux-gnu/libboost_filesystem.so.1.83.0"
      },
      {
        "library": "libcephes-gtsam.so.1",
        "line": "\tlibcephes-gtsam.so.1 => /usr/lib/x86_64-linux-gnu/libcephes-gtsam.so.1 (0x000074ae89207000)",
        "path": "/usr/lib/x86_64-linux-gnu/libcephes-gtsam.so.1.0.0"
      },
      {
        "library": "libfmt.so.9",
        "line": "\tlibfmt.so.9 => /usr/lib/x86_64-linux-gnu/libfmt.so.9 (0x000074ae891e6000)",
        "path": "/usr/lib/x86_64-linux-gnu/libfmt.so.9.1.0"
      },
      {
        "library": "libiap__rosidl_generator_c.so",
        "line": "\tlibiap__rosidl_generator_c.so => /home/dev/ws_iap/src/iap/results/icra27/icra032/install/lib/libiap__rosidl_generator_c.so (0x000074ae8b22d000)",
        "path": "/home/dev/ws_iap/src/iap/results/icra27/icra032/install/lib/libiap__rosidl_generator_c.so"
      },
      {
        "library": "librcl_logging_spdlog.so",
        "line": "\tlibrcl_logging_spdlog.so => /opt/ros/jazzy/lib/librcl_logging_spdlog.so (0x000074ae8b221000)",
        "path": "/opt/ros/jazzy/lib/librcl_logging_spdlog.so"
      },
      {
        "library": "librcl_interfaces__rosidl_typesupport_c.so",
        "line": "\tlibrcl_interfaces__rosidl_typesupport_c.so => /opt/ros/jazzy/lib/librcl_interfaces__rosidl_typesupport_c.so (0x000074ae8a935000)",
        "path": "/opt/ros/jazzy/lib/librcl_interfaces__rosidl_typesupport_c.so"
      },
      {
        "library": "libtype_description_interfaces__rosidl_generator_c.so",
        "line": "\tlibtype_description_interfaces__rosidl_generator_c.so => /opt/ros/jazzy/lib/libtype_description_interfaces__rosidl_generator_c.so (0x000074ae891ce000)",
        "path": "/opt/ros/jazzy/lib/libtype_description_interfaces__rosidl_generator_c.so"
      },
      {
        "library": "libyaml-0.so.2",
        "line": "\tlibyaml-0.so.2 => /usr/lib/x86_64-linux-gnu/libyaml-0.so.2 (0x000074ae891ad000)",
        "path": "/usr/lib/x86_64-linux-gnu/libyaml-0.so.2.0.9"
      },
      {
        "library": "libstatistics_msgs__rosidl_generator_c.so",
        "line": "\tlibstatistics_msgs__rosidl_generator_c.so => /opt/ros/jazzy/lib/libstatistics_msgs__rosidl_generator_c.so (0x000074ae8a92c000)",
        "path": "/opt/ros/jazzy/lib/libstatistics_msgs__rosidl_generator_c.so"
      },
      {
        "library": "liblttng-ust.so.1",
        "line": "\tliblttng-ust.so.1 => /usr/lib/x86_64-linux-gnu/liblttng-ust.so.1 (0x000074ae8912a000)",
        "path": "/usr/lib/x86_64-linux-gnu/liblttng-ust.so.1.0.0"
      },
      {
        "library": "libsensor_msgs__rosidl_generator_c.so",
        "line": "\tlibsensor_msgs__rosidl_generator_c.so => /opt/ros/jazzy/lib/libsensor_msgs__rosidl_generator_c.so (0x000074ae890e6000)",
        "path": "/opt/ros/jazzy/lib/libsensor_msgs__rosidl_generator_c.so"
      },
      {
        "library": "libglog.so.1",
        "line": "\tlibglog.so.1 => /usr/lib/x86_64-linux-gnu/libglog.so.1 (0x000074ae890b0000)",
        "path": "/usr/lib/x86_64-linux-gnu/libglog.so.0.6.0"
      },
      {
        "library": "libgnss_comm__rosidl_generator_c.so",
        "line": "\tlibgnss_comm__rosidl_generator_c.so => /home/dev/ws_iap/install/gnss_comm/lib/libgnss_comm__rosidl_generator_c.so (0x000074ae89077000)",
        "path": "/home/dev/ws_iap/install/gnss_comm/lib/libgnss_comm__rosidl_generator_c.so"
      },
      {
        "library": "libstd_msgs__rosidl_generator_c.so",
        "line": "\tlibstd_msgs__rosidl_generator_c.so => /opt/ros/jazzy/lib/libstd_msgs__rosidl_generator_c.so (0x000074ae89046000)",
        "path": "/opt/ros/jazzy/lib/libstd_msgs__rosidl_generator_c.so"
      },
      {
        "library": "librcl_interfaces__rosidl_generator_c.so",
        "line": "\tlibrcl_interfaces__rosidl_generator_c.so => /opt/ros/jazzy/lib/librcl_interfaces__rosidl_generator_c.so (0x000074ae88ff8000)",
        "path": "/opt/ros/jazzy/lib/librcl_interfaces__rosidl_generator_c.so"
      },
      {
        "library": "librosgraph_msgs__rosidl_generator_c.so",
        "line": "\tlibrosgraph_msgs__rosidl_generator_c.so => /opt/ros/jazzy/lib/librosgraph_msgs__rosidl_generator_c.so (0x000074ae8a927000)",
        "path": "/opt/ros/jazzy/lib/librosgraph_msgs__rosidl_generator_c.so"
      },
      {
        "library": "librosidl_typesupport_c.so",
        "line": "\tlibrosidl_typesupport_c.so => /opt/ros/jazzy/lib/librosidl_typesupport_c.so (0x000074ae88ff2000)",
        "path": "/opt/ros/jazzy/lib/librosidl_typesupport_c.so"
      },
      {
        "library": "libgeometry_msgs__rosidl_generator_c.so",
        "line": "\tlibgeometry_msgs__rosidl_generator_c.so => /opt/ros/jazzy/lib/libgeometry_msgs__rosidl_generator_c.so (0x000074ae88fb4000)",
        "path": "/opt/ros/jazzy/lib/libgeometry_msgs__rosidl_generator_c.so"
      },
      {
        "library": "libservice_msgs__rosidl_generator_c.so",
        "line": "\tlibservice_msgs__rosidl_generator_c.so => /opt/ros/jazzy/lib/libservice_msgs__rosidl_generator_c.so (0x000074ae88faf000)",
        "path": "/opt/ros/jazzy/lib/libservice_msgs__rosidl_generator_c.so"
      },
      {
        "library": "libbuiltin_interfaces__rosidl_generator_c.so",
        "line": "\tlibbuiltin_interfaces__rosidl_generator_c.so => /opt/ros/jazzy/lib/libbuiltin_interfaces__rosidl_generator_c.so (0x000074ae88fa8000)",
        "path": "/opt/ros/jazzy/lib/libbuiltin_interfaces__rosidl_generator_c.so"
      },
      {
        "library": "libboost_timer.so.1.83.0",
        "line": "\tlibboost_timer.so.1.83.0 => /usr/lib/x86_64-linux-gnu/libboost_timer.so.1.83.0 (0x000074ae88fa1000)",
        "path": "/usr/lib/x86_64-linux-gnu/libboost_timer.so.1.83.0"
      },
      {
        "library": "libz.so.1",
        "line": "\tlibz.so.1 => /usr/lib/x86_64-linux-gnu/libz.so.1 (0x000074ae88f85000)",
        "path": "/usr/lib/x86_64-linux-gnu/libz.so.1.3"
      },
      {
        "library": "libGLX.so.0",
        "line": "\tlibGLX.so.0 => /usr/lib/x86_64-linux-gnu/libGLX.so.0 (0x000074ae88f52000)",
        "path": "/usr/lib/x86_64-linux-gnu/libGLX.so.0.0.0"
      },
      {
        "library": "liblapack.so.3",
        "line": "\tliblapack.so.3 => /usr/lib/x86_64-linux-gnu/liblapack.so.3 (0x000074ae88862000)",
        "path": "/usr/lib/x86_64-linux-gnu/lapack/liblapack.so.3.12.0"
      },
      {
        "library": "libblas.so.3",
        "line": "\tlibblas.so.3 => /usr/lib/x86_64-linux-gnu/libblas.so.3 (0x000074ae887b9000)",
        "path": "/usr/lib/x86_64-linux-gnu/blas/libblas.so.3.12.0"
      },
      {
        "library": "libtbb.so.12",
        "line": "\tlibtbb.so.12 => /usr/lib/x86_64-linux-gnu/libtbb.so.12 (0x000074ae88765000)",
        "path": "/usr/lib/x86_64-linux-gnu/libtbb.so.12.11"
      },
      {
        "library": "libcudart.so.12",
        "line": "\tlibcudart.so.12 => /usr/local/cuda/targets/x86_64-linux/lib/libcudart.so.12 (0x000074ae88400000)",
        "path": "/usr/local/cuda-12.5/targets/x86_64-linux/lib/libcudart.so.12.5.82"
      },
      {
        "library": "libmetis.so.5",
        "line": "\tlibmetis.so.5 => /usr/lib/x86_64-linux-gnu/libmetis.so.5 (0x000074ae886fb000)",
        "path": "/usr/lib/x86_64-linux-gnu/libmetis.so.5.1.0"
      },
      {
        "library": "libnuma.so.1",
        "line": "\tlibnuma.so.1 => /usr/lib/x86_64-linux-gnu/libnuma.so.1 (0x000074ae886ed000)",
        "path": "/usr/lib/x86_64-linux-gnu/libnuma.so.1.0.0"
      },
      {
        "library": "liblttng-ust-common.so.1",
        "line": "\tliblttng-ust-common.so.1 => /usr/lib/x86_64-linux-gnu/liblttng-ust-common.so.1 (0x000074ae886de000)",
        "path": "/usr/lib/x86_64-linux-gnu/liblttng-ust-common.so.1.0.0"
      },
      {
        "library": "liblttng-ust-tracepoint.so.1",
        "line": "\tliblttng-ust-tracepoint.so.1 => /usr/lib/x86_64-linux-gnu/liblttng-ust-tracepoint.so.1 (0x000074ae886c1000)",
        "path": "/usr/lib/x86_64-linux-gnu/liblttng-ust-tracepoint.so.1.0.0"
      },
      {
        "library": "libgflags.so.2.2",
        "line": "\tlibgflags.so.2.2 => /usr/lib/x86_64-linux-gnu/libgflags.so.2.2 (0x000074ae883df000)",
        "path": "/usr/lib/x86_64-linux-gnu/libgflags.so.2.2.2"
      },
      {
        "library": "libunwind.so.8",
        "line": "\tlibunwind.so.8 => /usr/lib/x86_64-linux-gnu/libunwind.so.8 (0x000074ae883c4000)",
        "path": "/usr/lib/x86_64-linux-gnu/libunwind.so.8.0.1"
      },
      {
        "library": "libGLdispatch.so.0",
        "line": "\tlibGLdispatch.so.0 => /usr/lib/x86_64-linux-gnu/libGLdispatch.so.0 (0x000074ae8830c000)",
        "path": "/usr/lib/x86_64-linux-gnu/libGLdispatch.so.0.0.0"
      },
      {
        "library": "libX11.so.6",
        "line": "\tlibX11.so.6 => /usr/lib/x86_64-linux-gnu/libX11.so.6 (0x000074ae881cf000)",
        "path": "/usr/lib/x86_64-linux-gnu/libX11.so.6.4.0"
      },
      {
        "library": "libgfortran.so.5",
        "line": "\tlibgfortran.so.5 => /usr/lib/x86_64-linux-gnu/libgfortran.so.5 (0x000074ae87eb1000)",
        "path": "/usr/lib/x86_64-linux-gnu/libgfortran.so.5.0.0"
      },
      {
        "library": "libdl.so.2",
        "line": "\tlibdl.so.2 => /usr/lib/x86_64-linux-gnu/libdl.so.2 (0x000074ae886ba000)",
        "path": "/usr/lib/x86_64-linux-gnu/libdl.so.2"
      },
      {
        "library": "libpthread.so.0",
        "line": "\tlibpthread.so.0 => /usr/lib/x86_64-linux-gnu/libpthread.so.0 (0x000074ae886b5000)",
        "path": "/usr/lib/x86_64-linux-gnu/libpthread.so.0"
      },
      {
        "library": "librt.so.1",
        "line": "\tlibrt.so.1 => /usr/lib/x86_64-linux-gnu/librt.so.1 (0x000074ae886b0000)",
        "path": "/usr/lib/x86_64-linux-gnu/librt.so.1"
      },
      {
        "library": "liblzma.so.5",
        "line": "\tliblzma.so.5 => /usr/lib/x86_64-linux-gnu/liblzma.so.5 (0x000074ae87e7d000)",
        "path": "/usr/lib/x86_64-linux-gnu/liblzma.so.5.4.5"
      },
      {
        "library": "libxcb.so.1",
        "line": "\tlibxcb.so.1 => /usr/lib/x86_64-linux-gnu/libxcb.so.1 (0x000074ae87e54000)",
        "path": "/usr/lib/x86_64-linux-gnu/libxcb.so.1.1.0"
      },
      {
        "library": "libXau.so.6",
        "line": "\tlibXau.so.6 => /usr/lib/x86_64-linux-gnu/libXau.so.6 (0x000074ae87e4e000)",
        "path": "/usr/lib/x86_64-linux-gnu/libXau.so.6.0.0"
      },
      {
        "library": "libXdmcp.so.6",
        "line": "\tlibXdmcp.so.6 => /usr/lib/x86_64-linux-gnu/libXdmcp.so.6 (0x000074ae87e46000)",
        "path": "/usr/lib/x86_64-linux-gnu/libXdmcp.so.6.0.0"
      },
      {
        "library": "libbsd.so.0",
        "line": "\tlibbsd.so.0 => /usr/lib/x86_64-linux-gnu/libbsd.so.0 (0x000074ae87e30000)",
        "path": "/usr/lib/x86_64-linux-gnu/libbsd.so.0.12.1"
      },
      {
        "library": "libmd.so.0",
        "line": "\tlibmd.so.0 => /usr/lib/x86_64-linux-gnu/libmd.so.0 (0x000074ae87e1f000)",
        "path": "/usr/lib/x86_64-linux-gnu/libmd.so.0.1.0"
      }
    ],
    "ldd_test_planning_risk_context.log": [
      {
        "library": "linux-vdso.so.1",
        "line": "\tlinux-vdso.so.1 (0x00007eae437a0000)",
        "path": ""
      },
      {
        "library": "libvisualization_msgs__rosidl_typesupport_cpp.so",
        "line": "\tlibvisualization_msgs__rosidl_typesupport_cpp.so => /opt/ros/jazzy/lib/libvisualization_msgs__rosidl_typesupport_cpp.so (0x00007eae4378c000)",
        "path": "/opt/ros/jazzy/lib/libvisualization_msgs__rosidl_typesupport_cpp.so"
      },
      {
        "library": "libtraj_utils__rosidl_typesupport_cpp.so",
        "line": "\tlibtraj_utils__rosidl_typesupport_cpp.so => /home/dev/ws_iap/install/traj_utils/lib/libtraj_utils__rosidl_typesupport_cpp.so (0x00007eae43786000)",
        "path": "/home/dev/ws_iap/install/traj_utils/lib/libtraj_utils__rosidl_typesupport_cpp.so"
      },
      {
        "library": "libplan_env.so",
        "line": "\tlibplan_env.so => /home/dev/ws_iap/src/iap/results/icra27/icra026/install_plan_env/lib/libplan_env.so (0x00007eae42e00000)",
        "path": "/home/dev/ws_iap/src/iap/results/icra27/icra026/install_plan_env/lib/libplan_env.so"
      },
      {
        "library": "libpath_searching.so",
        "line": "\tlibpath_searching.so => /home/dev/ws_iap/src/iap/results/icra27/icra026/install_path_searching/lib/libpath_searching.so (0x00007eae4375a000)",
        "path": "/home/dev/ws_iap/src/iap/results/icra27/icra026/install_path_searching/lib/libpath_searching.so"
      },
      {
        "library": "libgnss_comm__rosidl_typesupport_cpp.so",
        "line": "\tlibgnss_comm__rosidl_typesupport_cpp.so => /home/dev/ws_iap/install/gnss_comm/lib/libgnss_comm__rosidl_typesupport_cpp.so (0x00007eae4374e000)",
        "path": "/home/dev/ws_iap/install/gnss_comm/lib/libgnss_comm__rosidl_typesupport_cpp.so"
      },
      {
        "library": "libgnss_comm_lib.so",
        "line": "\tlibgnss_comm_lib.so => /home/dev/ws_iap/install/gnss_comm/lib/libgnss_comm_lib.so (0x00007eae42a00000)",
        "path": "/home/dev/ws_iap/install/gnss_comm/lib/libgnss_comm_lib.so"
      },
      {
        "library": "librclcpp.so",
        "line": "\tlibrclcpp.so => /opt/ros/jazzy/lib/librclcpp.so (0x00007eae427a2000)",
        "path": "/opt/ros/jazzy/lib/librclcpp.so"
      },
      {
        "library": "librmw.so",
        "line": "\tlibrmw.so => /opt/ros/jazzy/lib/librmw.so (0x00007eae43741000)",
        "path": "/opt/ros/jazzy/lib/librmw.so"
      },
      {
        "library": "librcutils.so",
        "line": "\tlibrcutils.so => /opt/ros/jazzy/lib/librcutils.so (0x00007eae43721000)",
        "path": "/opt/ros/jazzy/lib/librcutils.so"
      },
      {
        "library": "liblibstatistics_collector.so",
        "line": "\tliblibstatistics_collector.so => /opt/ros/jazzy/lib/liblibstatistics_collector.so (0x00007eae43719000)",
        "path": "/opt/ros/jazzy/lib/liblibstatistics_collector.so"
      },
      {
        "library": "librcl.so",
        "line": "\tlibrcl.so => /opt/ros/jazzy/lib/librcl.so (0x00007eae436d2000)",
        "path": "/opt/ros/jazzy/lib/librcl.so"
      },
      {
        "library": "libstatistics_msgs__rosidl_typesupport_cpp.so",
        "line": "\tlibstatistics_msgs__rosidl_typesupport_cpp.so => /opt/ros/jazzy/lib/libstatistics_msgs__rosidl_typesupport_cpp.so (0x00007eae436cc000)",
        "path": "/opt/ros/jazzy/lib/libstatistics_msgs__rosidl_typesupport_cpp.so"
      },
      {
        "library": "libtracetools.so",
        "line": "\tlibtracetools.so => /opt/ros/jazzy/lib/libtracetools.so (0x00007eae436b0000)",
        "path": "/opt/ros/jazzy/lib/libtracetools.so"
      },
      {
        "library": "libsensor_msgs__rosidl_typesupport_cpp.so",
        "line": "\tlibsensor_msgs__rosidl_typesupport_cpp.so => /opt/ros/jazzy/lib/libsensor_msgs__rosidl_typesupport_cpp.so (0x00007eae431f1000)",
        "path": "/opt/ros/jazzy/lib/libsensor_msgs__rosidl_typesupport_cpp.so"
      },
      {
        "library": "libstd_msgs__rosidl_typesupport_cpp.so",
        "line": "\tlibstd_msgs__rosidl_typesupport_cpp.so => /opt/ros/jazzy/lib/libstd_msgs__rosidl_typesupport_cpp.so (0x00007eae436a4000)",
        "path": "/opt/ros/jazzy/lib/libstd_msgs__rosidl_typesupport_cpp.so"
      },
      {
        "library": "libtraj_utils_lib.so",
        "line": "\tlibtraj_utils_lib.so => /home/dev/ws_iap/install/traj_utils/lib/libtraj_utils_lib.so (0x00007eae431ac000)",
        "path": "/home/dev/ws_iap/build/traj_utils/libtraj_utils_lib.so"
      },
      {
        "library": "libiap.so",
        "line": "\tlibiap.so => /home/dev/ws_iap/src/iap/results/icra27/icra032/install/lib/libiap.so (0x00007eae41e00000)",
        "path": "/home/dev/ws_iap/src/iap/results/icra27/icra032/install/lib/libiap.so"
      },
      {
        "library": "libiap__rosidl_typesupport_cpp.so",
        "line": "\tlibiap__rosidl_typesupport_cpp.so => /home/dev/ws_iap/src/iap/results/icra27/icra032/install/lib/libiap__rosidl_typesupport_cpp.so (0x00007eae431a6000)",
        "path": "/home/dev/ws_iap/src/iap/results/icra27/icra032/install/lib/libiap__rosidl_typesupport_cpp.so"
      },
      {
        "library": "libnav_msgs__rosidl_typesupport_cpp.so",
        "line": "\tlibnav_msgs__rosidl_typesupport_cpp.so => /opt/ros/jazzy/lib/libnav_msgs__rosidl_typesupport_cpp.so (0x00007eae43197000)",
        "path": "/opt/ros/jazzy/lib/libnav_msgs__rosidl_typesupport_cpp.so"
      },
      {
        "library": "libopencv_core.so.406",
        "line": "\tlibopencv_core.so.406 => /usr/lib/x86_64-linux-gnu/libopencv_core.so.406 (0x00007eae41a8c000)",
        "path": "/usr/lib/x86_64-linux-gnu/libopencv_core.so.4.6.0"
      },
      {
        "library": "libcephes-gtsam.so.1",
        "line": "\tlibcephes-gtsam.so.1 => /usr/lib/x86_64-linux-gnu/libcephes-gtsam.so.1 (0x00007eae43147000)",
        "path": "/usr/lib/x86_64-linux-gnu/libcephes-gtsam.so.1.0.0"
      },
      {
        "library": "libGL.so.1",
        "line": "\tlibGL.so.1 => /usr/lib/x86_64-linux-gnu/libGL.so.1 (0x00007eae430c0000)",
        "path": "/usr/lib/x86_64-linux-gnu/libGL.so.1.7.0"
      },
      {
        "library": "libstdc++.so.6",
        "line": "\tlibstdc++.so.6 => /usr/lib/x86_64-linux-gnu/libstdc++.so.6 (0x00007eae4180e000)",
        "path": "/usr/lib/x86_64-linux-gnu/libstdc++.so.6.0.33"
      },
      {
        "library": "libm.so.6",
        "line": "\tlibm.so.6 => /usr/lib/x86_64-linux-gnu/libm.so.6 (0x00007eae426b9000)",
        "path": "/usr/lib/x86_64-linux-gnu/libm.so.6"
      },
      {
        "library": "libgcc_s.so.1",
        "line": "\tlibgcc_s.so.1 => /usr/lib/x86_64-linux-gnu/libgcc_s.so.1 (0x00007eae43090000)",
        "path": "/usr/lib/x86_64-linux-gnu/libgcc_s.so.1"
      },
      {
        "library": "libc.so.6",
        "line": "\tlibc.so.6 => /usr/lib/x86_64-linux-gnu/libc.so.6 (0x00007eae415fc000)",
        "path": "/usr/lib/x86_64-linux-gnu/libc.so.6"
      },
      {
        "library": "/lib64/ld-linux-x86-64.so.2",
        "line": "\t/lib64/ld-linux-x86-64.so.2 (0x00007eae437a2000)",
        "path": ""
      },
      {
        "library": "libvisualization_msgs__rosidl_generator_c.so",
        "line": "\tlibvisualization_msgs__rosidl_generator_c.so => /opt/ros/jazzy/lib/libvisualization_msgs__rosidl_generator_c.so (0x00007eae42dcc000)",
        "path": "/opt/ros/jazzy/lib/libvisualization_msgs__rosidl_generator_c.so"
      },
      {
        "library": "librosidl_typesupport_cpp.so",
        "line": "\tlibrosidl_typesupport_cpp.so => /opt/ros/jazzy/lib/librosidl_typesupport_cpp.so (0x00007eae4308a000)",
        "path": "/opt/ros/jazzy/lib/librosidl_typesupport_cpp.so"
      },
      {
        "library": "libtraj_utils__rosidl_generator_c.so",
        "line": "\tlibtraj_utils__rosidl_generator_c.so => /home/dev/ws_iap/install/traj_utils/lib/libtraj_utils__rosidl_generator_c.so (0x00007eae43081000)",
        "path": "/home/dev/ws_iap/install/traj_utils/lib/libtraj_utils__rosidl_generator_c.so"
      },
      {
        "library": "libcv_bridge.so",
        "line": "\tlibcv_bridge.so => /opt/ros/jazzy/lib/libcv_bridge.so (0x00007eae42d99000)",
        "path": "/opt/ros/jazzy/lib/libcv_bridge.so"
      },
      {
        "library": "libmessage_filters.so",
        "line": "\tlibmessage_filters.so => /opt/ros/jazzy/lib/libmessage_filters.so (0x00007eae42d94000)",
        "path": "/opt/ros/jazzy/lib/libmessage_filters.so"
      },
      {
        "library": "libpcl_common.so.1.14",
        "line": "\tlibpcl_common.so.1.14 => /usr/lib/x86_64-linux-gnu/libpcl_common.so.1.14 (0x00007eae4261f000)",
        "path": "/usr/lib/x86_64-linux-gnu/libpcl_common.so.1.14.0"
      },
      {
        "library": "libgeometry_msgs__rosidl_typesupport_cpp.so",
        "line": "\tlibgeometry_msgs__rosidl_typesupport_cpp.so => /opt/ros/jazzy/lib/libgeometry_msgs__rosidl_typesupport_cpp.so (0x00007eae42d86000)",
        "path": "/opt/ros/jazzy/lib/libgeometry_msgs__rosidl_typesupport_cpp.so"
      },
      {
        "library": "libgnss_comm__rosidl_generator_c.so",
        "line": "\tlibgnss_comm__rosidl_generator_c.so => /home/dev/ws_iap/install/gnss_comm/lib/libgnss_comm__rosidl_generator_c.so (0x00007eae42d4d000)",
        "path": "/home/dev/ws_iap/install/gnss_comm/lib/libgnss_comm__rosidl_generator_c.so"
      },
      {
        "library": "libglog.so.1",
        "line": "\tlibglog.so.1 => /usr/lib/x86_64-linux-gnu/libglog.so.1 (0x00007eae415c6000)",
        "path": "/usr/lib/x86_64-linux-gnu/libglog.so.0.6.0"
      },
      {
        "library": "librcl_interfaces__rosidl_typesupport_cpp.so",
        "line": "\tlibrcl_interfaces__rosidl_typesupport_cpp.so => /opt/ros/jazzy/lib/librcl_interfaces__rosidl_typesupport_cpp.so (0x00007eae42d30000)",
        "path": "/opt/ros/jazzy/lib/librcl_interfaces__rosidl_typesupport_cpp.so"
      },
      {
        "library": "librcl_yaml_param_parser.so",
        "line": "\tlibrcl_yaml_param_parser.so => /opt/ros/jazzy/lib/librcl_yaml_param_parser.so (0x00007eae415ba000)",
        "path": "/opt/ros/jazzy/lib/librcl_yaml_param_parser.so"
      },
      {
        "library": "librosgraph_msgs__rosidl_typesupport_cpp.so",
        "line": "\tlibrosgraph_msgs__rosidl_typesupport_cpp.so => /opt/ros/jazzy/lib/librosgraph_msgs__rosidl_typesupport_cpp.so (0x00007eae42d2b000)",
        "path": "/opt/ros/jazzy/lib/librosgraph_msgs__rosidl_typesupport_cpp.so"
      },
      {
        "library": "librcl_logging_interface.so",
        "line": "\tlibrcl_logging_interface.so => /opt/ros/jazzy/lib/librcl_logging_interface.so (0x00007eae42d26000)",
        "path": "/opt/ros/jazzy/lib/librcl_logging_interface.so"
      },
      {
        "library": "librmw_implementation.so",
        "line": "\tlibrmw_implementation.so => /opt/ros/jazzy/lib/librmw_implementation.so (0x00007eae415ad000)",
        "path": "/opt/ros/jazzy/lib/librmw_implementation.so"
      },
      {
        "library": "libament_index_cpp.so",
        "line": "\tlibament_index_cpp.so => /opt/ros/jazzy/lib/libament_index_cpp.so (0x00007eae415a1000)",
        "path": "/opt/ros/jazzy/lib/libament_index_cpp.so"
      },
      {
        "library": "libtype_description_interfaces__rosidl_typesupport_c.so",
        "line": "\tlibtype_description_interfaces__rosidl_typesupport_c.so => /opt/ros/jazzy/lib/libtype_description_interfaces__rosidl_typesupport_c.so (0x00007eae4159a000)",
        "path": "/opt/ros/jazzy/lib/libtype_description_interfaces__rosidl_typesupport_c.so"
      },
      {
        "library": "librosidl_dynamic_typesupport.so",
        "line": "\tlibrosidl_dynamic_typesupport.so => /opt/ros/jazzy/lib/librosidl_dynamic_typesupport.so (0x00007eae41581000)",
        "path": "/opt/ros/jazzy/lib/librosidl_dynamic_typesupport.so"
      },
      {
        "library": "librosidl_typesupport_introspection_cpp.so",
        "line": "\tlibrosidl_typesupport_introspection_cpp.so => /opt/ros/jazzy/lib/librosidl_typesupport_introspection_cpp.so (0x00007eae4157c000)",
        "path": "/opt/ros/jazzy/lib/librosidl_typesupport_introspection_cpp.so"
      },
      {
        "library": "librcpputils.so",
        "line": "\tlibrcpputils.so => /opt/ros/jazzy/lib/librcpputils.so (0x00007eae4156d000)",
        "path": "/opt/ros/jazzy/lib/librcpputils.so"
      },
      {
        "library": "librosidl_runtime_c.so",
        "line": "\tlibrosidl_runtime_c.so => /opt/ros/jazzy/lib/librosidl_runtime_c.so (0x00007eae4154e000)",
        "path": "/opt/ros/jazzy/lib/librosidl_runtime_c.so"
      },
      {
        "library": "librcl_logging_spdlog.so",
        "line": "\tlibrcl_logging_spdlog.so => /opt/ros/jazzy/lib/librcl_logging_spdlog.so (0x00007eae41544000)",
        "path": "/opt/ros/jazzy/lib/librcl_logging_spdlog.so"
      },
      {
        "library": "librcl_interfaces__rosidl_typesupport_c.so",
        "line": "\tlibrcl_interfaces__rosidl_typesupport_c.so => /opt/ros/jazzy/lib/librcl_interfaces__rosidl_typesupport_c.so (0x00007eae41534000)",
        "path": "/opt/ros/jazzy/lib/librcl_interfaces__rosidl_typesupport_c.so"
      },
      {
        "library": "libtype_description_interfaces__rosidl_generator_c.so",
        "line": "\tlibtype_description_interfaces__rosidl_generator_c.so => /opt/ros/jazzy/lib/libtype_description_interfaces__rosidl_generator_c.so (0x00007eae4151c000)",
        "path": "/opt/ros/jazzy/lib/libtype_description_interfaces__rosidl_generator_c.so"
      },
      {
        "library": "libyaml-0.so.2",
        "line": "\tlibyaml-0.so.2 => /usr/lib/x86_64-linux-gnu/libyaml-0.so.2 (0x00007eae414f9000)",
        "path": "/usr/lib/x86_64-linux-gnu/libyaml-0.so.2.0.9"
      },
      {
        "library": "libstatistics_msgs__rosidl_generator_c.so",
        "line": "\tlibstatistics_msgs__rosidl_generator_c.so => /opt/ros/jazzy/lib/libstatistics_msgs__rosidl_generator_c.so (0x00007eae414f0000)",
        "path": "/opt/ros/jazzy/lib/libstatistics_msgs__rosidl_generator_c.so"
      },
      {
        "library": "liblttng-ust.so.1",
        "line": "\tliblttng-ust.so.1 => /usr/lib/x86_64-linux-gnu/liblttng-ust.so.1 (0x00007eae4146d000)",
        "path": "/usr/lib/x86_64-linux-gnu/liblttng-ust.so.1.0.0"
      },
      {
        "library": "libsensor_msgs__rosidl_generator_c.so",
        "line": "\tlibsensor_msgs__rosidl_generator_c.so => /opt/ros/jazzy/lib/libsensor_msgs__rosidl_generator_c.so (0x00007eae41429000)",
        "path": "/opt/ros/jazzy/lib/libsensor_msgs__rosidl_generator_c.so"
      },
      {
        "library": "libstd_msgs__rosidl_generator_c.so",
        "line": "\tlibstd_msgs__rosidl_generator_c.so => /opt/ros/jazzy/lib/libstd_msgs__rosidl_generator_c.so (0x00007eae413f8000)",
        "path": "/opt/ros/jazzy/lib/libstd_msgs__rosidl_generator_c.so"
      },
      {
        "library": "libgtsam_points.so.1",
        "line": "\tlibgtsam_points.so.1 => /usr/local/lib/libgtsam_points.so.1 (0x00007eae41103000)",
        "path": "/usr/local/lib/libgtsam_points.so.1.2.1"
      },
      {
        "library": "libspdlog.so.1.12",
        "line": "\tlibspdlog.so.1.12 => /usr/lib/x86_64-linux-gnu/libspdlog.so.1.12 (0x00007eae4107c000)",
        "path": "/usr/lib/x86_64-linux-gnu/libspdlog.so.1.12.0"
      },
      {
        "library": "libgtsam_points_cuda.so.1",
        "line": "\tlibgtsam_points_cuda.so.1 => /usr/local/lib/libgtsam_points_cuda.so.1 (0x00007eae40d65000)",
        "path": "/usr/local/lib/libgtsam_points_cuda.so.1.2.1"
      },
      {
        "library": "libgomp.so.1",
        "line": "\tlibgomp.so.1 => /usr/lib/x86_64-linux-gnu/libgomp.so.1 (0x00007eae40d0f000)",
        "path": "/usr/lib/x86_64-linux-gnu/libgomp.so.1.0.0"
      },
      {
        "library": "libgtsam.so.4",
        "line": "\tlibgtsam.so.4 => /usr/lib/x86_64-linux-gnu/libgtsam.so.4 (0x00007eae40812000)",
        "path": "/usr/lib/x86_64-linux-gnu/libgtsam.so.4.3a0"
      },
      {
        "library": "libboost_serialization.so.1.83.0",
        "line": "\tlibboost_serialization.so.1.83.0 => /usr/lib/x86_64-linux-gnu/libboost_serialization.so.1.83.0 (0x00007eae407cf000)",
        "path": "/usr/lib/x86_64-linux-gnu/libboost_serialization.so.1.83.0"
      },
      {
        "library": "libboost_filesystem.so.1.83.0",
        "line": "\tlibboost_filesystem.so.1.83.0 => /usr/lib/x86_64-linux-gnu/libboost_filesystem.so.1.83.0 (0x00007eae407aa000)",
        "path": "/usr/lib/x86_64-linux-gnu/libboost_filesystem.so.1.83.0"
      },
      {
        "library": "libfmt.so.9",
        "line": "\tlibfmt.so.9 => /usr/lib/x86_64-linux-gnu/libfmt.so.9 (0x00007eae40789000)",
        "path": "/usr/lib/x86_64-linux-gnu/libfmt.so.9.1.0"
      },
      {
        "library": "libiap__rosidl_generator_c.so",
        "line": "\tlibiap__rosidl_generator_c.so => /home/dev/ws_iap/src/iap/results/icra27/icra032/install/lib/libiap__rosidl_generator_c.so (0x00007eae4077b000)",
        "path": "/home/dev/ws_iap/src/iap/results/icra27/icra032/install/lib/libiap__rosidl_generator_c.so"
      },
      {
        "library": "libnav_msgs__rosidl_generator_c.so",
        "line": "\tlibnav_msgs__rosidl_generator_c.so => /opt/ros/jazzy/lib/libnav_msgs__rosidl_generator_c.so (0x00007eae40748000)",
        "path": "/opt/ros/jazzy/lib/libnav_msgs__rosidl_generator_c.so"
      },
      {
        "library": "libz.so.1",
        "line": "\tlibz.so.1 => /usr/lib/x86_64-linux-gnu/libz.so.1 (0x00007eae4072c000)",
        "path": "/usr/lib/x86_64-linux-gnu/libz.so.1.3"
      },
      {
        "library": "libGLX.so.0",
        "line": "\tlibGLX.so.0 => /usr/lib/x86_64-linux-gnu/libGLX.so.0 (0x00007eae406f7000)",
        "path": "/usr/lib/x86_64-linux-gnu/libGLX.so.0.0.0"
      },
      {
        "library": "liblapack.so.3",
        "line": "\tliblapack.so.3 => /usr/lib/x86_64-linux-gnu/liblapack.so.3 (0x00007eae40007000)",
        "path": "/usr/lib/x86_64-linux-gnu/lapack/liblapack.so.3.12.0"
      },
      {
        "library": "libblas.so.3",
        "line": "\tlibblas.so.3 => /usr/lib/x86_64-linux-gnu/libblas.so.3 (0x00007eae3ff60000)",
        "path": "/usr/lib/x86_64-linux-gnu/blas/libblas.so.3.12.0"
      },
      {
        "library": "libtbb.so.12",
        "line": "\tlibtbb.so.12 => /usr/lib/x86_64-linux-gnu/libtbb.so.12 (0x00007eae3ff0c000)",
        "path": "/usr/lib/x86_64-linux-gnu/libtbb.so.12.11"
      },
      {
        "library": "libGLdispatch.so.0",
        "line": "\tlibGLdispatch.so.0 => /usr/lib/x86_64-linux-gnu/libGLdispatch.so.0 (0x00007eae3fe54000)",
        "path": "/usr/lib/x86_64-linux-gnu/libGLdispatch.so.0.0.0"
      },
      {
        "library": "libservice_msgs__rosidl_generator_c.so",
        "line": "\tlibservice_msgs__rosidl_generator_c.so => /opt/ros/jazzy/lib/libservice_msgs__rosidl_generator_c.so (0x00007eae3fe4d000)",
        "path": "/opt/ros/jazzy/lib/libservice_msgs__rosidl_generator_c.so"
      },
      {
        "library": "libgeometry_msgs__rosidl_generator_c.so",
        "line": "\tlibgeometry_msgs__rosidl_generator_c.so => /opt/ros/jazzy/lib/libgeometry_msgs__rosidl_generator_c.so (0x00007eae3fe0f000)",
        "path": "/opt/ros/jazzy/lib/libgeometry_msgs__rosidl_generator_c.so"
      },
      {
        "library": "libbuiltin_interfaces__rosidl_generator_c.so",
        "line": "\tlibbuiltin_interfaces__rosidl_generator_c.so => /opt/ros/jazzy/lib/libbuiltin_interfaces__rosidl_generator_c.so (0x00007eae3fe08000)",
        "path": "/opt/ros/jazzy/lib/libbuiltin_interfaces__rosidl_generator_c.so"
      },
      {
        "library": "libopencv_imgcodecs.so.406",
        "line": "\tlibopencv_imgcodecs.so.406 => /usr/lib/x86_64-linux-gnu/libopencv_imgcodecs.so.406 (0x00007eae3fdaf000)",
        "path": "/usr/lib/x86_64-linux-gnu/libopencv_imgcodecs.so.4.6.0"
      },
      {
        "library": "libopencv_imgproc.so.406",
        "line": "\tlibopencv_imgproc.so.406 => /usr/lib/x86_64-linux-gnu/libopencv_imgproc.so.406 (0x00007eae3f855000)",
        "path": "/usr/lib/x86_64-linux-gnu/libopencv_imgproc.so.4.6.0"
      },
      {
        "library": "libgflags.so.2.2",
        "line": "\tlibgflags.so.2.2 => /usr/lib/x86_64-linux-gnu/libgflags.so.2.2 (0x00007eae3f832000)",
        "path": "/usr/lib/x86_64-linux-gnu/libgflags.so.2.2.2"
      },
      {
        "library": "libunwind.so.8",
        "line": "\tlibunwind.so.8 => /usr/lib/x86_64-linux-gnu/libunwind.so.8 (0x00007eae3f817000)",
        "path": "/usr/lib/x86_64-linux-gnu/libunwind.so.8.0.1"
      },
      {
        "library": "librcl_interfaces__rosidl_generator_c.so",
        "line": "\tlibrcl_interfaces__rosidl_generator_c.so => /opt/ros/jazzy/lib/librcl_interfaces__rosidl_generator_c.so (0x00007eae3f7c9000)",
        "path": "/opt/ros/jazzy/lib/librcl_interfaces__rosidl_generator_c.so"
      },
      {
        "library": "librosgraph_msgs__rosidl_generator_c.so",
        "line": "\tlibrosgraph_msgs__rosidl_generator_c.so => /opt/ros/jazzy/lib/librosgraph_msgs__rosidl_generator_c.so (0x00007eae3f7c4000)",
        "path": "/opt/ros/jazzy/lib/librosgraph_msgs__rosidl_generator_c.so"
      },
      {
        "library": "librosidl_typesupport_c.so",
        "line": "\tlibrosidl_typesupport_c.so => /opt/ros/jazzy/lib/librosidl_typesupport_c.so (0x00007eae3f7be000)",
        "path": "/opt/ros/jazzy/lib/librosidl_typesupport_c.so"
      },
      {
        "library": "libnuma.so.1",
        "line": "\tlibnuma.so.1 => /usr/lib/x86_64-linux-gnu/libnuma.so.1 (0x00007eae3f7ae000)",
        "path": "/usr/lib/x86_64-linux-gnu/libnuma.so.1.0.0"
      },
      {
        "library": "liblttng-ust-common.so.1",
        "line": "\tliblttng-ust-common.so.1 => /usr/lib/x86_64-linux-gnu/liblttng-ust-common.so.1 (0x00007eae3f7a1000)",
        "path": "/usr/lib/x86_64-linux-gnu/liblttng-ust-common.so.1.0.0"
      },
      {
        "library": "liblttng-ust-tracepoint.so.1",
        "line": "\tliblttng-ust-tracepoint.so.1 => /usr/lib/x86_64-linux-gnu/liblttng-ust-tracepoint.so.1 (0x00007eae3f784000)",
        "path": "/usr/lib/x86_64-linux-gnu/liblttng-ust-tracepoint.so.1.0.0"
      },
      {
        "library": "libboost_timer.so.1.83.0",
        "line": "\tlibboost_timer.so.1.83.0 => /usr/lib/x86_64-linux-gnu/libboost_timer.so.1.83.0 (0x00007eae3f77d000)",
        "path": "/usr/lib/x86_64-linux-gnu/libboost_timer.so.1.83.0"
      },
      {
        "library": "libcudart.so.12",
        "line": "\tlibcudart.so.12 => /usr/local/cuda/targets/x86_64-linux/lib/libcudart.so.12 (0x00007eae3f400000)",
        "path": "/usr/local/cuda-12.5/targets/x86_64-linux/lib/libcudart.so.12.5.82"
      },
      {
        "library": "libmetis.so.5",
        "line": "\tlibmetis.so.5 => /usr/lib/x86_64-linux-gnu/libmetis.so.5 (0x00007eae3f711000)",
        "path": "/usr/lib/x86_64-linux-gnu/libmetis.so.5.1.0"
      },
      {
        "library": "libX11.so.6",
        "line": "\tlibX11.so.6 => /usr/lib/x86_64-linux-gnu/libX11.so.6 (0x00007eae3f2c3000)",
        "path": "/usr/lib/x86_64-linux-gnu/libX11.so.6.4.0"
      },
      {
        "library": "libgfortran.so.5",
        "line": "\tlibgfortran.so.5 => /usr/lib/x86_64-linux-gnu/libgfortran.so.5 (0x00007eae3efa5000)",
        "path": "/usr/lib/x86_64-linux-gnu/libgfortran.so.5.0.0"
      },
      {
        "library": "libjpeg.so.8",
        "line": "\tlibjpeg.so.8 => /usr/lib/x86_64-linux-gnu/libjpeg.so.8 (0x00007eae3ef22000)",
        "path": "/usr/lib/x86_64-linux-gnu/libjpeg.so.8.2.2"
      },
      {
        "library": "libwebp.so.7",
        "line": "\tlibwebp.so.7 => /usr/lib/x86_64-linux-gnu/libwebp.so.7 (0x00007eae3eea7000)",
        "path": "/usr/lib/x86_64-linux-gnu/libwebp.so.7.1.8"
      },
      {
        "library": "libpng16.so.16",
        "line": "\tlibpng16.so.16 => /usr/lib/x86_64-linux-gnu/libpng16.so.16 (0x00007eae3f6d7000)",
        "path": "/usr/lib/x86_64-linux-gnu/libpng16.so.16.43.0"
      },
      {
        "library": "libgdcmMSFF.so.3.0",
        "line": "\tlibgdcmMSFF.so.3.0 => /usr/lib/x86_64-linux-gnu/libgdcmMSFF.so.3.0 (0x00007eae3ec7b000)",
        "path": "/usr/lib/x86_64-linux-gnu/libgdcmMSFF.so.3.0.22"
      },
      {
        "library": "libtiff.so.6",
        "line": "\tlibtiff.so.6 => /usr/lib/x86_64-linux-gnu/libtiff.so.6 (0x00007eae3ebee000)",
        "path": "/usr/lib/x86_64-linux-gnu/libtiff.so.6.0.1"
      },
      {
        "library": "libopenjp2.so.7",
        "line": "\tlibopenjp2.so.7 => /usr/lib/x86_64-linux-gnu/libopenjp2.so.7 (0x00007eae3eb8d000)",
        "path": "/usr/lib/x86_64-linux-gnu/libopenjp2.so.2.5.0"
      },
      {
        "library": "libOpenEXR-3_1.so.30",
        "line": "\tlibOpenEXR-3_1.so.30 => /usr/lib/x86_64-linux-gnu/libOpenEXR-3_1.so.30 (0x00007eae3e888000)",
        "path": "/usr/lib/x86_64-linux-gnu/libOpenEXR-3_1.so.30.5.1"
      },
      {
        "library": "libgdal.so.34",
        "line": "\tlibgdal.so.34 => /usr/lib/x86_64-linux-gnu/libgdal.so.34 (0x00007eae3d0b1000)",
        "path": "/usr/lib/x86_64-linux-gnu/libgdal.so.34.3.8.4"
      },
      {
        "library": "libgdcmDSED.so.3.0",
        "line": "\tlibgdcmDSED.so.3.0 => /usr/lib/x86_64-linux-gnu/libgdcmDSED.so.3.0 (0x00007eae3cfb9000)",
        "path": "/usr/lib/x86_64-linux-gnu/libgdcmDSED.so.3.0.22"
      },
      {
        "library": "liblzma.so.5",
        "line": "\tliblzma.so.5 => /usr/lib/x86_64-linux-gnu/liblzma.so.5 (0x00007eae3cf87000)",
        "path": "/usr/lib/x86_64-linux-gnu/liblzma.so.5.4.5"
      },
      {
        "library": "libdl.so.2",
        "line": "\tlibdl.so.2 => /usr/lib/x86_64-linux-gnu/libdl.so.2 (0x00007eae3f6d0000)",
        "path": "/usr/lib/x86_64-linux-gnu/libdl.so.2"
      },
      {
        "library": "libpthread.so.0",
        "line": "\tlibpthread.so.0 => /usr/lib/x86_64-linux-gnu/libpthread.so.0 (0x00007eae3f6cb000)",
        "path": "/usr/lib/x86_64-linux-gnu/libpthread.so.0"
      },
      {
        "library": "librt.so.1",
        "line": "\tlibrt.so.1 => /usr/lib/x86_64-linux-gnu/librt.so.1 (0x00007eae3f6c6000)",
        "path": "/usr/lib/x86_64-linux-gnu/librt.so.1"
      },
      {
        "library": "libxcb.so.1",
        "line": "\tlibxcb.so.1 => /usr/lib/x86_64-linux-gnu/libxcb.so.1 (0x00007eae3cf5e000)",
        "path": "/usr/lib/x86_64-linux-gnu/libxcb.so.1.1.0"
      },
      {
        "library": "libsharpyuv.so.0",
        "line": "\tlibsharpyuv.so.0 => /usr/lib/x86_64-linux-gnu/libsharpyuv.so.0 (0x00007eae3f6bc000)",
        "path": "/usr/lib/x86_64-linux-gnu/libsharpyuv.so.0.0.1"
      },
      {
        "library": "libgdcmDICT.so.3.0",
        "line": "\tlibgdcmDICT.so.3.0 => /usr/lib/x86_64-linux-gnu/libgdcmDICT.so.3.0 (0x00007eae3cc86000)",
        "path": "/usr/lib/x86_64-linux-gnu/libgdcmDICT.so.3.0.22"
      },
      {
        "library": "libgdcmjpeg8.so.3.0",
        "line": "\tlibgdcmjpeg8.so.3.0 => /usr/lib/x86_64-linux-gnu/libgdcmjpeg8.so.3.0 (0x00007eae3cc5b000)",
        "path": "/usr/lib/x86_64-linux-gnu/libgdcmjpeg8.so.3.0.22"
      },
      {
        "library": "libgdcmjpeg12.so.3.0",
        "line": "\tlibgdcmjpeg12.so.3.0 => /usr/lib/x86_64-linux-gnu/libgdcmjpeg12.so.3.0 (0x00007eae3cc30000)",
        "path": "/usr/lib/x86_64-linux-gnu/libgdcmjpeg12.so.3.0.22"
      },
      {
        "library": "libgdcmjpeg16.so.3.0",
        "line": "\tlibgdcmjpeg16.so.3.0 => /usr/lib/x86_64-linux-gnu/libgdcmjpeg16.so.3.0 (0x00007eae3cc05000)",
        "path": "/usr/lib/x86_64-linux-gnu/libgdcmjpeg16.so.3.0.22"
      },
      {
        "library": "libcharls.so.2",
        "line": "\tlibcharls.so.2 => /usr/lib/x86_64-linux-gnu/libcharls.so.2 (0x00007eae3cbb1000)",
        "path": "/usr/lib/x86_64-linux-gnu/libcharls.so.2.4.2"
      },
      {
        "library": "libuuid.so.1",
        "line": "\tlibuuid.so.1 => /usr/lib/x86_64-linux-gnu/libuuid.so.1 (0x00007eae3f6b0000)",
        "path": "/usr/lib/x86_64-linux-gnu/libuuid.so.1.3.0"
      },
      {
        "library": "libjson-c.so.5",
        "line": "\tlibjson-c.so.5 => /usr/lib/x86_64-linux-gnu/libjson-c.so.5 (0x00007eae3cb9d000)",
        "path": "/usr/lib/x86_64-linux-gnu/libjson-c.so.5.3.0"
      },
      {
        "library": "libgdcmIOD.so.3.0",
        "line": "\tlibgdcmIOD.so.3.0 => /usr/lib/x86_64-linux-gnu/libgdcmIOD.so.3.0 (0x00007eae3cb87000)",
        "path": "/usr/lib/x86_64-linux-gnu/libgdcmIOD.so.3.0.22"
      },
      {
        "library": "libgdcmCommon.so.3.0",
        "line": "\tlibgdcmCommon.so.3.0 => /usr/lib/x86_64-linux-gnu/libgdcmCommon.so.3.0 (0x00007eae3cb62000)",
        "path": "/usr/lib/x86_64-linux-gnu/libgdcmCommon.so.3.0.22"
      },
      {
        "library": "libzstd.so.1",
        "line": "\tlibzstd.so.1 => /usr/lib/x86_64-linux-gnu/libzstd.so.1 (0x00007eae3caa6000)",
        "path": "/usr/lib/x86_64-linux-gnu/libzstd.so.1.5.5"
      },
      {
        "library": "libLerc.so.4",
        "line": "\tlibLerc.so.4 => /usr/lib/x86_64-linux-gnu/libLerc.so.4 (0x00007eae3ca1f000)",
        "path": "/usr/lib/x86_64-linux-gnu/libLerc.so.4"
      },
      {
        "library": "libjbig.so.0",
        "line": "\tlibjbig.so.0 => /usr/lib/x86_64-linux-gnu/libjbig.so.0 (0x00007eae3ca0f000)",
        "path": "/usr/lib/x86_64-linux-gnu/libjbig.so.0"
      },
      {
        "library": "libdeflate.so.0",
        "line": "\tlibdeflate.so.0 => /usr/lib/x86_64-linux-gnu/libdeflate.so.0 (0x00007eae3c9fc000)",
        "path": "/usr/lib/x86_64-linux-gnu/libdeflate.so.0"
      },
      {
        "library": "libImath-3_1.so.29",
        "line": "\tlibImath-3_1.so.29 => /usr/lib/x86_64-linux-gnu/libImath-3_1.so.29 (0x00007eae3c9ae000)",
        "path": "/usr/lib/x86_64-linux-gnu/libImath-3_1.so.29.8.0"
      },
      {
        "library": "libIlmThread-3_1.so.30",
        "line": "\tlibIlmThread-3_1.so.30 => /usr/lib/x86_64-linux-gnu/libIlmThread-3_1.so.30 (0x00007eae3c9a2000)",
        "path": "/usr/lib/x86_64-linux-gnu/libIlmThread-3_1.so.30.5.1"
      },
      {
        "library": "libIex-3_1.so.30",
        "line": "\tlibIex-3_1.so.30 => /usr/lib/x86_64-linux-gnu/libIex-3_1.so.30 (0x00007eae3c91f000)",
        "path": "/usr/lib/x86_64-linux-gnu/libIex-3_1.so.30.5.1"
      },
      {
        "library": "libcurl.so.4",
        "line": "\tlibcurl.so.4 => /usr/lib/x86_64-linux-gnu/libcurl.so.4 (0x00007eae3c85e000)",
        "path": "/usr/lib/x86_64-linux-gnu/libcurl.so.4.8.0"
      },
      {
        "library": "libodbc.so.2",
        "line": "\tlibodbc.so.2 => /usr/lib/x86_64-linux-gnu/libodbc.so.2 (0x00007eae3c7ee000)",
        "path": "/usr/lib/x86_64-linux-gnu/libodbc.so.2.0.0"
      },
      {
        "library": "libodbcinst.so.2",
        "line": "\tlibodbcinst.so.2 => /usr/lib/x86_64-linux-gnu/libodbcinst.so.2 (0x00007eae3c7da000)",
        "path": "/usr/lib/x86_64-linux-gnu/libodbcinst.so.2.0.0"
      },
      {
        "library": "libxml2.so.2",
        "line": "\tlibxml2.so.2 => /usr/lib/x86_64-linux-gnu/libxml2.so.2 (0x00007eae3c5f6000)",
        "path": "/usr/lib/x86_64-linux-gnu/libxml2.so.2.9.14"
      },
      {
        "library": "libcrypto.so.3",
        "line": "\tlibcrypto.so.3 => /usr/lib/x86_64-linux-gnu/libcrypto.so.3 (0x00007eae3c0e2000)",
        "path": "/usr/lib/x86_64-linux-gnu/libcrypto.so.3"
      },
      {
        "library": "liblz4.so.1",
        "line": "\tliblz4.so.1 => /usr/lib/x86_64-linux-gnu/liblz4.so.1 (0x00007eae3c0c0000)",
        "path": "/usr/lib/x86_64-linux-gnu/liblz4.so.1.9.4"
      },
      {
        "library": "libblosc.so.1",
        "line": "\tlibblosc.so.1 => /usr/lib/x86_64-linux-gnu/libblosc.so.1 (0x00007eae3c0b0000)",
        "path": "/usr/lib/x86_64-linux-gnu/libblosc.so.1.21.5"
      },
      {
        "library": "libarmadillo.so.12",
        "line": "\tlibarmadillo.so.12 => /lib/libarmadillo.so.12 (0x00007eae3c09d000)",
        "path": "/usr/lib/libarmadillo.so.12.6.7"
      },
      {
        "library": "libqhull_r.so.8.0",
        "line": "\tlibqhull_r.so.8.0 => /usr/lib/x86_64-linux-gnu/libqhull_r.so.8.0 (0x00007eae3c02d000)",
        "path": "/usr/lib/x86_64-linux-gnu/libqhull_r.so.8.0.2"
      },
      {
        "library": "libxerces-c-3.2.so",
        "line": "\tlibxerces-c-3.2.so => /usr/lib/x86_64-linux-gnu/libxerces-c-3.2.so (0x00007eae3bcd6000)",
        "path": "/usr/lib/x86_64-linux-gnu/libxerces-c-3.2.so"
      },
      {
        "library": "libgeotiff.so.5",
        "line": "\tlibgeotiff.so.5 => /usr/lib/x86_64-linux-gnu/libgeotiff.so.5 (0x00007eae3bca0000)",
        "path": "/usr/lib/x86_64-linux-gnu/libgeotiff.so.5.2.1"
      },
      {
        "library": "libheif.so.1",
        "line": "\tlibheif.so.1 => /usr/lib/x86_64-linux-gnu/libheif.so.1 (0x00007eae3bbe0000)",
        "path": "/usr/lib/x86_64-linux-gnu/libheif.so.1.17.6"
      },
      {
        "library": "libaec.so.0",
        "line": "\tlibaec.so.0 => /usr/lib/x86_64-linux-gnu/libaec.so.0 (0x00007eae3bbd7000)",
        "path": "/usr/lib/x86_64-linux-gnu/libaec.so.0.1.2"
      },
      {
        "library": "libpoppler.so.134",
        "line": "\tlibpoppler.so.134 => /usr/lib/x86_64-linux-gnu/libpoppler.so.134 (0x00007eae3b863000)",
        "path": "/usr/lib/x86_64-linux-gnu/libpoppler.so.134.0.0"
      },
      {
        "library": "libgif.so.7",
        "line": "\tlibgif.so.7 => /usr/lib/x86_64-linux-gnu/libgif.so.7 (0x00007eae3b858000)",
        "path": "/usr/lib/x86_64-linux-gnu/libgif.so.7.2.0"
      },
      {
        "library": "libnetcdf.so.19",
        "line": "\tlibnetcdf.so.19 => /usr/lib/x86_64-linux-gnu/libnetcdf.so.19 (0x00007eae3b66b000)",
        "path": "/usr/lib/x86_64-linux-gnu/libnetcdf.so.19"
      },
      {
        "library": "libcfitsio.so.10",
        "line": "\tlibcfitsio.so.10 => /usr/lib/x86_64-linux-gnu/libcfitsio.so.10 (0x00007eae3b363000)",
        "path": "/usr/lib/x86_64-linux-gnu/libcfitsio.so.10.4.3.1"
      },
      {
        "library": "libhdf5_serial.so.103",
        "line": "\tlibhdf5_serial.so.103 => /usr/lib/x86_64-linux-gnu/libhdf5_serial.so.103 (0x00007eae3afef000)",
        "path": "/usr/lib/x86_64-linux-gnu/libhdf5_serial.so.103.4.0"
      },
      {
        "library": "libsqlite3.so.0",
        "line": "\tlibsqlite3.so.0 => /usr/lib/x86_64-linux-gnu/libsqlite3.so.0 (0x00007eae3ae87000)",
        "path": "/usr/lib/x86_64-linux-gnu/libsqlite3.so.0.8.6"
      },
      {
        "library": "libpq.so.5",
        "line": "\tlibpq.so.5 => /usr/lib/x86_64-linux-gnu/libpq.so.5 (0x00007eae3ae30000)",
        "path": "/usr/lib/x86_64-linux-gnu/libpq.so.5.16"
      },
      {
        "library": "libkmlbase.so.1",
        "line": "\tlibkmlbase.so.1 => /usr/lib/x86_64-linux-gnu/libkmlbase.so.1 (0x00007eae3ae13000)",
        "path": "/usr/lib/x86_64-linux-gnu/libkmlbase.so.1.3.0"
      },
      {
        "library": "libkmldom.so.1",
        "line": "\tlibkmldom.so.1 => /usr/lib/x86_64-linux-gnu/libkmldom.so.1 (0x00007eae3ad7f000)",
        "path": "/usr/lib/x86_64-linux-gnu/libkmldom.so.1.3.0"
      },
      {
        "library": "libkmlengine.so.1",
        "line": "\tlibkmlengine.so.1 => /usr/lib/x86_64-linux-gnu/libkmlengine.so.1 (0x00007eae3ad51000)",
        "path": "/usr/lib/x86_64-linux-gnu/libkmlengine.so.1.3.0"
      },
      {
        "library": "libfyba.so.0",
        "line": "\tlibfyba.so.0 => /usr/lib/x86_64-linux-gnu/libfyba.so.0 (0x00007eae3acfb000)",
        "path": "/usr/lib/x86_64-linux-gnu/libfyba.so.0.0.0"
      },
      {
        "library": "libpcre2-8.so.0",
        "line": "\tlibpcre2-8.so.0 => /usr/lib/x86_64-linux-gnu/libpcre2-8.so.0 (0x00007eae3ac61000)",
        "path": "/usr/lib/x86_64-linux-gnu/libpcre2-8.so.0.11.2"
      },
      {
        "library": "libspatialite.so.8",
        "line": "\tlibspatialite.so.8 => /usr/lib/x86_64-linux-gnu/libspatialite.so.8 (0x00007eae3a4f6000)",
        "path": "/usr/lib/x86_64-linux-gnu/libspatialite.so.8.1.0"
      },
      {
        "library": "libmysqlclient.so.21",
        "line": "\tlibmysqlclient.so.21 => /usr/lib/x86_64-linux-gnu/libmysqlclient.so.21 (0x00007eae39e77000)",
        "path": "/usr/lib/x86_64-linux-gnu/libmysqlclient.so.21.2.45"
      },
      {
        "library": "libfreexl.so.1",
        "line": "\tlibfreexl.so.1 => /usr/lib/x86_64-linux-gnu/libfreexl.so.1 (0x00007eae39e64000)",
        "path": "/usr/lib/x86_64-linux-gnu/libfreexl.so.1.2.0"
      },
      {
        "library": "libogdi.so.4.1",
        "line": "\tlibogdi.so.4.1 => /usr/lib/x86_64-linux-gnu/libogdi.so.4.1 (0x00007eae39e49000)",
        "path": "/usr/lib/x86_64-linux-gnu/libogdi.so.4.1"
      },
      {
        "library": "libexpat.so.1",
        "line": "\tlibexpat.so.1 => /usr/lib/x86_64-linux-gnu/libexpat.so.1 (0x00007eae39e1d000)",
        "path": "/usr/lib/x86_64-linux-gnu/libexpat.so.1.9.1"
      },
      {
        "library": "libgeos_c.so.1",
        "line": "\tlibgeos_c.so.1 => /usr/lib/x86_64-linux-gnu/libgeos_c.so.1 (0x00007eae39dd4000)",
        "path": "/usr/lib/x86_64-linux-gnu/libgeos_c.so.1.18.1"
      },
      {
        "library": "libproj.so.25",
        "line": "\tlibproj.so.25 => /usr/lib/x86_64-linux-gnu/libproj.so.25 (0x00007eae39a12000)",
        "path": "/usr/lib/x86_64-linux-gnu/libproj.so.25.9.4.0"
      },
      {
        "library": "libdfalt.so.0",
        "line": "\tlibdfalt.so.0 => /usr/lib/x86_64-linux-gnu/libdfalt.so.0 (0x00007eae3996e000)",
        "path": "/usr/lib/x86_64-linux-gnu/libdfalt.so.0.0.0"
      },
      {
        "library": "libmfhdfalt.so.0",
        "line": "\tlibmfhdfalt.so.0 => /usr/lib/x86_64-linux-gnu/libmfhdfalt.so.0 (0x00007eae39943000)",
        "path": "/usr/lib/x86_64-linux-gnu/libmfhdfalt.so.0.0.0"
      },
      {
        "library": "libXau.so.6",
        "line": "\tlibXau.so.6 => /usr/lib/x86_64-linux-gnu/libXau.so.6 (0x00007eae3993d000)",
        "path": "/usr/lib/x86_64-linux-gnu/libXau.so.6.0.0"
      },
      {
        "library": "libXdmcp.so.6",
        "line": "\tlibXdmcp.so.6 => /usr/lib/x86_64-linux-gnu/libXdmcp.so.6 (0x00007eae39935000)",
        "path": "/usr/lib/x86_64-linux-gnu/libXdmcp.so.6.0.0"
      },
      {
        "library": "libnghttp2.so.14",
        "line": "\tlibnghttp2.so.14 => /usr/lib/x86_64-linux-gnu/libnghttp2.so.14 (0x00007eae3990a000)",
        "path": "/usr/lib/x86_64-linux-gnu/libnghttp2.so.14.26.0"
      },
      {
        "library": "libidn2.so.0",
        "line": "\tlibidn2.so.0 => /usr/lib/x86_64-linux-gnu/libidn2.so.0 (0x00007eae398e6000)",
        "path": "/usr/lib/x86_64-linux-gnu/libidn2.so.0.4.0"
      },
      {
        "library": "librtmp.so.1",
        "line": "\tlibrtmp.so.1 => /usr/lib/x86_64-linux-gnu/librtmp.so.1 (0x00007eae398c8000)",
        "path": "/usr/lib/x86_64-linux-gnu/librtmp.so.1"
      },
      {
        "library": "libssh.so.4",
        "line": "\tlibssh.so.4 => /usr/lib/x86_64-linux-gnu/libssh.so.4 (0x00007eae39856000)",
        "path": "/usr/lib/x86_64-linux-gnu/libssh.so.4.9.6"
      },
      {
        "library": "libpsl.so.5",
        "line": "\tlibpsl.so.5 => /usr/lib/x86_64-linux-gnu/libpsl.so.5 (0x00007eae39842000)",
        "path": "/usr/lib/x86_64-linux-gnu/libpsl.so.5.3.4"
      },
      {
        "library": "libssl.so.3",
        "line": "\tlibssl.so.3 => /usr/lib/x86_64-linux-gnu/libssl.so.3 (0x00007eae39798000)",
        "path": "/usr/lib/x86_64-linux-gnu/libssl.so.3"
      },
      {
        "library": "libgssapi_krb5.so.2",
        "line": "\tlibgssapi_krb5.so.2 => /usr/lib/x86_64-linux-gnu/libgssapi_krb5.so.2 (0x00007eae39744000)",
        "path": "/usr/lib/x86_64-linux-gnu/libgssapi_krb5.so.2.2"
      },
      {
        "library": "libldap.so.2",
        "line": "\tlibldap.so.2 => /usr/lib/x86_64-linux-gnu/libldap.so.2 (0x00007eae396e5000)",
        "path": "/usr/lib/x86_64-linux-gnu/libldap.so.2.0.200"
      },
      {
        "library": "liblber.so.2",
        "line": "\tliblber.so.2 => /usr/lib/x86_64-linux-gnu/liblber.so.2 (0x00007eae396d5000)",
        "path": "/usr/lib/x86_64-linux-gnu/liblber.so.2.0.200"
      },
      {
        "library": "libbrotlidec.so.1",
        "line": "\tlibbrotlidec.so.1 => /usr/lib/x86_64-linux-gnu/libbrotlidec.so.1 (0x00007eae396c7000)",
        "path": "/usr/lib/x86_64-linux-gnu/libbrotlidec.so.1.1.0"
      },
      {
        "library": "libltdl.so.7",
        "line": "\tlibltdl.so.7 => /usr/lib/x86_64-linux-gnu/libltdl.so.7 (0x00007eae396bc000)",
        "path": "/usr/lib/x86_64-linux-gnu/libltdl.so.7.3.2"
      },
      {
        "library": "libicuuc.so.74",
        "line": "\tlibicuuc.so.74 => /usr/lib/x86_64-linux-gnu/libicuuc.so.74 (0x00007eae394af000)",
        "path": "/usr/lib/x86_64-linux-gnu/libicuuc.so.74.2"
      },
      {
        "library": "libsnappy.so.1",
        "line": "\tlibsnappy.so.1 => /usr/lib/x86_64-linux-gnu/libsnappy.so.1 (0x00007eae394a2000)",
        "path": "/usr/lib/x86_64-linux-gnu/libsnappy.so.1.1.10"
      },
      {
        "library": "libarpack.so.2",
        "line": "\tlibarpack.so.2 => /usr/lib/x86_64-linux-gnu/libarpack.so.2 (0x00007eae39458000)",
        "path": "/usr/lib/x86_64-linux-gnu/libarpack.so.2.1.0"
      },
      {
        "library": "libsuperlu.so.6",
        "line": "\tlibsuperlu.so.6 => /usr/lib/x86_64-linux-gnu/libsuperlu.so.6 (0x00007eae393e8000)",
        "path": "/usr/lib/x86_64-linux-gnu/libsuperlu.so.6.0.1"
      },
      {
        "library": "libcurl-gnutls.so.4",
        "line": "\tlibcurl-gnutls.so.4 => /usr/lib/x86_64-linux-gnu/libcurl-gnutls.so.4 (0x00007eae3932d000)",
        "path": "/usr/lib/x86_64-linux-gnu/libcurl-gnutls.so.4.8.0"
      },
      {
        "library": "libfreetype.so.6",
        "line": "\tlibfreetype.so.6 => /usr/lib/x86_64-linux-gnu/libfreetype.so.6 (0x00007eae39261000)",
        "path": "/usr/lib/x86_64-linux-gnu/libfreetype.so.6.20.1"
      },
      {
        "library": "libfontconfig.so.1",
        "line": "\tlibfontconfig.so.1 => /usr/lib/x86_64-linux-gnu/libfontconfig.so.1 (0x00007eae3920e000)",
        "path": "/usr/lib/x86_64-linux-gnu/libfontconfig.so.1.12.1"
      },
      {
        "library": "liblcms2.so.2",
        "line": "\tliblcms2.so.2 => /usr/lib/x86_64-linux-gnu/liblcms2.so.2 (0x00007eae391ac000)",
        "path": "/usr/lib/x86_64-linux-gnu/liblcms2.so.2.0.14"
      },
      {
        "library": "libnss3.so",
        "line": "\tlibnss3.so => /usr/lib/x86_64-linux-gnu/libnss3.so (0x00007eae3907d000)",
        "path": "/usr/lib/x86_64-linux-gnu/libnss3.so"
      },
      {
        "library": "libsmime3.so",
        "line": "\tlibsmime3.so => /usr/lib/x86_64-linux-gnu/libsmime3.so (0x00007eae39054000)",
        "path": "/usr/lib/x86_64-linux-gnu/libsmime3.so"
      },
      {
        "library": "libplc4.so",
        "line": "\tlibplc4.so => /usr/lib/x86_64-linux-gnu/libplc4.so (0x00007eae3904d000)",
        "path": "/usr/lib/x86_64-linux-gnu/libplc4.so"
      },
      {
        "library": "libnspr4.so",
        "line": "\tlibnspr4.so => /usr/lib/x86_64-linux-gnu/libnspr4.so (0x00007eae3900e000)",
        "path": "/usr/lib/x86_64-linux-gnu/libnspr4.so"
      },
      {
        "library": "libhdf5_serial_hl.so.100",
        "line": "\tlibhdf5_serial_hl.so.100 => /usr/lib/x86_64-linux-gnu/libhdf5_serial_hl.so.100 (0x00007eae38fe7000)",
        "path": "/usr/lib/x86_64-linux-gnu/libhdf5_serial_hl.so.100.1.7"
      },
      {
        "library": "libbz2.so.1.0",
        "line": "\tlibbz2.so.1.0 => /usr/lib/x86_64-linux-gnu/libbz2.so.1.0 (0x00007eae38fd3000)",
        "path": "/usr/lib/x86_64-linux-gnu/libbz2.so.1.0.4"
      },
      {
        "library": "libsz.so.2",
        "line": "\tlibsz.so.2 => /usr/lib/x86_64-linux-gnu/libsz.so.2 (0x00007eae38fce000)",
        "path": "/usr/lib/x86_64-linux-gnu/libsz.so.2.0.1"
      },
      {
        "library": "libminizip.so.1",
        "line": "\tlibminizip.so.1 => /usr/lib/x86_64-linux-gnu/libminizip.so.1 (0x00007eae38fc1000)",
        "path": "/usr/lib/x86_64-linux-gnu/libminizip.so.1.0.0"
      },
      {
        "library": "liburiparser.so.1",
        "line": "\tliburiparser.so.1 => /usr/lib/x86_64-linux-gnu/liburiparser.so.1 (0x00007eae38faa000)",
        "path": "/usr/lib/x86_64-linux-gnu/liburiparser.so.1.0.30"
      },
      {
        "library": "libfyut.so.0",
        "line": "\tlibfyut.so.0 => /usr/lib/x86_64-linux-gnu/libfyut.so.0 (0x00007eae38f9d000)",
        "path": "/usr/lib/x86_64-linux-gnu/libfyut.so.0.0.0"
      },
      {
        "library": "libfygm.so.0",
        "line": "\tlibfygm.so.0 => /usr/lib/x86_64-linux-gnu/libfygm.so.0 (0x00007eae38f94000)",
        "path": "/usr/lib/x86_64-linux-gnu/libfygm.so.0.0.0"
      },
      {
        "library": "librttopo.so.1",
        "line": "\tlibrttopo.so.1 => /usr/lib/x86_64-linux-gnu/librttopo.so.1 (0x00007eae38f24000)",
        "path": "/usr/lib/x86_64-linux-gnu/librttopo.so.1.1.0"
      },
      {
        "library": "libresolv.so.2",
        "line": "\tlibresolv.so.2 => /usr/lib/x86_64-linux-gnu/libresolv.so.2 (0x00007eae38f11000)",
        "path": "/usr/lib/x86_64-linux-gnu/libresolv.so.2"
      },
      {
        "library": "libtirpc.so.3",
        "line": "\tlibtirpc.so.3 => /usr/lib/x86_64-linux-gnu/libtirpc.so.3 (0x00007eae38ee4000)",
        "path": "/usr/lib/x86_64-linux-gnu/libtirpc.so.3.0.0"
      },
      {
        "library": "libgeos.so.3.12.1",
        "line": "\tlibgeos.so.3.12.1 => /usr/lib/x86_64-linux-gnu/libgeos.so.3.12.1 (0x00007eae38c7a000)",
        "path": "/usr/lib/x86_64-linux-gnu/libgeos.so.3.12.1"
      },
      {
        "library": "libbsd.so.0",
        "line": "\tlibbsd.so.0 => /usr/lib/x86_64-linux-gnu/libbsd.so.0 (0x00007eae38c64000)",
        "path": "/usr/lib/x86_64-linux-gnu/libbsd.so.0.12.1"
      },
      {
        "library": "libunistring.so.5",
        "line": "\tlibunistring.so.5 => /usr/lib/x86_64-linux-gnu/libunistring.so.5 (0x00007eae38ab7000)",
        "path": "/usr/lib/x86_64-linux-gnu/libunistring.so.5.0.0"
      },
      {
        "library": "libgnutls.so.30",
        "line": "\tlibgnutls.so.30 => /usr/lib/x86_64-linux-gnu/libgnutls.so.30 (0x00007eae388bd000)",
        "path": "/usr/lib/x86_64-linux-gnu/libgnutls.so.30.37.1"
      },
      {
        "library": "libhogweed.so.6",
        "line": "\tlibhogweed.so.6 => /usr/lib/x86_64-linux-gnu/libhogweed.so.6 (0x00007eae38875000)",
        "path": "/usr/lib/x86_64-linux-gnu/libhogweed.so.6.8"
      },
      {
        "library": "libnettle.so.8",
        "line": "\tlibnettle.so.8 => /usr/lib/x86_64-linux-gnu/libnettle.so.8 (0x00007eae3881e000)",
        "path": "/usr/lib/x86_64-linux-gnu/libnettle.so.8.8"
      },
      {
        "library": "libgmp.so.10",
        "line": "\tlibgmp.so.10 => /usr/lib/x86_64-linux-gnu/libgmp.so.10 (0x00007eae3879a000)",
        "path": "/usr/lib/x86_64-linux-gnu/libgmp.so.10.5.0"
      },
      {
        "library": "libkrb5.so.3",
        "line": "\tlibkrb5.so.3 => /usr/lib/x86_64-linux-gnu/libkrb5.so.3 (0x00007eae386d1000)",
        "path": "/usr/lib/x86_64-linux-gnu/libkrb5.so.3.3"
      },
      {
        "library": "libk5crypto.so.3",
        "line": "\tlibk5crypto.so.3 => /usr/lib/x86_64-linux-gnu/libk5crypto.so.3 (0x00007eae386a5000)",
        "path": "/usr/lib/x86_64-linux-gnu/libk5crypto.so.3.1"
      },
      {
        "library": "libcom_err.so.2",
        "line": "\tlibcom_err.so.2 => /usr/lib/x86_64-linux-gnu/libcom_err.so.2 (0x00007eae3869f000)",
        "path": "/usr/lib/x86_64-linux-gnu/libcom_err.so.2.1"
      },
      {
        "library": "libkrb5support.so.0",
        "line": "\tlibkrb5support.so.0 => /usr/lib/x86_64-linux-gnu/libkrb5support.so.0 (0x00007eae38690000)",
        "path": "/usr/lib/x86_64-linux-gnu/libkrb5support.so.0.1"
      },
      {
        "library": "libsasl2.so.2",
        "line": "\tlibsasl2.so.2 => /usr/lib/x86_64-linux-gnu/libsasl2.so.2 (0x00007eae38676000)",
        "path": "/usr/lib/x86_64-linux-gnu/libsasl2.so.2.0.25"
      },
      {
        "library": "libbrotlicommon.so.1",
        "line": "\tlibbrotlicommon.so.1 => /usr/lib/x86_64-linux-gnu/libbrotlicommon.so.1 (0x00007eae38653000)",
        "path": "/usr/lib/x86_64-linux-gnu/libbrotlicommon.so.1.1.0"
      },
      {
        "library": "libicudata.so.74",
        "line": "\tlibicudata.so.74 => /usr/lib/x86_64-linux-gnu/libicudata.so.74 (0x00007eae368f3000)",
        "path": "/usr/lib/x86_64-linux-gnu/libicudata.so.74.2"
      },
      {
        "library": "libnssutil3.so",
        "line": "\tlibnssutil3.so => /usr/lib/x86_64-linux-gnu/libnssutil3.so (0x00007eae368c1000)",
        "path": "/usr/lib/x86_64-linux-gnu/libnssutil3.so"
      },
      {
        "library": "libplds4.so",
        "line": "\tlibplds4.so => /usr/lib/x86_64-linux-gnu/libplds4.so (0x00007eae368ba000)",
        "path": "/usr/lib/x86_64-linux-gnu/libplds4.so"
      },
      {
        "library": "libmd.so.0",
        "line": "\tlibmd.so.0 => /usr/lib/x86_64-linux-gnu/libmd.so.0 (0x00007eae368ab000)",
        "path": "/usr/lib/x86_64-linux-gnu/libmd.so.0.1.0"
      },
      {
        "library": "libp11-kit.so.0",
        "line": "\tlibp11-kit.so.0 => /usr/lib/x86_64-linux-gnu/libp11-kit.so.0 (0x00007eae36707000)",
        "path": "/usr/lib/x86_64-linux-gnu/libp11-kit.so.0.3.1"
      },
      {
        "library": "libtasn1.so.6",
        "line": "\tlibtasn1.so.6 => /usr/lib/x86_64-linux-gnu/libtasn1.so.6 (0x00007eae366f1000)",
        "path": "/usr/lib/x86_64-linux-gnu/libtasn1.so.6.6.3"
      },
      {
        "library": "libkeyutils.so.1",
        "line": "\tlibkeyutils.so.1 => /usr/lib/x86_64-linux-gnu/libkeyutils.so.1 (0x00007eae366e8000)",
        "path": "/usr/lib/x86_64-linux-gnu/libkeyutils.so.1.10"
      },
      {
        "library": "libffi.so.8",
        "line": "\tlibffi.so.8 => /usr/lib/x86_64-linux-gnu/libffi.so.8 (0x00007eae366dc000)",
        "path": "/usr/lib/x86_64-linux-gnu/libffi.so.8.1.4"
      }
    ],
    "ldd_test_risk_grid_map.log": [
      {
        "library": "linux-vdso.so.1",
        "line": "\tlinux-vdso.so.1 (0x0000706b7490b000)",
        "path": ""
      },
      {
        "library": "libiap.so",
        "line": "\tlibiap.so => /home/dev/ws_iap/src/iap/results/icra27/icra032/install/lib/libiap.so (0x0000706b74000000)",
        "path": "/home/dev/ws_iap/src/iap/results/icra27/icra032/install/lib/libiap.so"
      },
      {
        "library": "libstdc++.so.6",
        "line": "\tlibstdc++.so.6 => /usr/lib/x86_64-linux-gnu/libstdc++.so.6 (0x0000706b73d82000)",
        "path": "/usr/lib/x86_64-linux-gnu/libstdc++.so.6.0.33"
      },
      {
        "library": "libm.so.6",
        "line": "\tlibm.so.6 => /usr/lib/x86_64-linux-gnu/libm.so.6 (0x0000706b73c99000)",
        "path": "/usr/lib/x86_64-linux-gnu/libm.so.6"
      },
      {
        "library": "libgcc_s.so.1",
        "line": "\tlibgcc_s.so.1 => /usr/lib/x86_64-linux-gnu/libgcc_s.so.1 (0x0000706b73c6b000)",
        "path": "/usr/lib/x86_64-linux-gnu/libgcc_s.so.1"
      },
      {
        "library": "libc.so.6",
        "line": "\tlibc.so.6 => /usr/lib/x86_64-linux-gnu/libc.so.6 (0x0000706b73a59000)",
        "path": "/usr/lib/x86_64-linux-gnu/libc.so.6"
      },
      {
        "library": "libgtsam_points.so.1",
        "line": "\tlibgtsam_points.so.1 => /usr/local/lib/libgtsam_points.so.1 (0x0000706b73766000)",
        "path": "/usr/local/lib/libgtsam_points.so.1.2.1"
      },
      {
        "library": "libspdlog.so.1.12",
        "line": "\tlibspdlog.so.1.12 => /usr/lib/x86_64-linux-gnu/libspdlog.so.1.12 (0x0000706b736df000)",
        "path": "/usr/lib/x86_64-linux-gnu/libspdlog.so.1.12.0"
      },
      {
        "library": "libopencv_core.so.406",
        "line": "\tlibopencv_core.so.406 => /usr/lib/x86_64-linux-gnu/libopencv_core.so.406 (0x0000706b7336b000)",
        "path": "/usr/lib/x86_64-linux-gnu/libopencv_core.so.4.6.0"
      },
      {
        "library": "libgnss_comm_lib.so",
        "line": "\tlibgnss_comm_lib.so => /home/dev/ws_iap/install/gnss_comm/lib/libgnss_comm_lib.so (0x0000706b73000000)",
        "path": "/home/dev/ws_iap/install/gnss_comm/lib/libgnss_comm_lib.so"
      },
      {
        "library": "libgtsam_points_cuda.so.1",
        "line": "\tlibgtsam_points_cuda.so.1 => /usr/local/lib/libgtsam_points_cuda.so.1 (0x0000706b72ce9000)",
        "path": "/usr/local/lib/libgtsam_points_cuda.so.1.2.1"
      },
      {
        "library": "libgomp.so.1",
        "line": "\tlibgomp.so.1 => /usr/lib/x86_64-linux-gnu/libgomp.so.1 (0x0000706b72c93000)",
        "path": "/usr/lib/x86_64-linux-gnu/libgomp.so.1.0.0"
      },
      {
        "library": "libgtsam.so.4",
        "line": "\tlibgtsam.so.4 => /usr/lib/x86_64-linux-gnu/libgtsam.so.4 (0x0000706b72796000)",
        "path": "/usr/lib/x86_64-linux-gnu/libgtsam.so.4.3a0"
      },
      {
        "library": "libboost_serialization.so.1.83.0",
        "line": "\tlibboost_serialization.so.1.83.0 => /usr/lib/x86_64-linux-gnu/libboost_serialization.so.1.83.0 (0x0000706b73328000)",
        "path": "/usr/lib/x86_64-linux-gnu/libboost_serialization.so.1.83.0"
      },
      {
        "library": "libboost_filesystem.so.1.83.0",
        "line": "\tlibboost_filesystem.so.1.83.0 => /usr/lib/x86_64-linux-gnu/libboost_filesystem.so.1.83.0 (0x0000706b72773000)",
        "path": "/usr/lib/x86_64-linux-gnu/libboost_filesystem.so.1.83.0"
      },
      {
        "library": "libcephes-gtsam.so.1",
        "line": "\tlibcephes-gtsam.so.1 => /usr/lib/x86_64-linux-gnu/libcephes-gtsam.so.1 (0x0000706b72741000)",
        "path": "/usr/lib/x86_64-linux-gnu/libcephes-gtsam.so.1.0.0"
      },
      {
        "library": "libfmt.so.9",
        "line": "\tlibfmt.so.9 => /usr/lib/x86_64-linux-gnu/libfmt.so.9 (0x0000706b72720000)",
        "path": "/usr/lib/x86_64-linux-gnu/libfmt.so.9.1.0"
      },
      {
        "library": "/lib64/ld-linux-x86-64.so.2",
        "line": "\t/lib64/ld-linux-x86-64.so.2 (0x0000706b7490d000)",
        "path": ""
      },
      {
        "library": "libboost_timer.so.1.83.0",
        "line": "\tlibboost_timer.so.1.83.0 => /usr/lib/x86_64-linux-gnu/libboost_timer.so.1.83.0 (0x0000706b72719000)",
        "path": "/usr/lib/x86_64-linux-gnu/libboost_timer.so.1.83.0"
      },
      {
        "library": "libz.so.1",
        "line": "\tlibz.so.1 => /usr/lib/x86_64-linux-gnu/libz.so.1 (0x0000706b726fd000)",
        "path": "/usr/lib/x86_64-linux-gnu/libz.so.1.3"
      },
      {
        "library": "libGLX.so.0",
        "line": "\tlibGLX.so.0 => /usr/lib/x86_64-linux-gnu/libGLX.so.0 (0x0000706b726ca000)",
        "path": "/usr/lib/x86_64-linux-gnu/libGLX.so.0.0.0"
      },
      {
        "library": "liblapack.so.3",
        "line": "\tliblapack.so.3 => /usr/lib/x86_64-linux-gnu/liblapack.so.3 (0x0000706b71fd8000)",
        "path": "/usr/lib/x86_64-linux-gnu/lapack/liblapack.so.3.12.0"
      },
      {
        "library": "libblas.so.3",
        "line": "\tlibblas.so.3 => /usr/lib/x86_64-linux-gnu/libblas.so.3 (0x0000706b71f31000)",
        "path": "/usr/lib/x86_64-linux-gnu/blas/libblas.so.3.12.0"
      },
      {
        "library": "libtbb.so.12",
        "line": "\tlibtbb.so.12 => /usr/lib/x86_64-linux-gnu/libtbb.so.12 (0x0000706b71edd000)",
        "path": "/usr/lib/x86_64-linux-gnu/libtbb.so.12.11"
      },
      {
        "library": "libglog.so.1",
        "line": "\tlibglog.so.1 => /usr/lib/x86_64-linux-gnu/libglog.so.1 (0x0000706b71ea7000)",
        "path": "/usr/lib/x86_64-linux-gnu/libglog.so.0.6.0"
      },
      {
        "library": "libcudart.so.12",
        "line": "\tlibcudart.so.12 => /usr/local/cuda/targets/x86_64-linux/lib/libcudart.so.12 (0x0000706b71a00000)",
        "path": "/usr/local/cuda-12.5/targets/x86_64-linux/lib/libcudart.so.12.5.82"
      },
      {
        "library": "libmetis.so.5",
        "line": "\tlibmetis.so.5 => /usr/lib/x86_64-linux-gnu/libmetis.so.5 (0x0000706b71e3b000)",
        "path": "/usr/lib/x86_64-linux-gnu/libmetis.so.5.1.0"
      },
      {
        "library": "libGLdispatch.so.0",
        "line": "\tlibGLdispatch.so.0 => /usr/lib/x86_64-linux-gnu/libGLdispatch.so.0 (0x0000706b71d83000)",
        "path": "/usr/lib/x86_64-linux-gnu/libGLdispatch.so.0.0.0"
      },
      {
        "library": "libX11.so.6",
        "line": "\tlibX11.so.6 => /usr/lib/x86_64-linux-gnu/libX11.so.6 (0x0000706b718c3000)",
        "path": "/usr/lib/x86_64-linux-gnu/libX11.so.6.4.0"
      },
      {
        "library": "libgfortran.so.5",
        "line": "\tlibgfortran.so.5 => /usr/lib/x86_64-linux-gnu/libgfortran.so.5 (0x0000706b715a5000)",
        "path": "/usr/lib/x86_64-linux-gnu/libgfortran.so.5.0.0"
      },
      {
        "library": "libgflags.so.2.2",
        "line": "\tlibgflags.so.2.2 => /usr/lib/x86_64-linux-gnu/libgflags.so.2.2 (0x0000706b71d62000)",
        "path": "/usr/lib/x86_64-linux-gnu/libgflags.so.2.2.2"
      },
      {
        "library": "libunwind.so.8",
        "line": "\tlibunwind.so.8 => /usr/lib/x86_64-linux-gnu/libunwind.so.8 (0x0000706b71d45000)",
        "path": "/usr/lib/x86_64-linux-gnu/libunwind.so.8.0.1"
      },
      {
        "library": "libdl.so.2",
        "line": "\tlibdl.so.2 => /usr/lib/x86_64-linux-gnu/libdl.so.2 (0x0000706b71d40000)",
        "path": "/usr/lib/x86_64-linux-gnu/libdl.so.2"
      },
      {
        "library": "libpthread.so.0",
        "line": "\tlibpthread.so.0 => /usr/lib/x86_64-linux-gnu/libpthread.so.0 (0x0000706b71d3b000)",
        "path": "/usr/lib/x86_64-linux-gnu/libpthread.so.0"
      },
      {
        "library": "librt.so.1",
        "line": "\tlibrt.so.1 => /usr/lib/x86_64-linux-gnu/librt.so.1 (0x0000706b71d36000)",
        "path": "/usr/lib/x86_64-linux-gnu/librt.so.1"
      },
      {
        "library": "libxcb.so.1",
        "line": "\tlibxcb.so.1 => /usr/lib/x86_64-linux-gnu/libxcb.so.1 (0x0000706b71d0d000)",
        "path": "/usr/lib/x86_64-linux-gnu/libxcb.so.1.1.0"
      },
      {
        "library": "liblzma.so.5",
        "line": "\tliblzma.so.5 => /usr/lib/x86_64-linux-gnu/liblzma.so.5 (0x0000706b71cd9000)",
        "path": "/usr/lib/x86_64-linux-gnu/liblzma.so.5.4.5"
      },
      {
        "library": "libXau.so.6",
        "line": "\tlibXau.so.6 => /usr/lib/x86_64-linux-gnu/libXau.so.6 (0x0000706b71cd3000)",
        "path": "/usr/lib/x86_64-linux-gnu/libXau.so.6.0.0"
      },
      {
        "library": "libXdmcp.so.6",
        "line": "\tlibXdmcp.so.6 => /usr/lib/x86_64-linux-gnu/libXdmcp.so.6 (0x0000706b71ccb000)",
        "path": "/usr/lib/x86_64-linux-gnu/libXdmcp.so.6.0.0"
      },
      {
        "library": "libbsd.so.0",
        "line": "\tlibbsd.so.0 => /usr/lib/x86_64-linux-gnu/libbsd.so.0 (0x0000706b71cb5000)",
        "path": "/usr/lib/x86_64-linux-gnu/libbsd.so.0.12.1"
      },
      {
        "library": "libmd.so.0",
        "line": "\tlibmd.so.0 => /usr/lib/x86_64-linux-gnu/libmd.so.0 (0x0000706b71596000)",
        "path": "/usr/lib/x86_64-linux-gnu/libmd.so.0.1.0"
      }
    ],
    "ldd_test_rolling_spatial_advisory_window.log": [
      {
        "library": "linux-vdso.so.1",
        "line": "\tlinux-vdso.so.1 (0x00007290966e1000)",
        "path": ""
      },
      {
        "library": "libiap.so",
        "line": "\tlibiap.so => /home/dev/ws_iap/src/iap/results/icra27/icra032/install/lib/libiap.so (0x0000729095e00000)",
        "path": "/home/dev/ws_iap/src/iap/results/icra27/icra032/install/lib/libiap.so"
      },
      {
        "library": "libstdc++.so.6",
        "line": "\tlibstdc++.so.6 => /usr/lib/x86_64-linux-gnu/libstdc++.so.6 (0x0000729095b64000)",
        "path": "/usr/lib/x86_64-linux-gnu/libstdc++.so.6.0.33"
      },
      {
        "library": "libm.so.6",
        "line": "\tlibm.so.6 => /usr/lib/x86_64-linux-gnu/libm.so.6 (0x0000729095a7b000)",
        "path": "/usr/lib/x86_64-linux-gnu/libm.so.6"
      },
      {
        "library": "libgcc_s.so.1",
        "line": "\tlibgcc_s.so.1 => /usr/lib/x86_64-linux-gnu/libgcc_s.so.1 (0x0000729095a4d000)",
        "path": "/usr/lib/x86_64-linux-gnu/libgcc_s.so.1"
      },
      {
        "library": "libc.so.6",
        "line": "\tlibc.so.6 => /usr/lib/x86_64-linux-gnu/libc.so.6 (0x000072909583b000)",
        "path": "/usr/lib/x86_64-linux-gnu/libc.so.6"
      },
      {
        "library": "libgtsam_points.so.1",
        "line": "\tlibgtsam_points.so.1 => /usr/local/lib/libgtsam_points.so.1 (0x0000729095548000)",
        "path": "/usr/local/lib/libgtsam_points.so.1.2.1"
      },
      {
        "library": "libspdlog.so.1.12",
        "line": "\tlibspdlog.so.1.12 => /usr/lib/x86_64-linux-gnu/libspdlog.so.1.12 (0x00007290954c1000)",
        "path": "/usr/lib/x86_64-linux-gnu/libspdlog.so.1.12.0"
      },
      {
        "library": "libopencv_core.so.406",
        "line": "\tlibopencv_core.so.406 => /usr/lib/x86_64-linux-gnu/libopencv_core.so.406 (0x000072909514d000)",
        "path": "/usr/lib/x86_64-linux-gnu/libopencv_core.so.4.6.0"
      },
      {
        "library": "libgnss_comm_lib.so",
        "line": "\tlibgnss_comm_lib.so => /home/dev/ws_iap/install/gnss_comm/lib/libgnss_comm_lib.so (0x0000729094e00000)",
        "path": "/home/dev/ws_iap/install/gnss_comm/lib/libgnss_comm_lib.so"
      },
      {
        "library": "libgtsam_points_cuda.so.1",
        "line": "\tlibgtsam_points_cuda.so.1 => /usr/local/lib/libgtsam_points_cuda.so.1 (0x0000729094ae9000)",
        "path": "/usr/local/lib/libgtsam_points_cuda.so.1.2.1"
      },
      {
        "library": "libgomp.so.1",
        "line": "\tlibgomp.so.1 => /usr/lib/x86_64-linux-gnu/libgomp.so.1 (0x0000729094a93000)",
        "path": "/usr/lib/x86_64-linux-gnu/libgomp.so.1.0.0"
      },
      {
        "library": "libgtsam.so.4",
        "line": "\tlibgtsam.so.4 => /usr/lib/x86_64-linux-gnu/libgtsam.so.4 (0x0000729094596000)",
        "path": "/usr/lib/x86_64-linux-gnu/libgtsam.so.4.3a0"
      },
      {
        "library": "libboost_serialization.so.1.83.0",
        "line": "\tlibboost_serialization.so.1.83.0 => /usr/lib/x86_64-linux-gnu/libboost_serialization.so.1.83.0 (0x0000729094553000)",
        "path": "/usr/lib/x86_64-linux-gnu/libboost_serialization.so.1.83.0"
      },
      {
        "library": "libboost_filesystem.so.1.83.0",
        "line": "\tlibboost_filesystem.so.1.83.0 => /usr/lib/x86_64-linux-gnu/libboost_filesystem.so.1.83.0 (0x000072909512a000)",
        "path": "/usr/lib/x86_64-linux-gnu/libboost_filesystem.so.1.83.0"
      },
      {
        "library": "libcephes-gtsam.so.1",
        "line": "\tlibcephes-gtsam.so.1 => /usr/lib/x86_64-linux-gnu/libcephes-gtsam.so.1 (0x0000729094521000)",
        "path": "/usr/lib/x86_64-linux-gnu/libcephes-gtsam.so.1.0.0"
      },
      {
        "library": "libfmt.so.9",
        "line": "\tlibfmt.so.9 => /usr/lib/x86_64-linux-gnu/libfmt.so.9 (0x0000729094500000)",
        "path": "/usr/lib/x86_64-linux-gnu/libfmt.so.9.1.0"
      },
      {
        "library": "/lib64/ld-linux-x86-64.so.2",
        "line": "\t/lib64/ld-linux-x86-64.so.2 (0x00007290966e3000)",
        "path": ""
      },
      {
        "library": "libboost_timer.so.1.83.0",
        "line": "\tlibboost_timer.so.1.83.0 => /usr/lib/x86_64-linux-gnu/libboost_timer.so.1.83.0 (0x00007290944f9000)",
        "path": "/usr/lib/x86_64-linux-gnu/libboost_timer.so.1.83.0"
      },
      {
        "library": "libz.so.1",
        "line": "\tlibz.so.1 => /usr/lib/x86_64-linux-gnu/libz.so.1 (0x00007290944dd000)",
        "path": "/usr/lib/x86_64-linux-gnu/libz.so.1.3"
      },
      {
        "library": "libGLX.so.0",
        "line": "\tlibGLX.so.0 => /usr/lib/x86_64-linux-gnu/libGLX.so.0 (0x00007290944aa000)",
        "path": "/usr/lib/x86_64-linux-gnu/libGLX.so.0.0.0"
      },
      {
        "library": "liblapack.so.3",
        "line": "\tliblapack.so.3 => /usr/lib/x86_64-linux-gnu/liblapack.so.3 (0x0000729093dba000)",
        "path": "/usr/lib/x86_64-linux-gnu/lapack/liblapack.so.3.12.0"
      },
      {
        "library": "libblas.so.3",
        "line": "\tlibblas.so.3 => /usr/lib/x86_64-linux-gnu/libblas.so.3 (0x0000729093d13000)",
        "path": "/usr/lib/x86_64-linux-gnu/blas/libblas.so.3.12.0"
      },
      {
        "library": "libtbb.so.12",
        "line": "\tlibtbb.so.12 => /usr/lib/x86_64-linux-gnu/libtbb.so.12 (0x0000729093cbf000)",
        "path": "/usr/lib/x86_64-linux-gnu/libtbb.so.12.11"
      },
      {
        "library": "libglog.so.1",
        "line": "\tlibglog.so.1 => /usr/lib/x86_64-linux-gnu/libglog.so.1 (0x0000729093c89000)",
        "path": "/usr/lib/x86_64-linux-gnu/libglog.so.0.6.0"
      },
      {
        "library": "libcudart.so.12",
        "line": "\tlibcudart.so.12 => /usr/local/cuda/targets/x86_64-linux/lib/libcudart.so.12 (0x0000729093800000)",
        "path": "/usr/local/cuda-12.5/targets/x86_64-linux/lib/libcudart.so.12.5.82"
      },
      {
        "library": "libmetis.so.5",
        "line": "\tlibmetis.so.5 => /usr/lib/x86_64-linux-gnu/libmetis.so.5 (0x0000729093c1f000)",
        "path": "/usr/lib/x86_64-linux-gnu/libmetis.so.5.1.0"
      },
      {
        "library": "libGLdispatch.so.0",
        "line": "\tlibGLdispatch.so.0 => /usr/lib/x86_64-linux-gnu/libGLdispatch.so.0 (0x0000729093b67000)",
        "path": "/usr/lib/x86_64-linux-gnu/libGLdispatch.so.0.0.0"
      },
      {
        "library": "libX11.so.6",
        "line": "\tlibX11.so.6 => /usr/lib/x86_64-linux-gnu/libX11.so.6 (0x00007290936c3000)",
        "path": "/usr/lib/x86_64-linux-gnu/libX11.so.6.4.0"
      },
      {
        "library": "libgfortran.so.5",
        "line": "\tlibgfortran.so.5 => /usr/lib/x86_64-linux-gnu/libgfortran.so.5 (0x00007290933a5000)",
        "path": "/usr/lib/x86_64-linux-gnu/libgfortran.so.5.0.0"
      },
      {
        "library": "libgflags.so.2.2",
        "line": "\tlibgflags.so.2.2 => /usr/lib/x86_64-linux-gnu/libgflags.so.2.2 (0x0000729093b46000)",
        "path": "/usr/lib/x86_64-linux-gnu/libgflags.so.2.2.2"
      },
      {
        "library": "libunwind.so.8",
        "line": "\tlibunwind.so.8 => /usr/lib/x86_64-linux-gnu/libunwind.so.8 (0x0000729093b2b000)",
        "path": "/usr/lib/x86_64-linux-gnu/libunwind.so.8.0.1"
      },
      {
        "library": "libdl.so.2",
        "line": "\tlibdl.so.2 => /usr/lib/x86_64-linux-gnu/libdl.so.2 (0x0000729093b26000)",
        "path": "/usr/lib/x86_64-linux-gnu/libdl.so.2"
      },
      {
        "library": "libpthread.so.0",
        "line": "\tlibpthread.so.0 => /usr/lib/x86_64-linux-gnu/libpthread.so.0 (0x0000729093b21000)",
        "path": "/usr/lib/x86_64-linux-gnu/libpthread.so.0"
      },
      {
        "library": "librt.so.1",
        "line": "\tlibrt.so.1 => /usr/lib/x86_64-linux-gnu/librt.so.1 (0x0000729093b1c000)",
        "path": "/usr/lib/x86_64-linux-gnu/librt.so.1"
      },
      {
        "library": "libxcb.so.1",
        "line": "\tlibxcb.so.1 => /usr/lib/x86_64-linux-gnu/libxcb.so.1 (0x0000729093af3000)",
        "path": "/usr/lib/x86_64-linux-gnu/libxcb.so.1.1.0"
      },
      {
        "library": "liblzma.so.5",
        "line": "\tliblzma.so.5 => /usr/lib/x86_64-linux-gnu/liblzma.so.5 (0x0000729093abf000)",
        "path": "/usr/lib/x86_64-linux-gnu/liblzma.so.5.4.5"
      },
      {
        "library": "libXau.so.6",
        "line": "\tlibXau.so.6 => /usr/lib/x86_64-linux-gnu/libXau.so.6 (0x0000729093ab9000)",
        "path": "/usr/lib/x86_64-linux-gnu/libXau.so.6.0.0"
      },
      {
        "library": "libXdmcp.so.6",
        "line": "\tlibXdmcp.so.6 => /usr/lib/x86_64-linux-gnu/libXdmcp.so.6 (0x0000729093ab1000)",
        "path": "/usr/lib/x86_64-linux-gnu/libXdmcp.so.6.0.0"
      },
      {
        "library": "libbsd.so.0",
        "line": "\tlibbsd.so.0 => /usr/lib/x86_64-linux-gnu/libbsd.so.0 (0x000072909338f000)",
        "path": "/usr/lib/x86_64-linux-gnu/libbsd.so.0.12.1"
      },
      {
        "library": "libmd.so.0",
        "line": "\tlibmd.so.0 => /usr/lib/x86_64-linux-gnu/libmd.so.0 (0x0000729093380000)",
        "path": "/usr/lib/x86_64-linux-gnu/libmd.so.0.1.0"
      }
    ],
    "ldd_test_run_log_manager.log": [
      {
        "library": "linux-vdso.so.1",
        "line": "\tlinux-vdso.so.1 (0x00007b4ac63b1000)",
        "path": ""
      },
      {
        "library": "libiap.so",
        "line": "\tlibiap.so => /home/dev/ws_iap/src/iap/results/icra27/icra032/install/lib/libiap.so (0x00007b4ac5a00000)",
        "path": "/home/dev/ws_iap/src/iap/results/icra27/icra032/install/lib/libiap.so"
      },
      {
        "library": "libstdc++.so.6",
        "line": "\tlibstdc++.so.6 => /usr/lib/x86_64-linux-gnu/libstdc++.so.6 (0x00007b4ac5782000)",
        "path": "/usr/lib/x86_64-linux-gnu/libstdc++.so.6.0.33"
      },
      {
        "library": "libm.so.6",
        "line": "\tlibm.so.6 => /usr/lib/x86_64-linux-gnu/libm.so.6 (0x00007b4ac623a000)",
        "path": "/usr/lib/x86_64-linux-gnu/libm.so.6"
      },
      {
        "library": "libgcc_s.so.1",
        "line": "\tlibgcc_s.so.1 => /usr/lib/x86_64-linux-gnu/libgcc_s.so.1 (0x00007b4ac5754000)",
        "path": "/usr/lib/x86_64-linux-gnu/libgcc_s.so.1"
      },
      {
        "library": "libc.so.6",
        "line": "\tlibc.so.6 => /usr/lib/x86_64-linux-gnu/libc.so.6 (0x00007b4ac5542000)",
        "path": "/usr/lib/x86_64-linux-gnu/libc.so.6"
      },
      {
        "library": "libgtsam_points.so.1",
        "line": "\tlibgtsam_points.so.1 => /usr/local/lib/libgtsam_points.so.1 (0x00007b4ac524f000)",
        "path": "/usr/local/lib/libgtsam_points.so.1.2.1"
      },
      {
        "library": "libspdlog.so.1.12",
        "line": "\tlibspdlog.so.1.12 => /usr/lib/x86_64-linux-gnu/libspdlog.so.1.12 (0x00007b4ac51c8000)",
        "path": "/usr/lib/x86_64-linux-gnu/libspdlog.so.1.12.0"
      },
      {
        "library": "libopencv_core.so.406",
        "line": "\tlibopencv_core.so.406 => /usr/lib/x86_64-linux-gnu/libopencv_core.so.406 (0x00007b4ac4e54000)",
        "path": "/usr/lib/x86_64-linux-gnu/libopencv_core.so.4.6.0"
      },
      {
        "library": "libgnss_comm_lib.so",
        "line": "\tlibgnss_comm_lib.so => /home/dev/ws_iap/install/gnss_comm/lib/libgnss_comm_lib.so (0x00007b4ac4a00000)",
        "path": "/home/dev/ws_iap/install/gnss_comm/lib/libgnss_comm_lib.so"
      },
      {
        "library": "libgtsam_points_cuda.so.1",
        "line": "\tlibgtsam_points_cuda.so.1 => /usr/local/lib/libgtsam_points_cuda.so.1 (0x00007b4ac46e9000)",
        "path": "/usr/local/lib/libgtsam_points_cuda.so.1.2.1"
      },
      {
        "library": "libgomp.so.1",
        "line": "\tlibgomp.so.1 => /usr/lib/x86_64-linux-gnu/libgomp.so.1 (0x00007b4ac4dfe000)",
        "path": "/usr/lib/x86_64-linux-gnu/libgomp.so.1.0.0"
      },
      {
        "library": "libgtsam.so.4",
        "line": "\tlibgtsam.so.4 => /usr/lib/x86_64-linux-gnu/libgtsam.so.4 (0x00007b4ac41ec000)",
        "path": "/usr/lib/x86_64-linux-gnu/libgtsam.so.4.3a0"
      },
      {
        "library": "libboost_serialization.so.1.83.0",
        "line": "\tlibboost_serialization.so.1.83.0 => /usr/lib/x86_64-linux-gnu/libboost_serialization.so.1.83.0 (0x00007b4ac4dbb000)",
        "path": "/usr/lib/x86_64-linux-gnu/libboost_serialization.so.1.83.0"
      },
      {
        "library": "libboost_filesystem.so.1.83.0",
        "line": "\tlibboost_filesystem.so.1.83.0 => /usr/lib/x86_64-linux-gnu/libboost_filesystem.so.1.83.0 (0x00007b4ac4d98000)",
        "path": "/usr/lib/x86_64-linux-gnu/libboost_filesystem.so.1.83.0"
      },
      {
        "library": "libcephes-gtsam.so.1",
        "line": "\tlibcephes-gtsam.so.1 => /usr/lib/x86_64-linux-gnu/libcephes-gtsam.so.1 (0x00007b4ac4d66000)",
        "path": "/usr/lib/x86_64-linux-gnu/libcephes-gtsam.so.1.0.0"
      },
      {
        "library": "libfmt.so.9",
        "line": "\tlibfmt.so.9 => /usr/lib/x86_64-linux-gnu/libfmt.so.9 (0x00007b4ac4d45000)",
        "path": "/usr/lib/x86_64-linux-gnu/libfmt.so.9.1.0"
      },
      {
        "library": "/lib64/ld-linux-x86-64.so.2",
        "line": "\t/lib64/ld-linux-x86-64.so.2 (0x00007b4ac63b3000)",
        "path": ""
      },
      {
        "library": "libboost_timer.so.1.83.0",
        "line": "\tlibboost_timer.so.1.83.0 => /usr/lib/x86_64-linux-gnu/libboost_timer.so.1.83.0 (0x00007b4ac622f000)",
        "path": "/usr/lib/x86_64-linux-gnu/libboost_timer.so.1.83.0"
      },
      {
        "library": "libz.so.1",
        "line": "\tlibz.so.1 => /usr/lib/x86_64-linux-gnu/libz.so.1 (0x00007b4ac4d29000)",
        "path": "/usr/lib/x86_64-linux-gnu/libz.so.1.3"
      },
      {
        "library": "libGLX.so.0",
        "line": "\tlibGLX.so.0 => /usr/lib/x86_64-linux-gnu/libGLX.so.0 (0x00007b4ac41b9000)",
        "path": "/usr/lib/x86_64-linux-gnu/libGLX.so.0.0.0"
      },
      {
        "library": "liblapack.so.3",
        "line": "\tliblapack.so.3 => /usr/lib/x86_64-linux-gnu/liblapack.so.3 (0x00007b4ac3ac9000)",
        "path": "/usr/lib/x86_64-linux-gnu/lapack/liblapack.so.3.12.0"
      },
      {
        "library": "libblas.so.3",
        "line": "\tlibblas.so.3 => /usr/lib/x86_64-linux-gnu/libblas.so.3 (0x00007b4ac3a22000)",
        "path": "/usr/lib/x86_64-linux-gnu/blas/libblas.so.3.12.0"
      },
      {
        "library": "libtbb.so.12",
        "line": "\tlibtbb.so.12 => /usr/lib/x86_64-linux-gnu/libtbb.so.12 (0x00007b4ac39ce000)",
        "path": "/usr/lib/x86_64-linux-gnu/libtbb.so.12.11"
      },
      {
        "library": "libglog.so.1",
        "line": "\tlibglog.so.1 => /usr/lib/x86_64-linux-gnu/libglog.so.1 (0x00007b4ac3998000)",
        "path": "/usr/lib/x86_64-linux-gnu/libglog.so.0.6.0"
      },
      {
        "library": "libcudart.so.12",
        "line": "\tlibcudart.so.12 => /usr/local/cuda/targets/x86_64-linux/lib/libcudart.so.12 (0x00007b4ac3600000)",
        "path": "/usr/local/cuda-12.5/targets/x86_64-linux/lib/libcudart.so.12.5.82"
      },
      {
        "library": "libmetis.so.5",
        "line": "\tlibmetis.so.5 => /usr/lib/x86_64-linux-gnu/libmetis.so.5 (0x00007b4ac392e000)",
        "path": "/usr/lib/x86_64-linux-gnu/libmetis.so.5.1.0"
      },
      {
        "library": "libGLdispatch.so.0",
        "line": "\tlibGLdispatch.so.0 => /usr/lib/x86_64-linux-gnu/libGLdispatch.so.0 (0x00007b4ac3548000)",
        "path": "/usr/lib/x86_64-linux-gnu/libGLdispatch.so.0.0.0"
      },
      {
        "library": "libX11.so.6",
        "line": "\tlibX11.so.6 => /usr/lib/x86_64-linux-gnu/libX11.so.6 (0x00007b4ac340b000)",
        "path": "/usr/lib/x86_64-linux-gnu/libX11.so.6.4.0"
      },
      {
        "library": "libgfortran.so.5",
        "line": "\tlibgfortran.so.5 => /usr/lib/x86_64-linux-gnu/libgfortran.so.5 (0x00007b4ac30ed000)",
        "path": "/usr/lib/x86_64-linux-gnu/libgfortran.so.5.0.0"
      },
      {
        "library": "libgflags.so.2.2",
        "line": "\tlibgflags.so.2.2 => /usr/lib/x86_64-linux-gnu/libgflags.so.2.2 (0x00007b4ac390d000)",
        "path": "/usr/lib/x86_64-linux-gnu/libgflags.so.2.2.2"
      },
      {
        "library": "libunwind.so.8",
        "line": "\tlibunwind.so.8 => /usr/lib/x86_64-linux-gnu/libunwind.so.8 (0x00007b4ac38f2000)",
        "path": "/usr/lib/x86_64-linux-gnu/libunwind.so.8.0.1"
      },
      {
        "library": "libdl.so.2",
        "line": "\tlibdl.so.2 => /usr/lib/x86_64-linux-gnu/libdl.so.2 (0x00007b4ac6224000)",
        "path": "/usr/lib/x86_64-linux-gnu/libdl.so.2"
      },
      {
        "library": "libpthread.so.0",
        "line": "\tlibpthread.so.0 => /usr/lib/x86_64-linux-gnu/libpthread.so.0 (0x00007b4ac621f000)",
        "path": "/usr/lib/x86_64-linux-gnu/libpthread.so.0"
      },
      {
        "library": "librt.so.1",
        "line": "\tlibrt.so.1 => /usr/lib/x86_64-linux-gnu/librt.so.1 (0x00007b4ac38ed000)",
        "path": "/usr/lib/x86_64-linux-gnu/librt.so.1"
      },
      {
        "library": "libxcb.so.1",
        "line": "\tlibxcb.so.1 => /usr/lib/x86_64-linux-gnu/libxcb.so.1 (0x00007b4ac38c4000)",
        "path": "/usr/lib/x86_64-linux-gnu/libxcb.so.1.1.0"
      },
      {
        "library": "liblzma.so.5",
        "line": "\tliblzma.so.5 => /usr/lib/x86_64-linux-gnu/liblzma.so.5 (0x00007b4ac30bb000)",
        "path": "/usr/lib/x86_64-linux-gnu/liblzma.so.5.4.5"
      },
      {
        "library": "libXau.so.6",
        "line": "\tlibXau.so.6 => /usr/lib/x86_64-linux-gnu/libXau.so.6 (0x00007b4ac38be000)",
        "path": "/usr/lib/x86_64-linux-gnu/libXau.so.6.0.0"
      },
      {
        "library": "libXdmcp.so.6",
        "line": "\tlibXdmcp.so.6 => /usr/lib/x86_64-linux-gnu/libXdmcp.so.6 (0x00007b4ac38b6000)",
        "path": "/usr/lib/x86_64-linux-gnu/libXdmcp.so.6.0.0"
      },
      {
        "library": "libbsd.so.0",
        "line": "\tlibbsd.so.0 => /usr/lib/x86_64-linux-gnu/libbsd.so.0 (0x00007b4ac30a5000)",
        "path": "/usr/lib/x86_64-linux-gnu/libbsd.so.0.12.1"
      },
      {
        "library": "libmd.so.0",
        "line": "\tlibmd.so.0 => /usr/lib/x86_64-linux-gnu/libmd.so.0 (0x00007b4ac3096000)",
        "path": "/usr/lib/x86_64-linux-gnu/libmd.so.0.1.0"
      }
    ]
  }
}
