{
  "allowed_prefixes": [
    "/home/dev/ws_iap/src/iap/results/icra27/icra031/install",
    "/home/dev/ws_iap/src/iap/results/icra27/icra026/install_ego",
    "/home/dev/ws_iap/src/iap/results/icra27/icra026/install_bspline_opt",
    "/home/dev/ws_iap/src/iap/results/icra27/icra026/install_path_searching",
    "/home/dev/ws_iap/src/iap/results/icra27/icra026/install_plan_env"
  ],
  "demo_iap_total": 0,
  "expected_iap": "/home/dev/ws_iap/src/iap/results/icra27/icra031/install/lib/libiap.so",
  "expected_plan_env": "/home/dev/ws_iap/src/iap/results/icra27/icra026/install_plan_env/lib/libplan_env.so",
  "failures": [],
  "iap_total": 7,
  "manager_iap_total": 1,
  "plan_env_total": 3,
  "ready": true,
  "records": {
    "demo11": [
      {
        "library": "librclcpp.so",
        "line": "\tlibrclcpp.so => /opt/ros/jazzy/lib/librclcpp.so (0x000073ef49b11000)",
        "path": "/opt/ros/jazzy/lib/librclcpp.so"
      },
      {
        "library": "libnav_msgs__rosidl_typesupport_cpp.so",
        "line": "\tlibnav_msgs__rosidl_typesupport_cpp.so => /opt/ros/jazzy/lib/libnav_msgs__rosidl_typesupport_cpp.so (0x000073ef49b04000)",
        "path": "/opt/ros/jazzy/lib/libnav_msgs__rosidl_typesupport_cpp.so"
      },
      {
        "library": "liblibstatistics_collector.so",
        "line": "\tliblibstatistics_collector.so => /opt/ros/jazzy/lib/liblibstatistics_collector.so (0x000073ef49afa000)",
        "path": "/opt/ros/jazzy/lib/liblibstatistics_collector.so"
      },
      {
        "library": "librcl.so",
        "line": "\tlibrcl.so => /opt/ros/jazzy/lib/librcl.so (0x000073ef49ab3000)",
        "path": "/opt/ros/jazzy/lib/librcl.so"
      },
      {
        "library": "libstatistics_msgs__rosidl_typesupport_cpp.so",
        "line": "\tlibstatistics_msgs__rosidl_typesupport_cpp.so => /opt/ros/jazzy/lib/libstatistics_msgs__rosidl_typesupport_cpp.so (0x000073ef49aad000)",
        "path": "/opt/ros/jazzy/lib/libstatistics_msgs__rosidl_typesupport_cpp.so"
      },
      {
        "library": "libtracetools.so",
        "line": "\tlibtracetools.so => /opt/ros/jazzy/lib/libtracetools.so (0x000073ef49a93000)",
        "path": "/opt/ros/jazzy/lib/libtracetools.so"
      },
      {
        "library": "librmw.so",
        "line": "\tlibrmw.so => /opt/ros/jazzy/lib/librmw.so (0x000073ef49a88000)",
        "path": "/opt/ros/jazzy/lib/librmw.so"
      },
      {
        "library": "libsensor_msgs__rosidl_typesupport_cpp.so",
        "line": "\tlibsensor_msgs__rosidl_typesupport_cpp.so => /opt/ros/jazzy/lib/libsensor_msgs__rosidl_typesupport_cpp.so (0x000073ef49a77000)",
        "path": "/opt/ros/jazzy/lib/libsensor_msgs__rosidl_typesupport_cpp.so"
      },
      {
        "library": "librcutils.so",
        "line": "\tlibrcutils.so => /opt/ros/jazzy/lib/librcutils.so (0x000073ef49a57000)",
        "path": "/opt/ros/jazzy/lib/librcutils.so"
      },
      {
        "library": "libstdc++.so.6",
        "line": "\tlibstdc++.so.6 => /usr/lib/x86_64-linux-gnu/libstdc++.so.6 (0x000073ef497bb000)",
        "path": "/usr/lib/x86_64-linux-gnu/libstdc++.so.6.0.33"
      },
      {
        "library": "libm.so.6",
        "line": "\tlibm.so.6 => /usr/lib/x86_64-linux-gnu/libm.so.6 (0x000073ef496d2000)",
        "path": "/usr/lib/x86_64-linux-gnu/libm.so.6"
      },
      {
        "library": "libgcc_s.so.1",
        "line": "\tlibgcc_s.so.1 => /usr/lib/x86_64-linux-gnu/libgcc_s.so.1 (0x000073ef496a4000)",
        "path": "/usr/lib/x86_64-linux-gnu/libgcc_s.so.1"
      },
      {
        "library": "libc.so.6",
        "line": "\tlibc.so.6 => /usr/lib/x86_64-linux-gnu/libc.so.6 (0x000073ef49492000)",
        "path": "/usr/lib/x86_64-linux-gnu/libc.so.6"
      },
      {
        "library": "librcl_interfaces__rosidl_typesupport_cpp.so",
        "line": "\tlibrcl_interfaces__rosidl_typesupport_cpp.so => /opt/ros/jazzy/lib/librcl_interfaces__rosidl_typesupport_cpp.so (0x000073ef49475000)",
        "path": "/opt/ros/jazzy/lib/librcl_interfaces__rosidl_typesupport_cpp.so"
      },
      {
        "library": "librcl_yaml_param_parser.so",
        "line": "\tlibrcl_yaml_param_parser.so => /opt/ros/jazzy/lib/librcl_yaml_param_parser.so (0x000073ef49469000)",
        "path": "/opt/ros/jazzy/lib/librcl_yaml_param_parser.so"
      },
      {
        "library": "librosgraph_msgs__rosidl_typesupport_cpp.so",
        "line": "\tlibrosgraph_msgs__rosidl_typesupport_cpp.so => /opt/ros/jazzy/lib/librosgraph_msgs__rosidl_typesupport_cpp.so (0x000073ef49464000)",
        "path": "/opt/ros/jazzy/lib/librosgraph_msgs__rosidl_typesupport_cpp.so"
      },
      {
        "library": "librcl_logging_interface.so",
        "line": "\tlibrcl_logging_interface.so => /opt/ros/jazzy/lib/librcl_logging_interface.so (0x000073ef4945f000)",
        "path": "/opt/ros/jazzy/lib/librcl_logging_interface.so"
      },
      {
        "library": "librmw_implementation.so",
        "line": "\tlibrmw_implementation.so => /opt/ros/jazzy/lib/librmw_implementation.so (0x000073ef49452000)",
        "path": "/opt/ros/jazzy/lib/librmw_implementation.so"
      },
      {
        "library": "libament_index_cpp.so",
        "line": "\tlibament_index_cpp.so => /opt/ros/jazzy/lib/libament_index_cpp.so (0x000073ef49444000)",
        "path": "/opt/ros/jazzy/lib/libament_index_cpp.so"
      },
      {
        "library": "libtype_description_interfaces__rosidl_typesupport_c.so",
        "line": "\tlibtype_description_interfaces__rosidl_typesupport_c.so => /opt/ros/jazzy/lib/libtype_description_interfaces__rosidl_typesupport_c.so (0x000073ef4943d000)",
        "path": "/opt/ros/jazzy/lib/libtype_description_interfaces__rosidl_typesupport_c.so"
      },
      {
        "library": "librosidl_dynamic_typesupport.so",
        "line": "\tlibrosidl_dynamic_typesupport.so => /opt/ros/jazzy/lib/librosidl_dynamic_typesupport.so (0x000073ef49424000)",
        "path": "/opt/ros/jazzy/lib/librosidl_dynamic_typesupport.so"
      },
      {
        "library": "librosidl_typesupport_introspection_cpp.so",
        "line": "\tlibrosidl_typesupport_introspection_cpp.so => /opt/ros/jazzy/lib/librosidl_typesupport_introspection_cpp.so (0x000073ef4941f000)",
        "path": "/opt/ros/jazzy/lib/librosidl_typesupport_introspection_cpp.so"
      },
      {
        "library": "librcpputils.so",
        "line": "\tlibrcpputils.so => /opt/ros/jazzy/lib/librcpputils.so (0x000073ef49410000)",
        "path": "/opt/ros/jazzy/lib/librcpputils.so"
      },
      {
        "library": "librosidl_runtime_c.so",
        "line": "\tlibrosidl_runtime_c.so => /opt/ros/jazzy/lib/librosidl_runtime_c.so (0x000073ef493ef000)",
        "path": "/opt/ros/jazzy/lib/librosidl_runtime_c.so"
      },
      {
        "library": "libnav_msgs__rosidl_generator_c.so",
        "line": "\tlibnav_msgs__rosidl_generator_c.so => /opt/ros/jazzy/lib/libnav_msgs__rosidl_generator_c.so (0x000073ef493bc000)",
        "path": "/opt/ros/jazzy/lib/libnav_msgs__rosidl_generator_c.so"
      },
      {
        "library": "librosidl_typesupport_cpp.so",
        "line": "\tlibrosidl_typesupport_cpp.so => /opt/ros/jazzy/lib/librosidl_typesupport_cpp.so (0x000073ef493b6000)",
        "path": "/opt/ros/jazzy/lib/librosidl_typesupport_cpp.so"
      },
      {
        "library": "librcl_logging_spdlog.so",
        "line": "\tlibrcl_logging_spdlog.so => /opt/ros/jazzy/lib/librcl_logging_spdlog.so (0x000073ef493ac000)",
        "path": "/opt/ros/jazzy/lib/librcl_logging_spdlog.so"
      },
      {
        "library": "librcl_interfaces__rosidl_typesupport_c.so",
        "line": "\tlibrcl_interfaces__rosidl_typesupport_c.so => /opt/ros/jazzy/lib/librcl_interfaces__rosidl_typesupport_c.so (0x000073ef4939c000)",
        "path": "/opt/ros/jazzy/lib/librcl_interfaces__rosidl_typesupport_c.so"
      },
      {
        "library": "libtype_description_interfaces__rosidl_generator_c.so",
        "line": "\tlibtype_description_interfaces__rosidl_generator_c.so => /opt/ros/jazzy/lib/libtype_description_interfaces__rosidl_generator_c.so (0x000073ef49382000)",
        "path": "/opt/ros/jazzy/lib/libtype_description_interfaces__rosidl_generator_c.so"
      },
      {
        "library": "libyaml-0.so.2",
        "line": "\tlibyaml-0.so.2 => /usr/lib/x86_64-linux-gnu/libyaml-0.so.2 (0x000073ef49361000)",
        "path": "/usr/lib/x86_64-linux-gnu/libyaml-0.so.2.0.9"
      },
      {
        "library": "libstatistics_msgs__rosidl_generator_c.so",
        "line": "\tlibstatistics_msgs__rosidl_generator_c.so => /opt/ros/jazzy/lib/libstatistics_msgs__rosidl_generator_c.so (0x000073ef49358000)",
        "path": "/opt/ros/jazzy/lib/libstatistics_msgs__rosidl_generator_c.so"
      },
      {
        "library": "liblttng-ust.so.1",
        "line": "\tliblttng-ust.so.1 => /usr/lib/x86_64-linux-gnu/liblttng-ust.so.1 (0x000073ef492d5000)",
        "path": "/usr/lib/x86_64-linux-gnu/liblttng-ust.so.1.0.0"
      },
      {
        "library": "libsensor_msgs__rosidl_generator_c.so",
        "line": "\tlibsensor_msgs__rosidl_generator_c.so => /opt/ros/jazzy/lib/libsensor_msgs__rosidl_generator_c.so (0x000073ef49291000)",
        "path": "/opt/ros/jazzy/lib/libsensor_msgs__rosidl_generator_c.so"
      },
      {
        "library": "librcl_interfaces__rosidl_generator_c.so",
        "line": "\tlibrcl_interfaces__rosidl_generator_c.so => /opt/ros/jazzy/lib/librcl_interfaces__rosidl_generator_c.so (0x000073ef49241000)",
        "path": "/opt/ros/jazzy/lib/librcl_interfaces__rosidl_generator_c.so"
      },
      {
        "library": "librosgraph_msgs__rosidl_generator_c.so",
        "line": "\tlibrosgraph_msgs__rosidl_generator_c.so => /opt/ros/jazzy/lib/librosgraph_msgs__rosidl_generator_c.so (0x000073ef4923c000)",
        "path": "/opt/ros/jazzy/lib/librosgraph_msgs__rosidl_generator_c.so"
      },
      {
        "library": "librosidl_typesupport_c.so",
        "line": "\tlibrosidl_typesupport_c.so => /opt/ros/jazzy/lib/librosidl_typesupport_c.so (0x000073ef49236000)",
        "path": "/opt/ros/jazzy/lib/librosidl_typesupport_c.so"
      },
      {
        "library": "libgeometry_msgs__rosidl_generator_c.so",
        "line": "\tlibgeometry_msgs__rosidl_generator_c.so => /opt/ros/jazzy/lib/libgeometry_msgs__rosidl_generator_c.so (0x000073ef491f8000)",
        "path": "/opt/ros/jazzy/lib/libgeometry_msgs__rosidl_generator_c.so"
      },
      {
        "library": "libstd_msgs__rosidl_generator_c.so",
        "line": "\tlibstd_msgs__rosidl_generator_c.so => /opt/ros/jazzy/lib/libstd_msgs__rosidl_generator_c.so (0x000073ef491c7000)",
        "path": "/opt/ros/jazzy/lib/libstd_msgs__rosidl_generator_c.so"
      },
      {
        "library": "libservice_msgs__rosidl_generator_c.so",
        "line": "\tlibservice_msgs__rosidl_generator_c.so => /opt/ros/jazzy/lib/libservice_msgs__rosidl_generator_c.so (0x000073ef491c0000)",
        "path": "/opt/ros/jazzy/lib/libservice_msgs__rosidl_generator_c.so"
      },
      {
        "library": "libbuiltin_interfaces__rosidl_generator_c.so",
        "line": "\tlibbuiltin_interfaces__rosidl_generator_c.so => /opt/ros/jazzy/lib/libbuiltin_interfaces__rosidl_generator_c.so (0x000073ef491b9000)",
        "path": "/opt/ros/jazzy/lib/libbuiltin_interfaces__rosidl_generator_c.so"
      },
      {
        "library": "libspdlog.so.1.12",
        "line": "\tlibspdlog.so.1.12 => /usr/lib/x86_64-linux-gnu/libspdlog.so.1.12 (0x000073ef49132000)",
        "path": "/usr/lib/x86_64-linux-gnu/libspdlog.so.1.12.0"
      },
      {
        "library": "libnuma.so.1",
        "line": "\tlibnuma.so.1 => /usr/lib/x86_64-linux-gnu/libnuma.so.1 (0x000073ef49124000)",
        "path": "/usr/lib/x86_64-linux-gnu/libnuma.so.1.0.0"
      },
      {
        "library": "liblttng-ust-common.so.1",
        "line": "\tliblttng-ust-common.so.1 => /usr/lib/x86_64-linux-gnu/liblttng-ust-common.so.1 (0x000073ef49117000)",
        "path": "/usr/lib/x86_64-linux-gnu/liblttng-ust-common.so.1.0.0"
      },
      {
        "library": "liblttng-ust-tracepoint.so.1",
        "line": "\tliblttng-ust-tracepoint.so.1 => /usr/lib/x86_64-linux-gnu/liblttng-ust-tracepoint.so.1 (0x000073ef490f8000)",
        "path": "/usr/lib/x86_64-linux-gnu/liblttng-ust-tracepoint.so.1.0.0"
      },
      {
        "library": "libfmt.so.9",
        "line": "\tlibfmt.so.9 => /usr/lib/x86_64-linux-gnu/libfmt.so.9 (0x000073ef490d7000)",
        "path": "/usr/lib/x86_64-linux-gnu/libfmt.so.9.1.0"
      }
    ],
    "direct_consumers": [
      {
        "library": "libiap.so",
        "line": "\tlibiap.so => /home/dev/ws_iap/src/iap/results/icra27/icra031/install/lib/libiap.so (0x000076cf8c800000)",
        "path": "/home/dev/ws_iap/src/iap/results/icra27/icra031/install/lib/libiap.so"
      },
      {
        "library": "libstdc++.so.6",
        "line": "\tlibstdc++.so.6 => /usr/lib/x86_64-linux-gnu/libstdc++.so.6 (0x000076cf8c564000)",
        "path": "/usr/lib/x86_64-linux-gnu/libstdc++.so.6.0.33"
      },
      {
        "library": "libm.so.6",
        "line": "\tlibm.so.6 => /usr/lib/x86_64-linux-gnu/libm.so.6 (0x000076cf8c47b000)",
        "path": "/usr/lib/x86_64-linux-gnu/libm.so.6"
      },
      {
        "library": "libgcc_s.so.1",
        "line": "\tlibgcc_s.so.1 => /usr/lib/x86_64-linux-gnu/libgcc_s.so.1 (0x000076cf8c44d000)",
        "path": "/usr/lib/x86_64-linux-gnu/libgcc_s.so.1"
      },
      {
        "library": "libc.so.6",
        "line": "\tlibc.so.6 => /usr/lib/x86_64-linux-gnu/libc.so.6 (0x000076cf8c23b000)",
        "path": "/usr/lib/x86_64-linux-gnu/libc.so.6"
      },
      {
        "library": "libgtsam_points.so.1",
        "line": "\tlibgtsam_points.so.1 => /usr/local/lib/libgtsam_points.so.1 (0x000076cf8bf48000)",
        "path": "/usr/local/lib/libgtsam_points.so.1.2.1"
      },
      {
        "library": "libspdlog.so.1.12",
        "line": "\tlibspdlog.so.1.12 => /usr/lib/x86_64-linux-gnu/libspdlog.so.1.12 (0x000076cf8bec1000)",
        "path": "/usr/lib/x86_64-linux-gnu/libspdlog.so.1.12.0"
      },
      {
        "library": "libopencv_core.so.406",
        "line": "\tlibopencv_core.so.406 => /usr/lib/x86_64-linux-gnu/libopencv_core.so.406 (0x000076cf8bb4d000)",
        "path": "/usr/lib/x86_64-linux-gnu/libopencv_core.so.4.6.0"
      },
      {
        "library": "libgnss_comm_lib.so",
        "line": "\tlibgnss_comm_lib.so => /home/dev/ws_iap/install/gnss_comm/lib/libgnss_comm_lib.so (0x000076cf8b800000)",
        "path": "/home/dev/ws_iap/install/gnss_comm/lib/libgnss_comm_lib.so"
      },
      {
        "library": "libgtsam_points_cuda.so.1",
        "line": "\tlibgtsam_points_cuda.so.1 => /usr/local/lib/libgtsam_points_cuda.so.1 (0x000076cf8b4e9000)",
        "path": "/usr/local/lib/libgtsam_points_cuda.so.1.2.1"
      },
      {
        "library": "libgomp.so.1",
        "line": "\tlibgomp.so.1 => /usr/lib/x86_64-linux-gnu/libgomp.so.1 (0x000076cf8b493000)",
        "path": "/usr/lib/x86_64-linux-gnu/libgomp.so.1.0.0"
      },
      {
        "library": "libgtsam.so.4",
        "line": "\tlibgtsam.so.4 => /usr/lib/x86_64-linux-gnu/libgtsam.so.4 (0x000076cf8af96000)",
        "path": "/usr/lib/x86_64-linux-gnu/libgtsam.so.4.3a0"
      },
      {
        "library": "libboost_serialization.so.1.83.0",
        "line": "\tlibboost_serialization.so.1.83.0 => /usr/lib/x86_64-linux-gnu/libboost_serialization.so.1.83.0 (0x000076cf8af53000)",
        "path": "/usr/lib/x86_64-linux-gnu/libboost_serialization.so.1.83.0"
      },
      {
        "library": "libboost_filesystem.so.1.83.0",
        "line": "\tlibboost_filesystem.so.1.83.0 => /usr/lib/x86_64-linux-gnu/libboost_filesystem.so.1.83.0 (0x000076cf8bb2a000)",
        "path": "/usr/lib/x86_64-linux-gnu/libboost_filesystem.so.1.83.0"
      },
      {
        "library": "libcephes-gtsam.so.1",
        "line": "\tlibcephes-gtsam.so.1 => /usr/lib/x86_64-linux-gnu/libcephes-gtsam.so.1 (0x000076cf8af21000)",
        "path": "/usr/lib/x86_64-linux-gnu/libcephes-gtsam.so.1.0.0"
      },
      {
        "library": "libfmt.so.9",
        "line": "\tlibfmt.so.9 => /usr/lib/x86_64-linux-gnu/libfmt.so.9 (0x000076cf8af00000)",
        "path": "/usr/lib/x86_64-linux-gnu/libfmt.so.9.1.0"
      },
      {
        "library": "libboost_timer.so.1.83.0",
        "line": "\tlibboost_timer.so.1.83.0 => /usr/lib/x86_64-linux-gnu/libboost_timer.so.1.83.0 (0x000076cf8d01b000)",
        "path": "/usr/lib/x86_64-linux-gnu/libboost_timer.so.1.83.0"
      },
      {
        "library": "libz.so.1",
        "line": "\tlibz.so.1 => /usr/lib/x86_64-linux-gnu/libz.so.1 (0x000076cf8aee4000)",
        "path": "/usr/lib/x86_64-linux-gnu/libz.so.1.3"
      },
      {
        "library": "libGLX.so.0",
        "line": "\tlibGLX.so.0 => /usr/lib/x86_64-linux-gnu/libGLX.so.0 (0x000076cf8aeb1000)",
        "path": "/usr/lib/x86_64-linux-gnu/libGLX.so.0.0.0"
      },
      {
        "library": "liblapack.so.3",
        "line": "\tliblapack.so.3 => /usr/lib/x86_64-linux-gnu/liblapack.so.3 (0x000076cf8a7c1000)",
        "path": "/usr/lib/x86_64-linux-gnu/lapack/liblapack.so.3.12.0"
      },
      {
        "library": "libblas.so.3",
        "line": "\tlibblas.so.3 => /usr/lib/x86_64-linux-gnu/libblas.so.3 (0x000076cf8a71a000)",
        "path": "/usr/lib/x86_64-linux-gnu/blas/libblas.so.3.12.0"
      },
      {
        "library": "libtbb.so.12",
        "line": "\tlibtbb.so.12 => /usr/lib/x86_64-linux-gnu/libtbb.so.12 (0x000076cf8a6c6000)",
        "path": "/usr/lib/x86_64-linux-gnu/libtbb.so.12.11"
      },
      {
        "library": "libglog.so.1",
        "line": "\tlibglog.so.1 => /usr/lib/x86_64-linux-gnu/libglog.so.1 (0x000076cf8a690000)",
        "path": "/usr/lib/x86_64-linux-gnu/libglog.so.0.6.0"
      },
      {
        "library": "libcudart.so.12",
        "line": "\tlibcudart.so.12 => /usr/local/cuda/targets/x86_64-linux/lib/libcudart.so.12 (0x000076cf8a200000)",
        "path": "/usr/local/cuda-12.5/targets/x86_64-linux/lib/libcudart.so.12.5.82"
      },
      {
        "library": "libmetis.so.5",
        "line": "\tlibmetis.so.5 => /usr/lib/x86_64-linux-gnu/libmetis.so.5 (0x000076cf8a626000)",
        "path": "/usr/lib/x86_64-linux-gnu/libmetis.so.5.1.0"
      },
      {
        "library": "libGLdispatch.so.0",
        "line": "\tlibGLdispatch.so.0 => /usr/lib/x86_64-linux-gnu/libGLdispatch.so.0 (0x000076cf8a56e000)",
        "path": "/usr/lib/x86_64-linux-gnu/libGLdispatch.so.0.0.0"
      },
      {
        "library": "libX11.so.6",
        "line": "\tlibX11.so.6 => /usr/lib/x86_64-linux-gnu/libX11.so.6 (0x000076cf8a0c3000)",
        "path": "/usr/lib/x86_64-linux-gnu/libX11.so.6.4.0"
      },
      {
        "library": "libgfortran.so.5",
        "line": "\tlibgfortran.so.5 => /usr/lib/x86_64-linux-gnu/libgfortran.so.5 (0x000076cf89da5000)",
        "path": "/usr/lib/x86_64-linux-gnu/libgfortran.so.5.0.0"
      },
      {
        "library": "libgflags.so.2.2",
        "line": "\tlibgflags.so.2.2 => /usr/lib/x86_64-linux-gnu/libgflags.so.2.2 (0x000076cf8a54d000)",
        "path": "/usr/lib/x86_64-linux-gnu/libgflags.so.2.2.2"
      },
      {
        "library": "libunwind.so.8",
        "line": "\tlibunwind.so.8 => /usr/lib/x86_64-linux-gnu/libunwind.so.8 (0x000076cf8a530000)",
        "path": "/usr/lib/x86_64-linux-gnu/libunwind.so.8.0.1"
      },
      {
        "library": "libdl.so.2",
        "line": "\tlibdl.so.2 => /usr/lib/x86_64-linux-gnu/libdl.so.2 (0x000076cf8a52b000)",
        "path": "/usr/lib/x86_64-linux-gnu/libdl.so.2"
      },
      {
        "library": "libpthread.so.0",
        "line": "\tlibpthread.so.0 => /usr/lib/x86_64-linux-gnu/libpthread.so.0 (0x000076cf8a526000)",
        "path": "/usr/lib/x86_64-linux-gnu/libpthread.so.0"
      },
      {
        "library": "librt.so.1",
        "line": "\tlibrt.so.1 => /usr/lib/x86_64-linux-gnu/librt.so.1 (0x000076cf8a521000)",
        "path": "/usr/lib/x86_64-linux-gnu/librt.so.1"
      },
      {
        "library": "libxcb.so.1",
        "line": "\tlibxcb.so.1 => /usr/lib/x86_64-linux-gnu/libxcb.so.1 (0x000076cf8a4f8000)",
        "path": "/usr/lib/x86_64-linux-gnu/libxcb.so.1.1.0"
      },
      {
        "library": "liblzma.so.5",
        "line": "\tliblzma.so.5 => /usr/lib/x86_64-linux-gnu/liblzma.so.5 (0x000076cf8a4c4000)",
        "path": "/usr/lib/x86_64-linux-gnu/liblzma.so.5.4.5"
      },
      {
        "library": "libXau.so.6",
        "line": "\tlibXau.so.6 => /usr/lib/x86_64-linux-gnu/libXau.so.6 (0x000076cf8a4be000)",
        "path": "/usr/lib/x86_64-linux-gnu/libXau.so.6.0.0"
      },
      {
        "library": "libXdmcp.so.6",
        "line": "\tlibXdmcp.so.6 => /usr/lib/x86_64-linux-gnu/libXdmcp.so.6 (0x000076cf8a4b6000)",
        "path": "/usr/lib/x86_64-linux-gnu/libXdmcp.so.6.0.0"
      },
      {
        "library": "libbsd.so.0",
        "line": "\tlibbsd.so.0 => /usr/lib/x86_64-linux-gnu/libbsd.so.0 (0x000076cf89d8f000)",
        "path": "/usr/lib/x86_64-linux-gnu/libbsd.so.0.12.1"
      },
      {
        "library": "libmd.so.0",
        "line": "\tlibmd.so.0 => /usr/lib/x86_64-linux-gnu/libmd.so.0 (0x000076cf89d80000)",
        "path": "/usr/lib/x86_64-linux-gnu/libmd.so.0.1.0"
      },
      {
        "library": "libplan_env.so",
        "line": "\tlibplan_env.so => /home/dev/ws_iap/src/iap/results/icra27/icra026/install_plan_env/lib/libplan_env.so (0x00007488a8800000)",
        "path": "/home/dev/ws_iap/src/iap/results/icra27/icra026/install_plan_env/lib/libplan_env.so"
      },
      {
        "library": "libcv_bridge.so",
        "line": "\tlibcv_bridge.so => /opt/ros/jazzy/lib/libcv_bridge.so (0x00007488a8bc4000)",
        "path": "/opt/ros/jazzy/lib/libcv_bridge.so"
      },
      {
        "library": "librclcpp.so",
        "line": "\tlibrclcpp.so => /opt/ros/jazzy/lib/librclcpp.so (0x00007488a85a2000)",
        "path": "/opt/ros/jazzy/lib/librclcpp.so"
      },
      {
        "library": "libopencv_core.so.406",
        "line": "\tlibopencv_core.so.406 => /usr/lib/x86_64-linux-gnu/libopencv_core.so.406 (0x00007488a822e000)",
        "path": "/usr/lib/x86_64-linux-gnu/libopencv_core.so.4.6.0"
      },
      {
        "library": "libstdc++.so.6",
        "line": "\tlibstdc++.so.6 => /usr/lib/x86_64-linux-gnu/libstdc++.so.6 (0x00007488a7fb0000)",
        "path": "/usr/lib/x86_64-linux-gnu/libstdc++.so.6.0.33"
      },
      {
        "library": "libm.so.6",
        "line": "\tlibm.so.6 => /usr/lib/x86_64-linux-gnu/libm.so.6 (0x00007488a8abb000)",
        "path": "/usr/lib/x86_64-linux-gnu/libm.so.6"
      },
      {
        "library": "libgcc_s.so.1",
        "line": "\tlibgcc_s.so.1 => /usr/lib/x86_64-linux-gnu/libgcc_s.so.1 (0x00007488a8a8d000)",
        "path": "/usr/lib/x86_64-linux-gnu/libgcc_s.so.1"
      },
      {
        "library": "libc.so.6",
        "line": "\tlibc.so.6 => /usr/lib/x86_64-linux-gnu/libc.so.6 (0x00007488a7d9e000)",
        "path": "/usr/lib/x86_64-linux-gnu/libc.so.6"
      },
      {
        "library": "libvisualization_msgs__rosidl_typesupport_cpp.so",
        "line": "\tlibvisualization_msgs__rosidl_typesupport_cpp.so => /opt/ros/jazzy/lib/libvisualization_msgs__rosidl_typesupport_cpp.so (0x00007488a7d92000)",
        "path": "/opt/ros/jazzy/lib/libvisualization_msgs__rosidl_typesupport_cpp.so"
      },
      {
        "library": "libnav_msgs__rosidl_typesupport_cpp.so",
        "line": "\tlibnav_msgs__rosidl_typesupport_cpp.so => /opt/ros/jazzy/lib/libnav_msgs__rosidl_typesupport_cpp.so (0x00007488a7d85000)",
        "path": "/opt/ros/jazzy/lib/libnav_msgs__rosidl_typesupport_cpp.so"
      },
      {
        "library": "libmessage_filters.so",
        "line": "\tlibmessage_filters.so => /opt/ros/jazzy/lib/libmessage_filters.so (0x00007488a8a86000)",
        "path": "/opt/ros/jazzy/lib/libmessage_filters.so"
      },
      {
        "library": "libpcl_common.so.1.14",
        "line": "\tlibpcl_common.so.1.14 => /usr/lib/x86_64-linux-gnu/libpcl_common.so.1.14 (0x00007488a7ceb000)",
        "path": "/usr/lib/x86_64-linux-gnu/libpcl_common.so.1.14.0"
      },
      {
        "library": "librmw.so",
        "line": "\tlibrmw.so => /opt/ros/jazzy/lib/librmw.so (0x00007488a7ce0000)",
        "path": "/opt/ros/jazzy/lib/librmw.so"
      },
      {
        "library": "librcutils.so",
        "line": "\tlibrcutils.so => /opt/ros/jazzy/lib/librcutils.so (0x00007488a7cc0000)",
        "path": "/opt/ros/jazzy/lib/librcutils.so"
      },
      {
        "library": "liblibstatistics_collector.so",
        "line": "\tliblibstatistics_collector.so => /opt/ros/jazzy/lib/liblibstatistics_collector.so (0x00007488a7cb8000)",
        "path": "/opt/ros/jazzy/lib/liblibstatistics_collector.so"
      },
      {
        "library": "librcl.so",
        "line": "\tlibrcl.so => /opt/ros/jazzy/lib/librcl.so (0x00007488a7c71000)",
        "path": "/opt/ros/jazzy/lib/librcl.so"
      },
      {
        "library": "libstatistics_msgs__rosidl_typesupport_cpp.so",
        "line": "\tlibstatistics_msgs__rosidl_typesupport_cpp.so => /opt/ros/jazzy/lib/libstatistics_msgs__rosidl_typesupport_cpp.so (0x00007488a7c6b000)",
        "path": "/opt/ros/jazzy/lib/libstatistics_msgs__rosidl_typesupport_cpp.so"
      },
      {
        "library": "libtracetools.so",
        "line": "\tlibtracetools.so => /opt/ros/jazzy/lib/libtracetools.so (0x00007488a7c51000)",
        "path": "/opt/ros/jazzy/lib/libtracetools.so"
      },
      {
        "library": "libsensor_msgs__rosidl_typesupport_cpp.so",
        "line": "\tlibsensor_msgs__rosidl_typesupport_cpp.so => /opt/ros/jazzy/lib/libsensor_msgs__rosidl_typesupport_cpp.so (0x00007488a7c42000)",
        "path": "/opt/ros/jazzy/lib/libsensor_msgs__rosidl_typesupport_cpp.so"
      },
      {
        "library": "libgeometry_msgs__rosidl_typesupport_cpp.so",
        "line": "\tlibgeometry_msgs__rosidl_typesupport_cpp.so => /opt/ros/jazzy/lib/libgeometry_msgs__rosidl_typesupport_cpp.so (0x00007488a7c34000)",
        "path": "/opt/ros/jazzy/lib/libgeometry_msgs__rosidl_typesupport_cpp.so"
      },
      {
        "library": "libopencv_imgcodecs.so.406",
        "line": "\tlibopencv_imgcodecs.so.406 => /usr/lib/x86_64-linux-gnu/libopencv_imgcodecs.so.406 (0x00007488a7bdb000)",
        "path": "/usr/lib/x86_64-linux-gnu/libopencv_imgcodecs.so.4.6.0"
      },
      {
        "library": "libopencv_imgproc.so.406",
        "line": "\tlibopencv_imgproc.so.406 => /usr/lib/x86_64-linux-gnu/libopencv_imgproc.so.406 (0x00007488a7681000)",
        "path": "/usr/lib/x86_64-linux-gnu/libopencv_imgproc.so.4.6.0"
      },
      {
        "library": "librcl_interfaces__rosidl_typesupport_cpp.so",
        "line": "\tlibrcl_interfaces__rosidl_typesupport_cpp.so => /opt/ros/jazzy/lib/librcl_interfaces__rosidl_typesupport_cpp.so (0x00007488a7666000)",
        "path": "/opt/ros/jazzy/lib/librcl_interfaces__rosidl_typesupport_cpp.so"
      },
      {
        "library": "librcl_yaml_param_parser.so",
        "line": "\tlibrcl_yaml_param_parser.so => /opt/ros/jazzy/lib/librcl_yaml_param_parser.so (0x00007488a765a000)",
        "path": "/opt/ros/jazzy/lib/librcl_yaml_param_parser.so"
      },
      {
        "library": "librosgraph_msgs__rosidl_typesupport_cpp.so",
        "line": "\tlibrosgraph_msgs__rosidl_typesupport_cpp.so => /opt/ros/jazzy/lib/librosgraph_msgs__rosidl_typesupport_cpp.so (0x00007488a7655000)",
        "path": "/opt/ros/jazzy/lib/librosgraph_msgs__rosidl_typesupport_cpp.so"
      },
      {
        "library": "librcl_logging_interface.so",
        "line": "\tlibrcl_logging_interface.so => /opt/ros/jazzy/lib/librcl_logging_interface.so (0x00007488a7650000)",
        "path": "/opt/ros/jazzy/lib/librcl_logging_interface.so"
      },
      {
        "library": "librmw_implementation.so",
        "line": "\tlibrmw_implementation.so => /opt/ros/jazzy/lib/librmw_implementation.so (0x00007488a7643000)",
        "path": "/opt/ros/jazzy/lib/librmw_implementation.so"
      },
      {
        "library": "libament_index_cpp.so",
        "line": "\tlibament_index_cpp.so => /opt/ros/jazzy/lib/libament_index_cpp.so (0x00007488a7637000)",
        "path": "/opt/ros/jazzy/lib/libament_index_cpp.so"
      },
      {
        "library": "libtype_description_interfaces__rosidl_typesupport_c.so",
        "line": "\tlibtype_description_interfaces__rosidl_typesupport_c.so => /opt/ros/jazzy/lib/libtype_description_interfaces__rosidl_typesupport_c.so (0x00007488a7630000)",
        "path": "/opt/ros/jazzy/lib/libtype_description_interfaces__rosidl_typesupport_c.so"
      },
      {
        "library": "librosidl_dynamic_typesupport.so",
        "line": "\tlibrosidl_dynamic_typesupport.so => /opt/ros/jazzy/lib/librosidl_dynamic_typesupport.so (0x00007488a7615000)",
        "path": "/opt/ros/jazzy/lib/librosidl_dynamic_typesupport.so"
      },
      {
        "library": "librosidl_typesupport_introspection_cpp.so",
        "line": "\tlibrosidl_typesupport_introspection_cpp.so => /opt/ros/jazzy/lib/librosidl_typesupport_introspection_cpp.so (0x00007488a7610000)",
        "path": "/opt/ros/jazzy/lib/librosidl_typesupport_introspection_cpp.so"
      },
      {
        "library": "librcpputils.so",
        "line": "\tlibrcpputils.so => /opt/ros/jazzy/lib/librcpputils.so (0x00007488a7601000)",
        "path": "/opt/ros/jazzy/lib/librcpputils.so"
      },
      {
        "library": "librosidl_runtime_c.so",
        "line": "\tlibrosidl_runtime_c.so => /opt/ros/jazzy/lib/librosidl_runtime_c.so (0x00007488a75e2000)",
        "path": "/opt/ros/jazzy/lib/librosidl_runtime_c.so"
      },
      {
        "library": "libz.so.1",
        "line": "\tlibz.so.1 => /usr/lib/x86_64-linux-gnu/libz.so.1 (0x00007488a75c6000)",
        "path": "/usr/lib/x86_64-linux-gnu/libz.so.1.3"
      },
      {
        "library": "libGLX.so.0",
        "line": "\tlibGLX.so.0 => /usr/lib/x86_64-linux-gnu/libGLX.so.0 (0x00007488a7591000)",
        "path": "/usr/lib/x86_64-linux-gnu/libGLX.so.0.0.0"
      },
      {
        "library": "liblapack.so.3",
        "line": "\tliblapack.so.3 => /usr/lib/x86_64-linux-gnu/liblapack.so.3 (0x00007488a6ea1000)",
        "path": "/usr/lib/x86_64-linux-gnu/lapack/liblapack.so.3.12.0"
      },
      {
        "library": "libblas.so.3",
        "line": "\tlibblas.so.3 => /usr/lib/x86_64-linux-gnu/libblas.so.3 (0x00007488a6dfa000)",
        "path": "/usr/lib/x86_64-linux-gnu/blas/libblas.so.3.12.0"
      },
      {
        "library": "libtbb.so.12",
        "line": "\tlibtbb.so.12 => /usr/lib/x86_64-linux-gnu/libtbb.so.12 (0x00007488a6da6000)",
        "path": "/usr/lib/x86_64-linux-gnu/libtbb.so.12.11"
      },
      {
        "library": "libvisualization_msgs__rosidl_generator_c.so",
        "line": "\tlibvisualization_msgs__rosidl_generator_c.so => /opt/ros/jazzy/lib/libvisualization_msgs__rosidl_generator_c.so (0x00007488a6d72000)",
        "path": "/opt/ros/jazzy/lib/libvisualization_msgs__rosidl_generator_c.so"
      },
      {
        "library": "librosidl_typesupport_cpp.so",
        "line": "\tlibrosidl_typesupport_cpp.so => /opt/ros/jazzy/lib/librosidl_typesupport_cpp.so (0x00007488a6d6a000)",
        "path": "/opt/ros/jazzy/lib/librosidl_typesupport_cpp.so"
      },
      {
        "library": "libnav_msgs__rosidl_generator_c.so",
        "line": "\tlibnav_msgs__rosidl_generator_c.so => /opt/ros/jazzy/lib/libnav_msgs__rosidl_generator_c.so (0x00007488a6d37000)",
        "path": "/opt/ros/jazzy/lib/libnav_msgs__rosidl_generator_c.so"
      },
      {
        "library": "libgomp.so.1",
        "line": "\tlibgomp.so.1 => /usr/lib/x86_64-linux-gnu/libgomp.so.1 (0x00007488a6ce1000)",
        "path": "/usr/lib/x86_64-linux-gnu/libgomp.so.1.0.0"
      },
      {
        "library": "librcl_logging_spdlog.so",
        "line": "\tlibrcl_logging_spdlog.so => /opt/ros/jazzy/lib/librcl_logging_spdlog.so (0x00007488a6cd7000)",
        "path": "/opt/ros/jazzy/lib/librcl_logging_spdlog.so"
      },
      {
        "library": "librcl_interfaces__rosidl_typesupport_c.so",
        "line": "\tlibrcl_interfaces__rosidl_typesupport_c.so => /opt/ros/jazzy/lib/librcl_interfaces__rosidl_typesupport_c.so (0x00007488a6cc7000)",
        "path": "/opt/ros/jazzy/lib/librcl_interfaces__rosidl_typesupport_c.so"
      },
      {
        "library": "libtype_description_interfaces__rosidl_generator_c.so",
        "line": "\tlibtype_description_interfaces__rosidl_generator_c.so => /opt/ros/jazzy/lib/libtype_description_interfaces__rosidl_generator_c.so (0x00007488a6cad000)",
        "path": "/opt/ros/jazzy/lib/libtype_description_interfaces__rosidl_generator_c.so"
      },
      {
        "library": "libyaml-0.so.2",
        "line": "\tlibyaml-0.so.2 => /usr/lib/x86_64-linux-gnu/libyaml-0.so.2 (0x00007488a6c8c000)",
        "path": "/usr/lib/x86_64-linux-gnu/libyaml-0.so.2.0.9"
      },
      {
        "library": "libstatistics_msgs__rosidl_generator_c.so",
        "line": "\tlibstatistics_msgs__rosidl_generator_c.so => /opt/ros/jazzy/lib/libstatistics_msgs__rosidl_generator_c.so (0x00007488a6c83000)",
        "path": "/opt/ros/jazzy/lib/libstatistics_msgs__rosidl_generator_c.so"
      },
      {
        "library": "liblttng-ust.so.1",
        "line": "\tliblttng-ust.so.1 => /usr/lib/x86_64-linux-gnu/liblttng-ust.so.1 (0x00007488a6c00000)",
        "path": "/usr/lib/x86_64-linux-gnu/liblttng-ust.so.1.0.0"
      },
      {
        "library": "libsensor_msgs__rosidl_generator_c.so",
        "line": "\tlibsensor_msgs__rosidl_generator_c.so => /opt/ros/jazzy/lib/libsensor_msgs__rosidl_generator_c.so (0x00007488a6bbc000)",
        "path": "/opt/ros/jazzy/lib/libsensor_msgs__rosidl_generator_c.so"
      },
      {
        "library": "libgeometry_msgs__rosidl_generator_c.so",
        "line": "\tlibgeometry_msgs__rosidl_generator_c.so => /opt/ros/jazzy/lib/libgeometry_msgs__rosidl_generator_c.so (0x00007488a6b7c000)",
        "path": "/opt/ros/jazzy/lib/libgeometry_msgs__rosidl_generator_c.so"
      },
      {
        "library": "libjpeg.so.8",
        "line": "\tlibjpeg.so.8 => /usr/lib/x86_64-linux-gnu/libjpeg.so.8 (0x00007488a6af9000)",
        "path": "/usr/lib/x86_64-linux-gnu/libjpeg.so.8.2.2"
      },
      {
        "library": "libwebp.so.7",
        "line": "\tlibwebp.so.7 => /usr/lib/x86_64-linux-gnu/libwebp.so.7 (0x00007488a6a7e000)",
        "path": "/usr/lib/x86_64-linux-gnu/libwebp.so.7.1.8"
      },
      {
        "library": "libpng16.so.16",
        "line": "\tlibpng16.so.16 => /usr/lib/x86_64-linux-gnu/libpng16.so.16 (0x00007488a6a46000)",
        "path": "/usr/lib/x86_64-linux-gnu/libpng16.so.16.43.0"
      },
      {
        "library": "libgdcmMSFF.so.3.0",
        "line": "\tlibgdcmMSFF.so.3.0 => /usr/lib/x86_64-linux-gnu/libgdcmMSFF.so.3.0 (0x00007488a681a000)",
        "path": "/usr/lib/x86_64-linux-gnu/libgdcmMSFF.so.3.0.22"
      },
      {
        "library": "libtiff.so.6",
        "line": "\tlibtiff.so.6 => /usr/lib/x86_64-linux-gnu/libtiff.so.6 (0x00007488a678b000)",
        "path": "/usr/lib/x86_64-linux-gnu/libtiff.so.6.0.1"
      },
      {
        "library": "libopenjp2.so.7",
        "line": "\tlibopenjp2.so.7 => /usr/lib/x86_64-linux-gnu/libopenjp2.so.7 (0x00007488a672a000)",
        "path": "/usr/lib/x86_64-linux-gnu/libopenjp2.so.2.5.0"
      },
      {
        "library": "libOpenEXR-3_1.so.30",
        "line": "\tlibOpenEXR-3_1.so.30 => /usr/lib/x86_64-linux-gnu/libOpenEXR-3_1.so.30 (0x00007488a6425000)",
        "path": "/usr/lib/x86_64-linux-gnu/libOpenEXR-3_1.so.30.5.1"
      },
      {
        "library": "libgdal.so.34",
        "line": "\tlibgdal.so.34 => /usr/lib/x86_64-linux-gnu/libgdal.so.34 (0x00007488a4c4e000)",
        "path": "/usr/lib/x86_64-linux-gnu/libgdal.so.34.3.8.4"
      },
      {
        "library": "libgdcmDSED.so.3.0",
        "line": "\tlibgdcmDSED.so.3.0 => /usr/lib/x86_64-linux-gnu/libgdcmDSED.so.3.0 (0x00007488a4b56000)",
        "path": "/usr/lib/x86_64-linux-gnu/libgdcmDSED.so.3.0.22"
      },
      {
        "library": "librcl_interfaces__rosidl_generator_c.so",
        "line": "\tlibrcl_interfaces__rosidl_generator_c.so => /opt/ros/jazzy/lib/librcl_interfaces__rosidl_generator_c.so (0x00007488a4b08000)",
        "path": "/opt/ros/jazzy/lib/librcl_interfaces__rosidl_generator_c.so"
      },
      {
        "library": "librosgraph_msgs__rosidl_generator_c.so",
        "line": "\tlibrosgraph_msgs__rosidl_generator_c.so => /opt/ros/jazzy/lib/librosgraph_msgs__rosidl_generator_c.so (0x00007488a4b01000)",
        "path": "/opt/ros/jazzy/lib/librosgraph_msgs__rosidl_generator_c.so"
      },
      {
        "library": "librosidl_typesupport_c.so",
        "line": "\tlibrosidl_typesupport_c.so => /opt/ros/jazzy/lib/librosidl_typesupport_c.so (0x00007488a4afb000)",
        "path": "/opt/ros/jazzy/lib/librosidl_typesupport_c.so"
      },
      {
        "library": "libGLdispatch.so.0",
        "line": "\tlibGLdispatch.so.0 => /usr/lib/x86_64-linux-gnu/libGLdispatch.so.0 (0x00007488a4a43000)",
        "path": "/usr/lib/x86_64-linux-gnu/libGLdispatch.so.0.0.0"
      },
      {
        "library": "libX11.so.6",
        "line": "\tlibX11.so.6 => /usr/lib/x86_64-linux-gnu/libX11.so.6 (0x00007488a4906000)",
        "path": "/usr/lib/x86_64-linux-gnu/libX11.so.6.4.0"
      },
      {
        "library": "libgfortran.so.5",
        "line": "\tlibgfortran.so.5 => /usr/lib/x86_64-linux-gnu/libgfortran.so.5 (0x00007488a45e8000)",
        "path": "/usr/lib/x86_64-linux-gnu/libgfortran.so.5.0.0"
      },
      {
        "library": "libservice_msgs__rosidl_generator_c.so",
        "line": "\tlibservice_msgs__rosidl_generator_c.so => /opt/ros/jazzy/lib/libservice_msgs__rosidl_generator_c.so (0x00007488a45e1000)",
        "path": "/opt/ros/jazzy/lib/libservice_msgs__rosidl_generator_c.so"
      },
      {
        "library": "libstd_msgs__rosidl_generator_c.so",
        "line": "\tlibstd_msgs__rosidl_generator_c.so => /opt/ros/jazzy/lib/libstd_msgs__rosidl_generator_c.so (0x00007488a45b0000)",
        "path": "/opt/ros/jazzy/lib/libstd_msgs__rosidl_generator_c.so"
      },
      {
        "library": "libbuiltin_interfaces__rosidl_generator_c.so",
        "line": "\tlibbuiltin_interfaces__rosidl_generator_c.so => /opt/ros/jazzy/lib/libbuiltin_interfaces__rosidl_generator_c.so (0x00007488a45a9000)",
        "path": "/opt/ros/jazzy/lib/libbuiltin_interfaces__rosidl_generator_c.so"
      },
      {
        "library": "libspdlog.so.1.12",
        "line": "\tlibspdlog.so.1.12 => /usr/lib/x86_64-linux-gnu/libspdlog.so.1.12 (0x00007488a4522000)",
        "path": "/usr/lib/x86_64-linux-gnu/libspdlog.so.1.12.0"
      },
      {
        "library": "libnuma.so.1",
        "line": "\tlibnuma.so.1 => /usr/lib/x86_64-linux-gnu/libnuma.so.1 (0x00007488a4514000)",
        "path": "/usr/lib/x86_64-linux-gnu/libnuma.so.1.0.0"
      },
      {
        "library": "liblttng-ust-common.so.1",
        "line": "\tliblttng-ust-common.so.1 => /usr/lib/x86_64-linux-gnu/liblttng-ust-common.so.1 (0x00007488a4505000)",
        "path": "/usr/lib/x86_64-linux-gnu/liblttng-ust-common.so.1.0.0"
      },
      {
        "library": "liblttng-ust-tracepoint.so.1",
        "line": "\tliblttng-ust-tracepoint.so.1 => /usr/lib/x86_64-linux-gnu/liblttng-ust-tracepoint.so.1 (0x00007488a44e8000)",
        "path": "/usr/lib/x86_64-linux-gnu/liblttng-ust-tracepoint.so.1.0.0"
      },
      {
        "library": "libsharpyuv.so.0",
        "line": "\tlibsharpyuv.so.0 => /usr/lib/x86_64-linux-gnu/libsharpyuv.so.0 (0x00007488a44e0000)",
        "path": "/usr/lib/x86_64-linux-gnu/libsharpyuv.so.0.0.1"
      },
      {
        "library": "libgdcmDICT.so.3.0",
        "line": "\tlibgdcmDICT.so.3.0 => /usr/lib/x86_64-linux-gnu/libgdcmDICT.so.3.0 (0x00007488a4208000)",
        "path": "/usr/lib/x86_64-linux-gnu/libgdcmDICT.so.3.0.22"
      },
      {
        "library": "libgdcmjpeg8.so.3.0",
        "line": "\tlibgdcmjpeg8.so.3.0 => /usr/lib/x86_64-linux-gnu/libgdcmjpeg8.so.3.0 (0x00007488a41dd000)",
        "path": "/usr/lib/x86_64-linux-gnu/libgdcmjpeg8.so.3.0.22"
      },
      {
        "library": "libgdcmjpeg12.so.3.0",
        "line": "\tlibgdcmjpeg12.so.3.0 => /usr/lib/x86_64-linux-gnu/libgdcmjpeg12.so.3.0 (0x00007488a41b0000)",
        "path": "/usr/lib/x86_64-linux-gnu/libgdcmjpeg12.so.3.0.22"
      },
      {
        "library": "libgdcmjpeg16.so.3.0",
        "line": "\tlibgdcmjpeg16.so.3.0 => /usr/lib/x86_64-linux-gnu/libgdcmjpeg16.so.3.0 (0x00007488a4185000)",
        "path": "/usr/lib/x86_64-linux-gnu/libgdcmjpeg16.so.3.0.22"
      },
      {
        "library": "libcharls.so.2",
        "line": "\tlibcharls.so.2 => /usr/lib/x86_64-linux-gnu/libcharls.so.2 (0x00007488a4131000)",
        "path": "/usr/lib/x86_64-linux-gnu/libcharls.so.2.4.2"
      },
      {
        "library": "libuuid.so.1",
        "line": "\tlibuuid.so.1 => /usr/lib/x86_64-linux-gnu/libuuid.so.1 (0x00007488a4127000)",
        "path": "/usr/lib/x86_64-linux-gnu/libuuid.so.1.3.0"
      },
      {
        "library": "libjson-c.so.5",
        "line": "\tlibjson-c.so.5 => /usr/lib/x86_64-linux-gnu/libjson-c.so.5 (0x00007488a4113000)",
        "path": "/usr/lib/x86_64-linux-gnu/libjson-c.so.5.3.0"
      },
      {
        "library": "libgdcmIOD.so.3.0",
        "line": "\tlibgdcmIOD.so.3.0 => /usr/lib/x86_64-linux-gnu/libgdcmIOD.so.3.0 (0x00007488a40fd000)",
        "path": "/usr/lib/x86_64-linux-gnu/libgdcmIOD.so.3.0.22"
      },
      {
        "library": "libgdcmCommon.so.3.0",
        "line": "\tlibgdcmCommon.so.3.0 => /usr/lib/x86_64-linux-gnu/libgdcmCommon.so.3.0 (0x00007488a40d6000)",
        "path": "/usr/lib/x86_64-linux-gnu/libgdcmCommon.so.3.0.22"
      },
      {
        "library": "libzstd.so.1",
        "line": "\tlibzstd.so.1 => /usr/lib/x86_64-linux-gnu/libzstd.so.1 (0x00007488a401c000)",
        "path": "/usr/lib/x86_64-linux-gnu/libzstd.so.1.5.5"
      },
      {
        "library": "liblzma.so.5",
        "line": "\tliblzma.so.5 => /usr/lib/x86_64-linux-gnu/liblzma.so.5 (0x00007488a3fea000)",
        "path": "/usr/lib/x86_64-linux-gnu/liblzma.so.5.4.5"
      },
      {
        "library": "libLerc.so.4",
        "line": "\tlibLerc.so.4 => /usr/lib/x86_64-linux-gnu/libLerc.so.4 (0x00007488a3f63000)",
        "path": "/usr/lib/x86_64-linux-gnu/libLerc.so.4"
      },
      {
        "library": "libjbig.so.0",
        "line": "\tlibjbig.so.0 => /usr/lib/x86_64-linux-gnu/libjbig.so.0 (0x00007488a3f53000)",
        "path": "/usr/lib/x86_64-linux-gnu/libjbig.so.0"
      },
      {
        "library": "libdeflate.so.0",
        "line": "\tlibdeflate.so.0 => /usr/lib/x86_64-linux-gnu/libdeflate.so.0 (0x00007488a3f3e000)",
        "path": "/usr/lib/x86_64-linux-gnu/libdeflate.so.0"
      },
      {
        "library": "libImath-3_1.so.29",
        "line": "\tlibImath-3_1.so.29 => /usr/lib/x86_64-linux-gnu/libImath-3_1.so.29 (0x00007488a3ef0000)",
        "path": "/usr/lib/x86_64-linux-gnu/libImath-3_1.so.29.8.0"
      },
      {
        "library": "libIlmThread-3_1.so.30",
        "line": "\tlibIlmThread-3_1.so.30 => /usr/lib/x86_64-linux-gnu/libIlmThread-3_1.so.30 (0x00007488a3ee6000)",
        "path": "/usr/lib/x86_64-linux-gnu/libIlmThread-3_1.so.30.5.1"
      },
      {
        "library": "libIex-3_1.so.30",
        "line": "\tlibIex-3_1.so.30 => /usr/lib/x86_64-linux-gnu/libIex-3_1.so.30 (0x00007488a3e63000)",
        "path": "/usr/lib/x86_64-linux-gnu/libIex-3_1.so.30.5.1"
      },
      {
        "library": "libcurl.so.4",
        "line": "\tlibcurl.so.4 => /usr/lib/x86_64-linux-gnu/libcurl.so.4 (0x00007488a3da2000)",
        "path": "/usr/lib/x86_64-linux-gnu/libcurl.so.4.8.0"
      },
      {
        "library": "libodbc.so.2",
        "line": "\tlibodbc.so.2 => /usr/lib/x86_64-linux-gnu/libodbc.so.2 (0x00007488a3d30000)",
        "path": "/usr/lib/x86_64-linux-gnu/libodbc.so.2.0.0"
      },
      {
        "library": "libodbcinst.so.2",
        "line": "\tlibodbcinst.so.2 => /usr/lib/x86_64-linux-gnu/libodbcinst.so.2 (0x00007488a3d1c000)",
        "path": "/usr/lib/x86_64-linux-gnu/libodbcinst.so.2.0.0"
      },
      {
        "library": "libxml2.so.2",
        "line": "\tlibxml2.so.2 => /usr/lib/x86_64-linux-gnu/libxml2.so.2 (0x00007488a3b3a000)",
        "path": "/usr/lib/x86_64-linux-gnu/libxml2.so.2.9.14"
      },
      {
        "library": "libcrypto.so.3",
        "line": "\tlibcrypto.so.3 => /usr/lib/x86_64-linux-gnu/libcrypto.so.3 (0x00007488a3626000)",
        "path": "/usr/lib/x86_64-linux-gnu/libcrypto.so.3"
      },
      {
        "library": "liblz4.so.1",
        "line": "\tliblz4.so.1 => /usr/lib/x86_64-linux-gnu/liblz4.so.1 (0x00007488a3604000)",
        "path": "/usr/lib/x86_64-linux-gnu/liblz4.so.1.9.4"
      },
      {
        "library": "libblosc.so.1",
        "line": "\tlibblosc.so.1 => /usr/lib/x86_64-linux-gnu/libblosc.so.1 (0x00007488a35f4000)",
        "path": "/usr/lib/x86_64-linux-gnu/libblosc.so.1.21.5"
      },
      {
        "library": "libarmadillo.so.12",
        "line": "\tlibarmadillo.so.12 => /lib/libarmadillo.so.12 (0x00007488a35df000)",
        "path": "/usr/lib/libarmadillo.so.12.6.7"
      },
      {
        "library": "libqhull_r.so.8.0",
        "line": "\tlibqhull_r.so.8.0 => /usr/lib/x86_64-linux-gnu/libqhull_r.so.8.0 (0x00007488a356f000)",
        "path": "/usr/lib/x86_64-linux-gnu/libqhull_r.so.8.0.2"
      },
      {
        "library": "libxerces-c-3.2.so",
        "line": "\tlibxerces-c-3.2.so => /usr/lib/x86_64-linux-gnu/libxerces-c-3.2.so (0x00007488a321a000)",
        "path": "/usr/lib/x86_64-linux-gnu/libxerces-c-3.2.so"
      },
      {
        "library": "libgeotiff.so.5",
        "line": "\tlibgeotiff.so.5 => /usr/lib/x86_64-linux-gnu/libgeotiff.so.5 (0x00007488a31e4000)",
        "path": "/usr/lib/x86_64-linux-gnu/libgeotiff.so.5.2.1"
      },
      {
        "library": "libheif.so.1",
        "line": "\tlibheif.so.1 => /usr/lib/x86_64-linux-gnu/libheif.so.1 (0x00007488a3124000)",
        "path": "/usr/lib/x86_64-linux-gnu/libheif.so.1.17.6"
      },
      {
        "library": "libaec.so.0",
        "line": "\tlibaec.so.0 => /usr/lib/x86_64-linux-gnu/libaec.so.0 (0x00007488a311b000)",
        "path": "/usr/lib/x86_64-linux-gnu/libaec.so.0.1.2"
      },
      {
        "library": "libpoppler.so.134",
        "line": "\tlibpoppler.so.134 => /usr/lib/x86_64-linux-gnu/libpoppler.so.134 (0x00007488a2da5000)",
        "path": "/usr/lib/x86_64-linux-gnu/libpoppler.so.134.0.0"
      },
      {
        "library": "libgif.so.7",
        "line": "\tlibgif.so.7 => /usr/lib/x86_64-linux-gnu/libgif.so.7 (0x00007488a2d9a000)",
        "path": "/usr/lib/x86_64-linux-gnu/libgif.so.7.2.0"
      },
      {
        "library": "libnetcdf.so.19",
        "line": "\tlibnetcdf.so.19 => /usr/lib/x86_64-linux-gnu/libnetcdf.so.19 (0x00007488a2baf000)",
        "path": "/usr/lib/x86_64-linux-gnu/libnetcdf.so.19"
      },
      {
        "library": "libcfitsio.so.10",
        "line": "\tlibcfitsio.so.10 => /usr/lib/x86_64-linux-gnu/libcfitsio.so.10 (0x00007488a28a7000)",
        "path": "/usr/lib/x86_64-linux-gnu/libcfitsio.so.10.4.3.1"
      },
      {
        "library": "libhdf5_serial.so.103",
        "line": "\tlibhdf5_serial.so.103 => /usr/lib/x86_64-linux-gnu/libhdf5_serial.so.103 (0x00007488a2533000)",
        "path": "/usr/lib/x86_64-linux-gnu/libhdf5_serial.so.103.4.0"
      },
      {
        "library": "libsqlite3.so.0",
        "line": "\tlibsqlite3.so.0 => /usr/lib/x86_64-linux-gnu/libsqlite3.so.0 (0x00007488a23cb000)",
        "path": "/usr/lib/x86_64-linux-gnu/libsqlite3.so.0.8.6"
      },
      {
        "library": "libpq.so.5",
        "line": "\tlibpq.so.5 => /usr/lib/x86_64-linux-gnu/libpq.so.5 (0x00007488a2372000)",
        "path": "/usr/lib/x86_64-linux-gnu/libpq.so.5.16"
      },
      {
        "library": "libkmlbase.so.1",
        "line": "\tlibkmlbase.so.1 => /usr/lib/x86_64-linux-gnu/libkmlbase.so.1 (0x00007488a2355000)",
        "path": "/usr/lib/x86_64-linux-gnu/libkmlbase.so.1.3.0"
      },
      {
        "library": "libkmldom.so.1",
        "line": "\tlibkmldom.so.1 => /usr/lib/x86_64-linux-gnu/libkmldom.so.1 (0x00007488a22c3000)",
        "path": "/usr/lib/x86_64-linux-gnu/libkmldom.so.1.3.0"
      },
      {
        "library": "libkmlengine.so.1",
        "line": "\tlibkmlengine.so.1 => /usr/lib/x86_64-linux-gnu/libkmlengine.so.1 (0x00007488a2295000)",
        "path": "/usr/lib/x86_64-linux-gnu/libkmlengine.so.1.3.0"
      },
      {
        "library": "libfyba.so.0",
        "line": "\tlibfyba.so.0 => /usr/lib/x86_64-linux-gnu/libfyba.so.0 (0x00007488a223f000)",
        "path": "/usr/lib/x86_64-linux-gnu/libfyba.so.0.0.0"
      },
      {
        "library": "libpcre2-8.so.0",
        "line": "\tlibpcre2-8.so.0 => /usr/lib/x86_64-linux-gnu/libpcre2-8.so.0 (0x00007488a21a5000)",
        "path": "/usr/lib/x86_64-linux-gnu/libpcre2-8.so.0.11.2"
      },
      {
        "library": "libspatialite.so.8",
        "line": "\tlibspatialite.so.8 => /usr/lib/x86_64-linux-gnu/libspatialite.so.8 (0x00007488a1a38000)",
        "path": "/usr/lib/x86_64-linux-gnu/libspatialite.so.8.1.0"
      },
      {
        "library": "libmysqlclient.so.21",
        "line": "\tlibmysqlclient.so.21 => /usr/lib/x86_64-linux-gnu/libmysqlclient.so.21 (0x00007488a13b9000)",
        "path": "/usr/lib/x86_64-linux-gnu/libmysqlclient.so.21.2.45"
      },
      {
        "library": "libfreexl.so.1",
        "line": "\tlibfreexl.so.1 => /usr/lib/x86_64-linux-gnu/libfreexl.so.1 (0x00007488a13a8000)",
        "path": "/usr/lib/x86_64-linux-gnu/libfreexl.so.1.2.0"
      },
      {
        "library": "libogdi.so.4.1",
        "line": "\tlibogdi.so.4.1 => /usr/lib/x86_64-linux-gnu/libogdi.so.4.1 (0x00007488a138d000)",
        "path": "/usr/lib/x86_64-linux-gnu/libogdi.so.4.1"
      },
      {
        "library": "libexpat.so.1",
        "line": "\tlibexpat.so.1 => /usr/lib/x86_64-linux-gnu/libexpat.so.1 (0x00007488a1361000)",
        "path": "/usr/lib/x86_64-linux-gnu/libexpat.so.1.9.1"
      },
      {
        "library": "libgeos_c.so.1",
        "line": "\tlibgeos_c.so.1 => /usr/lib/x86_64-linux-gnu/libgeos_c.so.1 (0x00007488a1318000)",
        "path": "/usr/lib/x86_64-linux-gnu/libgeos_c.so.1.18.1"
      },
      {
        "library": "libproj.so.25",
        "line": "\tlibproj.so.25 => /usr/lib/x86_64-linux-gnu/libproj.so.25 (0x00007488a0f54000)",
        "path": "/usr/lib/x86_64-linux-gnu/libproj.so.25.9.4.0"
      },
      {
        "library": "libdfalt.so.0",
        "line": "\tlibdfalt.so.0 => /usr/lib/x86_64-linux-gnu/libdfalt.so.0 (0x00007488a0eb0000)",
        "path": "/usr/lib/x86_64-linux-gnu/libdfalt.so.0.0.0"
      },
      {
        "library": "libmfhdfalt.so.0",
        "line": "\tlibmfhdfalt.so.0 => /usr/lib/x86_64-linux-gnu/libmfhdfalt.so.0 (0x00007488a0e87000)",
        "path": "/usr/lib/x86_64-linux-gnu/libmfhdfalt.so.0.0.0"
      },
      {
        "library": "libxcb.so.1",
        "line": "\tlibxcb.so.1 => /usr/lib/x86_64-linux-gnu/libxcb.so.1 (0x00007488a0e5e000)",
        "path": "/usr/lib/x86_64-linux-gnu/libxcb.so.1.1.0"
      },
      {
        "library": "libfmt.so.9",
        "line": "\tlibfmt.so.9 => /usr/lib/x86_64-linux-gnu/libfmt.so.9 (0x00007488a0e3b000)",
        "path": "/usr/lib/x86_64-linux-gnu/libfmt.so.9.1.0"
      },
      {
        "library": "libnghttp2.so.14",
        "line": "\tlibnghttp2.so.14 => /usr/lib/x86_64-linux-gnu/libnghttp2.so.14 (0x00007488a0e10000)",
        "path": "/usr/lib/x86_64-linux-gnu/libnghttp2.so.14.26.0"
      },
      {
        "library": "libidn2.so.0",
        "line": "\tlibidn2.so.0 => /usr/lib/x86_64-linux-gnu/libidn2.so.0 (0x00007488a0dee000)",
        "path": "/usr/lib/x86_64-linux-gnu/libidn2.so.0.4.0"
      },
      {
        "library": "librtmp.so.1",
        "line": "\tlibrtmp.so.1 => /usr/lib/x86_64-linux-gnu/librtmp.so.1 (0x00007488a0dd0000)",
        "path": "/usr/lib/x86_64-linux-gnu/librtmp.so.1"
      },
      {
        "library": "libssh.so.4",
        "line": "\tlibssh.so.4 => /usr/lib/x86_64-linux-gnu/libssh.so.4 (0x00007488a0d5c000)",
        "path": "/usr/lib/x86_64-linux-gnu/libssh.so.4.9.6"
      },
      {
        "library": "libpsl.so.5",
        "line": "\tlibpsl.so.5 => /usr/lib/x86_64-linux-gnu/libpsl.so.5 (0x00007488a0d48000)",
        "path": "/usr/lib/x86_64-linux-gnu/libpsl.so.5.3.4"
      },
      {
        "library": "libssl.so.3",
        "line": "\tlibssl.so.3 => /usr/lib/x86_64-linux-gnu/libssl.so.3 (0x00007488a0c9e000)",
        "path": "/usr/lib/x86_64-linux-gnu/libssl.so.3"
      },
      {
        "library": "libgssapi_krb5.so.2",
        "line": "\tlibgssapi_krb5.so.2 => /usr/lib/x86_64-linux-gnu/libgssapi_krb5.so.2 (0x00007488a0c4a000)",
        "path": "/usr/lib/x86_64-linux-gnu/libgssapi_krb5.so.2.2"
      },
      {
        "library": "libldap.so.2",
        "line": "\tlibldap.so.2 => /usr/lib/x86_64-linux-gnu/libldap.so.2 (0x00007488a0bed000)",
        "path": "/usr/lib/x86_64-linux-gnu/libldap.so.2.0.200"
      },
      {
        "library": "liblber.so.2",
        "line": "\tliblber.so.2 => /usr/lib/x86_64-linux-gnu/liblber.so.2 (0x00007488a0bdd000)",
        "path": "/usr/lib/x86_64-linux-gnu/liblber.so.2.0.200"
      },
      {
        "library": "libbrotlidec.so.1",
        "line": "\tlibbrotlidec.so.1 => /usr/lib/x86_64-linux-gnu/libbrotlidec.so.1 (0x00007488a0bcd000)",
        "path": "/usr/lib/x86_64-linux-gnu/libbrotlidec.so.1.1.0"
      },
      {
        "library": "libltdl.so.7",
        "line": "\tlibltdl.so.7 => /usr/lib/x86_64-linux-gnu/libltdl.so.7 (0x00007488a0bc2000)",
        "path": "/usr/lib/x86_64-linux-gnu/libltdl.so.7.3.2"
      },
      {
        "library": "libicuuc.so.74",
        "line": "\tlibicuuc.so.74 => /usr/lib/x86_64-linux-gnu/libicuuc.so.74 (0x00007488a09b5000)",
        "path": "/usr/lib/x86_64-linux-gnu/libicuuc.so.74.2"
      },
      {
        "library": "libsnappy.so.1",
        "line": "\tlibsnappy.so.1 => /usr/lib/x86_64-linux-gnu/libsnappy.so.1 (0x00007488a09aa000)",
        "path": "/usr/lib/x86_64-linux-gnu/libsnappy.so.1.1.10"
      },
      {
        "library": "libarpack.so.2",
        "line": "\tlibarpack.so.2 => /usr/lib/x86_64-linux-gnu/libarpack.so.2 (0x00007488a0960000)",
        "path": "/usr/lib/x86_64-linux-gnu/libarpack.so.2.1.0"
      },
      {
        "library": "libsuperlu.so.6",
        "line": "\tlibsuperlu.so.6 => /usr/lib/x86_64-linux-gnu/libsuperlu.so.6 (0x00007488a08ee000)",
        "path": "/usr/lib/x86_64-linux-gnu/libsuperlu.so.6.0.1"
      },
      {
        "library": "libcurl-gnutls.so.4",
        "line": "\tlibcurl-gnutls.so.4 => /usr/lib/x86_64-linux-gnu/libcurl-gnutls.so.4 (0x00007488a0833000)",
        "path": "/usr/lib/x86_64-linux-gnu/libcurl-gnutls.so.4.8.0"
      },
      {
        "library": "libfreetype.so.6",
        "line": "\tlibfreetype.so.6 => /usr/lib/x86_64-linux-gnu/libfreetype.so.6 (0x00007488a0767000)",
        "path": "/usr/lib/x86_64-linux-gnu/libfreetype.so.6.20.1"
      },
      {
        "library": "libfontconfig.so.1",
        "line": "\tlibfontconfig.so.1 => /usr/lib/x86_64-linux-gnu/libfontconfig.so.1 (0x00007488a0716000)",
        "path": "/usr/lib/x86_64-linux-gnu/libfontconfig.so.1.12.1"
      },
      {
        "library": "liblcms2.so.2",
        "line": "\tliblcms2.so.2 => /usr/lib/x86_64-linux-gnu/liblcms2.so.2 (0x00007488a06b4000)",
        "path": "/usr/lib/x86_64-linux-gnu/liblcms2.so.2.0.14"
      },
      {
        "library": "libnss3.so",
        "line": "\tlibnss3.so => /usr/lib/x86_64-linux-gnu/libnss3.so (0x00007488a0583000)",
        "path": "/usr/lib/x86_64-linux-gnu/libnss3.so"
      },
      {
        "library": "libsmime3.so",
        "line": "\tlibsmime3.so => /usr/lib/x86_64-linux-gnu/libsmime3.so (0x00007488a055a000)",
        "path": "/usr/lib/x86_64-linux-gnu/libsmime3.so"
      },
      {
        "library": "libplc4.so",
        "line": "\tlibplc4.so => /usr/lib/x86_64-linux-gnu/libplc4.so (0x00007488a0553000)",
        "path": "/usr/lib/x86_64-linux-gnu/libplc4.so"
      },
      {
        "library": "libnspr4.so",
        "line": "\tlibnspr4.so => /usr/lib/x86_64-linux-gnu/libnspr4.so (0x00007488a0514000)",
        "path": "/usr/lib/x86_64-linux-gnu/libnspr4.so"
      },
      {
        "library": "libhdf5_serial_hl.so.100",
        "line": "\tlibhdf5_serial_hl.so.100 => /usr/lib/x86_64-linux-gnu/libhdf5_serial_hl.so.100 (0x00007488a04ef000)",
        "path": "/usr/lib/x86_64-linux-gnu/libhdf5_serial_hl.so.100.1.7"
      },
      {
        "library": "libbz2.so.1.0",
        "line": "\tlibbz2.so.1.0 => /usr/lib/x86_64-linux-gnu/libbz2.so.1.0 (0x00007488a04d9000)",
        "path": "/usr/lib/x86_64-linux-gnu/libbz2.so.1.0.4"
      },
      {
        "library": "libsz.so.2",
        "line": "\tlibsz.so.2 => /usr/lib/x86_64-linux-gnu/libsz.so.2 (0x00007488a04d4000)",
        "path": "/usr/lib/x86_64-linux-gnu/libsz.so.2.0.1"
      },
      {
        "library": "libminizip.so.1",
        "line": "\tlibminizip.so.1 => /usr/lib/x86_64-linux-gnu/libminizip.so.1 (0x00007488a04c7000)",
        "path": "/usr/lib/x86_64-linux-gnu/libminizip.so.1.0.0"
      },
      {
        "library": "liburiparser.so.1",
        "line": "\tliburiparser.so.1 => /usr/lib/x86_64-linux-gnu/liburiparser.so.1 (0x00007488a04b0000)",
        "path": "/usr/lib/x86_64-linux-gnu/liburiparser.so.1.0.30"
      },
      {
        "library": "libfyut.so.0",
        "line": "\tlibfyut.so.0 => /usr/lib/x86_64-linux-gnu/libfyut.so.0 (0x00007488a04a5000)",
        "path": "/usr/lib/x86_64-linux-gnu/libfyut.so.0.0.0"
      },
      {
        "library": "libfygm.so.0",
        "line": "\tlibfygm.so.0 => /usr/lib/x86_64-linux-gnu/libfygm.so.0 (0x00007488a049a000)",
        "path": "/usr/lib/x86_64-linux-gnu/libfygm.so.0.0.0"
      },
      {
        "library": "librttopo.so.1",
        "line": "\tlibrttopo.so.1 => /usr/lib/x86_64-linux-gnu/librttopo.so.1 (0x00007488a042a000)",
        "path": "/usr/lib/x86_64-linux-gnu/librttopo.so.1.1.0"
      },
      {
        "library": "libresolv.so.2",
        "line": "\tlibresolv.so.2 => /usr/lib/x86_64-linux-gnu/libresolv.so.2 (0x00007488a0417000)",
        "path": "/usr/lib/x86_64-linux-gnu/libresolv.so.2"
      },
      {
        "library": "libtirpc.so.3",
        "line": "\tlibtirpc.so.3 => /usr/lib/x86_64-linux-gnu/libtirpc.so.3 (0x00007488a03ea000)",
        "path": "/usr/lib/x86_64-linux-gnu/libtirpc.so.3.0.0"
      },
      {
        "library": "libgeos.so.3.12.1",
        "line": "\tlibgeos.so.3.12.1 => /usr/lib/x86_64-linux-gnu/libgeos.so.3.12.1 (0x00007488a0182000)",
        "path": "/usr/lib/x86_64-linux-gnu/libgeos.so.3.12.1"
      },
      {
        "library": "libXau.so.6",
        "line": "\tlibXau.so.6 => /usr/lib/x86_64-linux-gnu/libXau.so.6 (0x00007488a017a000)",
        "path": "/usr/lib/x86_64-linux-gnu/libXau.so.6.0.0"
      },
      {
        "library": "libXdmcp.so.6",
        "line": "\tlibXdmcp.so.6 => /usr/lib/x86_64-linux-gnu/libXdmcp.so.6 (0x00007488a0172000)",
        "path": "/usr/lib/x86_64-linux-gnu/libXdmcp.so.6.0.0"
      },
      {
        "library": "libunistring.so.5",
        "line": "\tlibunistring.so.5 => /usr/lib/x86_64-linux-gnu/libunistring.so.5 (0x000074889ffc5000)",
        "path": "/usr/lib/x86_64-linux-gnu/libunistring.so.5.0.0"
      },
      {
        "library": "libgnutls.so.30",
        "line": "\tlibgnutls.so.30 => /usr/lib/x86_64-linux-gnu/libgnutls.so.30 (0x000074889fdcb000)",
        "path": "/usr/lib/x86_64-linux-gnu/libgnutls.so.30.37.1"
      },
      {
        "library": "libhogweed.so.6",
        "line": "\tlibhogweed.so.6 => /usr/lib/x86_64-linux-gnu/libhogweed.so.6 (0x000074889fd83000)",
        "path": "/usr/lib/x86_64-linux-gnu/libhogweed.so.6.8"
      },
      {
        "library": "libnettle.so.8",
        "line": "\tlibnettle.so.8 => /usr/lib/x86_64-linux-gnu/libnettle.so.8 (0x000074889fd2c000)",
        "path": "/usr/lib/x86_64-linux-gnu/libnettle.so.8.8"
      },
      {
        "library": "libgmp.so.10",
        "line": "\tlibgmp.so.10 => /usr/lib/x86_64-linux-gnu/libgmp.so.10 (0x000074889fca8000)",
        "path": "/usr/lib/x86_64-linux-gnu/libgmp.so.10.5.0"
      },
      {
        "library": "libkrb5.so.3",
        "line": "\tlibkrb5.so.3 => /usr/lib/x86_64-linux-gnu/libkrb5.so.3 (0x000074889fbdf000)",
        "path": "/usr/lib/x86_64-linux-gnu/libkrb5.so.3.3"
      },
      {
        "library": "libk5crypto.so.3",
        "line": "\tlibk5crypto.so.3 => /usr/lib/x86_64-linux-gnu/libk5crypto.so.3 (0x000074889fbb3000)",
        "path": "/usr/lib/x86_64-linux-gnu/libk5crypto.so.3.1"
      },
      {
        "library": "libcom_err.so.2",
        "line": "\tlibcom_err.so.2 => /usr/lib/x86_64-linux-gnu/libcom_err.so.2 (0x000074889fbad000)",
        "path": "/usr/lib/x86_64-linux-gnu/libcom_err.so.2.1"
      },
      {
        "library": "libkrb5support.so.0",
        "line": "\tlibkrb5support.so.0 => /usr/lib/x86_64-linux-gnu/libkrb5support.so.0 (0x000074889fb9e000)",
        "path": "/usr/lib/x86_64-linux-gnu/libkrb5support.so.0.1"
      },
      {
        "library": "libsasl2.so.2",
        "line": "\tlibsasl2.so.2 => /usr/lib/x86_64-linux-gnu/libsasl2.so.2 (0x000074889fb84000)",
        "path": "/usr/lib/x86_64-linux-gnu/libsasl2.so.2.0.25"
      },
      {
        "library": "libbrotlicommon.so.1",
        "line": "\tlibbrotlicommon.so.1 => /usr/lib/x86_64-linux-gnu/libbrotlicommon.so.1 (0x000074889fb61000)",
        "path": "/usr/lib/x86_64-linux-gnu/libbrotlicommon.so.1.1.0"
      },
      {
        "library": "libicudata.so.74",
        "line": "\tlibicudata.so.74 => /usr/lib/x86_64-linux-gnu/libicudata.so.74 (0x000074889de01000)",
        "path": "/usr/lib/x86_64-linux-gnu/libicudata.so.74.2"
      },
      {
        "library": "libnssutil3.so",
        "line": "\tlibnssutil3.so => /usr/lib/x86_64-linux-gnu/libnssutil3.so (0x000074889ddcf000)",
        "path": "/usr/lib/x86_64-linux-gnu/libnssutil3.so"
      },
      {
        "library": "libplds4.so",
        "line": "\tlibplds4.so => /usr/lib/x86_64-linux-gnu/libplds4.so (0x000074889ddc8000)",
        "path": "/usr/lib/x86_64-linux-gnu/libplds4.so"
      },
      {
        "library": "libbsd.so.0",
        "line": "\tlibbsd.so.0 => /usr/lib/x86_64-linux-gnu/libbsd.so.0 (0x000074889ddb2000)",
        "path": "/usr/lib/x86_64-linux-gnu/libbsd.so.0.12.1"
      },
      {
        "library": "libp11-kit.so.0",
        "line": "\tlibp11-kit.so.0 => /usr/lib/x86_64-linux-gnu/libp11-kit.so.0 (0x000074889dc0e000)",
        "path": "/usr/lib/x86_64-linux-gnu/libp11-kit.so.0.3.1"
      },
      {
        "library": "libtasn1.so.6",
        "line": "\tlibtasn1.so.6 => /usr/lib/x86_64-linux-gnu/libtasn1.so.6 (0x000074889dbf8000)",
        "path": "/usr/lib/x86_64-linux-gnu/libtasn1.so.6.6.3"
      },
      {
        "library": "libkeyutils.so.1",
        "line": "\tlibkeyutils.so.1 => /usr/lib/x86_64-linux-gnu/libkeyutils.so.1 (0x000074889dbef000)",
        "path": "/usr/lib/x86_64-linux-gnu/libkeyutils.so.1.10"
      },
      {
        "library": "libmd.so.0",
        "line": "\tlibmd.so.0 => /usr/lib/x86_64-linux-gnu/libmd.so.0 (0x000074889dbe0000)",
        "path": "/usr/lib/x86_64-linux-gnu/libmd.so.0.1.0"
      },
      {
        "library": "libffi.so.8",
        "line": "\tlibffi.so.8 => /usr/lib/x86_64-linux-gnu/libffi.so.8 (0x000074889dbd4000)",
        "path": "/usr/lib/x86_64-linux-gnu/libffi.so.8.1.4"
      },
      {
        "library": "librclcpp.so",
        "line": "\tlibrclcpp.so => /opt/ros/jazzy/lib/librclcpp.so (0x00007bea349a2000)",
        "path": "/opt/ros/jazzy/lib/librclcpp.so"
      },
      {
        "library": "libnav_msgs__rosidl_typesupport_cpp.so",
        "line": "\tlibnav_msgs__rosidl_typesupport_cpp.so => /opt/ros/jazzy/lib/libnav_msgs__rosidl_typesupport_cpp.so (0x00007bea35183000)",
        "path": "/opt/ros/jazzy/lib/libnav_msgs__rosidl_typesupport_cpp.so"
      },
      {
        "library": "libvisualization_msgs__rosidl_typesupport_cpp.so",
        "line": "\tlibvisualization_msgs__rosidl_typesupport_cpp.so => /opt/ros/jazzy/lib/libvisualization_msgs__rosidl_typesupport_cpp.so (0x00007bea35175000)",
        "path": "/opt/ros/jazzy/lib/libvisualization_msgs__rosidl_typesupport_cpp.so"
      },
      {
        "library": "libiap.so",
        "line": "\tlibiap.so => /home/dev/ws_iap/src/iap/results/icra27/icra031/install/lib/libiap.so (0x00007bea34000000)",
        "path": "/home/dev/ws_iap/src/iap/results/icra27/icra031/install/lib/libiap.so"
      },
      {
        "library": "libiap__rosidl_typesupport_cpp.so",
        "line": "\tlibiap__rosidl_typesupport_cpp.so => /home/dev/ws_iap/src/iap/results/icra27/icra031/install/lib/libiap__rosidl_typesupport_cpp.so (0x00007bea3516f000)",
        "path": "/home/dev/ws_iap/src/iap/results/icra27/icra031/install/lib/libiap__rosidl_typesupport_cpp.so"
      },
      {
        "library": "liblibstatistics_collector.so",
        "line": "\tliblibstatistics_collector.so => /opt/ros/jazzy/lib/liblibstatistics_collector.so (0x00007bea35167000)",
        "path": "/opt/ros/jazzy/lib/liblibstatistics_collector.so"
      },
      {
        "library": "librcl.so",
        "line": "\tlibrcl.so => /opt/ros/jazzy/lib/librcl.so (0x00007bea35120000)",
        "path": "/opt/ros/jazzy/lib/librcl.so"
      },
      {
        "library": "libstatistics_msgs__rosidl_typesupport_cpp.so",
        "line": "\tlibstatistics_msgs__rosidl_typesupport_cpp.so => /opt/ros/jazzy/lib/libstatistics_msgs__rosidl_typesupport_cpp.so (0x00007bea35118000)",
        "path": "/opt/ros/jazzy/lib/libstatistics_msgs__rosidl_typesupport_cpp.so"
      },
      {
        "library": "libtracetools.so",
        "line": "\tlibtracetools.so => /opt/ros/jazzy/lib/libtracetools.so (0x00007bea350fe000)",
        "path": "/opt/ros/jazzy/lib/libtracetools.so"
      },
      {
        "library": "libsensor_msgs__rosidl_typesupport_cpp.so",
        "line": "\tlibsensor_msgs__rosidl_typesupport_cpp.so => /opt/ros/jazzy/lib/libsensor_msgs__rosidl_typesupport_cpp.so (0x00007bea350ef000)",
        "path": "/opt/ros/jazzy/lib/libsensor_msgs__rosidl_typesupport_cpp.so"
      },
      {
        "library": "librmw.so",
        "line": "\tlibrmw.so => /opt/ros/jazzy/lib/librmw.so (0x00007bea350e4000)",
        "path": "/opt/ros/jazzy/lib/librmw.so"
      },
      {
        "library": "libgnss_comm_lib.so",
        "line": "\tlibgnss_comm_lib.so => /home/dev/ws_iap/install/gnss_comm/lib/libgnss_comm_lib.so (0x00007bea33c00000)",
        "path": "/home/dev/ws_iap/install/gnss_comm/lib/libgnss_comm_lib.so"
      },
      {
        "library": "libgnss_comm__rosidl_typesupport_cpp.so",
        "line": "\tlibgnss_comm__rosidl_typesupport_cpp.so => /home/dev/ws_iap/install/gnss_comm/lib/libgnss_comm__rosidl_typesupport_cpp.so (0x00007bea350d6000)",
        "path": "/home/dev/ws_iap/install/gnss_comm/lib/libgnss_comm__rosidl_typesupport_cpp.so"
      },
      {
        "library": "libstd_msgs__rosidl_typesupport_cpp.so",
        "line": "\tlibstd_msgs__rosidl_typesupport_cpp.so => /opt/ros/jazzy/lib/libstd_msgs__rosidl_typesupport_cpp.so (0x00007bea350ca000)",
        "path": "/opt/ros/jazzy/lib/libstd_msgs__rosidl_typesupport_cpp.so"
      },
      {
        "library": "librcutils.so",
        "line": "\tlibrcutils.so => /opt/ros/jazzy/lib/librcutils.so (0x00007bea350aa000)",
        "path": "/opt/ros/jazzy/lib/librcutils.so"
      },
      {
        "library": "libstdc++.so.6",
        "line": "\tlibstdc++.so.6 => /usr/lib/x86_64-linux-gnu/libstdc++.so.6 (0x00007bea33982000)",
        "path": "/usr/lib/x86_64-linux-gnu/libstdc++.so.6.0.33"
      },
      {
        "library": "libm.so.6",
        "line": "\tlibm.so.6 => /usr/lib/x86_64-linux-gnu/libm.so.6 (0x00007bea3489b000)",
        "path": "/usr/lib/x86_64-linux-gnu/libm.so.6"
      },
      {
        "library": "libgcc_s.so.1",
        "line": "\tlibgcc_s.so.1 => /usr/lib/x86_64-linux-gnu/libgcc_s.so.1 (0x00007bea3486d000)",
        "path": "/usr/lib/x86_64-linux-gnu/libgcc_s.so.1"
      },
      {
        "library": "libc.so.6",
        "line": "\tlibc.so.6 => /usr/lib/x86_64-linux-gnu/libc.so.6 (0x00007bea33770000)",
        "path": "/usr/lib/x86_64-linux-gnu/libc.so.6"
      },
      {
        "library": "librcl_interfaces__rosidl_typesupport_cpp.so",
        "line": "\tlibrcl_interfaces__rosidl_typesupport_cpp.so => /opt/ros/jazzy/lib/librcl_interfaces__rosidl_typesupport_cpp.so (0x00007bea3508d000)",
        "path": "/opt/ros/jazzy/lib/librcl_interfaces__rosidl_typesupport_cpp.so"
      },
      {
        "library": "librcl_yaml_param_parser.so",
        "line": "\tlibrcl_yaml_param_parser.so => /opt/ros/jazzy/lib/librcl_yaml_param_parser.so (0x00007bea34861000)",
        "path": "/opt/ros/jazzy/lib/librcl_yaml_param_parser.so"
      },
      {
        "library": "librosgraph_msgs__rosidl_typesupport_cpp.so",
        "line": "\tlibrosgraph_msgs__rosidl_typesupport_cpp.so => /opt/ros/jazzy/lib/librosgraph_msgs__rosidl_typesupport_cpp.so (0x00007bea3485c000)",
        "path": "/opt/ros/jazzy/lib/librosgraph_msgs__rosidl_typesupport_cpp.so"
      },
      {
        "library": "librcl_logging_interface.so",
        "line": "\tlibrcl_logging_interface.so => /opt/ros/jazzy/lib/librcl_logging_interface.so (0x00007bea34857000)",
        "path": "/opt/ros/jazzy/lib/librcl_logging_interface.so"
      },
      {
        "library": "librmw_implementation.so",
        "line": "\tlibrmw_implementation.so => /opt/ros/jazzy/lib/librmw_implementation.so (0x00007bea34848000)",
        "path": "/opt/ros/jazzy/lib/librmw_implementation.so"
      },
      {
        "library": "libament_index_cpp.so",
        "line": "\tlibament_index_cpp.so => /opt/ros/jazzy/lib/libament_index_cpp.so (0x00007bea3483c000)",
        "path": "/opt/ros/jazzy/lib/libament_index_cpp.so"
      },
      {
        "library": "libtype_description_interfaces__rosidl_typesupport_c.so",
        "line": "\tlibtype_description_interfaces__rosidl_typesupport_c.so => /opt/ros/jazzy/lib/libtype_description_interfaces__rosidl_typesupport_c.so (0x00007bea34835000)",
        "path": "/opt/ros/jazzy/lib/libtype_description_interfaces__rosidl_typesupport_c.so"
      },
      {
        "library": "librosidl_dynamic_typesupport.so",
        "line": "\tlibrosidl_dynamic_typesupport.so => /opt/ros/jazzy/lib/librosidl_dynamic_typesupport.so (0x00007bea3481c000)",
        "path": "/opt/ros/jazzy/lib/librosidl_dynamic_typesupport.so"
      },
      {
        "library": "librosidl_typesupport_introspection_cpp.so",
        "line": "\tlibrosidl_typesupport_introspection_cpp.so => /opt/ros/jazzy/lib/librosidl_typesupport_introspection_cpp.so (0x00007bea33ffb000)",
        "path": "/opt/ros/jazzy/lib/librosidl_typesupport_introspection_cpp.so"
      },
      {
        "library": "librcpputils.so",
        "line": "\tlibrcpputils.so => /opt/ros/jazzy/lib/librcpputils.so (0x00007bea33fea000)",
        "path": "/opt/ros/jazzy/lib/librcpputils.so"
      },
      {
        "library": "librosidl_runtime_c.so",
        "line": "\tlibrosidl_runtime_c.so => /opt/ros/jazzy/lib/librosidl_runtime_c.so (0x00007bea33fcb000)",
        "path": "/opt/ros/jazzy/lib/librosidl_runtime_c.so"
      },
      {
        "library": "libnav_msgs__rosidl_generator_c.so",
        "line": "\tlibnav_msgs__rosidl_generator_c.so => /opt/ros/jazzy/lib/libnav_msgs__rosidl_generator_c.so (0x00007bea33f98000)",
        "path": "/opt/ros/jazzy/lib/libnav_msgs__rosidl_generator_c.so"
      },
      {
        "library": "librosidl_typesupport_cpp.so",
        "line": "\tlibrosidl_typesupport_cpp.so => /opt/ros/jazzy/lib/librosidl_typesupport_cpp.so (0x00007bea33f92000)",
        "path": "/opt/ros/jazzy/lib/librosidl_typesupport_cpp.so"
      },
      {
        "library": "libvisualization_msgs__rosidl_generator_c.so",
        "line": "\tlibvisualization_msgs__rosidl_generator_c.so => /opt/ros/jazzy/lib/libvisualization_msgs__rosidl_generator_c.so (0x00007bea33f5e000)",
        "path": "/opt/ros/jazzy/lib/libvisualization_msgs__rosidl_generator_c.so"
      },
      {
        "library": "libgtsam_points.so.1",
        "line": "\tlibgtsam_points.so.1 => /usr/local/lib/libgtsam_points.so.1 (0x00007bea3347d000)",
        "path": "/usr/local/lib/libgtsam_points.so.1.2.1"
      },
      {
        "library": "libspdlog.so.1.12",
        "line": "\tlibspdlog.so.1.12 => /usr/lib/x86_64-linux-gnu/libspdlog.so.1.12 (0x00007bea333f6000)",
        "path": "/usr/lib/x86_64-linux-gnu/libspdlog.so.1.12.0"
      },
      {
        "library": "libopencv_core.so.406",
        "line": "\tlibopencv_core.so.406 => /usr/lib/x86_64-linux-gnu/libopencv_core.so.406 (0x00007bea33082000)",
        "path": "/usr/lib/x86_64-linux-gnu/libopencv_core.so.4.6.0"
      },
      {
        "library": "libgtsam_points_cuda.so.1",
        "line": "\tlibgtsam_points_cuda.so.1 => /usr/local/lib/libgtsam_points_cuda.so.1 (0x00007bea32d6b000)",
        "path": "/usr/local/lib/libgtsam_points_cuda.so.1.2.1"
      },
      {
        "library": "libgomp.so.1",
        "line": "\tlibgomp.so.1 => /usr/lib/x86_64-linux-gnu/libgomp.so.1 (0x00007bea32d15000)",
        "path": "/usr/lib/x86_64-linux-gnu/libgomp.so.1.0.0"
      },
      {
        "library": "libgtsam.so.4",
        "line": "\tlibgtsam.so.4 => /usr/lib/x86_64-linux-gnu/libgtsam.so.4 (0x00007bea32818000)",
        "path": "/usr/lib/x86_64-linux-gnu/libgtsam.so.4.3a0"
      },
      {
        "library": "libboost_serialization.so.1.83.0",
        "line": "\tlibboost_serialization.so.1.83.0 => /usr/lib/x86_64-linux-gnu/libboost_serialization.so.1.83.0 (0x00007bea327d5000)",
        "path": "/usr/lib/x86_64-linux-gnu/libboost_serialization.so.1.83.0"
      },
      {
        "library": "libboost_filesystem.so.1.83.0",
        "line": "\tlibboost_filesystem.so.1.83.0 => /usr/lib/x86_64-linux-gnu/libboost_filesystem.so.1.83.0 (0x00007bea33f37000)",
        "path": "/usr/lib/x86_64-linux-gnu/libboost_filesystem.so.1.83.0"
      },
      {
        "library": "libcephes-gtsam.so.1",
        "line": "\tlibcephes-gtsam.so.1 => /usr/lib/x86_64-linux-gnu/libcephes-gtsam.so.1 (0x00007bea327a3000)",
        "path": "/usr/lib/x86_64-linux-gnu/libcephes-gtsam.so.1.0.0"
      },
      {
        "library": "libfmt.so.9",
        "line": "\tlibfmt.so.9 => /usr/lib/x86_64-linux-gnu/libfmt.so.9 (0x00007bea32782000)",
        "path": "/usr/lib/x86_64-linux-gnu/libfmt.so.9.1.0"
      },
      {
        "library": "libiap__rosidl_generator_c.so",
        "line": "\tlibiap__rosidl_generator_c.so => /home/dev/ws_iap/src/iap/results/icra27/icra031/install/lib/libiap__rosidl_generator_c.so (0x00007bea33f29000)",
        "path": "/home/dev/ws_iap/src/iap/results/icra27/icra031/install/lib/libiap__rosidl_generator_c.so"
      },
      {
        "library": "librcl_logging_spdlog.so",
        "line": "\tlibrcl_logging_spdlog.so => /opt/ros/jazzy/lib/librcl_logging_spdlog.so (0x00007bea32778000)",
        "path": "/opt/ros/jazzy/lib/librcl_logging_spdlog.so"
      },
      {
        "library": "librcl_interfaces__rosidl_typesupport_c.so",
        "line": "\tlibrcl_interfaces__rosidl_typesupport_c.so => /opt/ros/jazzy/lib/librcl_interfaces__rosidl_typesupport_c.so (0x00007bea32768000)",
        "path": "/opt/ros/jazzy/lib/librcl_interfaces__rosidl_typesupport_c.so"
      },
      {
        "library": "libtype_description_interfaces__rosidl_generator_c.so",
        "line": "\tlibtype_description_interfaces__rosidl_generator_c.so => /opt/ros/jazzy/lib/libtype_description_interfaces__rosidl_generator_c.so (0x00007bea32750000)",
        "path": "/opt/ros/jazzy/lib/libtype_description_interfaces__rosidl_generator_c.so"
      },
      {
        "library": "libyaml-0.so.2",
        "line": "\tlibyaml-0.so.2 => /usr/lib/x86_64-linux-gnu/libyaml-0.so.2 (0x00007bea3272f000)",
        "path": "/usr/lib/x86_64-linux-gnu/libyaml-0.so.2.0.9"
      },
      {
        "library": "libstatistics_msgs__rosidl_generator_c.so",
        "line": "\tlibstatistics_msgs__rosidl_generator_c.so => /opt/ros/jazzy/lib/libstatistics_msgs__rosidl_generator_c.so (0x00007bea32726000)",
        "path": "/opt/ros/jazzy/lib/libstatistics_msgs__rosidl_generator_c.so"
      },
      {
        "library": "liblttng-ust.so.1",
        "line": "\tliblttng-ust.so.1 => /usr/lib/x86_64-linux-gnu/liblttng-ust.so.1 (0x00007bea326a1000)",
        "path": "/usr/lib/x86_64-linux-gnu/liblttng-ust.so.1.0.0"
      },
      {
        "library": "libsensor_msgs__rosidl_generator_c.so",
        "line": "\tlibsensor_msgs__rosidl_generator_c.so => /opt/ros/jazzy/lib/libsensor_msgs__rosidl_generator_c.so (0x00007bea3265d000)",
        "path": "/opt/ros/jazzy/lib/libsensor_msgs__rosidl_generator_c.so"
      },
      {
        "library": "libglog.so.1",
        "line": "\tlibglog.so.1 => /usr/lib/x86_64-linux-gnu/libglog.so.1 (0x00007bea32627000)",
        "path": "/usr/lib/x86_64-linux-gnu/libglog.so.0.6.0"
      },
      {
        "library": "libgnss_comm__rosidl_generator_c.so",
        "line": "\tlibgnss_comm__rosidl_generator_c.so => /home/dev/ws_iap/install/gnss_comm/lib/libgnss_comm__rosidl_generator_c.so (0x00007bea325ee000)",
        "path": "/home/dev/ws_iap/install/gnss_comm/lib/libgnss_comm__rosidl_generator_c.so"
      },
      {
        "library": "libstd_msgs__rosidl_generator_c.so",
        "line": "\tlibstd_msgs__rosidl_generator_c.so => /opt/ros/jazzy/lib/libstd_msgs__rosidl_generator_c.so (0x00007bea325bd000)",
        "path": "/opt/ros/jazzy/lib/libstd_msgs__rosidl_generator_c.so"
      },
      {
        "library": "librcl_interfaces__rosidl_generator_c.so",
        "line": "\tlibrcl_interfaces__rosidl_generator_c.so => /opt/ros/jazzy/lib/librcl_interfaces__rosidl_generator_c.so (0x00007bea3256d000)",
        "path": "/opt/ros/jazzy/lib/librcl_interfaces__rosidl_generator_c.so"
      },
      {
        "library": "librosgraph_msgs__rosidl_generator_c.so",
        "line": "\tlibrosgraph_msgs__rosidl_generator_c.so => /opt/ros/jazzy/lib/librosgraph_msgs__rosidl_generator_c.so (0x00007bea32568000)",
        "path": "/opt/ros/jazzy/lib/librosgraph_msgs__rosidl_generator_c.so"
      },
      {
        "library": "librosidl_typesupport_c.so",
        "line": "\tlibrosidl_typesupport_c.so => /opt/ros/jazzy/lib/librosidl_typesupport_c.so (0x00007bea32562000)",
        "path": "/opt/ros/jazzy/lib/librosidl_typesupport_c.so"
      },
      {
        "library": "libgeometry_msgs__rosidl_generator_c.so",
        "line": "\tlibgeometry_msgs__rosidl_generator_c.so => /opt/ros/jazzy/lib/libgeometry_msgs__rosidl_generator_c.so (0x00007bea32524000)",
        "path": "/opt/ros/jazzy/lib/libgeometry_msgs__rosidl_generator_c.so"
      },
      {
        "library": "libservice_msgs__rosidl_generator_c.so",
        "line": "\tlibservice_msgs__rosidl_generator_c.so => /opt/ros/jazzy/lib/libservice_msgs__rosidl_generator_c.so (0x00007bea3251f000)",
        "path": "/opt/ros/jazzy/lib/libservice_msgs__rosidl_generator_c.so"
      },
      {
        "library": "libbuiltin_interfaces__rosidl_generator_c.so",
        "line": "\tlibbuiltin_interfaces__rosidl_generator_c.so => /opt/ros/jazzy/lib/libbuiltin_interfaces__rosidl_generator_c.so (0x00007bea32516000)",
        "path": "/opt/ros/jazzy/lib/libbuiltin_interfaces__rosidl_generator_c.so"
      },
      {
        "library": "libboost_timer.so.1.83.0",
        "line": "\tlibboost_timer.so.1.83.0 => /usr/lib/x86_64-linux-gnu/libboost_timer.so.1.83.0 (0x00007bea3250f000)",
        "path": "/usr/lib/x86_64-linux-gnu/libboost_timer.so.1.83.0"
      },
      {
        "library": "libz.so.1",
        "line": "\tlibz.so.1 => /usr/lib/x86_64-linux-gnu/libz.so.1 (0x00007bea324f3000)",
        "path": "/usr/lib/x86_64-linux-gnu/libz.so.1.3"
      },
      {
        "library": "libGLX.so.0",
        "line": "\tlibGLX.so.0 => /usr/lib/x86_64-linux-gnu/libGLX.so.0 (0x00007bea324c0000)",
        "path": "/usr/lib/x86_64-linux-gnu/libGLX.so.0.0.0"
      },
      {
        "library": "liblapack.so.3",
        "line": "\tliblapack.so.3 => /usr/lib/x86_64-linux-gnu/liblapack.so.3 (0x00007bea31dd0000)",
        "path": "/usr/lib/x86_64-linux-gnu/lapack/liblapack.so.3.12.0"
      },
      {
        "library": "libblas.so.3",
        "line": "\tlibblas.so.3 => /usr/lib/x86_64-linux-gnu/libblas.so.3 (0x00007bea31d27000)",
        "path": "/usr/lib/x86_64-linux-gnu/blas/libblas.so.3.12.0"
      },
      {
        "library": "libtbb.so.12",
        "line": "\tlibtbb.so.12 => /usr/lib/x86_64-linux-gnu/libtbb.so.12 (0x00007bea31cd3000)",
        "path": "/usr/lib/x86_64-linux-gnu/libtbb.so.12.11"
      },
      {
        "library": "libcudart.so.12",
        "line": "\tlibcudart.so.12 => /usr/local/cuda/targets/x86_64-linux/lib/libcudart.so.12 (0x00007bea31a00000)",
        "path": "/usr/local/cuda-12.5/targets/x86_64-linux/lib/libcudart.so.12.5.82"
      },
      {
        "library": "libmetis.so.5",
        "line": "\tlibmetis.so.5 => /usr/lib/x86_64-linux-gnu/libmetis.so.5 (0x00007bea31996000)",
        "path": "/usr/lib/x86_64-linux-gnu/libmetis.so.5.1.0"
      },
      {
        "library": "libnuma.so.1",
        "line": "\tlibnuma.so.1 => /usr/lib/x86_64-linux-gnu/libnuma.so.1 (0x00007bea31cc5000)",
        "path": "/usr/lib/x86_64-linux-gnu/libnuma.so.1.0.0"
      },
      {
        "library": "liblttng-ust-common.so.1",
        "line": "\tliblttng-ust-common.so.1 => /usr/lib/x86_64-linux-gnu/liblttng-ust-common.so.1 (0x00007bea31cb6000)",
        "path": "/usr/lib/x86_64-linux-gnu/liblttng-ust-common.so.1.0.0"
      },
      {
        "library": "liblttng-ust-tracepoint.so.1",
        "line": "\tliblttng-ust-tracepoint.so.1 => /usr/lib/x86_64-linux-gnu/liblttng-ust-tracepoint.so.1 (0x00007bea31979000)",
        "path": "/usr/lib/x86_64-linux-gnu/liblttng-ust-tracepoint.so.1.0.0"
      },
      {
        "library": "libgflags.so.2.2",
        "line": "\tlibgflags.so.2.2 => /usr/lib/x86_64-linux-gnu/libgflags.so.2.2 (0x00007bea31958000)",
        "path": "/usr/lib/x86_64-linux-gnu/libgflags.so.2.2.2"
      },
      {
        "library": "libunwind.so.8",
        "line": "\tlibunwind.so.8 => /usr/lib/x86_64-linux-gnu/libunwind.so.8 (0x00007bea3193d000)",
        "path": "/usr/lib/x86_64-linux-gnu/libunwind.so.8.0.1"
      },
      {
        "library": "libGLdispatch.so.0",
        "line": "\tlibGLdispatch.so.0 => /usr/lib/x86_64-linux-gnu/libGLdispatch.so.0 (0x00007bea31885000)",
        "path": "/usr/lib/x86_64-linux-gnu/libGLdispatch.so.0.0.0"
      },
      {
        "library": "libX11.so.6",
        "line": "\tlibX11.so.6 => /usr/lib/x86_64-linux-gnu/libX11.so.6 (0x00007bea31748000)",
        "path": "/usr/lib/x86_64-linux-gnu/libX11.so.6.4.0"
      },
      {
        "library": "libgfortran.so.5",
        "line": "\tlibgfortran.so.5 => /usr/lib/x86_64-linux-gnu/libgfortran.so.5 (0x00007bea3142a000)",
        "path": "/usr/lib/x86_64-linux-gnu/libgfortran.so.5.0.0"
      },
      {
        "library": "libdl.so.2",
        "line": "\tlibdl.so.2 => /usr/lib/x86_64-linux-gnu/libdl.so.2 (0x00007bea31425000)",
        "path": "/usr/lib/x86_64-linux-gnu/libdl.so.2"
      },
      {
        "library": "libpthread.so.0",
        "line": "\tlibpthread.so.0 => /usr/lib/x86_64-linux-gnu/libpthread.so.0 (0x00007bea31420000)",
        "path": "/usr/lib/x86_64-linux-gnu/libpthread.so.0"
      },
      {
        "library": "librt.so.1",
        "line": "\tlibrt.so.1 => /usr/lib/x86_64-linux-gnu/librt.so.1 (0x00007bea3141b000)",
        "path": "/usr/lib/x86_64-linux-gnu/librt.so.1"
      },
      {
        "library": "liblzma.so.5",
        "line": "\tliblzma.so.5 => /usr/lib/x86_64-linux-gnu/liblzma.so.5 (0x00007bea313e9000)",
        "path": "/usr/lib/x86_64-linux-gnu/liblzma.so.5.4.5"
      },
      {
        "library": "libxcb.so.1",
        "line": "\tlibxcb.so.1 => /usr/lib/x86_64-linux-gnu/libxcb.so.1 (0x00007bea313c0000)",
        "path": "/usr/lib/x86_64-linux-gnu/libxcb.so.1.1.0"
      },
      {
        "library": "libXau.so.6",
        "line": "\tlibXau.so.6 => /usr/lib/x86_64-linux-gnu/libXau.so.6 (0x00007bea313ba000)",
        "path": "/usr/lib/x86_64-linux-gnu/libXau.so.6.0.0"
      },
      {
        "library": "libXdmcp.so.6",
        "line": "\tlibXdmcp.so.6 => /usr/lib/x86_64-linux-gnu/libXdmcp.so.6 (0x00007bea313b2000)",
        "path": "/usr/lib/x86_64-linux-gnu/libXdmcp.so.6.0.0"
      },
      {
        "library": "libbsd.so.0",
        "line": "\tlibbsd.so.0 => /usr/lib/x86_64-linux-gnu/libbsd.so.0 (0x00007bea3139c000)",
        "path": "/usr/lib/x86_64-linux-gnu/libbsd.so.0.12.1"
      },
      {
        "library": "libmd.so.0",
        "line": "\tlibmd.so.0 => /usr/lib/x86_64-linux-gnu/libmd.so.0 (0x00007bea3138d000)",
        "path": "/usr/lib/x86_64-linux-gnu/libmd.so.0.1.0"
      },
      {
        "library": "libiap.so",
        "line": "\tlibiap.so => /home/dev/ws_iap/src/iap/results/icra27/icra031/install/lib/libiap.so (0x00007ec231e00000)",
        "path": "/home/dev/ws_iap/src/iap/results/icra27/icra031/install/lib/libiap.so"
      },
      {
        "library": "libstdc++.so.6",
        "line": "\tlibstdc++.so.6 => /usr/lib/x86_64-linux-gnu/libstdc++.so.6 (0x00007ec231b82000)",
        "path": "/usr/lib/x86_64-linux-gnu/libstdc++.so.6.0.33"
      },
      {
        "library": "libm.so.6",
        "line": "\tlibm.so.6 => /usr/lib/x86_64-linux-gnu/libm.so.6 (0x00007ec23265d000)",
        "path": "/usr/lib/x86_64-linux-gnu/libm.so.6"
      },
      {
        "library": "libgcc_s.so.1",
        "line": "\tlibgcc_s.so.1 => /usr/lib/x86_64-linux-gnu/libgcc_s.so.1 (0x00007ec23262f000)",
        "path": "/usr/lib/x86_64-linux-gnu/libgcc_s.so.1"
      },
      {
        "library": "libc.so.6",
        "line": "\tlibc.so.6 => /usr/lib/x86_64-linux-gnu/libc.so.6 (0x00007ec231970000)",
        "path": "/usr/lib/x86_64-linux-gnu/libc.so.6"
      },
      {
        "library": "libgtsam_points.so.1",
        "line": "\tlibgtsam_points.so.1 => /usr/local/lib/libgtsam_points.so.1 (0x00007ec23167d000)",
        "path": "/usr/local/lib/libgtsam_points.so.1.2.1"
      },
      {
        "library": "libspdlog.so.1.12",
        "line": "\tlibspdlog.so.1.12 => /usr/lib/x86_64-linux-gnu/libspdlog.so.1.12 (0x00007ec2315f6000)",
        "path": "/usr/lib/x86_64-linux-gnu/libspdlog.so.1.12.0"
      },
      {
        "library": "libopencv_core.so.406",
        "line": "\tlibopencv_core.so.406 => /usr/lib/x86_64-linux-gnu/libopencv_core.so.406 (0x00007ec231282000)",
        "path": "/usr/lib/x86_64-linux-gnu/libopencv_core.so.4.6.0"
      },
      {
        "library": "libgnss_comm_lib.so",
        "line": "\tlibgnss_comm_lib.so => /home/dev/ws_iap/install/gnss_comm/lib/libgnss_comm_lib.so (0x00007ec230e00000)",
        "path": "/home/dev/ws_iap/install/gnss_comm/lib/libgnss_comm_lib.so"
      },
      {
        "library": "libgtsam_points_cuda.so.1",
        "line": "\tlibgtsam_points_cuda.so.1 => /usr/local/lib/libgtsam_points_cuda.so.1 (0x00007ec230ae9000)",
        "path": "/usr/local/lib/libgtsam_points_cuda.so.1.2.1"
      },
      {
        "library": "libgomp.so.1",
        "line": "\tlibgomp.so.1 => /usr/lib/x86_64-linux-gnu/libgomp.so.1 (0x00007ec23122c000)",
        "path": "/usr/lib/x86_64-linux-gnu/libgomp.so.1.0.0"
      },
      {
        "library": "libgtsam.so.4",
        "line": "\tlibgtsam.so.4 => /usr/lib/x86_64-linux-gnu/libgtsam.so.4 (0x00007ec2305ec000)",
        "path": "/usr/lib/x86_64-linux-gnu/libgtsam.so.4.3a0"
      },
      {
        "library": "libboost_serialization.so.1.83.0",
        "line": "\tlibboost_serialization.so.1.83.0 => /usr/lib/x86_64-linux-gnu/libboost_serialization.so.1.83.0 (0x00007ec2311e9000)",
        "path": "/usr/lib/x86_64-linux-gnu/libboost_serialization.so.1.83.0"
      },
      {
        "library": "libboost_filesystem.so.1.83.0",
        "line": "\tlibboost_filesystem.so.1.83.0 => /usr/lib/x86_64-linux-gnu/libboost_filesystem.so.1.83.0 (0x00007ec2311c6000)",
        "path": "/usr/lib/x86_64-linux-gnu/libboost_filesystem.so.1.83.0"
      },
      {
        "library": "libcephes-gtsam.so.1",
        "line": "\tlibcephes-gtsam.so.1 => /usr/lib/x86_64-linux-gnu/libcephes-gtsam.so.1 (0x00007ec231194000)",
        "path": "/usr/lib/x86_64-linux-gnu/libcephes-gtsam.so.1.0.0"
      },
      {
        "library": "libfmt.so.9",
        "line": "\tlibfmt.so.9 => /usr/lib/x86_64-linux-gnu/libfmt.so.9 (0x00007ec231173000)",
        "path": "/usr/lib/x86_64-linux-gnu/libfmt.so.9.1.0"
      },
      {
        "library": "libboost_timer.so.1.83.0",
        "line": "\tlibboost_timer.so.1.83.0 => /usr/lib/x86_64-linux-gnu/libboost_timer.so.1.83.0 (0x00007ec232624000)",
        "path": "/usr/lib/x86_64-linux-gnu/libboost_timer.so.1.83.0"
      },
      {
        "library": "libz.so.1",
        "line": "\tlibz.so.1 => /usr/lib/x86_64-linux-gnu/libz.so.1 (0x00007ec231157000)",
        "path": "/usr/lib/x86_64-linux-gnu/libz.so.1.3"
      },
      {
        "library": "libGLX.so.0",
        "line": "\tlibGLX.so.0 => /usr/lib/x86_64-linux-gnu/libGLX.so.0 (0x00007ec2305b9000)",
        "path": "/usr/lib/x86_64-linux-gnu/libGLX.so.0.0.0"
      },
      {
        "library": "liblapack.so.3",
        "line": "\tliblapack.so.3 => /usr/lib/x86_64-linux-gnu/liblapack.so.3 (0x00007ec22fec9000)",
        "path": "/usr/lib/x86_64-linux-gnu/lapack/liblapack.so.3.12.0"
      },
      {
        "library": "libblas.so.3",
        "line": "\tlibblas.so.3 => /usr/lib/x86_64-linux-gnu/libblas.so.3 (0x00007ec22fe22000)",
        "path": "/usr/lib/x86_64-linux-gnu/blas/libblas.so.3.12.0"
      },
      {
        "library": "libtbb.so.12",
        "line": "\tlibtbb.so.12 => /usr/lib/x86_64-linux-gnu/libtbb.so.12 (0x00007ec22fdce000)",
        "path": "/usr/lib/x86_64-linux-gnu/libtbb.so.12.11"
      },
      {
        "library": "libglog.so.1",
        "line": "\tlibglog.so.1 => /usr/lib/x86_64-linux-gnu/libglog.so.1 (0x00007ec22fd98000)",
        "path": "/usr/lib/x86_64-linux-gnu/libglog.so.0.6.0"
      },
      {
        "library": "libcudart.so.12",
        "line": "\tlibcudart.so.12 => /usr/local/cuda/targets/x86_64-linux/lib/libcudart.so.12 (0x00007ec22fa00000)",
        "path": "/usr/local/cuda-12.5/targets/x86_64-linux/lib/libcudart.so.12.5.82"
      },
      {
        "library": "libmetis.so.5",
        "line": "\tlibmetis.so.5 => /usr/lib/x86_64-linux-gnu/libmetis.so.5 (0x00007ec22fd2e000)",
        "path": "/usr/lib/x86_64-linux-gnu/libmetis.so.5.1.0"
      },
      {
        "library": "libGLdispatch.so.0",
        "line": "\tlibGLdispatch.so.0 => /usr/lib/x86_64-linux-gnu/libGLdispatch.so.0 (0x00007ec22f948000)",
        "path": "/usr/lib/x86_64-linux-gnu/libGLdispatch.so.0.0.0"
      },
      {
        "library": "libX11.so.6",
        "line": "\tlibX11.so.6 => /usr/lib/x86_64-linux-gnu/libX11.so.6 (0x00007ec22f80b000)",
        "path": "/usr/lib/x86_64-linux-gnu/libX11.so.6.4.0"
      },
      {
        "library": "libgfortran.so.5",
        "line": "\tlibgfortran.so.5 => /usr/lib/x86_64-linux-gnu/libgfortran.so.5 (0x00007ec22f4ed000)",
        "path": "/usr/lib/x86_64-linux-gnu/libgfortran.so.5.0.0"
      },
      {
        "library": "libgflags.so.2.2",
        "line": "\tlibgflags.so.2.2 => /usr/lib/x86_64-linux-gnu/libgflags.so.2.2 (0x00007ec231136000)",
        "path": "/usr/lib/x86_64-linux-gnu/libgflags.so.2.2.2"
      },
      {
        "library": "libunwind.so.8",
        "line": "\tlibunwind.so.8 => /usr/lib/x86_64-linux-gnu/libunwind.so.8 (0x00007ec22fd13000)",
        "path": "/usr/lib/x86_64-linux-gnu/libunwind.so.8.0.1"
      },
      {
        "library": "libdl.so.2",
        "line": "\tlibdl.so.2 => /usr/lib/x86_64-linux-gnu/libdl.so.2 (0x00007ec231131000)",
        "path": "/usr/lib/x86_64-linux-gnu/libdl.so.2"
      },
      {
        "library": "libpthread.so.0",
        "line": "\tlibpthread.so.0 => /usr/lib/x86_64-linux-gnu/libpthread.so.0 (0x00007ec23112c000)",
        "path": "/usr/lib/x86_64-linux-gnu/libpthread.so.0"
      },
      {
        "library": "librt.so.1",
        "line": "\tlibrt.so.1 => /usr/lib/x86_64-linux-gnu/librt.so.1 (0x00007ec231127000)",
        "path": "/usr/lib/x86_64-linux-gnu/librt.so.1"
      },
      {
        "library": "libxcb.so.1",
        "line": "\tlibxcb.so.1 => /usr/lib/x86_64-linux-gnu/libxcb.so.1 (0x00007ec22fcea000)",
        "path": "/usr/lib/x86_64-linux-gnu/libxcb.so.1.1.0"
      },
      {
        "library": "liblzma.so.5",
        "line": "\tliblzma.so.5 => /usr/lib/x86_64-linux-gnu/liblzma.so.5 (0x00007ec22fcb8000)",
        "path": "/usr/lib/x86_64-linux-gnu/liblzma.so.5.4.5"
      },
      {
        "library": "libXau.so.6",
        "line": "\tlibXau.so.6 => /usr/lib/x86_64-linux-gnu/libXau.so.6 (0x00007ec22fcb2000)",
        "path": "/usr/lib/x86_64-linux-gnu/libXau.so.6.0.0"
      },
      {
        "library": "libXdmcp.so.6",
        "line": "\tlibXdmcp.so.6 => /usr/lib/x86_64-linux-gnu/libXdmcp.so.6 (0x00007ec22f4e5000)",
        "path": "/usr/lib/x86_64-linux-gnu/libXdmcp.so.6.0.0"
      },
      {
        "library": "libbsd.so.0",
        "line": "\tlibbsd.so.0 => /usr/lib/x86_64-linux-gnu/libbsd.so.0 (0x00007ec22f4cf000)",
        "path": "/usr/lib/x86_64-linux-gnu/libbsd.so.0.12.1"
      },
      {
        "library": "libmd.so.0",
        "line": "\tlibmd.so.0 => /usr/lib/x86_64-linux-gnu/libmd.so.0 (0x00007ec22f4c0000)",
        "path": "/usr/lib/x86_64-linux-gnu/libmd.so.0.1.0"
      },
      {
        "library": "libpath_searching.so",
        "line": "\tlibpath_searching.so => /home/dev/ws_iap/src/iap/results/icra27/icra026/install_path_searching/lib/libpath_searching.so (0x00007686e47c2000)",
        "path": "/home/dev/ws_iap/src/iap/results/icra27/icra026/install_path_searching/lib/libpath_searching.so"
      },
      {
        "library": "libiap.so",
        "line": "\tlibiap.so => /home/dev/ws_iap/src/iap/results/icra27/icra031/install/lib/libiap.so (0x00007686e3e00000)",
        "path": "/home/dev/ws_iap/src/iap/results/icra27/icra031/install/lib/libiap.so"
      },
      {
        "library": "libstdc++.so.6",
        "line": "\tlibstdc++.so.6 => /usr/lib/x86_64-linux-gnu/libstdc++.so.6 (0x00007686e3b82000)",
        "path": "/usr/lib/x86_64-linux-gnu/libstdc++.so.6.0.33"
      },
      {
        "library": "libm.so.6",
        "line": "\tlibm.so.6 => /usr/lib/x86_64-linux-gnu/libm.so.6 (0x00007686e46b9000)",
        "path": "/usr/lib/x86_64-linux-gnu/libm.so.6"
      },
      {
        "library": "libgcc_s.so.1",
        "line": "\tlibgcc_s.so.1 => /usr/lib/x86_64-linux-gnu/libgcc_s.so.1 (0x00007686e468b000)",
        "path": "/usr/lib/x86_64-linux-gnu/libgcc_s.so.1"
      },
      {
        "library": "libc.so.6",
        "line": "\tlibc.so.6 => /usr/lib/x86_64-linux-gnu/libc.so.6 (0x00007686e3970000)",
        "path": "/usr/lib/x86_64-linux-gnu/libc.so.6"
      },
      {
        "library": "librclcpp.so",
        "line": "\tlibrclcpp.so => /opt/ros/jazzy/lib/librclcpp.so (0x00007686e3712000)",
        "path": "/opt/ros/jazzy/lib/librclcpp.so"
      },
      {
        "library": "librcutils.so",
        "line": "\tlibrcutils.so => /opt/ros/jazzy/lib/librcutils.so (0x00007686e466b000)",
        "path": "/opt/ros/jazzy/lib/librcutils.so"
      },
      {
        "library": "libgtsam_points.so.1",
        "line": "\tlibgtsam_points.so.1 => /usr/local/lib/libgtsam_points.so.1 (0x00007686e341f000)",
        "path": "/usr/local/lib/libgtsam_points.so.1.2.1"
      },
      {
        "library": "libspdlog.so.1.12",
        "line": "\tlibspdlog.so.1.12 => /usr/lib/x86_64-linux-gnu/libspdlog.so.1.12 (0x00007686e3398000)",
        "path": "/usr/lib/x86_64-linux-gnu/libspdlog.so.1.12.0"
      },
      {
        "library": "libopencv_core.so.406",
        "line": "\tlibopencv_core.so.406 => /usr/lib/x86_64-linux-gnu/libopencv_core.so.406 (0x00007686e3024000)",
        "path": "/usr/lib/x86_64-linux-gnu/libopencv_core.so.4.6.0"
      },
      {
        "library": "libgnss_comm_lib.so",
        "line": "\tlibgnss_comm_lib.so => /home/dev/ws_iap/install/gnss_comm/lib/libgnss_comm_lib.so (0x00007686e2c00000)",
        "path": "/home/dev/ws_iap/install/gnss_comm/lib/libgnss_comm_lib.so"
      },
      {
        "library": "libgtsam_points_cuda.so.1",
        "line": "\tlibgtsam_points_cuda.so.1 => /usr/local/lib/libgtsam_points_cuda.so.1 (0x00007686e28e9000)",
        "path": "/usr/local/lib/libgtsam_points_cuda.so.1.2.1"
      },
      {
        "library": "libgomp.so.1",
        "line": "\tlibgomp.so.1 => /usr/lib/x86_64-linux-gnu/libgomp.so.1 (0x00007686e2fce000)",
        "path": "/usr/lib/x86_64-linux-gnu/libgomp.so.1.0.0"
      },
      {
        "library": "libgtsam.so.4",
        "line": "\tlibgtsam.so.4 => /usr/lib/x86_64-linux-gnu/libgtsam.so.4 (0x00007686e23ec000)",
        "path": "/usr/lib/x86_64-linux-gnu/libgtsam.so.4.3a0"
      },
      {
        "library": "libboost_serialization.so.1.83.0",
        "line": "\tlibboost_serialization.so.1.83.0 => /usr/lib/x86_64-linux-gnu/libboost_serialization.so.1.83.0 (0x00007686e4624000)",
        "path": "/usr/lib/x86_64-linux-gnu/libboost_serialization.so.1.83.0"
      },
      {
        "library": "libboost_filesystem.so.1.83.0",
        "line": "\tlibboost_filesystem.so.1.83.0 => /usr/lib/x86_64-linux-gnu/libboost_filesystem.so.1.83.0 (0x00007686e2fab000)",
        "path": "/usr/lib/x86_64-linux-gnu/libboost_filesystem.so.1.83.0"
      },
      {
        "library": "libcephes-gtsam.so.1",
        "line": "\tlibcephes-gtsam.so.1 => /usr/lib/x86_64-linux-gnu/libcephes-gtsam.so.1 (0x00007686e2f79000)",
        "path": "/usr/lib/x86_64-linux-gnu/libcephes-gtsam.so.1.0.0"
      },
      {
        "library": "libfmt.so.9",
        "line": "\tlibfmt.so.9 => /usr/lib/x86_64-linux-gnu/libfmt.so.9 (0x00007686e2f58000)",
        "path": "/usr/lib/x86_64-linux-gnu/libfmt.so.9.1.0"
      },
      {
        "library": "liblibstatistics_collector.so",
        "line": "\tliblibstatistics_collector.so => /opt/ros/jazzy/lib/liblibstatistics_collector.so (0x00007686e2f50000)",
        "path": "/opt/ros/jazzy/lib/liblibstatistics_collector.so"
      },
      {
        "library": "librcl.so",
        "line": "\tlibrcl.so => /opt/ros/jazzy/lib/librcl.so (0x00007686e23a5000)",
        "path": "/opt/ros/jazzy/lib/librcl.so"
      },
      {
        "library": "librcl_interfaces__rosidl_typesupport_cpp.so",
        "line": "\tlibrcl_interfaces__rosidl_typesupport_cpp.so => /opt/ros/jazzy/lib/librcl_interfaces__rosidl_typesupport_cpp.so (0x00007686e2f35000)",
        "path": "/opt/ros/jazzy/lib/librcl_interfaces__rosidl_typesupport_cpp.so"
      },
      {
        "library": "librcl_yaml_param_parser.so",
        "line": "\tlibrcl_yaml_param_parser.so => /opt/ros/jazzy/lib/librcl_yaml_param_parser.so (0x00007686e2f29000)",
        "path": "/opt/ros/jazzy/lib/librcl_yaml_param_parser.so"
      },
      {
        "library": "librosgraph_msgs__rosidl_typesupport_cpp.so",
        "line": "\tlibrosgraph_msgs__rosidl_typesupport_cpp.so => /opt/ros/jazzy/lib/librosgraph_msgs__rosidl_typesupport_cpp.so (0x00007686e461d000)",
        "path": "/opt/ros/jazzy/lib/librosgraph_msgs__rosidl_typesupport_cpp.so"
      },
      {
        "library": "libstatistics_msgs__rosidl_typesupport_cpp.so",
        "line": "\tlibstatistics_msgs__rosidl_typesupport_cpp.so => /opt/ros/jazzy/lib/libstatistics_msgs__rosidl_typesupport_cpp.so (0x00007686e239f000)",
        "path": "/opt/ros/jazzy/lib/libstatistics_msgs__rosidl_typesupport_cpp.so"
      },
      {
        "library": "libtracetools.so",
        "line": "\tlibtracetools.so => /opt/ros/jazzy/lib/libtracetools.so (0x00007686e2385000)",
        "path": "/opt/ros/jazzy/lib/libtracetools.so"
      },
      {
        "library": "librcl_logging_interface.so",
        "line": "\tlibrcl_logging_interface.so => /opt/ros/jazzy/lib/librcl_logging_interface.so (0x00007686e2380000)",
        "path": "/opt/ros/jazzy/lib/librcl_logging_interface.so"
      },
      {
        "library": "librmw_implementation.so",
        "line": "\tlibrmw_implementation.so => /opt/ros/jazzy/lib/librmw_implementation.so (0x00007686e2373000)",
        "path": "/opt/ros/jazzy/lib/librmw_implementation.so"
      },
      {
        "library": "libament_index_cpp.so",
        "line": "\tlibament_index_cpp.so => /opt/ros/jazzy/lib/libament_index_cpp.so (0x00007686e2367000)",
        "path": "/opt/ros/jazzy/lib/libament_index_cpp.so"
      },
      {
        "library": "libtype_description_interfaces__rosidl_typesupport_c.so",
        "line": "\tlibtype_description_interfaces__rosidl_typesupport_c.so => /opt/ros/jazzy/lib/libtype_description_interfaces__rosidl_typesupport_c.so (0x00007686e2360000)",
        "path": "/opt/ros/jazzy/lib/libtype_description_interfaces__rosidl_typesupport_c.so"
      },
      {
        "library": "librmw.so",
        "line": "\tlibrmw.so => /opt/ros/jazzy/lib/librmw.so (0x00007686e2355000)",
        "path": "/opt/ros/jazzy/lib/librmw.so"
      },
      {
        "library": "librosidl_dynamic_typesupport.so",
        "line": "\tlibrosidl_dynamic_typesupport.so => /opt/ros/jazzy/lib/librosidl_dynamic_typesupport.so (0x00007686e233c000)",
        "path": "/opt/ros/jazzy/lib/librosidl_dynamic_typesupport.so"
      },
      {
        "library": "librosidl_typesupport_introspection_cpp.so",
        "line": "\tlibrosidl_typesupport_introspection_cpp.so => /opt/ros/jazzy/lib/librosidl_typesupport_introspection_cpp.so (0x00007686e2337000)",
        "path": "/opt/ros/jazzy/lib/librosidl_typesupport_introspection_cpp.so"
      },
      {
        "library": "librcpputils.so",
        "line": "\tlibrcpputils.so => /opt/ros/jazzy/lib/librcpputils.so (0x00007686e2328000)",
        "path": "/opt/ros/jazzy/lib/librcpputils.so"
      },
      {
        "library": "librosidl_runtime_c.so",
        "line": "\tlibrosidl_runtime_c.so => /opt/ros/jazzy/lib/librosidl_runtime_c.so (0x00007686e2307000)",
        "path": "/opt/ros/jazzy/lib/librosidl_runtime_c.so"
      },
      {
        "library": "libboost_timer.so.1.83.0",
        "line": "\tlibboost_timer.so.1.83.0 => /usr/lib/x86_64-linux-gnu/libboost_timer.so.1.83.0 (0x00007686e2300000)",
        "path": "/usr/lib/x86_64-linux-gnu/libboost_timer.so.1.83.0"
      },
      {
        "library": "libz.so.1",
        "line": "\tlibz.so.1 => /usr/lib/x86_64-linux-gnu/libz.so.1 (0x00007686e22e4000)",
        "path": "/usr/lib/x86_64-linux-gnu/libz.so.1.3"
      },
      {
        "library": "libGLX.so.0",
        "line": "\tlibGLX.so.0 => /usr/lib/x86_64-linux-gnu/libGLX.so.0 (0x00007686e22b1000)",
        "path": "/usr/lib/x86_64-linux-gnu/libGLX.so.0.0.0"
      },
      {
        "library": "liblapack.so.3",
        "line": "\tliblapack.so.3 => /usr/lib/x86_64-linux-gnu/liblapack.so.3 (0x00007686e1bc1000)",
        "path": "/usr/lib/x86_64-linux-gnu/lapack/liblapack.so.3.12.0"
      },
      {
        "library": "libblas.so.3",
        "line": "\tlibblas.so.3 => /usr/lib/x86_64-linux-gnu/libblas.so.3 (0x00007686e1b18000)",
        "path": "/usr/lib/x86_64-linux-gnu/blas/libblas.so.3.12.0"
      },
      {
        "library": "libtbb.so.12",
        "line": "\tlibtbb.so.12 => /usr/lib/x86_64-linux-gnu/libtbb.so.12 (0x00007686e1ac4000)",
        "path": "/usr/lib/x86_64-linux-gnu/libtbb.so.12.11"
      },
      {
        "library": "libglog.so.1",
        "line": "\tlibglog.so.1 => /usr/lib/x86_64-linux-gnu/libglog.so.1 (0x00007686e1a8e000)",
        "path": "/usr/lib/x86_64-linux-gnu/libglog.so.0.6.0"
      },
      {
        "library": "libcudart.so.12",
        "line": "\tlibcudart.so.12 => /usr/local/cuda/targets/x86_64-linux/lib/libcudart.so.12 (0x00007686e1600000)",
        "path": "/usr/local/cuda-12.5/targets/x86_64-linux/lib/libcudart.so.12.5.82"
      },
      {
        "library": "libmetis.so.5",
        "line": "\tlibmetis.so.5 => /usr/lib/x86_64-linux-gnu/libmetis.so.5 (0x00007686e1a24000)",
        "path": "/usr/lib/x86_64-linux-gnu/libmetis.so.5.1.0"
      },
      {
        "library": "librcl_logging_spdlog.so",
        "line": "\tlibrcl_logging_spdlog.so => /opt/ros/jazzy/lib/librcl_logging_spdlog.so (0x00007686e1a18000)",
        "path": "/opt/ros/jazzy/lib/librcl_logging_spdlog.so"
      },
      {
        "library": "librcl_interfaces__rosidl_typesupport_c.so",
        "line": "\tlibrcl_interfaces__rosidl_typesupport_c.so => /opt/ros/jazzy/lib/librcl_interfaces__rosidl_typesupport_c.so (0x00007686e1a08000)",
        "path": "/opt/ros/jazzy/lib/librcl_interfaces__rosidl_typesupport_c.so"
      },
      {
        "library": "libtype_description_interfaces__rosidl_generator_c.so",
        "line": "\tlibtype_description_interfaces__rosidl_generator_c.so => /opt/ros/jazzy/lib/libtype_description_interfaces__rosidl_generator_c.so (0x00007686e19f0000)",
        "path": "/opt/ros/jazzy/lib/libtype_description_interfaces__rosidl_generator_c.so"
      },
      {
        "library": "libyaml-0.so.2",
        "line": "\tlibyaml-0.so.2 => /usr/lib/x86_64-linux-gnu/libyaml-0.so.2 (0x00007686e19cf000)",
        "path": "/usr/lib/x86_64-linux-gnu/libyaml-0.so.2.0.9"
      },
      {
        "library": "librcl_interfaces__rosidl_generator_c.so",
        "line": "\tlibrcl_interfaces__rosidl_generator_c.so => /opt/ros/jazzy/lib/librcl_interfaces__rosidl_generator_c.so (0x00007686e1981000)",
        "path": "/opt/ros/jazzy/lib/librcl_interfaces__rosidl_generator_c.so"
      },
      {
        "library": "librosidl_typesupport_cpp.so",
        "line": "\tlibrosidl_typesupport_cpp.so => /opt/ros/jazzy/lib/librosidl_typesupport_cpp.so (0x00007686e1979000)",
        "path": "/opt/ros/jazzy/lib/librosidl_typesupport_cpp.so"
      },
      {
        "library": "librosgraph_msgs__rosidl_generator_c.so",
        "line": "\tlibrosgraph_msgs__rosidl_generator_c.so => /opt/ros/jazzy/lib/librosgraph_msgs__rosidl_generator_c.so (0x00007686e1974000)",
        "path": "/opt/ros/jazzy/lib/librosgraph_msgs__rosidl_generator_c.so"
      },
      {
        "library": "libstatistics_msgs__rosidl_generator_c.so",
        "line": "\tlibstatistics_msgs__rosidl_generator_c.so => /opt/ros/jazzy/lib/libstatistics_msgs__rosidl_generator_c.so (0x00007686e196b000)",
        "path": "/opt/ros/jazzy/lib/libstatistics_msgs__rosidl_generator_c.so"
      },
      {
        "library": "liblttng-ust.so.1",
        "line": "\tliblttng-ust.so.1 => /usr/lib/x86_64-linux-gnu/liblttng-ust.so.1 (0x00007686e18e8000)",
        "path": "/usr/lib/x86_64-linux-gnu/liblttng-ust.so.1.0.0"
      },
      {
        "library": "librosidl_typesupport_c.so",
        "line": "\tlibrosidl_typesupport_c.so => /opt/ros/jazzy/lib/librosidl_typesupport_c.so (0x00007686e18e2000)",
        "path": "/opt/ros/jazzy/lib/librosidl_typesupport_c.so"
      },
      {
        "library": "libGLdispatch.so.0",
        "line": "\tlibGLdispatch.so.0 => /usr/lib/x86_64-linux-gnu/libGLdispatch.so.0 (0x00007686e1548000)",
        "path": "/usr/lib/x86_64-linux-gnu/libGLdispatch.so.0.0.0"
      },
      {
        "library": "libX11.so.6",
        "line": "\tlibX11.so.6 => /usr/lib/x86_64-linux-gnu/libX11.so.6 (0x00007686e140b000)",
        "path": "/usr/lib/x86_64-linux-gnu/libX11.so.6.4.0"
      },
      {
        "library": "libgfortran.so.5",
        "line": "\tlibgfortran.so.5 => /usr/lib/x86_64-linux-gnu/libgfortran.so.5 (0x00007686e10ed000)",
        "path": "/usr/lib/x86_64-linux-gnu/libgfortran.so.5.0.0"
      },
      {
        "library": "libgflags.so.2.2",
        "line": "\tlibgflags.so.2.2 => /usr/lib/x86_64-linux-gnu/libgflags.so.2.2 (0x00007686e18bf000)",
        "path": "/usr/lib/x86_64-linux-gnu/libgflags.so.2.2.2"
      },
      {
        "library": "libunwind.so.8",
        "line": "\tlibunwind.so.8 => /usr/lib/x86_64-linux-gnu/libunwind.so.8 (0x00007686e10d2000)",
        "path": "/usr/lib/x86_64-linux-gnu/libunwind.so.8.0.1"
      },
      {
        "library": "libdl.so.2",
        "line": "\tlibdl.so.2 => /usr/lib/x86_64-linux-gnu/libdl.so.2 (0x00007686e18b8000)",
        "path": "/usr/lib/x86_64-linux-gnu/libdl.so.2"
      },
      {
        "library": "libpthread.so.0",
        "line": "\tlibpthread.so.0 => /usr/lib/x86_64-linux-gnu/libpthread.so.0 (0x00007686e18b3000)",
        "path": "/usr/lib/x86_64-linux-gnu/libpthread.so.0"
      },
      {
        "library": "librt.so.1",
        "line": "\tlibrt.so.1 => /usr/lib/x86_64-linux-gnu/librt.so.1 (0x00007686e10cd000)",
        "path": "/usr/lib/x86_64-linux-gnu/librt.so.1"
      },
      {
        "library": "libservice_msgs__rosidl_generator_c.so",
        "line": "\tlibservice_msgs__rosidl_generator_c.so => /opt/ros/jazzy/lib/libservice_msgs__rosidl_generator_c.so (0x00007686e10c8000)",
        "path": "/opt/ros/jazzy/lib/libservice_msgs__rosidl_generator_c.so"
      },
      {
        "library": "libbuiltin_interfaces__rosidl_generator_c.so",
        "line": "\tlibbuiltin_interfaces__rosidl_generator_c.so => /opt/ros/jazzy/lib/libbuiltin_interfaces__rosidl_generator_c.so (0x00007686e10c1000)",
        "path": "/opt/ros/jazzy/lib/libbuiltin_interfaces__rosidl_generator_c.so"
      },
      {
        "library": "libnuma.so.1",
        "line": "\tlibnuma.so.1 => /usr/lib/x86_64-linux-gnu/libnuma.so.1 (0x00007686e10b3000)",
        "path": "/usr/lib/x86_64-linux-gnu/libnuma.so.1.0.0"
      },
      {
        "library": "liblttng-ust-common.so.1",
        "line": "\tliblttng-ust-common.so.1 => /usr/lib/x86_64-linux-gnu/liblttng-ust-common.so.1 (0x00007686e10a6000)",
        "path": "/usr/lib/x86_64-linux-gnu/liblttng-ust-common.so.1.0.0"
      },
      {
        "library": "liblttng-ust-tracepoint.so.1",
        "line": "\tliblttng-ust-tracepoint.so.1 => /usr/lib/x86_64-linux-gnu/liblttng-ust-tracepoint.so.1 (0x00007686e1089000)",
        "path": "/usr/lib/x86_64-linux-gnu/liblttng-ust-tracepoint.so.1.0.0"
      },
      {
        "library": "libxcb.so.1",
        "line": "\tlibxcb.so.1 => /usr/lib/x86_64-linux-gnu/libxcb.so.1 (0x00007686e1060000)",
        "path": "/usr/lib/x86_64-linux-gnu/libxcb.so.1.1.0"
      },
      {
        "library": "liblzma.so.5",
        "line": "\tliblzma.so.5 => /usr/lib/x86_64-linux-gnu/liblzma.so.5 (0x00007686e102e000)",
        "path": "/usr/lib/x86_64-linux-gnu/liblzma.so.5.4.5"
      },
      {
        "library": "libXau.so.6",
        "line": "\tlibXau.so.6 => /usr/lib/x86_64-linux-gnu/libXau.so.6 (0x00007686e1026000)",
        "path": "/usr/lib/x86_64-linux-gnu/libXau.so.6.0.0"
      },
      {
        "library": "libXdmcp.so.6",
        "line": "\tlibXdmcp.so.6 => /usr/lib/x86_64-linux-gnu/libXdmcp.so.6 (0x00007686e101e000)",
        "path": "/usr/lib/x86_64-linux-gnu/libXdmcp.so.6.0.0"
      },
      {
        "library": "libbsd.so.0",
        "line": "\tlibbsd.so.0 => /usr/lib/x86_64-linux-gnu/libbsd.so.0 (0x00007686e1008000)",
        "path": "/usr/lib/x86_64-linux-gnu/libbsd.so.0.12.1"
      },
      {
        "library": "libmd.so.0",
        "line": "\tlibmd.so.0 => /usr/lib/x86_64-linux-gnu/libmd.so.0 (0x00007686e0ff9000)",
        "path": "/usr/lib/x86_64-linux-gnu/libmd.so.0.1.0"
      },
      {
        "library": "libiap.so",
        "line": "\tlibiap.so => /home/dev/ws_iap/src/iap/results/icra27/icra031/install/lib/libiap.so (0x000076b07fc00000)",
        "path": "/home/dev/ws_iap/src/iap/results/icra27/icra031/install/lib/libiap.so"
      },
      {
        "library": "libcephes-gtsam.so.1",
        "line": "\tlibcephes-gtsam.so.1 => /usr/lib/x86_64-linux-gnu/libcephes-gtsam.so.1 (0x000076b0805bf000)",
        "path": "/usr/lib/x86_64-linux-gnu/libcephes-gtsam.so.1.0.0"
      },
      {
        "library": "librclcpp.so",
        "line": "\tlibrclcpp.so => /opt/ros/jazzy/lib/librclcpp.so (0x000076b07f9a2000)",
        "path": "/opt/ros/jazzy/lib/librclcpp.so"
      },
      {
        "library": "libplan_env.so",
        "line": "\tlibplan_env.so => /home/dev/ws_iap/src/iap/results/icra27/icra026/install_plan_env/lib/libplan_env.so (0x000076b07f600000)",
        "path": "/home/dev/ws_iap/src/iap/results/icra27/icra026/install_plan_env/lib/libplan_env.so"
      },
      {
        "library": "libpath_searching.so",
        "line": "\tlibpath_searching.so => /home/dev/ws_iap/src/iap/results/icra27/icra026/install_path_searching/lib/libpath_searching.so (0x000076b080593000)",
        "path": "/home/dev/ws_iap/src/iap/results/icra27/icra026/install_path_searching/lib/libpath_searching.so"
      },
      {
        "library": "librcutils.so",
        "line": "\tlibrcutils.so => /opt/ros/jazzy/lib/librcutils.so (0x000076b080573000)",
        "path": "/opt/ros/jazzy/lib/librcutils.so"
      },
      {
        "library": "libstdc++.so.6",
        "line": "\tlibstdc++.so.6 => /usr/lib/x86_64-linux-gnu/libstdc++.so.6 (0x000076b07f382000)",
        "path": "/usr/lib/x86_64-linux-gnu/libstdc++.so.6.0.33"
      },
      {
        "library": "libm.so.6",
        "line": "\tlibm.so.6 => /usr/lib/x86_64-linux-gnu/libm.so.6 (0x000076b080488000)",
        "path": "/usr/lib/x86_64-linux-gnu/libm.so.6"
      },
      {
        "library": "libgcc_s.so.1",
        "line": "\tlibgcc_s.so.1 => /usr/lib/x86_64-linux-gnu/libgcc_s.so.1 (0x000076b08045a000)",
        "path": "/usr/lib/x86_64-linux-gnu/libgcc_s.so.1"
      },
      {
        "library": "libc.so.6",
        "line": "\tlibc.so.6 => /usr/lib/x86_64-linux-gnu/libc.so.6 (0x000076b07f170000)",
        "path": "/usr/lib/x86_64-linux-gnu/libc.so.6"
      },
      {
        "library": "libgtsam_points.so.1",
        "line": "\tlibgtsam_points.so.1 => /usr/local/lib/libgtsam_points.so.1 (0x000076b07ee7d000)",
        "path": "/usr/local/lib/libgtsam_points.so.1.2.1"
      },
      {
        "library": "libspdlog.so.1.12",
        "line": "\tlibspdlog.so.1.12 => /usr/lib/x86_64-linux-gnu/libspdlog.so.1.12 (0x000076b07f91b000)",
        "path": "/usr/lib/x86_64-linux-gnu/libspdlog.so.1.12.0"
      },
      {
        "library": "libopencv_core.so.406",
        "line": "\tlibopencv_core.so.406 => /usr/lib/x86_64-linux-gnu/libopencv_core.so.406 (0x000076b07eb09000)",
        "path": "/usr/lib/x86_64-linux-gnu/libopencv_core.so.4.6.0"
      },
      {
        "library": "libgnss_comm_lib.so",
        "line": "\tlibgnss_comm_lib.so => /home/dev/ws_iap/install/gnss_comm/lib/libgnss_comm_lib.so (0x000076b07e600000)",
        "path": "/home/dev/ws_iap/install/gnss_comm/lib/libgnss_comm_lib.so"
      },
      {
        "library": "libgtsam_points_cuda.so.1",
        "line": "\tlibgtsam_points_cuda.so.1 => /usr/local/lib/libgtsam_points_cuda.so.1 (0x000076b07e2e9000)",
        "path": "/usr/local/lib/libgtsam_points_cuda.so.1.2.1"
      },
      {
        "library": "libgomp.so.1",
        "line": "\tlibgomp.so.1 => /usr/lib/x86_64-linux-gnu/libgomp.so.1 (0x000076b07f8c5000)",
        "path": "/usr/lib/x86_64-linux-gnu/libgomp.so.1.0.0"
      },
      {
        "library": "libgtsam.so.4",
        "line": "\tlibgtsam.so.4 => /usr/lib/x86_64-linux-gnu/libgtsam.so.4 (0x000076b07ddec000)",
        "path": "/usr/lib/x86_64-linux-gnu/libgtsam.so.4.3a0"
      },
      {
        "library": "libboost_serialization.so.1.83.0",
        "line": "\tlibboost_serialization.so.1.83.0 => /usr/lib/x86_64-linux-gnu/libboost_serialization.so.1.83.0 (0x000076b07f882000)",
        "path": "/usr/lib/x86_64-linux-gnu/libboost_serialization.so.1.83.0"
      },
      {
        "library": "libboost_filesystem.so.1.83.0",
        "line": "\tlibboost_filesystem.so.1.83.0 => /usr/lib/x86_64-linux-gnu/libboost_filesystem.so.1.83.0 (0x000076b080433000)",
        "path": "/usr/lib/x86_64-linux-gnu/libboost_filesystem.so.1.83.0"
      },
      {
        "library": "libfmt.so.9",
        "line": "\tlibfmt.so.9 => /usr/lib/x86_64-linux-gnu/libfmt.so.9 (0x000076b07eae8000)",
        "path": "/usr/lib/x86_64-linux-gnu/libfmt.so.9.1.0"
      },
      {
        "library": "liblibstatistics_collector.so",
        "line": "\tliblibstatistics_collector.so => /opt/ros/jazzy/lib/liblibstatistics_collector.so (0x000076b08042b000)",
        "path": "/opt/ros/jazzy/lib/liblibstatistics_collector.so"
      },
      {
        "library": "librcl.so",
        "line": "\tlibrcl.so => /opt/ros/jazzy/lib/librcl.so (0x000076b07eaa1000)",
        "path": "/opt/ros/jazzy/lib/librcl.so"
      },
      {
        "library": "librcl_interfaces__rosidl_typesupport_cpp.so",
        "line": "\tlibrcl_interfaces__rosidl_typesupport_cpp.so => /opt/ros/jazzy/lib/librcl_interfaces__rosidl_typesupport_cpp.so (0x000076b07ea86000)",
        "path": "/opt/ros/jazzy/lib/librcl_interfaces__rosidl_typesupport_cpp.so"
      },
      {
        "library": "librcl_yaml_param_parser.so",
        "line": "\tlibrcl_yaml_param_parser.so => /opt/ros/jazzy/lib/librcl_yaml_param_parser.so (0x000076b08041f000)",
        "path": "/opt/ros/jazzy/lib/librcl_yaml_param_parser.so"
      },
      {
        "library": "librosgraph_msgs__rosidl_typesupport_cpp.so",
        "line": "\tlibrosgraph_msgs__rosidl_typesupport_cpp.so => /opt/ros/jazzy/lib/librosgraph_msgs__rosidl_typesupport_cpp.so (0x000076b07ea81000)",
        "path": "/opt/ros/jazzy/lib/librosgraph_msgs__rosidl_typesupport_cpp.so"
      },
      {
        "library": "libstatistics_msgs__rosidl_typesupport_cpp.so",
        "line": "\tlibstatistics_msgs__rosidl_typesupport_cpp.so => /opt/ros/jazzy/lib/libstatistics_msgs__rosidl_typesupport_cpp.so (0x000076b07ea7b000)",
        "path": "/opt/ros/jazzy/lib/libstatistics_msgs__rosidl_typesupport_cpp.so"
      },
      {
        "library": "libtracetools.so",
        "line": "\tlibtracetools.so => /opt/ros/jazzy/lib/libtracetools.so (0x000076b07ea61000)",
        "path": "/opt/ros/jazzy/lib/libtracetools.so"
      },
      {
        "library": "librcl_logging_interface.so",
        "line": "\tlibrcl_logging_interface.so => /opt/ros/jazzy/lib/librcl_logging_interface.so (0x000076b07ea5c000)",
        "path": "/opt/ros/jazzy/lib/librcl_logging_interface.so"
      },
      {
        "library": "librmw_implementation.so",
        "line": "\tlibrmw_implementation.so => /opt/ros/jazzy/lib/librmw_implementation.so (0x000076b07ea4f000)",
        "path": "/opt/ros/jazzy/lib/librmw_implementation.so"
      },
      {
        "library": "libament_index_cpp.so",
        "line": "\tlibament_index_cpp.so => /opt/ros/jazzy/lib/libament_index_cpp.so (0x000076b07ea43000)",
        "path": "/opt/ros/jazzy/lib/libament_index_cpp.so"
      },
      {
        "library": "libtype_description_interfaces__rosidl_typesupport_c.so",
        "line": "\tlibtype_description_interfaces__rosidl_typesupport_c.so => /opt/ros/jazzy/lib/libtype_description_interfaces__rosidl_typesupport_c.so (0x000076b07ea3c000)",
        "path": "/opt/ros/jazzy/lib/libtype_description_interfaces__rosidl_typesupport_c.so"
      },
      {
        "library": "librmw.so",
        "line": "\tlibrmw.so => /opt/ros/jazzy/lib/librmw.so (0x000076b07ea31000)",
        "path": "/opt/ros/jazzy/lib/librmw.so"
      },
      {
        "library": "librosidl_dynamic_typesupport.so",
        "line": "\tlibrosidl_dynamic_typesupport.so => /opt/ros/jazzy/lib/librosidl_dynamic_typesupport.so (0x000076b07ea18000)",
        "path": "/opt/ros/jazzy/lib/librosidl_dynamic_typesupport.so"
      },
      {
        "library": "librosidl_typesupport_introspection_cpp.so",
        "line": "\tlibrosidl_typesupport_introspection_cpp.so => /opt/ros/jazzy/lib/librosidl_typesupport_introspection_cpp.so (0x000076b07ea13000)",
        "path": "/opt/ros/jazzy/lib/librosidl_typesupport_introspection_cpp.so"
      },
      {
        "library": "librcpputils.so",
        "line": "\tlibrcpputils.so => /opt/ros/jazzy/lib/librcpputils.so (0x000076b07ea04000)",
        "path": "/opt/ros/jazzy/lib/librcpputils.so"
      },
      {
        "library": "librosidl_runtime_c.so",
        "line": "\tlibrosidl_runtime_c.so => /opt/ros/jazzy/lib/librosidl_runtime_c.so (0x000076b07e9e5000)",
        "path": "/opt/ros/jazzy/lib/librosidl_runtime_c.so"
      },
      {
        "library": "libvisualization_msgs__rosidl_typesupport_cpp.so",
        "line": "\tlibvisualization_msgs__rosidl_typesupport_cpp.so => /opt/ros/jazzy/lib/libvisualization_msgs__rosidl_typesupport_cpp.so (0x000076b07e9d9000)",
        "path": "/opt/ros/jazzy/lib/libvisualization_msgs__rosidl_typesupport_cpp.so"
      },
      {
        "library": "libnav_msgs__rosidl_typesupport_cpp.so",
        "line": "\tlibnav_msgs__rosidl_typesupport_cpp.so => /opt/ros/jazzy/lib/libnav_msgs__rosidl_typesupport_cpp.so (0x000076b07e9cc000)",
        "path": "/opt/ros/jazzy/lib/libnav_msgs__rosidl_typesupport_cpp.so"
      },
      {
        "library": "libcv_bridge.so",
        "line": "\tlibcv_bridge.so => /opt/ros/jazzy/lib/libcv_bridge.so (0x000076b07e99b000)",
        "path": "/opt/ros/jazzy/lib/libcv_bridge.so"
      },
      {
        "library": "libmessage_filters.so",
        "line": "\tlibmessage_filters.so => /opt/ros/jazzy/lib/libmessage_filters.so (0x000076b07e994000)",
        "path": "/opt/ros/jazzy/lib/libmessage_filters.so"
      },
      {
        "library": "libpcl_common.so.1.14",
        "line": "\tlibpcl_common.so.1.14 => /usr/lib/x86_64-linux-gnu/libpcl_common.so.1.14 (0x000076b07dd52000)",
        "path": "/usr/lib/x86_64-linux-gnu/libpcl_common.so.1.14.0"
      },
      {
        "library": "libsensor_msgs__rosidl_typesupport_cpp.so",
        "line": "\tlibsensor_msgs__rosidl_typesupport_cpp.so => /opt/ros/jazzy/lib/libsensor_msgs__rosidl_typesupport_cpp.so (0x000076b07e985000)",
        "path": "/opt/ros/jazzy/lib/libsensor_msgs__rosidl_typesupport_cpp.so"
      },
      {
        "library": "libgeometry_msgs__rosidl_typesupport_cpp.so",
        "line": "\tlibgeometry_msgs__rosidl_typesupport_cpp.so => /opt/ros/jazzy/lib/libgeometry_msgs__rosidl_typesupport_cpp.so (0x000076b07e977000)",
        "path": "/opt/ros/jazzy/lib/libgeometry_msgs__rosidl_typesupport_cpp.so"
      },
      {
        "library": "libboost_timer.so.1.83.0",
        "line": "\tlibboost_timer.so.1.83.0 => /usr/lib/x86_64-linux-gnu/libboost_timer.so.1.83.0 (0x000076b07e970000)",
        "path": "/usr/lib/x86_64-linux-gnu/libboost_timer.so.1.83.0"
      },
      {
        "library": "libz.so.1",
        "line": "\tlibz.so.1 => /usr/lib/x86_64-linux-gnu/libz.so.1 (0x000076b07e952000)",
        "path": "/usr/lib/x86_64-linux-gnu/libz.so.1.3"
      },
      {
        "library": "libGLX.so.0",
        "line": "\tlibGLX.so.0 => /usr/lib/x86_64-linux-gnu/libGLX.so.0 (0x000076b07dd1f000)",
        "path": "/usr/lib/x86_64-linux-gnu/libGLX.so.0.0.0"
      },
      {
        "library": "liblapack.so.3",
        "line": "\tliblapack.so.3 => /usr/lib/x86_64-linux-gnu/liblapack.so.3 (0x000076b07d62f000)",
        "path": "/usr/lib/x86_64-linux-gnu/lapack/liblapack.so.3.12.0"
      },
      {
        "library": "libblas.so.3",
        "line": "\tlibblas.so.3 => /usr/lib/x86_64-linux-gnu/libblas.so.3 (0x000076b07d588000)",
        "path": "/usr/lib/x86_64-linux-gnu/blas/libblas.so.3.12.0"
      },
      {
        "library": "libtbb.so.12",
        "line": "\tlibtbb.so.12 => /usr/lib/x86_64-linux-gnu/libtbb.so.12 (0x000076b07d534000)",
        "path": "/usr/lib/x86_64-linux-gnu/libtbb.so.12.11"
      },
      {
        "library": "libglog.so.1",
        "line": "\tlibglog.so.1 => /usr/lib/x86_64-linux-gnu/libglog.so.1 (0x000076b07d4fe000)",
        "path": "/usr/lib/x86_64-linux-gnu/libglog.so.0.6.0"
      },
      {
        "library": "libcudart.so.12",
        "line": "\tlibcudart.so.12 => /usr/local/cuda/targets/x86_64-linux/lib/libcudart.so.12 (0x000076b07d200000)",
        "path": "/usr/local/cuda-12.5/targets/x86_64-linux/lib/libcudart.so.12.5.82"
      },
      {
        "library": "libmetis.so.5",
        "line": "\tlibmetis.so.5 => /usr/lib/x86_64-linux-gnu/libmetis.so.5 (0x000076b07d196000)",
        "path": "/usr/lib/x86_64-linux-gnu/libmetis.so.5.1.0"
      },
      {
        "library": "librcl_logging_spdlog.so",
        "line": "\tlibrcl_logging_spdlog.so => /opt/ros/jazzy/lib/librcl_logging_spdlog.so (0x000076b07e946000)",
        "path": "/opt/ros/jazzy/lib/librcl_logging_spdlog.so"
      },
      {
        "library": "librcl_interfaces__rosidl_typesupport_c.so",
        "line": "\tlibrcl_interfaces__rosidl_typesupport_c.so => /opt/ros/jazzy/lib/librcl_interfaces__rosidl_typesupport_c.so (0x000076b07e936000)",
        "path": "/opt/ros/jazzy/lib/librcl_interfaces__rosidl_typesupport_c.so"
      },
      {
        "library": "libtype_description_interfaces__rosidl_generator_c.so",
        "line": "\tlibtype_description_interfaces__rosidl_generator_c.so => /opt/ros/jazzy/lib/libtype_description_interfaces__rosidl_generator_c.so (0x000076b07d4e6000)",
        "path": "/opt/ros/jazzy/lib/libtype_description_interfaces__rosidl_generator_c.so"
      },
      {
        "library": "libyaml-0.so.2",
        "line": "\tlibyaml-0.so.2 => /usr/lib/x86_64-linux-gnu/libyaml-0.so.2 (0x000076b07d4c5000)",
        "path": "/usr/lib/x86_64-linux-gnu/libyaml-0.so.2.0.9"
      },
      {
        "library": "librcl_interfaces__rosidl_generator_c.so",
        "line": "\tlibrcl_interfaces__rosidl_generator_c.so => /opt/ros/jazzy/lib/librcl_interfaces__rosidl_generator_c.so (0x000076b07d148000)",
        "path": "/opt/ros/jazzy/lib/librcl_interfaces__rosidl_generator_c.so"
      },
      {
        "library": "librosidl_typesupport_cpp.so",
        "line": "\tlibrosidl_typesupport_cpp.so => /opt/ros/jazzy/lib/librosidl_typesupport_cpp.so (0x000076b07e92e000)",
        "path": "/opt/ros/jazzy/lib/librosidl_typesupport_cpp.so"
      },
      {
        "library": "librosgraph_msgs__rosidl_generator_c.so",
        "line": "\tlibrosgraph_msgs__rosidl_generator_c.so => /opt/ros/jazzy/lib/librosgraph_msgs__rosidl_generator_c.so (0x000076b07e929000)",
        "path": "/opt/ros/jazzy/lib/librosgraph_msgs__rosidl_generator_c.so"
      },
      {
        "library": "libstatistics_msgs__rosidl_generator_c.so",
        "line": "\tlibstatistics_msgs__rosidl_generator_c.so => /opt/ros/jazzy/lib/libstatistics_msgs__rosidl_generator_c.so (0x000076b07d4bc000)",
        "path": "/opt/ros/jazzy/lib/libstatistics_msgs__rosidl_generator_c.so"
      },
      {
        "library": "liblttng-ust.so.1",
        "line": "\tliblttng-ust.so.1 => /usr/lib/x86_64-linux-gnu/liblttng-ust.so.1 (0x000076b07d0c5000)",
        "path": "/usr/lib/x86_64-linux-gnu/liblttng-ust.so.1.0.0"
      },
      {
        "library": "librosidl_typesupport_c.so",
        "line": "\tlibrosidl_typesupport_c.so => /opt/ros/jazzy/lib/librosidl_typesupport_c.so (0x000076b07d4b6000)",
        "path": "/opt/ros/jazzy/lib/librosidl_typesupport_c.so"
      },
      {
        "library": "libvisualization_msgs__rosidl_generator_c.so",
        "line": "\tlibvisualization_msgs__rosidl_generator_c.so => /opt/ros/jazzy/lib/libvisualization_msgs__rosidl_generator_c.so (0x000076b07d091000)",
        "path": "/opt/ros/jazzy/lib/libvisualization_msgs__rosidl_generator_c.so"
      },
      {
        "library": "libnav_msgs__rosidl_generator_c.so",
        "line": "\tlibnav_msgs__rosidl_generator_c.so => /opt/ros/jazzy/lib/libnav_msgs__rosidl_generator_c.so (0x000076b07d05e000)",
        "path": "/opt/ros/jazzy/lib/libnav_msgs__rosidl_generator_c.so"
      },
      {
        "library": "libopencv_imgcodecs.so.406",
        "line": "\tlibopencv_imgcodecs.so.406 => /usr/lib/x86_64-linux-gnu/libopencv_imgcodecs.so.406 (0x000076b07d005000)",
        "path": "/usr/lib/x86_64-linux-gnu/libopencv_imgcodecs.so.4.6.0"
      },
      {
        "library": "libopencv_imgproc.so.406",
        "line": "\tlibopencv_imgproc.so.406 => /usr/lib/x86_64-linux-gnu/libopencv_imgproc.so.406 (0x000076b07caab000)",
        "path": "/usr/lib/x86_64-linux-gnu/libopencv_imgproc.so.4.6.0"
      },
      {
        "library": "libsensor_msgs__rosidl_generator_c.so",
        "line": "\tlibsensor_msgs__rosidl_generator_c.so => /opt/ros/jazzy/lib/libsensor_msgs__rosidl_generator_c.so (0x000076b07ca67000)",
        "path": "/opt/ros/jazzy/lib/libsensor_msgs__rosidl_generator_c.so"
      },
      {
        "library": "libgeometry_msgs__rosidl_generator_c.so",
        "line": "\tlibgeometry_msgs__rosidl_generator_c.so => /opt/ros/jazzy/lib/libgeometry_msgs__rosidl_generator_c.so (0x000076b07ca29000)",
        "path": "/opt/ros/jazzy/lib/libgeometry_msgs__rosidl_generator_c.so"
      },
      {
        "library": "libGLdispatch.so.0",
        "line": "\tlibGLdispatch.so.0 => /usr/lib/x86_64-linux-gnu/libGLdispatch.so.0 (0x000076b07c971000)",
        "path": "/usr/lib/x86_64-linux-gnu/libGLdispatch.so.0.0.0"
      },
      {
        "library": "libX11.so.6",
        "line": "\tlibX11.so.6 => /usr/lib/x86_64-linux-gnu/libX11.so.6 (0x000076b07c834000)",
        "path": "/usr/lib/x86_64-linux-gnu/libX11.so.6.4.0"
      },
      {
        "library": "libgfortran.so.5",
        "line": "\tlibgfortran.so.5 => /usr/lib/x86_64-linux-gnu/libgfortran.so.5 (0x000076b07c516000)",
        "path": "/usr/lib/x86_64-linux-gnu/libgfortran.so.5.0.0"
      },
      {
        "library": "libgflags.so.2.2",
        "line": "\tlibgflags.so.2.2 => /usr/lib/x86_64-linux-gnu/libgflags.so.2.2 (0x000076b07c4f5000)",
        "path": "/usr/lib/x86_64-linux-gnu/libgflags.so.2.2.2"
      },
      {
        "library": "libunwind.so.8",
        "line": "\tlibunwind.so.8 => /usr/lib/x86_64-linux-gnu/libunwind.so.8 (0x000076b07c4da000)",
        "path": "/usr/lib/x86_64-linux-gnu/libunwind.so.8.0.1"
      },
      {
        "library": "libdl.so.2",
        "line": "\tlibdl.so.2 => /usr/lib/x86_64-linux-gnu/libdl.so.2 (0x000076b07c4d5000)",
        "path": "/usr/lib/x86_64-linux-gnu/libdl.so.2"
      },
      {
        "library": "libpthread.so.0",
        "line": "\tlibpthread.so.0 => /usr/lib/x86_64-linux-gnu/libpthread.so.0 (0x000076b07c4d0000)",
        "path": "/usr/lib/x86_64-linux-gnu/libpthread.so.0"
      },
      {
        "library": "librt.so.1",
        "line": "\tlibrt.so.1 => /usr/lib/x86_64-linux-gnu/librt.so.1 (0x000076b07c4cb000)",
        "path": "/usr/lib/x86_64-linux-gnu/librt.so.1"
      },
      {
        "library": "libservice_msgs__rosidl_generator_c.so",
        "line": "\tlibservice_msgs__rosidl_generator_c.so => /opt/ros/jazzy/lib/libservice_msgs__rosidl_generator_c.so (0x000076b07c4c6000)",
        "path": "/opt/ros/jazzy/lib/libservice_msgs__rosidl_generator_c.so"
      },
      {
        "library": "libbuiltin_interfaces__rosidl_generator_c.so",
        "line": "\tlibbuiltin_interfaces__rosidl_generator_c.so => /opt/ros/jazzy/lib/libbuiltin_interfaces__rosidl_generator_c.so (0x000076b07c4bf000)",
        "path": "/opt/ros/jazzy/lib/libbuiltin_interfaces__rosidl_generator_c.so"
      },
      {
        "library": "libnuma.so.1",
        "line": "\tlibnuma.so.1 => /usr/lib/x86_64-linux-gnu/libnuma.so.1 (0x000076b07c4b1000)",
        "path": "/usr/lib/x86_64-linux-gnu/libnuma.so.1.0.0"
      },
      {
        "library": "liblttng-ust-common.so.1",
        "line": "\tliblttng-ust-common.so.1 => /usr/lib/x86_64-linux-gnu/liblttng-ust-common.so.1 (0x000076b07c4a2000)",
        "path": "/usr/lib/x86_64-linux-gnu/liblttng-ust-common.so.1.0.0"
      },
      {
        "library": "liblttng-ust-tracepoint.so.1",
        "line": "\tliblttng-ust-tracepoint.so.1 => /usr/lib/x86_64-linux-gnu/liblttng-ust-tracepoint.so.1 (0x000076b07c485000)",
        "path": "/usr/lib/x86_64-linux-gnu/liblttng-ust-tracepoint.so.1.0.0"
      },
      {
        "library": "libstd_msgs__rosidl_generator_c.so",
        "line": "\tlibstd_msgs__rosidl_generator_c.so => /opt/ros/jazzy/lib/libstd_msgs__rosidl_generator_c.so (0x000076b07c454000)",
        "path": "/opt/ros/jazzy/lib/libstd_msgs__rosidl_generator_c.so"
      },
      {
        "library": "libjpeg.so.8",
        "line": "\tlibjpeg.so.8 => /usr/lib/x86_64-linux-gnu/libjpeg.so.8 (0x000076b07c3d1000)",
        "path": "/usr/lib/x86_64-linux-gnu/libjpeg.so.8.2.2"
      },
      {
        "library": "libwebp.so.7",
        "line": "\tlibwebp.so.7 => /usr/lib/x86_64-linux-gnu/libwebp.so.7 (0x000076b07c356000)",
        "path": "/usr/lib/x86_64-linux-gnu/libwebp.so.7.1.8"
      },
      {
        "library": "libpng16.so.16",
        "line": "\tlibpng16.so.16 => /usr/lib/x86_64-linux-gnu/libpng16.so.16 (0x000076b07c31c000)",
        "path": "/usr/lib/x86_64-linux-gnu/libpng16.so.16.43.0"
      },
      {
        "library": "libgdcmMSFF.so.3.0",
        "line": "\tlibgdcmMSFF.so.3.0 => /usr/lib/x86_64-linux-gnu/libgdcmMSFF.so.3.0 (0x000076b07c0f0000)",
        "path": "/usr/lib/x86_64-linux-gnu/libgdcmMSFF.so.3.0.22"
      },
      {
        "library": "libtiff.so.6",
        "line": "\tlibtiff.so.6 => /usr/lib/x86_64-linux-gnu/libtiff.so.6 (0x000076b07c063000)",
        "path": "/usr/lib/x86_64-linux-gnu/libtiff.so.6.0.1"
      },
      {
        "library": "libopenjp2.so.7",
        "line": "\tlibopenjp2.so.7 => /usr/lib/x86_64-linux-gnu/libopenjp2.so.7 (0x000076b07c002000)",
        "path": "/usr/lib/x86_64-linux-gnu/libopenjp2.so.2.5.0"
      },
      {
        "library": "libOpenEXR-3_1.so.30",
        "line": "\tlibOpenEXR-3_1.so.30 => /usr/lib/x86_64-linux-gnu/libOpenEXR-3_1.so.30 (0x000076b07bcfd000)",
        "path": "/usr/lib/x86_64-linux-gnu/libOpenEXR-3_1.so.30.5.1"
      },
      {
        "library": "libgdal.so.34",
        "line": "\tlibgdal.so.34 => /usr/lib/x86_64-linux-gnu/libgdal.so.34 (0x000076b07a526000)",
        "path": "/usr/lib/x86_64-linux-gnu/libgdal.so.34.3.8.4"
      },
      {
        "library": "libgdcmDSED.so.3.0",
        "line": "\tlibgdcmDSED.so.3.0 => /usr/lib/x86_64-linux-gnu/libgdcmDSED.so.3.0 (0x000076b07a42c000)",
        "path": "/usr/lib/x86_64-linux-gnu/libgdcmDSED.so.3.0.22"
      },
      {
        "library": "libxcb.so.1",
        "line": "\tlibxcb.so.1 => /usr/lib/x86_64-linux-gnu/libxcb.so.1 (0x000076b07a403000)",
        "path": "/usr/lib/x86_64-linux-gnu/libxcb.so.1.1.0"
      },
      {
        "library": "liblzma.so.5",
        "line": "\tliblzma.so.5 => /usr/lib/x86_64-linux-gnu/liblzma.so.5 (0x000076b07a3d1000)",
        "path": "/usr/lib/x86_64-linux-gnu/liblzma.so.5.4.5"
      },
      {
        "library": "libsharpyuv.so.0",
        "line": "\tlibsharpyuv.so.0 => /usr/lib/x86_64-linux-gnu/libsharpyuv.so.0 (0x000076b07a3c9000)",
        "path": "/usr/lib/x86_64-linux-gnu/libsharpyuv.so.0.0.1"
      },
      {
        "library": "libgdcmDICT.so.3.0",
        "line": "\tlibgdcmDICT.so.3.0 => /usr/lib/x86_64-linux-gnu/libgdcmDICT.so.3.0 (0x000076b07a0ef000)",
        "path": "/usr/lib/x86_64-linux-gnu/libgdcmDICT.so.3.0.22"
      },
      {
        "library": "libgdcmjpeg8.so.3.0",
        "line": "\tlibgdcmjpeg8.so.3.0 => /usr/lib/x86_64-linux-gnu/libgdcmjpeg8.so.3.0 (0x000076b07a0c4000)",
        "path": "/usr/lib/x86_64-linux-gnu/libgdcmjpeg8.so.3.0.22"
      },
      {
        "library": "libgdcmjpeg12.so.3.0",
        "line": "\tlibgdcmjpeg12.so.3.0 => /usr/lib/x86_64-linux-gnu/libgdcmjpeg12.so.3.0 (0x000076b07a099000)",
        "path": "/usr/lib/x86_64-linux-gnu/libgdcmjpeg12.so.3.0.22"
      },
      {
        "library": "libgdcmjpeg16.so.3.0",
        "line": "\tlibgdcmjpeg16.so.3.0 => /usr/lib/x86_64-linux-gnu/libgdcmjpeg16.so.3.0 (0x000076b07a06e000)",
        "path": "/usr/lib/x86_64-linux-gnu/libgdcmjpeg16.so.3.0.22"
      },
      {
        "library": "libcharls.so.2",
        "line": "\tlibcharls.so.2 => /usr/lib/x86_64-linux-gnu/libcharls.so.2 (0x000076b07a01a000)",
        "path": "/usr/lib/x86_64-linux-gnu/libcharls.so.2.4.2"
      },
      {
        "library": "libuuid.so.1",
        "line": "\tlibuuid.so.1 => /usr/lib/x86_64-linux-gnu/libuuid.so.1 (0x000076b07a010000)",
        "path": "/usr/lib/x86_64-linux-gnu/libuuid.so.1.3.0"
      },
      {
        "library": "libjson-c.so.5",
        "line": "\tlibjson-c.so.5 => /usr/lib/x86_64-linux-gnu/libjson-c.so.5 (0x000076b079ffa000)",
        "path": "/usr/lib/x86_64-linux-gnu/libjson-c.so.5.3.0"
      },
      {
        "library": "libgdcmIOD.so.3.0",
        "line": "\tlibgdcmIOD.so.3.0 => /usr/lib/x86_64-linux-gnu/libgdcmIOD.so.3.0 (0x000076b079fe4000)",
        "path": "/usr/lib/x86_64-linux-gnu/libgdcmIOD.so.3.0.22"
      },
      {
        "library": "libgdcmCommon.so.3.0",
        "line": "\tlibgdcmCommon.so.3.0 => /usr/lib/x86_64-linux-gnu/libgdcmCommon.so.3.0 (0x000076b079fbf000)",
        "path": "/usr/lib/x86_64-linux-gnu/libgdcmCommon.so.3.0.22"
      },
      {
        "library": "libzstd.so.1",
        "line": "\tlibzstd.so.1 => /usr/lib/x86_64-linux-gnu/libzstd.so.1 (0x000076b079f05000)",
        "path": "/usr/lib/x86_64-linux-gnu/libzstd.so.1.5.5"
      },
      {
        "library": "libLerc.so.4",
        "line": "\tlibLerc.so.4 => /usr/lib/x86_64-linux-gnu/libLerc.so.4 (0x000076b079e7e000)",
        "path": "/usr/lib/x86_64-linux-gnu/libLerc.so.4"
      },
      {
        "library": "libjbig.so.0",
        "line": "\tlibjbig.so.0 => /usr/lib/x86_64-linux-gnu/libjbig.so.0 (0x000076b079e6c000)",
        "path": "/usr/lib/x86_64-linux-gnu/libjbig.so.0"
      },
      {
        "library": "libdeflate.so.0",
        "line": "\tlibdeflate.so.0 => /usr/lib/x86_64-linux-gnu/libdeflate.so.0 (0x000076b079e59000)",
        "path": "/usr/lib/x86_64-linux-gnu/libdeflate.so.0"
      },
      {
        "library": "libImath-3_1.so.29",
        "line": "\tlibImath-3_1.so.29 => /usr/lib/x86_64-linux-gnu/libImath-3_1.so.29 (0x000076b079e0b000)",
        "path": "/usr/lib/x86_64-linux-gnu/libImath-3_1.so.29.8.0"
      },
      {
        "library": "libIlmThread-3_1.so.30",
        "line": "\tlibIlmThread-3_1.so.30 => /usr/lib/x86_64-linux-gnu/libIlmThread-3_1.so.30 (0x000076b079e01000)",
        "path": "/usr/lib/x86_64-linux-gnu/libIlmThread-3_1.so.30.5.1"
      },
      {
        "library": "libIex-3_1.so.30",
        "line": "\tlibIex-3_1.so.30 => /usr/lib/x86_64-linux-gnu/libIex-3_1.so.30 (0x000076b079d7e000)",
        "path": "/usr/lib/x86_64-linux-gnu/libIex-3_1.so.30.5.1"
      },
      {
        "library": "libcurl.so.4",
        "line": "\tlibcurl.so.4 => /usr/lib/x86_64-linux-gnu/libcurl.so.4 (0x000076b079cbb000)",
        "path": "/usr/lib/x86_64-linux-gnu/libcurl.so.4.8.0"
      },
      {
        "library": "libodbc.so.2",
        "line": "\tlibodbc.so.2 => /usr/lib/x86_64-linux-gnu/libodbc.so.2 (0x000076b079c4b000)",
        "path": "/usr/lib/x86_64-linux-gnu/libodbc.so.2.0.0"
      },
      {
        "library": "libodbcinst.so.2",
        "line": "\tlibodbcinst.so.2 => /usr/lib/x86_64-linux-gnu/libodbcinst.so.2 (0x000076b079c37000)",
        "path": "/usr/lib/x86_64-linux-gnu/libodbcinst.so.2.0.0"
      },
      {
        "library": "libxml2.so.2",
        "line": "\tlibxml2.so.2 => /usr/lib/x86_64-linux-gnu/libxml2.so.2 (0x000076b079a55000)",
        "path": "/usr/lib/x86_64-linux-gnu/libxml2.so.2.9.14"
      },
      {
        "library": "libcrypto.so.3",
        "line": "\tlibcrypto.so.3 => /usr/lib/x86_64-linux-gnu/libcrypto.so.3 (0x000076b079541000)",
        "path": "/usr/lib/x86_64-linux-gnu/libcrypto.so.3"
      },
      {
        "library": "liblz4.so.1",
        "line": "\tliblz4.so.1 => /usr/lib/x86_64-linux-gnu/liblz4.so.1 (0x000076b07951f000)",
        "path": "/usr/lib/x86_64-linux-gnu/liblz4.so.1.9.4"
      },
      {
        "library": "libblosc.so.1",
        "line": "\tlibblosc.so.1 => /usr/lib/x86_64-linux-gnu/libblosc.so.1 (0x000076b07950d000)",
        "path": "/usr/lib/x86_64-linux-gnu/libblosc.so.1.21.5"
      },
      {
        "library": "libarmadillo.so.12",
        "line": "\tlibarmadillo.so.12 => /lib/libarmadillo.so.12 (0x000076b0794fa000)",
        "path": "/usr/lib/libarmadillo.so.12.6.7"
      },
      {
        "library": "libqhull_r.so.8.0",
        "line": "\tlibqhull_r.so.8.0 => /usr/lib/x86_64-linux-gnu/libqhull_r.so.8.0 (0x000076b07948a000)",
        "path": "/usr/lib/x86_64-linux-gnu/libqhull_r.so.8.0.2"
      },
      {
        "library": "libxerces-c-3.2.so",
        "line": "\tlibxerces-c-3.2.so => /usr/lib/x86_64-linux-gnu/libxerces-c-3.2.so (0x000076b079135000)",
        "path": "/usr/lib/x86_64-linux-gnu/libxerces-c-3.2.so"
      },
      {
        "library": "libgeotiff.so.5",
        "line": "\tlibgeotiff.so.5 => /usr/lib/x86_64-linux-gnu/libgeotiff.so.5 (0x000076b0790ff000)",
        "path": "/usr/lib/x86_64-linux-gnu/libgeotiff.so.5.2.1"
      },
      {
        "library": "libheif.so.1",
        "line": "\tlibheif.so.1 => /usr/lib/x86_64-linux-gnu/libheif.so.1 (0x000076b07903f000)",
        "path": "/usr/lib/x86_64-linux-gnu/libheif.so.1.17.6"
      },
      {
        "library": "libaec.so.0",
        "line": "\tlibaec.so.0 => /usr/lib/x86_64-linux-gnu/libaec.so.0 (0x000076b079034000)",
        "path": "/usr/lib/x86_64-linux-gnu/libaec.so.0.1.2"
      },
      {
        "library": "libpoppler.so.134",
        "line": "\tlibpoppler.so.134 => /usr/lib/x86_64-linux-gnu/libpoppler.so.134 (0x000076b078cc0000)",
        "path": "/usr/lib/x86_64-linux-gnu/libpoppler.so.134.0.0"
      },
      {
        "library": "libgif.so.7",
        "line": "\tlibgif.so.7 => /usr/lib/x86_64-linux-gnu/libgif.so.7 (0x000076b078cb5000)",
        "path": "/usr/lib/x86_64-linux-gnu/libgif.so.7.2.0"
      },
      {
        "library": "libnetcdf.so.19",
        "line": "\tlibnetcdf.so.19 => /usr/lib/x86_64-linux-gnu/libnetcdf.so.19 (0x000076b078aca000)",
        "path": "/usr/lib/x86_64-linux-gnu/libnetcdf.so.19"
      },
      {
        "library": "libcfitsio.so.10",
        "line": "\tlibcfitsio.so.10 => /usr/lib/x86_64-linux-gnu/libcfitsio.so.10 (0x000076b0787c2000)",
        "path": "/usr/lib/x86_64-linux-gnu/libcfitsio.so.10.4.3.1"
      },
      {
        "library": "libhdf5_serial.so.103",
        "line": "\tlibhdf5_serial.so.103 => /usr/lib/x86_64-linux-gnu/libhdf5_serial.so.103 (0x000076b07844e000)",
        "path": "/usr/lib/x86_64-linux-gnu/libhdf5_serial.so.103.4.0"
      },
      {
        "library": "libsqlite3.so.0",
        "line": "\tlibsqlite3.so.0 => /usr/lib/x86_64-linux-gnu/libsqlite3.so.0 (0x000076b0782e4000)",
        "path": "/usr/lib/x86_64-linux-gnu/libsqlite3.so.0.8.6"
      },
      {
        "library": "libpq.so.5",
        "line": "\tlibpq.so.5 => /usr/lib/x86_64-linux-gnu/libpq.so.5 (0x000076b07828d000)",
        "path": "/usr/lib/x86_64-linux-gnu/libpq.so.5.16"
      },
      {
        "library": "libkmlbase.so.1",
        "line": "\tlibkmlbase.so.1 => /usr/lib/x86_64-linux-gnu/libkmlbase.so.1 (0x000076b078270000)",
        "path": "/usr/lib/x86_64-linux-gnu/libkmlbase.so.1.3.0"
      },
      {
        "library": "libkmldom.so.1",
        "line": "\tlibkmldom.so.1 => /usr/lib/x86_64-linux-gnu/libkmldom.so.1 (0x000076b0781de000)",
        "path": "/usr/lib/x86_64-linux-gnu/libkmldom.so.1.3.0"
      },
      {
        "library": "libkmlengine.so.1",
        "line": "\tlibkmlengine.so.1 => /usr/lib/x86_64-linux-gnu/libkmlengine.so.1 (0x000076b0781b0000)",
        "path": "/usr/lib/x86_64-linux-gnu/libkmlengine.so.1.3.0"
      },
      {
        "library": "libfyba.so.0",
        "line": "\tlibfyba.so.0 => /usr/lib/x86_64-linux-gnu/libfyba.so.0 (0x000076b07815a000)",
        "path": "/usr/lib/x86_64-linux-gnu/libfyba.so.0.0.0"
      },
      {
        "library": "libpcre2-8.so.0",
        "line": "\tlibpcre2-8.so.0 => /usr/lib/x86_64-linux-gnu/libpcre2-8.so.0 (0x000076b0780be000)",
        "path": "/usr/lib/x86_64-linux-gnu/libpcre2-8.so.0.11.2"
      },
      {
        "library": "libspatialite.so.8",
        "line": "\tlibspatialite.so.8 => /usr/lib/x86_64-linux-gnu/libspatialite.so.8 (0x000076b077953000)",
        "path": "/usr/lib/x86_64-linux-gnu/libspatialite.so.8.1.0"
      },
      {
        "library": "libmysqlclient.so.21",
        "line": "\tlibmysqlclient.so.21 => /usr/lib/x86_64-linux-gnu/libmysqlclient.so.21 (0x000076b0772d4000)",
        "path": "/usr/lib/x86_64-linux-gnu/libmysqlclient.so.21.2.45"
      },
      {
        "library": "libfreexl.so.1",
        "line": "\tlibfreexl.so.1 => /usr/lib/x86_64-linux-gnu/libfreexl.so.1 (0x000076b0772c3000)",
        "path": "/usr/lib/x86_64-linux-gnu/libfreexl.so.1.2.0"
      },
      {
        "library": "libogdi.so.4.1",
        "line": "\tlibogdi.so.4.1 => /usr/lib/x86_64-linux-gnu/libogdi.so.4.1 (0x000076b0772a8000)",
        "path": "/usr/lib/x86_64-linux-gnu/libogdi.so.4.1"
      },
      {
        "library": "libexpat.so.1",
        "line": "\tlibexpat.so.1 => /usr/lib/x86_64-linux-gnu/libexpat.so.1 (0x000076b07727c000)",
        "path": "/usr/lib/x86_64-linux-gnu/libexpat.so.1.9.1"
      },
      {
        "library": "libgeos_c.so.1",
        "line": "\tlibgeos_c.so.1 => /usr/lib/x86_64-linux-gnu/libgeos_c.so.1 (0x000076b077231000)",
        "path": "/usr/lib/x86_64-linux-gnu/libgeos_c.so.1.18.1"
      },
      {
        "library": "libproj.so.25",
        "line": "\tlibproj.so.25 => /usr/lib/x86_64-linux-gnu/libproj.so.25 (0x000076b076e6f000)",
        "path": "/usr/lib/x86_64-linux-gnu/libproj.so.25.9.4.0"
      },
      {
        "library": "libdfalt.so.0",
        "line": "\tlibdfalt.so.0 => /usr/lib/x86_64-linux-gnu/libdfalt.so.0 (0x000076b076dcb000)",
        "path": "/usr/lib/x86_64-linux-gnu/libdfalt.so.0.0.0"
      },
      {
        "library": "libmfhdfalt.so.0",
        "line": "\tlibmfhdfalt.so.0 => /usr/lib/x86_64-linux-gnu/libmfhdfalt.so.0 (0x000076b076da2000)",
        "path": "/usr/lib/x86_64-linux-gnu/libmfhdfalt.so.0.0.0"
      },
      {
        "library": "libXau.so.6",
        "line": "\tlibXau.so.6 => /usr/lib/x86_64-linux-gnu/libXau.so.6 (0x000076b076d9c000)",
        "path": "/usr/lib/x86_64-linux-gnu/libXau.so.6.0.0"
      },
      {
        "library": "libXdmcp.so.6",
        "line": "\tlibXdmcp.so.6 => /usr/lib/x86_64-linux-gnu/libXdmcp.so.6 (0x000076b076d92000)",
        "path": "/usr/lib/x86_64-linux-gnu/libXdmcp.so.6.0.0"
      },
      {
        "library": "libnghttp2.so.14",
        "line": "\tlibnghttp2.so.14 => /usr/lib/x86_64-linux-gnu/libnghttp2.so.14 (0x000076b076d67000)",
        "path": "/usr/lib/x86_64-linux-gnu/libnghttp2.so.14.26.0"
      },
      {
        "library": "libidn2.so.0",
        "line": "\tlibidn2.so.0 => /usr/lib/x86_64-linux-gnu/libidn2.so.0 (0x000076b076d45000)",
        "path": "/usr/lib/x86_64-linux-gnu/libidn2.so.0.4.0"
      },
      {
        "library": "librtmp.so.1",
        "line": "\tlibrtmp.so.1 => /usr/lib/x86_64-linux-gnu/librtmp.so.1 (0x000076b076d27000)",
        "path": "/usr/lib/x86_64-linux-gnu/librtmp.so.1"
      },
      {
        "library": "libssh.so.4",
        "line": "\tlibssh.so.4 => /usr/lib/x86_64-linux-gnu/libssh.so.4 (0x000076b076cb5000)",
        "path": "/usr/lib/x86_64-linux-gnu/libssh.so.4.9.6"
      },
      {
        "library": "libpsl.so.5",
        "line": "\tlibpsl.so.5 => /usr/lib/x86_64-linux-gnu/libpsl.so.5 (0x000076b076c9f000)",
        "path": "/usr/lib/x86_64-linux-gnu/libpsl.so.5.3.4"
      },
      {
        "library": "libssl.so.3",
        "line": "\tlibssl.so.3 => /usr/lib/x86_64-linux-gnu/libssl.so.3 (0x000076b076bf5000)",
        "path": "/usr/lib/x86_64-linux-gnu/libssl.so.3"
      },
      {
        "library": "libgssapi_krb5.so.2",
        "line": "\tlibgssapi_krb5.so.2 => /usr/lib/x86_64-linux-gnu/libgssapi_krb5.so.2 (0x000076b076ba1000)",
        "path": "/usr/lib/x86_64-linux-gnu/libgssapi_krb5.so.2.2"
      },
      {
        "library": "libldap.so.2",
        "line": "\tlibldap.so.2 => /usr/lib/x86_64-linux-gnu/libldap.so.2 (0x000076b076b44000)",
        "path": "/usr/lib/x86_64-linux-gnu/libldap.so.2.0.200"
      },
      {
        "library": "liblber.so.2",
        "line": "\tliblber.so.2 => /usr/lib/x86_64-linux-gnu/liblber.so.2 (0x000076b076b34000)",
        "path": "/usr/lib/x86_64-linux-gnu/liblber.so.2.0.200"
      },
      {
        "library": "libbrotlidec.so.1",
        "line": "\tlibbrotlidec.so.1 => /usr/lib/x86_64-linux-gnu/libbrotlidec.so.1 (0x000076b076b26000)",
        "path": "/usr/lib/x86_64-linux-gnu/libbrotlidec.so.1.1.0"
      },
      {
        "library": "libltdl.so.7",
        "line": "\tlibltdl.so.7 => /usr/lib/x86_64-linux-gnu/libltdl.so.7 (0x000076b076b19000)",
        "path": "/usr/lib/x86_64-linux-gnu/libltdl.so.7.3.2"
      },
      {
        "library": "libicuuc.so.74",
        "line": "\tlibicuuc.so.74 => /usr/lib/x86_64-linux-gnu/libicuuc.so.74 (0x000076b07690c000)",
        "path": "/usr/lib/x86_64-linux-gnu/libicuuc.so.74.2"
      },
      {
        "library": "libsnappy.so.1",
        "line": "\tlibsnappy.so.1 => /usr/lib/x86_64-linux-gnu/libsnappy.so.1 (0x000076b076901000)",
        "path": "/usr/lib/x86_64-linux-gnu/libsnappy.so.1.1.10"
      },
      {
        "library": "libarpack.so.2",
        "line": "\tlibarpack.so.2 => /usr/lib/x86_64-linux-gnu/libarpack.so.2 (0x000076b0768b7000)",
        "path": "/usr/lib/x86_64-linux-gnu/libarpack.so.2.1.0"
      },
      {
        "library": "libsuperlu.so.6",
        "line": "\tlibsuperlu.so.6 => /usr/lib/x86_64-linux-gnu/libsuperlu.so.6 (0x000076b076847000)",
        "path": "/usr/lib/x86_64-linux-gnu/libsuperlu.so.6.0.1"
      },
      {
        "library": "libcurl-gnutls.so.4",
        "line": "\tlibcurl-gnutls.so.4 => /usr/lib/x86_64-linux-gnu/libcurl-gnutls.so.4 (0x000076b07678a000)",
        "path": "/usr/lib/x86_64-linux-gnu/libcurl-gnutls.so.4.8.0"
      },
      {
        "library": "libfreetype.so.6",
        "line": "\tlibfreetype.so.6 => /usr/lib/x86_64-linux-gnu/libfreetype.so.6 (0x000076b0766be000)",
        "path": "/usr/lib/x86_64-linux-gnu/libfreetype.so.6.20.1"
      },
      {
        "library": "libfontconfig.so.1",
        "line": "\tlibfontconfig.so.1 => /usr/lib/x86_64-linux-gnu/libfontconfig.so.1 (0x000076b07666d000)",
        "path": "/usr/lib/x86_64-linux-gnu/libfontconfig.so.1.12.1"
      },
      {
        "library": "liblcms2.so.2",
        "line": "\tliblcms2.so.2 => /usr/lib/x86_64-linux-gnu/liblcms2.so.2 (0x000076b07660b000)",
        "path": "/usr/lib/x86_64-linux-gnu/liblcms2.so.2.0.14"
      },
      {
        "library": "libnss3.so",
        "line": "\tlibnss3.so => /usr/lib/x86_64-linux-gnu/libnss3.so (0x000076b0764dc000)",
        "path": "/usr/lib/x86_64-linux-gnu/libnss3.so"
      },
      {
        "library": "libsmime3.so",
        "line": "\tlibsmime3.so => /usr/lib/x86_64-linux-gnu/libsmime3.so (0x000076b0764b1000)",
        "path": "/usr/lib/x86_64-linux-gnu/libsmime3.so"
      },
      {
        "library": "libplc4.so",
        "line": "\tlibplc4.so => /usr/lib/x86_64-linux-gnu/libplc4.so (0x000076b0764aa000)",
        "path": "/usr/lib/x86_64-linux-gnu/libplc4.so"
      },
      {
        "library": "libnspr4.so",
        "line": "\tlibnspr4.so => /usr/lib/x86_64-linux-gnu/libnspr4.so (0x000076b07646b000)",
        "path": "/usr/lib/x86_64-linux-gnu/libnspr4.so"
      },
      {
        "library": "libhdf5_serial_hl.so.100",
        "line": "\tlibhdf5_serial_hl.so.100 => /usr/lib/x86_64-linux-gnu/libhdf5_serial_hl.so.100 (0x000076b076446000)",
        "path": "/usr/lib/x86_64-linux-gnu/libhdf5_serial_hl.so.100.1.7"
      },
      {
        "library": "libbz2.so.1.0",
        "line": "\tlibbz2.so.1.0 => /usr/lib/x86_64-linux-gnu/libbz2.so.1.0 (0x000076b076432000)",
        "path": "/usr/lib/x86_64-linux-gnu/libbz2.so.1.0.4"
      },
      {
        "library": "libsz.so.2",
        "line": "\tlibsz.so.2 => /usr/lib/x86_64-linux-gnu/libsz.so.2 (0x000076b07642b000)",
        "path": "/usr/lib/x86_64-linux-gnu/libsz.so.2.0.1"
      },
      {
        "library": "libminizip.so.1",
        "line": "\tlibminizip.so.1 => /usr/lib/x86_64-linux-gnu/libminizip.so.1 (0x000076b07641e000)",
        "path": "/usr/lib/x86_64-linux-gnu/libminizip.so.1.0.0"
      },
      {
        "library": "liburiparser.so.1",
        "line": "\tliburiparser.so.1 => /usr/lib/x86_64-linux-gnu/liburiparser.so.1 (0x000076b076407000)",
        "path": "/usr/lib/x86_64-linux-gnu/liburiparser.so.1.0.30"
      },
      {
        "library": "libfyut.so.0",
        "line": "\tlibfyut.so.0 => /usr/lib/x86_64-linux-gnu/libfyut.so.0 (0x000076b0763fc000)",
        "path": "/usr/lib/x86_64-linux-gnu/libfyut.so.0.0.0"
      },
      {
        "library": "libfygm.so.0",
        "line": "\tlibfygm.so.0 => /usr/lib/x86_64-linux-gnu/libfygm.so.0 (0x000076b0763f3000)",
        "path": "/usr/lib/x86_64-linux-gnu/libfygm.so.0.0.0"
      },
      {
        "library": "librttopo.so.1",
        "line": "\tlibrttopo.so.1 => /usr/lib/x86_64-linux-gnu/librttopo.so.1 (0x000076b076381000)",
        "path": "/usr/lib/x86_64-linux-gnu/librttopo.so.1.1.0"
      },
      {
        "library": "libresolv.so.2",
        "line": "\tlibresolv.so.2 => /usr/lib/x86_64-linux-gnu/libresolv.so.2 (0x000076b07636e000)",
        "path": "/usr/lib/x86_64-linux-gnu/libresolv.so.2"
      },
      {
        "library": "libtirpc.so.3",
        "line": "\tlibtirpc.so.3 => /usr/lib/x86_64-linux-gnu/libtirpc.so.3 (0x000076b076341000)",
        "path": "/usr/lib/x86_64-linux-gnu/libtirpc.so.3.0.0"
      },
      {
        "library": "libgeos.so.3.12.1",
        "line": "\tlibgeos.so.3.12.1 => /usr/lib/x86_64-linux-gnu/libgeos.so.3.12.1 (0x000076b0760d9000)",
        "path": "/usr/lib/x86_64-linux-gnu/libgeos.so.3.12.1"
      },
      {
        "library": "libbsd.so.0",
        "line": "\tlibbsd.so.0 => /usr/lib/x86_64-linux-gnu/libbsd.so.0 (0x000076b0760c3000)",
        "path": "/usr/lib/x86_64-linux-gnu/libbsd.so.0.12.1"
      },
      {
        "library": "libunistring.so.5",
        "line": "\tlibunistring.so.5 => /usr/lib/x86_64-linux-gnu/libunistring.so.5 (0x000076b075f14000)",
        "path": "/usr/lib/x86_64-linux-gnu/libunistring.so.5.0.0"
      },
      {
        "library": "libgnutls.so.30",
        "line": "\tlibgnutls.so.30 => /usr/lib/x86_64-linux-gnu/libgnutls.so.30 (0x000076b075d1a000)",
        "path": "/usr/lib/x86_64-linux-gnu/libgnutls.so.30.37.1"
      },
      {
        "library": "libhogweed.so.6",
        "line": "\tlibhogweed.so.6 => /usr/lib/x86_64-linux-gnu/libhogweed.so.6 (0x000076b075cd2000)",
        "path": "/usr/lib/x86_64-linux-gnu/libhogweed.so.6.8"
      },
      {
        "library": "libnettle.so.8",
        "line": "\tlibnettle.so.8 => /usr/lib/x86_64-linux-gnu/libnettle.so.8 (0x000076b075c7d000)",
        "path": "/usr/lib/x86_64-linux-gnu/libnettle.so.8.8"
      },
      {
        "library": "libgmp.so.10",
        "line": "\tlibgmp.so.10 => /usr/lib/x86_64-linux-gnu/libgmp.so.10 (0x000076b075bf9000)",
        "path": "/usr/lib/x86_64-linux-gnu/libgmp.so.10.5.0"
      },
      {
        "library": "libkrb5.so.3",
        "line": "\tlibkrb5.so.3 => /usr/lib/x86_64-linux-gnu/libkrb5.so.3 (0x000076b075b2e000)",
        "path": "/usr/lib/x86_64-linux-gnu/libkrb5.so.3.3"
      },
      {
        "library": "libk5crypto.so.3",
        "line": "\tlibk5crypto.so.3 => /usr/lib/x86_64-linux-gnu/libk5crypto.so.3 (0x000076b075b02000)",
        "path": "/usr/lib/x86_64-linux-gnu/libk5crypto.so.3.1"
      },
      {
        "library": "libcom_err.so.2",
        "line": "\tlibcom_err.so.2 => /usr/lib/x86_64-linux-gnu/libcom_err.so.2 (0x000076b075afc000)",
        "path": "/usr/lib/x86_64-linux-gnu/libcom_err.so.2.1"
      },
      {
        "library": "libkrb5support.so.0",
        "line": "\tlibkrb5support.so.0 => /usr/lib/x86_64-linux-gnu/libkrb5support.so.0 (0x000076b075aef000)",
        "path": "/usr/lib/x86_64-linux-gnu/libkrb5support.so.0.1"
      },
      {
        "library": "libsasl2.so.2",
        "line": "\tlibsasl2.so.2 => /usr/lib/x86_64-linux-gnu/libsasl2.so.2 (0x000076b075ad5000)",
        "path": "/usr/lib/x86_64-linux-gnu/libsasl2.so.2.0.25"
      },
      {
        "library": "libbrotlicommon.so.1",
        "line": "\tlibbrotlicommon.so.1 => /usr/lib/x86_64-linux-gnu/libbrotlicommon.so.1 (0x000076b075ab0000)",
        "path": "/usr/lib/x86_64-linux-gnu/libbrotlicommon.so.1.1.0"
      },
      {
        "library": "libicudata.so.74",
        "line": "\tlibicudata.so.74 => /usr/lib/x86_64-linux-gnu/libicudata.so.74 (0x000076b073d50000)",
        "path": "/usr/lib/x86_64-linux-gnu/libicudata.so.74.2"
      },
      {
        "library": "libnssutil3.so",
        "line": "\tlibnssutil3.so => /usr/lib/x86_64-linux-gnu/libnssutil3.so (0x000076b073d1e000)",
        "path": "/usr/lib/x86_64-linux-gnu/libnssutil3.so"
      },
      {
        "library": "libplds4.so",
        "line": "\tlibplds4.so => /usr/lib/x86_64-linux-gnu/libplds4.so (0x000076b073d19000)",
        "path": "/usr/lib/x86_64-linux-gnu/libplds4.so"
      },
      {
        "library": "libmd.so.0",
        "line": "\tlibmd.so.0 => /usr/lib/x86_64-linux-gnu/libmd.so.0 (0x000076b073d08000)",
        "path": "/usr/lib/x86_64-linux-gnu/libmd.so.0.1.0"
      },
      {
        "library": "libp11-kit.so.0",
        "line": "\tlibp11-kit.so.0 => /usr/lib/x86_64-linux-gnu/libp11-kit.so.0 (0x000076b073b64000)",
        "path": "/usr/lib/x86_64-linux-gnu/libp11-kit.so.0.3.1"
      },
      {
        "library": "libtasn1.so.6",
        "line": "\tlibtasn1.so.6 => /usr/lib/x86_64-linux-gnu/libtasn1.so.6 (0x000076b073b4e000)",
        "path": "/usr/lib/x86_64-linux-gnu/libtasn1.so.6.6.3"
      },
      {
        "library": "libkeyutils.so.1",
        "line": "\tlibkeyutils.so.1 => /usr/lib/x86_64-linux-gnu/libkeyutils.so.1 (0x000076b073b47000)",
        "path": "/usr/lib/x86_64-linux-gnu/libkeyutils.so.1.10"
      },
      {
        "library": "libffi.so.8",
        "line": "\tlibffi.so.8 => /usr/lib/x86_64-linux-gnu/libffi.so.8 (0x000076b073b3b000)",
        "path": "/usr/lib/x86_64-linux-gnu/libffi.so.8.1.4"
      },
      {
        "library": "libvisualization_msgs__rosidl_typesupport_cpp.so",
        "line": "\tlibvisualization_msgs__rosidl_typesupport_cpp.so => /opt/ros/jazzy/lib/libvisualization_msgs__rosidl_typesupport_cpp.so (0x00007cd193aec000)",
        "path": "/opt/ros/jazzy/lib/libvisualization_msgs__rosidl_typesupport_cpp.so"
      },
      {
        "library": "libtraj_utils__rosidl_typesupport_cpp.so",
        "line": "\tlibtraj_utils__rosidl_typesupport_cpp.so => /home/dev/ws_iap/install/traj_utils/lib/libtraj_utils__rosidl_typesupport_cpp.so (0x00007cd193ae6000)",
        "path": "/home/dev/ws_iap/install/traj_utils/lib/libtraj_utils__rosidl_typesupport_cpp.so"
      },
      {
        "library": "libplan_env.so",
        "line": "\tlibplan_env.so => /home/dev/ws_iap/src/iap/results/icra27/icra026/install_plan_env/lib/libplan_env.so (0x00007cd193200000)",
        "path": "/home/dev/ws_iap/src/iap/results/icra27/icra026/install_plan_env/lib/libplan_env.so"
      },
      {
        "library": "libpath_searching.so",
        "line": "\tlibpath_searching.so => /home/dev/ws_iap/src/iap/results/icra27/icra026/install_path_searching/lib/libpath_searching.so (0x00007cd193aba000)",
        "path": "/home/dev/ws_iap/src/iap/results/icra27/icra026/install_path_searching/lib/libpath_searching.so"
      },
      {
        "library": "libgnss_comm__rosidl_typesupport_cpp.so",
        "line": "\tlibgnss_comm__rosidl_typesupport_cpp.so => /home/dev/ws_iap/install/gnss_comm/lib/libgnss_comm__rosidl_typesupport_cpp.so (0x00007cd193aae000)",
        "path": "/home/dev/ws_iap/install/gnss_comm/lib/libgnss_comm__rosidl_typesupport_cpp.so"
      },
      {
        "library": "libgnss_comm_lib.so",
        "line": "\tlibgnss_comm_lib.so => /home/dev/ws_iap/install/gnss_comm/lib/libgnss_comm_lib.so (0x00007cd192e00000)",
        "path": "/home/dev/ws_iap/install/gnss_comm/lib/libgnss_comm_lib.so"
      },
      {
        "library": "librclcpp.so",
        "line": "\tlibrclcpp.so => /opt/ros/jazzy/lib/librclcpp.so (0x00007cd192ba2000)",
        "path": "/opt/ros/jazzy/lib/librclcpp.so"
      },
      {
        "library": "librmw.so",
        "line": "\tlibrmw.so => /opt/ros/jazzy/lib/librmw.so (0x00007cd1935f5000)",
        "path": "/opt/ros/jazzy/lib/librmw.so"
      },
      {
        "library": "librcutils.so",
        "line": "\tlibrcutils.so => /opt/ros/jazzy/lib/librcutils.so (0x00007cd1935d5000)",
        "path": "/opt/ros/jazzy/lib/librcutils.so"
      },
      {
        "library": "liblibstatistics_collector.so",
        "line": "\tliblibstatistics_collector.so => /opt/ros/jazzy/lib/liblibstatistics_collector.so (0x00007cd193aa4000)",
        "path": "/opt/ros/jazzy/lib/liblibstatistics_collector.so"
      },
      {
        "library": "librcl.so",
        "line": "\tlibrcl.so => /opt/ros/jazzy/lib/librcl.so (0x00007cd19358e000)",
        "path": "/opt/ros/jazzy/lib/librcl.so"
      },
      {
        "library": "libstatistics_msgs__rosidl_typesupport_cpp.so",
        "line": "\tlibstatistics_msgs__rosidl_typesupport_cpp.so => /opt/ros/jazzy/lib/libstatistics_msgs__rosidl_typesupport_cpp.so (0x00007cd193588000)",
        "path": "/opt/ros/jazzy/lib/libstatistics_msgs__rosidl_typesupport_cpp.so"
      },
      {
        "library": "libtracetools.so",
        "line": "\tlibtracetools.so => /opt/ros/jazzy/lib/libtracetools.so (0x00007cd19356c000)",
        "path": "/opt/ros/jazzy/lib/libtracetools.so"
      },
      {
        "library": "libsensor_msgs__rosidl_typesupport_cpp.so",
        "line": "\tlibsensor_msgs__rosidl_typesupport_cpp.so => /opt/ros/jazzy/lib/libsensor_msgs__rosidl_typesupport_cpp.so (0x00007cd19355d000)",
        "path": "/opt/ros/jazzy/lib/libsensor_msgs__rosidl_typesupport_cpp.so"
      },
      {
        "library": "libstd_msgs__rosidl_typesupport_cpp.so",
        "line": "\tlibstd_msgs__rosidl_typesupport_cpp.so => /opt/ros/jazzy/lib/libstd_msgs__rosidl_typesupport_cpp.so (0x00007cd193551000)",
        "path": "/opt/ros/jazzy/lib/libstd_msgs__rosidl_typesupport_cpp.so"
      },
      {
        "library": "libtraj_utils_lib.so",
        "line": "\tlibtraj_utils_lib.so => /home/dev/ws_iap/install/traj_utils/lib/libtraj_utils_lib.so (0x00007cd19350c000)",
        "path": "/home/dev/ws_iap/build/traj_utils/libtraj_utils_lib.so"
      },
      {
        "library": "libiap.so",
        "line": "\tlibiap.so => /home/dev/ws_iap/src/iap/results/icra27/icra031/install/lib/libiap.so (0x00007cd192200000)",
        "path": "/home/dev/ws_iap/src/iap/results/icra27/icra031/install/lib/libiap.so"
      },
      {
        "library": "libiap__rosidl_typesupport_cpp.so",
        "line": "\tlibiap__rosidl_typesupport_cpp.so => /home/dev/ws_iap/src/iap/results/icra27/icra031/install/lib/libiap__rosidl_typesupport_cpp.so (0x00007cd193506000)",
        "path": "/home/dev/ws_iap/src/iap/results/icra27/icra031/install/lib/libiap__rosidl_typesupport_cpp.so"
      },
      {
        "library": "libnav_msgs__rosidl_typesupport_cpp.so",
        "line": "\tlibnav_msgs__rosidl_typesupport_cpp.so => /opt/ros/jazzy/lib/libnav_msgs__rosidl_typesupport_cpp.so (0x00007cd1934f7000)",
        "path": "/opt/ros/jazzy/lib/libnav_msgs__rosidl_typesupport_cpp.so"
      },
      {
        "library": "libopencv_core.so.406",
        "line": "\tlibopencv_core.so.406 => /usr/lib/x86_64-linux-gnu/libopencv_core.so.406 (0x00007cd191e8c000)",
        "path": "/usr/lib/x86_64-linux-gnu/libopencv_core.so.4.6.0"
      },
      {
        "library": "libcephes-gtsam.so.1",
        "line": "\tlibcephes-gtsam.so.1 => /usr/lib/x86_64-linux-gnu/libcephes-gtsam.so.1 (0x00007cd1934a7000)",
        "path": "/usr/lib/x86_64-linux-gnu/libcephes-gtsam.so.1.0.0"
      },
      {
        "library": "libGL.so.1",
        "line": "\tlibGL.so.1 => /usr/lib/x86_64-linux-gnu/libGL.so.1 (0x00007cd193179000)",
        "path": "/usr/lib/x86_64-linux-gnu/libGL.so.1.7.0"
      },
      {
        "library": "libstdc++.so.6",
        "line": "\tlibstdc++.so.6 => /usr/lib/x86_64-linux-gnu/libstdc++.so.6 (0x00007cd191c0e000)",
        "path": "/usr/lib/x86_64-linux-gnu/libstdc++.so.6.0.33"
      },
      {
        "library": "libm.so.6",
        "line": "\tlibm.so.6 => /usr/lib/x86_64-linux-gnu/libm.so.6 (0x00007cd192ab9000)",
        "path": "/usr/lib/x86_64-linux-gnu/libm.so.6"
      },
      {
        "library": "libgcc_s.so.1",
        "line": "\tlibgcc_s.so.1 => /usr/lib/x86_64-linux-gnu/libgcc_s.so.1 (0x00007cd19314b000)",
        "path": "/usr/lib/x86_64-linux-gnu/libgcc_s.so.1"
      },
      {
        "library": "libc.so.6",
        "line": "\tlibc.so.6 => /usr/lib/x86_64-linux-gnu/libc.so.6 (0x00007cd1919fc000)",
        "path": "/usr/lib/x86_64-linux-gnu/libc.so.6"
      },
      {
        "library": "libvisualization_msgs__rosidl_generator_c.so",
        "line": "\tlibvisualization_msgs__rosidl_generator_c.so => /opt/ros/jazzy/lib/libvisualization_msgs__rosidl_generator_c.so (0x00007cd192a85000)",
        "path": "/opt/ros/jazzy/lib/libvisualization_msgs__rosidl_generator_c.so"
      },
      {
        "library": "librosidl_typesupport_cpp.so",
        "line": "\tlibrosidl_typesupport_cpp.so => /opt/ros/jazzy/lib/librosidl_typesupport_cpp.so (0x00007cd19349f000)",
        "path": "/opt/ros/jazzy/lib/librosidl_typesupport_cpp.so"
      },
      {
        "library": "libtraj_utils__rosidl_generator_c.so",
        "line": "\tlibtraj_utils__rosidl_generator_c.so => /home/dev/ws_iap/install/traj_utils/lib/libtraj_utils__rosidl_generator_c.so (0x00007cd193496000)",
        "path": "/home/dev/ws_iap/install/traj_utils/lib/libtraj_utils__rosidl_generator_c.so"
      },
      {
        "library": "libcv_bridge.so",
        "line": "\tlibcv_bridge.so => /opt/ros/jazzy/lib/libcv_bridge.so (0x00007cd192a54000)",
        "path": "/opt/ros/jazzy/lib/libcv_bridge.so"
      },
      {
        "library": "libmessage_filters.so",
        "line": "\tlibmessage_filters.so => /opt/ros/jazzy/lib/libmessage_filters.so (0x00007cd19348f000)",
        "path": "/opt/ros/jazzy/lib/libmessage_filters.so"
      },
      {
        "library": "libpcl_common.so.1.14",
        "line": "\tlibpcl_common.so.1.14 => /usr/lib/x86_64-linux-gnu/libpcl_common.so.1.14 (0x00007cd191962000)",
        "path": "/usr/lib/x86_64-linux-gnu/libpcl_common.so.1.14.0"
      },
      {
        "library": "libgeometry_msgs__rosidl_typesupport_cpp.so",
        "line": "\tlibgeometry_msgs__rosidl_typesupport_cpp.so => /opt/ros/jazzy/lib/libgeometry_msgs__rosidl_typesupport_cpp.so (0x00007cd193481000)",
        "path": "/opt/ros/jazzy/lib/libgeometry_msgs__rosidl_typesupport_cpp.so"
      },
      {
        "library": "libgnss_comm__rosidl_generator_c.so",
        "line": "\tlibgnss_comm__rosidl_generator_c.so => /home/dev/ws_iap/install/gnss_comm/lib/libgnss_comm__rosidl_generator_c.so (0x00007cd192a1b000)",
        "path": "/home/dev/ws_iap/install/gnss_comm/lib/libgnss_comm__rosidl_generator_c.so"
      },
      {
        "library": "libglog.so.1",
        "line": "\tlibglog.so.1 => /usr/lib/x86_64-linux-gnu/libglog.so.1 (0x00007cd19192c000)",
        "path": "/usr/lib/x86_64-linux-gnu/libglog.so.0.6.0"
      },
      {
        "library": "librcl_interfaces__rosidl_typesupport_cpp.so",
        "line": "\tlibrcl_interfaces__rosidl_typesupport_cpp.so => /opt/ros/jazzy/lib/librcl_interfaces__rosidl_typesupport_cpp.so (0x00007cd19312e000)",
        "path": "/opt/ros/jazzy/lib/librcl_interfaces__rosidl_typesupport_cpp.so"
      },
      {
        "library": "librcl_yaml_param_parser.so",
        "line": "\tlibrcl_yaml_param_parser.so => /opt/ros/jazzy/lib/librcl_yaml_param_parser.so (0x00007cd191920000)",
        "path": "/opt/ros/jazzy/lib/librcl_yaml_param_parser.so"
      },
      {
        "library": "librosgraph_msgs__rosidl_typesupport_cpp.so",
        "line": "\tlibrosgraph_msgs__rosidl_typesupport_cpp.so => /opt/ros/jazzy/lib/librosgraph_msgs__rosidl_typesupport_cpp.so (0x00007cd193129000)",
        "path": "/opt/ros/jazzy/lib/librosgraph_msgs__rosidl_typesupport_cpp.so"
      },
      {
        "library": "librcl_logging_interface.so",
        "line": "\tlibrcl_logging_interface.so => /opt/ros/jazzy/lib/librcl_logging_interface.so (0x00007cd19191b000)",
        "path": "/opt/ros/jazzy/lib/librcl_logging_interface.so"
      },
      {
        "library": "librmw_implementation.so",
        "line": "\tlibrmw_implementation.so => /opt/ros/jazzy/lib/librmw_implementation.so (0x00007cd19190e000)",
        "path": "/opt/ros/jazzy/lib/librmw_implementation.so"
      },
      {
        "library": "libament_index_cpp.so",
        "line": "\tlibament_index_cpp.so => /opt/ros/jazzy/lib/libament_index_cpp.so (0x00007cd191902000)",
        "path": "/opt/ros/jazzy/lib/libament_index_cpp.so"
      },
      {
        "library": "libtype_description_interfaces__rosidl_typesupport_c.so",
        "line": "\tlibtype_description_interfaces__rosidl_typesupport_c.so => /opt/ros/jazzy/lib/libtype_description_interfaces__rosidl_typesupport_c.so (0x00007cd1918fb000)",
        "path": "/opt/ros/jazzy/lib/libtype_description_interfaces__rosidl_typesupport_c.so"
      },
      {
        "library": "librosidl_dynamic_typesupport.so",
        "line": "\tlibrosidl_dynamic_typesupport.so => /opt/ros/jazzy/lib/librosidl_dynamic_typesupport.so (0x00007cd1918e2000)",
        "path": "/opt/ros/jazzy/lib/librosidl_dynamic_typesupport.so"
      },
      {
        "library": "librosidl_typesupport_introspection_cpp.so",
        "line": "\tlibrosidl_typesupport_introspection_cpp.so => /opt/ros/jazzy/lib/librosidl_typesupport_introspection_cpp.so (0x00007cd1918dd000)",
        "path": "/opt/ros/jazzy/lib/librosidl_typesupport_introspection_cpp.so"
      },
      {
        "library": "librcpputils.so",
        "line": "\tlibrcpputils.so => /opt/ros/jazzy/lib/librcpputils.so (0x00007cd1918cc000)",
        "path": "/opt/ros/jazzy/lib/librcpputils.so"
      },
      {
        "library": "librosidl_runtime_c.so",
        "line": "\tlibrosidl_runtime_c.so => /opt/ros/jazzy/lib/librosidl_runtime_c.so (0x00007cd1918ad000)",
        "path": "/opt/ros/jazzy/lib/librosidl_runtime_c.so"
      },
      {
        "library": "librcl_logging_spdlog.so",
        "line": "\tlibrcl_logging_spdlog.so => /opt/ros/jazzy/lib/librcl_logging_spdlog.so (0x00007cd1918a3000)",
        "path": "/opt/ros/jazzy/lib/librcl_logging_spdlog.so"
      },
      {
        "library": "librcl_interfaces__rosidl_typesupport_c.so",
        "line": "\tlibrcl_interfaces__rosidl_typesupport_c.so => /opt/ros/jazzy/lib/librcl_interfaces__rosidl_typesupport_c.so (0x00007cd191893000)",
        "path": "/opt/ros/jazzy/lib/librcl_interfaces__rosidl_typesupport_c.so"
      },
      {
        "library": "libtype_description_interfaces__rosidl_generator_c.so",
        "line": "\tlibtype_description_interfaces__rosidl_generator_c.so => /opt/ros/jazzy/lib/libtype_description_interfaces__rosidl_generator_c.so (0x00007cd19187b000)",
        "path": "/opt/ros/jazzy/lib/libtype_description_interfaces__rosidl_generator_c.so"
      },
      {
        "library": "libyaml-0.so.2",
        "line": "\tlibyaml-0.so.2 => /usr/lib/x86_64-linux-gnu/libyaml-0.so.2 (0x00007cd191858000)",
        "path": "/usr/lib/x86_64-linux-gnu/libyaml-0.so.2.0.9"
      },
      {
        "library": "libstatistics_msgs__rosidl_generator_c.so",
        "line": "\tlibstatistics_msgs__rosidl_generator_c.so => /opt/ros/jazzy/lib/libstatistics_msgs__rosidl_generator_c.so (0x00007cd19184f000)",
        "path": "/opt/ros/jazzy/lib/libstatistics_msgs__rosidl_generator_c.so"
      },
      {
        "library": "liblttng-ust.so.1",
        "line": "\tliblttng-ust.so.1 => /usr/lib/x86_64-linux-gnu/liblttng-ust.so.1 (0x00007cd1917cc000)",
        "path": "/usr/lib/x86_64-linux-gnu/liblttng-ust.so.1.0.0"
      },
      {
        "library": "libsensor_msgs__rosidl_generator_c.so",
        "line": "\tlibsensor_msgs__rosidl_generator_c.so => /opt/ros/jazzy/lib/libsensor_msgs__rosidl_generator_c.so (0x00007cd191788000)",
        "path": "/opt/ros/jazzy/lib/libsensor_msgs__rosidl_generator_c.so"
      },
      {
        "library": "libstd_msgs__rosidl_generator_c.so",
        "line": "\tlibstd_msgs__rosidl_generator_c.so => /opt/ros/jazzy/lib/libstd_msgs__rosidl_generator_c.so (0x00007cd191757000)",
        "path": "/opt/ros/jazzy/lib/libstd_msgs__rosidl_generator_c.so"
      },
      {
        "library": "libgtsam_points.so.1",
        "line": "\tlibgtsam_points.so.1 => /usr/local/lib/libgtsam_points.so.1 (0x00007cd191462000)",
        "path": "/usr/local/lib/libgtsam_points.so.1.2.1"
      },
      {
        "library": "libspdlog.so.1.12",
        "line": "\tlibspdlog.so.1.12 => /usr/lib/x86_64-linux-gnu/libspdlog.so.1.12 (0x00007cd1913db000)",
        "path": "/usr/lib/x86_64-linux-gnu/libspdlog.so.1.12.0"
      },
      {
        "library": "libgtsam_points_cuda.so.1",
        "line": "\tlibgtsam_points_cuda.so.1 => /usr/local/lib/libgtsam_points_cuda.so.1 (0x00007cd1910c4000)",
        "path": "/usr/local/lib/libgtsam_points_cuda.so.1.2.1"
      },
      {
        "library": "libgomp.so.1",
        "line": "\tlibgomp.so.1 => /usr/lib/x86_64-linux-gnu/libgomp.so.1 (0x00007cd19106e000)",
        "path": "/usr/lib/x86_64-linux-gnu/libgomp.so.1.0.0"
      },
      {
        "library": "libgtsam.so.4",
        "line": "\tlibgtsam.so.4 => /usr/lib/x86_64-linux-gnu/libgtsam.so.4 (0x00007cd190b71000)",
        "path": "/usr/lib/x86_64-linux-gnu/libgtsam.so.4.3a0"
      },
      {
        "library": "libboost_serialization.so.1.83.0",
        "line": "\tlibboost_serialization.so.1.83.0 => /usr/lib/x86_64-linux-gnu/libboost_serialization.so.1.83.0 (0x00007cd190b2e000)",
        "path": "/usr/lib/x86_64-linux-gnu/libboost_serialization.so.1.83.0"
      },
      {
        "library": "libboost_filesystem.so.1.83.0",
        "line": "\tlibboost_filesystem.so.1.83.0 => /usr/lib/x86_64-linux-gnu/libboost_filesystem.so.1.83.0 (0x00007cd190b09000)",
        "path": "/usr/lib/x86_64-linux-gnu/libboost_filesystem.so.1.83.0"
      },
      {
        "library": "libfmt.so.9",
        "line": "\tlibfmt.so.9 => /usr/lib/x86_64-linux-gnu/libfmt.so.9 (0x00007cd190ae8000)",
        "path": "/usr/lib/x86_64-linux-gnu/libfmt.so.9.1.0"
      },
      {
        "library": "libiap__rosidl_generator_c.so",
        "line": "\tlibiap__rosidl_generator_c.so => /home/dev/ws_iap/src/iap/results/icra27/icra031/install/lib/libiap__rosidl_generator_c.so (0x00007cd190ada000)",
        "path": "/home/dev/ws_iap/src/iap/results/icra27/icra031/install/lib/libiap__rosidl_generator_c.so"
      },
      {
        "library": "libnav_msgs__rosidl_generator_c.so",
        "line": "\tlibnav_msgs__rosidl_generator_c.so => /opt/ros/jazzy/lib/libnav_msgs__rosidl_generator_c.so (0x00007cd190aa7000)",
        "path": "/opt/ros/jazzy/lib/libnav_msgs__rosidl_generator_c.so"
      },
      {
        "library": "libz.so.1",
        "line": "\tlibz.so.1 => /usr/lib/x86_64-linux-gnu/libz.so.1 (0x00007cd190a8b000)",
        "path": "/usr/lib/x86_64-linux-gnu/libz.so.1.3"
      },
      {
        "library": "libGLX.so.0",
        "line": "\tlibGLX.so.0 => /usr/lib/x86_64-linux-gnu/libGLX.so.0 (0x00007cd190a56000)",
        "path": "/usr/lib/x86_64-linux-gnu/libGLX.so.0.0.0"
      },
      {
        "library": "liblapack.so.3",
        "line": "\tliblapack.so.3 => /usr/lib/x86_64-linux-gnu/liblapack.so.3 (0x00007cd190366000)",
        "path": "/usr/lib/x86_64-linux-gnu/lapack/liblapack.so.3.12.0"
      },
      {
        "library": "libblas.so.3",
        "line": "\tlibblas.so.3 => /usr/lib/x86_64-linux-gnu/libblas.so.3 (0x00007cd1902bf000)",
        "path": "/usr/lib/x86_64-linux-gnu/blas/libblas.so.3.12.0"
      },
      {
        "library": "libtbb.so.12",
        "line": "\tlibtbb.so.12 => /usr/lib/x86_64-linux-gnu/libtbb.so.12 (0x00007cd19026b000)",
        "path": "/usr/lib/x86_64-linux-gnu/libtbb.so.12.11"
      },
      {
        "library": "libGLdispatch.so.0",
        "line": "\tlibGLdispatch.so.0 => /usr/lib/x86_64-linux-gnu/libGLdispatch.so.0 (0x00007cd1901b3000)",
        "path": "/usr/lib/x86_64-linux-gnu/libGLdispatch.so.0.0.0"
      },
      {
        "library": "libservice_msgs__rosidl_generator_c.so",
        "line": "\tlibservice_msgs__rosidl_generator_c.so => /opt/ros/jazzy/lib/libservice_msgs__rosidl_generator_c.so (0x00007cd1901ac000)",
        "path": "/opt/ros/jazzy/lib/libservice_msgs__rosidl_generator_c.so"
      },
      {
        "library": "libgeometry_msgs__rosidl_generator_c.so",
        "line": "\tlibgeometry_msgs__rosidl_generator_c.so => /opt/ros/jazzy/lib/libgeometry_msgs__rosidl_generator_c.so (0x00007cd19016e000)",
        "path": "/opt/ros/jazzy/lib/libgeometry_msgs__rosidl_generator_c.so"
      },
      {
        "library": "libbuiltin_interfaces__rosidl_generator_c.so",
        "line": "\tlibbuiltin_interfaces__rosidl_generator_c.so => /opt/ros/jazzy/lib/libbuiltin_interfaces__rosidl_generator_c.so (0x00007cd190167000)",
        "path": "/opt/ros/jazzy/lib/libbuiltin_interfaces__rosidl_generator_c.so"
      },
      {
        "library": "libopencv_imgcodecs.so.406",
        "line": "\tlibopencv_imgcodecs.so.406 => /usr/lib/x86_64-linux-gnu/libopencv_imgcodecs.so.406 (0x00007cd19010e000)",
        "path": "/usr/lib/x86_64-linux-gnu/libopencv_imgcodecs.so.4.6.0"
      },
      {
        "library": "libopencv_imgproc.so.406",
        "line": "\tlibopencv_imgproc.so.406 => /usr/lib/x86_64-linux-gnu/libopencv_imgproc.so.406 (0x00007cd18fbb4000)",
        "path": "/usr/lib/x86_64-linux-gnu/libopencv_imgproc.so.4.6.0"
      },
      {
        "library": "libgflags.so.2.2",
        "line": "\tlibgflags.so.2.2 => /usr/lib/x86_64-linux-gnu/libgflags.so.2.2 (0x00007cd18fb91000)",
        "path": "/usr/lib/x86_64-linux-gnu/libgflags.so.2.2.2"
      },
      {
        "library": "libunwind.so.8",
        "line": "\tlibunwind.so.8 => /usr/lib/x86_64-linux-gnu/libunwind.so.8 (0x00007cd18fb76000)",
        "path": "/usr/lib/x86_64-linux-gnu/libunwind.so.8.0.1"
      },
      {
        "library": "librcl_interfaces__rosidl_generator_c.so",
        "line": "\tlibrcl_interfaces__rosidl_generator_c.so => /opt/ros/jazzy/lib/librcl_interfaces__rosidl_generator_c.so (0x00007cd18fb28000)",
        "path": "/opt/ros/jazzy/lib/librcl_interfaces__rosidl_generator_c.so"
      },
      {
        "library": "librosgraph_msgs__rosidl_generator_c.so",
        "line": "\tlibrosgraph_msgs__rosidl_generator_c.so => /opt/ros/jazzy/lib/librosgraph_msgs__rosidl_generator_c.so (0x00007cd18fb23000)",
        "path": "/opt/ros/jazzy/lib/librosgraph_msgs__rosidl_generator_c.so"
      },
      {
        "library": "librosidl_typesupport_c.so",
        "line": "\tlibrosidl_typesupport_c.so => /opt/ros/jazzy/lib/librosidl_typesupport_c.so (0x00007cd18fb1d000)",
        "path": "/opt/ros/jazzy/lib/librosidl_typesupport_c.so"
      },
      {
        "library": "libnuma.so.1",
        "line": "\tlibnuma.so.1 => /usr/lib/x86_64-linux-gnu/libnuma.so.1 (0x00007cd18fb0d000)",
        "path": "/usr/lib/x86_64-linux-gnu/libnuma.so.1.0.0"
      },
      {
        "library": "liblttng-ust-common.so.1",
        "line": "\tliblttng-ust-common.so.1 => /usr/lib/x86_64-linux-gnu/liblttng-ust-common.so.1 (0x00007cd18fb00000)",
        "path": "/usr/lib/x86_64-linux-gnu/liblttng-ust-common.so.1.0.0"
      },
      {
        "library": "liblttng-ust-tracepoint.so.1",
        "line": "\tliblttng-ust-tracepoint.so.1 => /usr/lib/x86_64-linux-gnu/liblttng-ust-tracepoint.so.1 (0x00007cd18fae3000)",
        "path": "/usr/lib/x86_64-linux-gnu/liblttng-ust-tracepoint.so.1.0.0"
      },
      {
        "library": "libboost_timer.so.1.83.0",
        "line": "\tlibboost_timer.so.1.83.0 => /usr/lib/x86_64-linux-gnu/libboost_timer.so.1.83.0 (0x00007cd18fadc000)",
        "path": "/usr/lib/x86_64-linux-gnu/libboost_timer.so.1.83.0"
      },
      {
        "library": "libcudart.so.12",
        "line": "\tlibcudart.so.12 => /usr/local/cuda/targets/x86_64-linux/lib/libcudart.so.12 (0x00007cd18f800000)",
        "path": "/usr/local/cuda-12.5/targets/x86_64-linux/lib/libcudart.so.12.5.82"
      },
      {
        "library": "libmetis.so.5",
        "line": "\tlibmetis.so.5 => /usr/lib/x86_64-linux-gnu/libmetis.so.5 (0x00007cd18f796000)",
        "path": "/usr/lib/x86_64-linux-gnu/libmetis.so.5.1.0"
      },
      {
        "library": "libX11.so.6",
        "line": "\tlibX11.so.6 => /usr/lib/x86_64-linux-gnu/libX11.so.6 (0x00007cd18f659000)",
        "path": "/usr/lib/x86_64-linux-gnu/libX11.so.6.4.0"
      },
      {
        "library": "libgfortran.so.5",
        "line": "\tlibgfortran.so.5 => /usr/lib/x86_64-linux-gnu/libgfortran.so.5 (0x00007cd18f33b000)",
        "path": "/usr/lib/x86_64-linux-gnu/libgfortran.so.5.0.0"
      },
      {
        "library": "libjpeg.so.8",
        "line": "\tlibjpeg.so.8 => /usr/lib/x86_64-linux-gnu/libjpeg.so.8 (0x00007cd18f2b8000)",
        "path": "/usr/lib/x86_64-linux-gnu/libjpeg.so.8.2.2"
      },
      {
        "library": "libwebp.so.7",
        "line": "\tlibwebp.so.7 => /usr/lib/x86_64-linux-gnu/libwebp.so.7 (0x00007cd18f23d000)",
        "path": "/usr/lib/x86_64-linux-gnu/libwebp.so.7.1.8"
      },
      {
        "library": "libpng16.so.16",
        "line": "\tlibpng16.so.16 => /usr/lib/x86_64-linux-gnu/libpng16.so.16 (0x00007cd18f205000)",
        "path": "/usr/lib/x86_64-linux-gnu/libpng16.so.16.43.0"
      },
      {
        "library": "libgdcmMSFF.so.3.0",
        "line": "\tlibgdcmMSFF.so.3.0 => /usr/lib/x86_64-linux-gnu/libgdcmMSFF.so.3.0 (0x00007cd18efd9000)",
        "path": "/usr/lib/x86_64-linux-gnu/libgdcmMSFF.so.3.0.22"
      },
      {
        "library": "libtiff.so.6",
        "line": "\tlibtiff.so.6 => /usr/lib/x86_64-linux-gnu/libtiff.so.6 (0x00007cd18ef4c000)",
        "path": "/usr/lib/x86_64-linux-gnu/libtiff.so.6.0.1"
      },
      {
        "library": "libopenjp2.so.7",
        "line": "\tlibopenjp2.so.7 => /usr/lib/x86_64-linux-gnu/libopenjp2.so.7 (0x00007cd18eeeb000)",
        "path": "/usr/lib/x86_64-linux-gnu/libopenjp2.so.2.5.0"
      },
      {
        "library": "libOpenEXR-3_1.so.30",
        "line": "\tlibOpenEXR-3_1.so.30 => /usr/lib/x86_64-linux-gnu/libOpenEXR-3_1.so.30 (0x00007cd18ebe6000)",
        "path": "/usr/lib/x86_64-linux-gnu/libOpenEXR-3_1.so.30.5.1"
      },
      {
        "library": "libgdal.so.34",
        "line": "\tlibgdal.so.34 => /usr/lib/x86_64-linux-gnu/libgdal.so.34 (0x00007cd18d40f000)",
        "path": "/usr/lib/x86_64-linux-gnu/libgdal.so.34.3.8.4"
      },
      {
        "library": "libgdcmDSED.so.3.0",
        "line": "\tlibgdcmDSED.so.3.0 => /usr/lib/x86_64-linux-gnu/libgdcmDSED.so.3.0 (0x00007cd18d317000)",
        "path": "/usr/lib/x86_64-linux-gnu/libgdcmDSED.so.3.0.22"
      },
      {
        "library": "liblzma.so.5",
        "line": "\tliblzma.so.5 => /usr/lib/x86_64-linux-gnu/liblzma.so.5 (0x00007cd18d2e5000)",
        "path": "/usr/lib/x86_64-linux-gnu/liblzma.so.5.4.5"
      },
      {
        "library": "libdl.so.2",
        "line": "\tlibdl.so.2 => /usr/lib/x86_64-linux-gnu/libdl.so.2 (0x00007cd18fad1000)",
        "path": "/usr/lib/x86_64-linux-gnu/libdl.so.2"
      },
      {
        "library": "libpthread.so.0",
        "line": "\tlibpthread.so.0 => /usr/lib/x86_64-linux-gnu/libpthread.so.0 (0x00007cd18facc000)",
        "path": "/usr/lib/x86_64-linux-gnu/libpthread.so.0"
      },
      {
        "library": "librt.so.1",
        "line": "\tlibrt.so.1 => /usr/lib/x86_64-linux-gnu/librt.so.1 (0x00007cd18fac7000)",
        "path": "/usr/lib/x86_64-linux-gnu/librt.so.1"
      },
      {
        "library": "libxcb.so.1",
        "line": "\tlibxcb.so.1 => /usr/lib/x86_64-linux-gnu/libxcb.so.1 (0x00007cd18d2bc000)",
        "path": "/usr/lib/x86_64-linux-gnu/libxcb.so.1.1.0"
      },
      {
        "library": "libsharpyuv.so.0",
        "line": "\tlibsharpyuv.so.0 => /usr/lib/x86_64-linux-gnu/libsharpyuv.so.0 (0x00007cd18fabd000)",
        "path": "/usr/lib/x86_64-linux-gnu/libsharpyuv.so.0.0.1"
      },
      {
        "library": "libgdcmDICT.so.3.0",
        "line": "\tlibgdcmDICT.so.3.0 => /usr/lib/x86_64-linux-gnu/libgdcmDICT.so.3.0 (0x00007cd18cfe4000)",
        "path": "/usr/lib/x86_64-linux-gnu/libgdcmDICT.so.3.0.22"
      },
      {
        "library": "libgdcmjpeg8.so.3.0",
        "line": "\tlibgdcmjpeg8.so.3.0 => /usr/lib/x86_64-linux-gnu/libgdcmjpeg8.so.3.0 (0x00007cd18cfb9000)",
        "path": "/usr/lib/x86_64-linux-gnu/libgdcmjpeg8.so.3.0.22"
      },
      {
        "library": "libgdcmjpeg12.so.3.0",
        "line": "\tlibgdcmjpeg12.so.3.0 => /usr/lib/x86_64-linux-gnu/libgdcmjpeg12.so.3.0 (0x00007cd18cf8e000)",
        "path": "/usr/lib/x86_64-linux-gnu/libgdcmjpeg12.so.3.0.22"
      },
      {
        "library": "libgdcmjpeg16.so.3.0",
        "line": "\tlibgdcmjpeg16.so.3.0 => /usr/lib/x86_64-linux-gnu/libgdcmjpeg16.so.3.0 (0x00007cd18cf63000)",
        "path": "/usr/lib/x86_64-linux-gnu/libgdcmjpeg16.so.3.0.22"
      },
      {
        "library": "libcharls.so.2",
        "line": "\tlibcharls.so.2 => /usr/lib/x86_64-linux-gnu/libcharls.so.2 (0x00007cd18cf0f000)",
        "path": "/usr/lib/x86_64-linux-gnu/libcharls.so.2.4.2"
      },
      {
        "library": "libuuid.so.1",
        "line": "\tlibuuid.so.1 => /usr/lib/x86_64-linux-gnu/libuuid.so.1 (0x00007cd18fab1000)",
        "path": "/usr/lib/x86_64-linux-gnu/libuuid.so.1.3.0"
      },
      {
        "library": "libjson-c.so.5",
        "line": "\tlibjson-c.so.5 => /usr/lib/x86_64-linux-gnu/libjson-c.so.5 (0x00007cd18cefb000)",
        "path": "/usr/lib/x86_64-linux-gnu/libjson-c.so.5.3.0"
      },
      {
        "library": "libgdcmIOD.so.3.0",
        "line": "\tlibgdcmIOD.so.3.0 => /usr/lib/x86_64-linux-gnu/libgdcmIOD.so.3.0 (0x00007cd18cee5000)",
        "path": "/usr/lib/x86_64-linux-gnu/libgdcmIOD.so.3.0.22"
      },
      {
        "library": "libgdcmCommon.so.3.0",
        "line": "\tlibgdcmCommon.so.3.0 => /usr/lib/x86_64-linux-gnu/libgdcmCommon.so.3.0 (0x00007cd18cec0000)",
        "path": "/usr/lib/x86_64-linux-gnu/libgdcmCommon.so.3.0.22"
      },
      {
        "library": "libzstd.so.1",
        "line": "\tlibzstd.so.1 => /usr/lib/x86_64-linux-gnu/libzstd.so.1 (0x00007cd18ce04000)",
        "path": "/usr/lib/x86_64-linux-gnu/libzstd.so.1.5.5"
      },
      {
        "library": "libLerc.so.4",
        "line": "\tlibLerc.so.4 => /usr/lib/x86_64-linux-gnu/libLerc.so.4 (0x00007cd18cd7d000)",
        "path": "/usr/lib/x86_64-linux-gnu/libLerc.so.4"
      },
      {
        "library": "libjbig.so.0",
        "line": "\tlibjbig.so.0 => /usr/lib/x86_64-linux-gnu/libjbig.so.0 (0x00007cd18cd6d000)",
        "path": "/usr/lib/x86_64-linux-gnu/libjbig.so.0"
      },
      {
        "library": "libdeflate.so.0",
        "line": "\tlibdeflate.so.0 => /usr/lib/x86_64-linux-gnu/libdeflate.so.0 (0x00007cd18cd5a000)",
        "path": "/usr/lib/x86_64-linux-gnu/libdeflate.so.0"
      },
      {
        "library": "libImath-3_1.so.29",
        "line": "\tlibImath-3_1.so.29 => /usr/lib/x86_64-linux-gnu/libImath-3_1.so.29 (0x00007cd18cd0c000)",
        "path": "/usr/lib/x86_64-linux-gnu/libImath-3_1.so.29.8.0"
      },
      {
        "library": "libIlmThread-3_1.so.30",
        "line": "\tlibIlmThread-3_1.so.30 => /usr/lib/x86_64-linux-gnu/libIlmThread-3_1.so.30 (0x00007cd18cd00000)",
        "path": "/usr/lib/x86_64-linux-gnu/libIlmThread-3_1.so.30.5.1"
      },
      {
        "library": "libIex-3_1.so.30",
        "line": "\tlibIex-3_1.so.30 => /usr/lib/x86_64-linux-gnu/libIex-3_1.so.30 (0x00007cd18cc7d000)",
        "path": "/usr/lib/x86_64-linux-gnu/libIex-3_1.so.30.5.1"
      },
      {
        "library": "libcurl.so.4",
        "line": "\tlibcurl.so.4 => /usr/lib/x86_64-linux-gnu/libcurl.so.4 (0x00007cd18cbbc000)",
        "path": "/usr/lib/x86_64-linux-gnu/libcurl.so.4.8.0"
      },
      {
        "library": "libodbc.so.2",
        "line": "\tlibodbc.so.2 => /usr/lib/x86_64-linux-gnu/libodbc.so.2 (0x00007cd18cb4c000)",
        "path": "/usr/lib/x86_64-linux-gnu/libodbc.so.2.0.0"
      },
      {
        "library": "libodbcinst.so.2",
        "line": "\tlibodbcinst.so.2 => /usr/lib/x86_64-linux-gnu/libodbcinst.so.2 (0x00007cd18cb38000)",
        "path": "/usr/lib/x86_64-linux-gnu/libodbcinst.so.2.0.0"
      },
      {
        "library": "libxml2.so.2",
        "line": "\tlibxml2.so.2 => /usr/lib/x86_64-linux-gnu/libxml2.so.2 (0x00007cd18c954000)",
        "path": "/usr/lib/x86_64-linux-gnu/libxml2.so.2.9.14"
      },
      {
        "library": "libcrypto.so.3",
        "line": "\tlibcrypto.so.3 => /usr/lib/x86_64-linux-gnu/libcrypto.so.3 (0x00007cd18c440000)",
        "path": "/usr/lib/x86_64-linux-gnu/libcrypto.so.3"
      },
      {
        "library": "liblz4.so.1",
        "line": "\tliblz4.so.1 => /usr/lib/x86_64-linux-gnu/liblz4.so.1 (0x00007cd18c41e000)",
        "path": "/usr/lib/x86_64-linux-gnu/liblz4.so.1.9.4"
      },
      {
        "library": "libblosc.so.1",
        "line": "\tlibblosc.so.1 => /usr/lib/x86_64-linux-gnu/libblosc.so.1 (0x00007cd18c40e000)",
        "path": "/usr/lib/x86_64-linux-gnu/libblosc.so.1.21.5"
      },
      {
        "library": "libarmadillo.so.12",
        "line": "\tlibarmadillo.so.12 => /lib/libarmadillo.so.12 (0x00007cd18c3fb000)",
        "path": "/usr/lib/libarmadillo.so.12.6.7"
      },
      {
        "library": "libqhull_r.so.8.0",
        "line": "\tlibqhull_r.so.8.0 => /usr/lib/x86_64-linux-gnu/libqhull_r.so.8.0 (0x00007cd18c38b000)",
        "path": "/usr/lib/x86_64-linux-gnu/libqhull_r.so.8.0.2"
      },
      {
        "library": "libxerces-c-3.2.so",
        "line": "\tlibxerces-c-3.2.so => /usr/lib/x86_64-linux-gnu/libxerces-c-3.2.so (0x00007cd18c034000)",
        "path": "/usr/lib/x86_64-linux-gnu/libxerces-c-3.2.so"
      },
      {
        "library": "libgeotiff.so.5",
        "line": "\tlibgeotiff.so.5 => /usr/lib/x86_64-linux-gnu/libgeotiff.so.5 (0x00007cd18bffe000)",
        "path": "/usr/lib/x86_64-linux-gnu/libgeotiff.so.5.2.1"
      },
      {
        "library": "libheif.so.1",
        "line": "\tlibheif.so.1 => /usr/lib/x86_64-linux-gnu/libheif.so.1 (0x00007cd18bf3e000)",
        "path": "/usr/lib/x86_64-linux-gnu/libheif.so.1.17.6"
      },
      {
        "library": "libaec.so.0",
        "line": "\tlibaec.so.0 => /usr/lib/x86_64-linux-gnu/libaec.so.0 (0x00007cd18bf35000)",
        "path": "/usr/lib/x86_64-linux-gnu/libaec.so.0.1.2"
      },
      {
        "library": "libpoppler.so.134",
        "line": "\tlibpoppler.so.134 => /usr/lib/x86_64-linux-gnu/libpoppler.so.134 (0x00007cd18bbc1000)",
        "path": "/usr/lib/x86_64-linux-gnu/libpoppler.so.134.0.0"
      },
      {
        "library": "libgif.so.7",
        "line": "\tlibgif.so.7 => /usr/lib/x86_64-linux-gnu/libgif.so.7 (0x00007cd18bbb6000)",
        "path": "/usr/lib/x86_64-linux-gnu/libgif.so.7.2.0"
      },
      {
        "library": "libnetcdf.so.19",
        "line": "\tlibnetcdf.so.19 => /usr/lib/x86_64-linux-gnu/libnetcdf.so.19 (0x00007cd18b9c9000)",
        "path": "/usr/lib/x86_64-linux-gnu/libnetcdf.so.19"
      },
      {
        "library": "libcfitsio.so.10",
        "line": "\tlibcfitsio.so.10 => /usr/lib/x86_64-linux-gnu/libcfitsio.so.10 (0x00007cd18b6c1000)",
        "path": "/usr/lib/x86_64-linux-gnu/libcfitsio.so.10.4.3.1"
      },
      {
        "library": "libhdf5_serial.so.103",
        "line": "\tlibhdf5_serial.so.103 => /usr/lib/x86_64-linux-gnu/libhdf5_serial.so.103 (0x00007cd18b34d000)",
        "path": "/usr/lib/x86_64-linux-gnu/libhdf5_serial.so.103.4.0"
      },
      {
        "library": "libsqlite3.so.0",
        "line": "\tlibsqlite3.so.0 => /usr/lib/x86_64-linux-gnu/libsqlite3.so.0 (0x00007cd18b1e5000)",
        "path": "/usr/lib/x86_64-linux-gnu/libsqlite3.so.0.8.6"
      },
      {
        "library": "libpq.so.5",
        "line": "\tlibpq.so.5 => /usr/lib/x86_64-linux-gnu/libpq.so.5 (0x00007cd18b18e000)",
        "path": "/usr/lib/x86_64-linux-gnu/libpq.so.5.16"
      },
      {
        "library": "libkmlbase.so.1",
        "line": "\tlibkmlbase.so.1 => /usr/lib/x86_64-linux-gnu/libkmlbase.so.1 (0x00007cd18b171000)",
        "path": "/usr/lib/x86_64-linux-gnu/libkmlbase.so.1.3.0"
      },
      {
        "library": "libkmldom.so.1",
        "line": "\tlibkmldom.so.1 => /usr/lib/x86_64-linux-gnu/libkmldom.so.1 (0x00007cd18b0dd000)",
        "path": "/usr/lib/x86_64-linux-gnu/libkmldom.so.1.3.0"
      },
      {
        "library": "libkmlengine.so.1",
        "line": "\tlibkmlengine.so.1 => /usr/lib/x86_64-linux-gnu/libkmlengine.so.1 (0x00007cd18b0af000)",
        "path": "/usr/lib/x86_64-linux-gnu/libkmlengine.so.1.3.0"
      },
      {
        "library": "libfyba.so.0",
        "line": "\tlibfyba.so.0 => /usr/lib/x86_64-linux-gnu/libfyba.so.0 (0x00007cd18b059000)",
        "path": "/usr/lib/x86_64-linux-gnu/libfyba.so.0.0.0"
      },
      {
        "library": "libpcre2-8.so.0",
        "line": "\tlibpcre2-8.so.0 => /usr/lib/x86_64-linux-gnu/libpcre2-8.so.0 (0x00007cd18afbf000)",
        "path": "/usr/lib/x86_64-linux-gnu/libpcre2-8.so.0.11.2"
      },
      {
        "library": "libspatialite.so.8",
        "line": "\tlibspatialite.so.8 => /usr/lib/x86_64-linux-gnu/libspatialite.so.8 (0x00007cd18a854000)",
        "path": "/usr/lib/x86_64-linux-gnu/libspatialite.so.8.1.0"
      },
      {
        "library": "libmysqlclient.so.21",
        "line": "\tlibmysqlclient.so.21 => /usr/lib/x86_64-linux-gnu/libmysqlclient.so.21 (0x00007cd18a1d5000)",
        "path": "/usr/lib/x86_64-linux-gnu/libmysqlclient.so.21.2.45"
      },
      {
        "library": "libfreexl.so.1",
        "line": "\tlibfreexl.so.1 => /usr/lib/x86_64-linux-gnu/libfreexl.so.1 (0x00007cd18a1c2000)",
        "path": "/usr/lib/x86_64-linux-gnu/libfreexl.so.1.2.0"
      },
      {
        "library": "libogdi.so.4.1",
        "line": "\tlibogdi.so.4.1 => /usr/lib/x86_64-linux-gnu/libogdi.so.4.1 (0x00007cd18a1a7000)",
        "path": "/usr/lib/x86_64-linux-gnu/libogdi.so.4.1"
      },
      {
        "library": "libexpat.so.1",
        "line": "\tlibexpat.so.1 => /usr/lib/x86_64-linux-gnu/libexpat.so.1 (0x00007cd18a17b000)",
        "path": "/usr/lib/x86_64-linux-gnu/libexpat.so.1.9.1"
      },
      {
        "library": "libgeos_c.so.1",
        "line": "\tlibgeos_c.so.1 => /usr/lib/x86_64-linux-gnu/libgeos_c.so.1 (0x00007cd18a132000)",
        "path": "/usr/lib/x86_64-linux-gnu/libgeos_c.so.1.18.1"
      },
      {
        "library": "libproj.so.25",
        "line": "\tlibproj.so.25 => /usr/lib/x86_64-linux-gnu/libproj.so.25 (0x00007cd189d70000)",
        "path": "/usr/lib/x86_64-linux-gnu/libproj.so.25.9.4.0"
      },
      {
        "library": "libdfalt.so.0",
        "line": "\tlibdfalt.so.0 => /usr/lib/x86_64-linux-gnu/libdfalt.so.0 (0x00007cd189ccc000)",
        "path": "/usr/lib/x86_64-linux-gnu/libdfalt.so.0.0.0"
      },
      {
        "library": "libmfhdfalt.so.0",
        "line": "\tlibmfhdfalt.so.0 => /usr/lib/x86_64-linux-gnu/libmfhdfalt.so.0 (0x00007cd189ca1000)",
        "path": "/usr/lib/x86_64-linux-gnu/libmfhdfalt.so.0.0.0"
      },
      {
        "library": "libXau.so.6",
        "line": "\tlibXau.so.6 => /usr/lib/x86_64-linux-gnu/libXau.so.6 (0x00007cd189c9b000)",
        "path": "/usr/lib/x86_64-linux-gnu/libXau.so.6.0.0"
      },
      {
        "library": "libXdmcp.so.6",
        "line": "\tlibXdmcp.so.6 => /usr/lib/x86_64-linux-gnu/libXdmcp.so.6 (0x00007cd189c93000)",
        "path": "/usr/lib/x86_64-linux-gnu/libXdmcp.so.6.0.0"
      },
      {
        "library": "libnghttp2.so.14",
        "line": "\tlibnghttp2.so.14 => /usr/lib/x86_64-linux-gnu/libnghttp2.so.14 (0x00007cd189c68000)",
        "path": "/usr/lib/x86_64-linux-gnu/libnghttp2.so.14.26.0"
      },
      {
        "library": "libidn2.so.0",
        "line": "\tlibidn2.so.0 => /usr/lib/x86_64-linux-gnu/libidn2.so.0 (0x00007cd189c44000)",
        "path": "/usr/lib/x86_64-linux-gnu/libidn2.so.0.4.0"
      },
      {
        "library": "librtmp.so.1",
        "line": "\tlibrtmp.so.1 => /usr/lib/x86_64-linux-gnu/librtmp.so.1 (0x00007cd189c26000)",
        "path": "/usr/lib/x86_64-linux-gnu/librtmp.so.1"
      },
      {
        "library": "libssh.so.4",
        "line": "\tlibssh.so.4 => /usr/lib/x86_64-linux-gnu/libssh.so.4 (0x00007cd189bb4000)",
        "path": "/usr/lib/x86_64-linux-gnu/libssh.so.4.9.6"
      },
      {
        "library": "libpsl.so.5",
        "line": "\tlibpsl.so.5 => /usr/lib/x86_64-linux-gnu/libpsl.so.5 (0x00007cd189ba0000)",
        "path": "/usr/lib/x86_64-linux-gnu/libpsl.so.5.3.4"
      },
      {
        "library": "libssl.so.3",
        "line": "\tlibssl.so.3 => /usr/lib/x86_64-linux-gnu/libssl.so.3 (0x00007cd189af6000)",
        "path": "/usr/lib/x86_64-linux-gnu/libssl.so.3"
      },
      {
        "library": "libgssapi_krb5.so.2",
        "line": "\tlibgssapi_krb5.so.2 => /usr/lib/x86_64-linux-gnu/libgssapi_krb5.so.2 (0x00007cd189aa2000)",
        "path": "/usr/lib/x86_64-linux-gnu/libgssapi_krb5.so.2.2"
      },
      {
        "library": "libldap.so.2",
        "line": "\tlibldap.so.2 => /usr/lib/x86_64-linux-gnu/libldap.so.2 (0x00007cd189a43000)",
        "path": "/usr/lib/x86_64-linux-gnu/libldap.so.2.0.200"
      },
      {
        "library": "liblber.so.2",
        "line": "\tliblber.so.2 => /usr/lib/x86_64-linux-gnu/liblber.so.2 (0x00007cd189a33000)",
        "path": "/usr/lib/x86_64-linux-gnu/liblber.so.2.0.200"
      },
      {
        "library": "libbrotlidec.so.1",
        "line": "\tlibbrotlidec.so.1 => /usr/lib/x86_64-linux-gnu/libbrotlidec.so.1 (0x00007cd189a25000)",
        "path": "/usr/lib/x86_64-linux-gnu/libbrotlidec.so.1.1.0"
      },
      {
        "library": "libltdl.so.7",
        "line": "\tlibltdl.so.7 => /usr/lib/x86_64-linux-gnu/libltdl.so.7 (0x00007cd189a1a000)",
        "path": "/usr/lib/x86_64-linux-gnu/libltdl.so.7.3.2"
      },
      {
        "library": "libicuuc.so.74",
        "line": "\tlibicuuc.so.74 => /usr/lib/x86_64-linux-gnu/libicuuc.so.74 (0x00007cd18980d000)",
        "path": "/usr/lib/x86_64-linux-gnu/libicuuc.so.74.2"
      },
      {
        "library": "libsnappy.so.1",
        "line": "\tlibsnappy.so.1 => /usr/lib/x86_64-linux-gnu/libsnappy.so.1 (0x00007cd189800000)",
        "path": "/usr/lib/x86_64-linux-gnu/libsnappy.so.1.1.10"
      },
      {
        "library": "libarpack.so.2",
        "line": "\tlibarpack.so.2 => /usr/lib/x86_64-linux-gnu/libarpack.so.2 (0x00007cd1897b6000)",
        "path": "/usr/lib/x86_64-linux-gnu/libarpack.so.2.1.0"
      },
      {
        "library": "libsuperlu.so.6",
        "line": "\tlibsuperlu.so.6 => /usr/lib/x86_64-linux-gnu/libsuperlu.so.6 (0x00007cd189746000)",
        "path": "/usr/lib/x86_64-linux-gnu/libsuperlu.so.6.0.1"
      },
      {
        "library": "libcurl-gnutls.so.4",
        "line": "\tlibcurl-gnutls.so.4 => /usr/lib/x86_64-linux-gnu/libcurl-gnutls.so.4 (0x00007cd18968b000)",
        "path": "/usr/lib/x86_64-linux-gnu/libcurl-gnutls.so.4.8.0"
      },
      {
        "library": "libfreetype.so.6",
        "line": "\tlibfreetype.so.6 => /usr/lib/x86_64-linux-gnu/libfreetype.so.6 (0x00007cd1895bf000)",
        "path": "/usr/lib/x86_64-linux-gnu/libfreetype.so.6.20.1"
      },
      {
        "library": "libfontconfig.so.1",
        "line": "\tlibfontconfig.so.1 => /usr/lib/x86_64-linux-gnu/libfontconfig.so.1 (0x00007cd18956c000)",
        "path": "/usr/lib/x86_64-linux-gnu/libfontconfig.so.1.12.1"
      },
      {
        "library": "liblcms2.so.2",
        "line": "\tliblcms2.so.2 => /usr/lib/x86_64-linux-gnu/liblcms2.so.2 (0x00007cd18950a000)",
        "path": "/usr/lib/x86_64-linux-gnu/liblcms2.so.2.0.14"
      },
      {
        "library": "libnss3.so",
        "line": "\tlibnss3.so => /usr/lib/x86_64-linux-gnu/libnss3.so (0x00007cd1893db000)",
        "path": "/usr/lib/x86_64-linux-gnu/libnss3.so"
      },
      {
        "library": "libsmime3.so",
        "line": "\tlibsmime3.so => /usr/lib/x86_64-linux-gnu/libsmime3.so (0x00007cd1893b2000)",
        "path": "/usr/lib/x86_64-linux-gnu/libsmime3.so"
      },
      {
        "library": "libplc4.so",
        "line": "\tlibplc4.so => /usr/lib/x86_64-linux-gnu/libplc4.so (0x00007cd1893ab000)",
        "path": "/usr/lib/x86_64-linux-gnu/libplc4.so"
      },
      {
        "library": "libnspr4.so",
        "line": "\tlibnspr4.so => /usr/lib/x86_64-linux-gnu/libnspr4.so (0x00007cd18936c000)",
        "path": "/usr/lib/x86_64-linux-gnu/libnspr4.so"
      },
      {
        "library": "libhdf5_serial_hl.so.100",
        "line": "\tlibhdf5_serial_hl.so.100 => /usr/lib/x86_64-linux-gnu/libhdf5_serial_hl.so.100 (0x00007cd189345000)",
        "path": "/usr/lib/x86_64-linux-gnu/libhdf5_serial_hl.so.100.1.7"
      },
      {
        "library": "libbz2.so.1.0",
        "line": "\tlibbz2.so.1.0 => /usr/lib/x86_64-linux-gnu/libbz2.so.1.0 (0x00007cd189331000)",
        "path": "/usr/lib/x86_64-linux-gnu/libbz2.so.1.0.4"
      },
      {
        "library": "libsz.so.2",
        "line": "\tlibsz.so.2 => /usr/lib/x86_64-linux-gnu/libsz.so.2 (0x00007cd18932c000)",
        "path": "/usr/lib/x86_64-linux-gnu/libsz.so.2.0.1"
      },
      {
        "library": "libminizip.so.1",
        "line": "\tlibminizip.so.1 => /usr/lib/x86_64-linux-gnu/libminizip.so.1 (0x00007cd18931f000)",
        "path": "/usr/lib/x86_64-linux-gnu/libminizip.so.1.0.0"
      },
      {
        "library": "liburiparser.so.1",
        "line": "\tliburiparser.so.1 => /usr/lib/x86_64-linux-gnu/liburiparser.so.1 (0x00007cd189308000)",
        "path": "/usr/lib/x86_64-linux-gnu/liburiparser.so.1.0.30"
      },
      {
        "library": "libfyut.so.0",
        "line": "\tlibfyut.so.0 => /usr/lib/x86_64-linux-gnu/libfyut.so.0 (0x00007cd1892fb000)",
        "path": "/usr/lib/x86_64-linux-gnu/libfyut.so.0.0.0"
      },
      {
        "library": "libfygm.so.0",
        "line": "\tlibfygm.so.0 => /usr/lib/x86_64-linux-gnu/libfygm.so.0 (0x00007cd1892f2000)",
        "path": "/usr/lib/x86_64-linux-gnu/libfygm.so.0.0.0"
      },
      {
        "library": "librttopo.so.1",
        "line": "\tlibrttopo.so.1 => /usr/lib/x86_64-linux-gnu/librttopo.so.1 (0x00007cd189282000)",
        "path": "/usr/lib/x86_64-linux-gnu/librttopo.so.1.1.0"
      },
      {
        "library": "libresolv.so.2",
        "line": "\tlibresolv.so.2 => /usr/lib/x86_64-linux-gnu/libresolv.so.2 (0x00007cd18926f000)",
        "path": "/usr/lib/x86_64-linux-gnu/libresolv.so.2"
      },
      {
        "library": "libtirpc.so.3",
        "line": "\tlibtirpc.so.3 => /usr/lib/x86_64-linux-gnu/libtirpc.so.3 (0x00007cd189242000)",
        "path": "/usr/lib/x86_64-linux-gnu/libtirpc.so.3.0.0"
      },
      {
        "library": "libgeos.so.3.12.1",
        "line": "\tlibgeos.so.3.12.1 => /usr/lib/x86_64-linux-gnu/libgeos.so.3.12.1 (0x00007cd188fd8000)",
        "path": "/usr/lib/x86_64-linux-gnu/libgeos.so.3.12.1"
      },
      {
        "library": "libbsd.so.0",
        "line": "\tlibbsd.so.0 => /usr/lib/x86_64-linux-gnu/libbsd.so.0 (0x00007cd188fc2000)",
        "path": "/usr/lib/x86_64-linux-gnu/libbsd.so.0.12.1"
      },
      {
        "library": "libunistring.so.5",
        "line": "\tlibunistring.so.5 => /usr/lib/x86_64-linux-gnu/libunistring.so.5 (0x00007cd188e15000)",
        "path": "/usr/lib/x86_64-linux-gnu/libunistring.so.5.0.0"
      },
      {
        "library": "libgnutls.so.30",
        "line": "\tlibgnutls.so.30 => /usr/lib/x86_64-linux-gnu/libgnutls.so.30 (0x00007cd188c1b000)",
        "path": "/usr/lib/x86_64-linux-gnu/libgnutls.so.30.37.1"
      },
      {
        "library": "libhogweed.so.6",
        "line": "\tlibhogweed.so.6 => /usr/lib/x86_64-linux-gnu/libhogweed.so.6 (0x00007cd188bd3000)",
        "path": "/usr/lib/x86_64-linux-gnu/libhogweed.so.6.8"
      },
      {
        "library": "libnettle.so.8",
        "line": "\tlibnettle.so.8 => /usr/lib/x86_64-linux-gnu/libnettle.so.8 (0x00007cd188b7c000)",
        "path": "/usr/lib/x86_64-linux-gnu/libnettle.so.8.8"
      },
      {
        "library": "libgmp.so.10",
        "line": "\tlibgmp.so.10 => /usr/lib/x86_64-linux-gnu/libgmp.so.10 (0x00007cd188af8000)",
        "path": "/usr/lib/x86_64-linux-gnu/libgmp.so.10.5.0"
      },
      {
        "library": "libkrb5.so.3",
        "line": "\tlibkrb5.so.3 => /usr/lib/x86_64-linux-gnu/libkrb5.so.3 (0x00007cd188a2f000)",
        "path": "/usr/lib/x86_64-linux-gnu/libkrb5.so.3.3"
      },
      {
        "library": "libk5crypto.so.3",
        "line": "\tlibk5crypto.so.3 => /usr/lib/x86_64-linux-gnu/libk5crypto.so.3 (0x00007cd188a03000)",
        "path": "/usr/lib/x86_64-linux-gnu/libk5crypto.so.3.1"
      },
      {
        "library": "libcom_err.so.2",
        "line": "\tlibcom_err.so.2 => /usr/lib/x86_64-linux-gnu/libcom_err.so.2 (0x00007cd1889fd000)",
        "path": "/usr/lib/x86_64-linux-gnu/libcom_err.so.2.1"
      },
      {
        "library": "libkrb5support.so.0",
        "line": "\tlibkrb5support.so.0 => /usr/lib/x86_64-linux-gnu/libkrb5support.so.0 (0x00007cd1889ee000)",
        "path": "/usr/lib/x86_64-linux-gnu/libkrb5support.so.0.1"
      },
      {
        "library": "libsasl2.so.2",
        "line": "\tlibsasl2.so.2 => /usr/lib/x86_64-linux-gnu/libsasl2.so.2 (0x00007cd1889d4000)",
        "path": "/usr/lib/x86_64-linux-gnu/libsasl2.so.2.0.25"
      },
      {
        "library": "libbrotlicommon.so.1",
        "line": "\tlibbrotlicommon.so.1 => /usr/lib/x86_64-linux-gnu/libbrotlicommon.so.1 (0x00007cd1889b1000)",
        "path": "/usr/lib/x86_64-linux-gnu/libbrotlicommon.so.1.1.0"
      },
      {
        "library": "libicudata.so.74",
        "line": "\tlibicudata.so.74 => /usr/lib/x86_64-linux-gnu/libicudata.so.74 (0x00007cd186c51000)",
        "path": "/usr/lib/x86_64-linux-gnu/libicudata.so.74.2"
      },
      {
        "library": "libnssutil3.so",
        "line": "\tlibnssutil3.so => /usr/lib/x86_64-linux-gnu/libnssutil3.so (0x00007cd186c1f000)",
        "path": "/usr/lib/x86_64-linux-gnu/libnssutil3.so"
      },
      {
        "library": "libplds4.so",
        "line": "\tlibplds4.so => /usr/lib/x86_64-linux-gnu/libplds4.so (0x00007cd186c18000)",
        "path": "/usr/lib/x86_64-linux-gnu/libplds4.so"
      },
      {
        "library": "libmd.so.0",
        "line": "\tlibmd.so.0 => /usr/lib/x86_64-linux-gnu/libmd.so.0 (0x00007cd186c09000)",
        "path": "/usr/lib/x86_64-linux-gnu/libmd.so.0.1.0"
      },
      {
        "library": "libp11-kit.so.0",
        "line": "\tlibp11-kit.so.0 => /usr/lib/x86_64-linux-gnu/libp11-kit.so.0 (0x00007cd186a65000)",
        "path": "/usr/lib/x86_64-linux-gnu/libp11-kit.so.0.3.1"
      },
      {
        "library": "libtasn1.so.6",
        "line": "\tlibtasn1.so.6 => /usr/lib/x86_64-linux-gnu/libtasn1.so.6 (0x00007cd186a4f000)",
        "path": "/usr/lib/x86_64-linux-gnu/libtasn1.so.6.6.3"
      },
      {
        "library": "libkeyutils.so.1",
        "line": "\tlibkeyutils.so.1 => /usr/lib/x86_64-linux-gnu/libkeyutils.so.1 (0x00007cd186a46000)",
        "path": "/usr/lib/x86_64-linux-gnu/libkeyutils.so.1.10"
      },
      {
        "library": "libffi.so.8",
        "line": "\tlibffi.so.8 => /usr/lib/x86_64-linux-gnu/libffi.so.8 (0x00007cd186a3a000)",
        "path": "/usr/lib/x86_64-linux-gnu/libffi.so.8.1.4"
      }
    ],
    "manager": [
      {
        "library": "libiap.so",
        "line": "\tlibiap.so => /home/dev/ws_iap/src/iap/results/icra27/icra031/install/lib/libiap.so (0x00007f7c7b200000)",
        "path": "/home/dev/ws_iap/src/iap/results/icra27/icra031/install/lib/libiap.so"
      },
      {
        "library": "libstdc++.so.6",
        "line": "\tlibstdc++.so.6 => /usr/lib/x86_64-linux-gnu/libstdc++.so.6 (0x00007f7c7af82000)",
        "path": "/usr/lib/x86_64-linux-gnu/libstdc++.so.6.0.33"
      },
      {
        "library": "libm.so.6",
        "line": "\tlibm.so.6 => /usr/lib/x86_64-linux-gnu/libm.so.6 (0x00007f7c7ba90000)",
        "path": "/usr/lib/x86_64-linux-gnu/libm.so.6"
      },
      {
        "library": "libgcc_s.so.1",
        "line": "\tlibgcc_s.so.1 => /usr/lib/x86_64-linux-gnu/libgcc_s.so.1 (0x00007f7c7ba62000)",
        "path": "/usr/lib/x86_64-linux-gnu/libgcc_s.so.1"
      },
      {
        "library": "libc.so.6",
        "line": "\tlibc.so.6 => /usr/lib/x86_64-linux-gnu/libc.so.6 (0x00007f7c7ad70000)",
        "path": "/usr/lib/x86_64-linux-gnu/libc.so.6"
      },
      {
        "library": "libgtsam_points.so.1",
        "line": "\tlibgtsam_points.so.1 => /usr/local/lib/libgtsam_points.so.1 (0x00007f7c7aa7d000)",
        "path": "/usr/local/lib/libgtsam_points.so.1.2.1"
      },
      {
        "library": "libspdlog.so.1.12",
        "line": "\tlibspdlog.so.1.12 => /usr/lib/x86_64-linux-gnu/libspdlog.so.1.12 (0x00007f7c7a9f6000)",
        "path": "/usr/lib/x86_64-linux-gnu/libspdlog.so.1.12.0"
      },
      {
        "library": "libopencv_core.so.406",
        "line": "\tlibopencv_core.so.406 => /usr/lib/x86_64-linux-gnu/libopencv_core.so.406 (0x00007f7c7a682000)",
        "path": "/usr/lib/x86_64-linux-gnu/libopencv_core.so.4.6.0"
      },
      {
        "library": "libgnss_comm_lib.so",
        "line": "\tlibgnss_comm_lib.so => /home/dev/ws_iap/install/gnss_comm/lib/libgnss_comm_lib.so (0x00007f7c7a200000)",
        "path": "/home/dev/ws_iap/install/gnss_comm/lib/libgnss_comm_lib.so"
      },
      {
        "library": "libgtsam_points_cuda.so.1",
        "line": "\tlibgtsam_points_cuda.so.1 => /usr/local/lib/libgtsam_points_cuda.so.1 (0x00007f7c79ee9000)",
        "path": "/usr/local/lib/libgtsam_points_cuda.so.1.2.1"
      },
      {
        "library": "libgomp.so.1",
        "line": "\tlibgomp.so.1 => /usr/lib/x86_64-linux-gnu/libgomp.so.1 (0x00007f7c7a62c000)",
        "path": "/usr/lib/x86_64-linux-gnu/libgomp.so.1.0.0"
      },
      {
        "library": "libgtsam.so.4",
        "line": "\tlibgtsam.so.4 => /usr/lib/x86_64-linux-gnu/libgtsam.so.4 (0x00007f7c799ec000)",
        "path": "/usr/lib/x86_64-linux-gnu/libgtsam.so.4.3a0"
      },
      {
        "library": "libboost_serialization.so.1.83.0",
        "line": "\tlibboost_serialization.so.1.83.0 => /usr/lib/x86_64-linux-gnu/libboost_serialization.so.1.83.0 (0x00007f7c7ba1d000)",
        "path": "/usr/lib/x86_64-linux-gnu/libboost_serialization.so.1.83.0"
      },
      {
        "library": "libboost_filesystem.so.1.83.0",
        "line": "\tlibboost_filesystem.so.1.83.0 => /usr/lib/x86_64-linux-gnu/libboost_filesystem.so.1.83.0 (0x00007f7c7a609000)",
        "path": "/usr/lib/x86_64-linux-gnu/libboost_filesystem.so.1.83.0"
      },
      {
        "library": "libcephes-gtsam.so.1",
        "line": "\tlibcephes-gtsam.so.1 => /usr/lib/x86_64-linux-gnu/libcephes-gtsam.so.1 (0x00007f7c7a5d7000)",
        "path": "/usr/lib/x86_64-linux-gnu/libcephes-gtsam.so.1.0.0"
      },
      {
        "library": "libfmt.so.9",
        "line": "\tlibfmt.so.9 => /usr/lib/x86_64-linux-gnu/libfmt.so.9 (0x00007f7c7a5b6000)",
        "path": "/usr/lib/x86_64-linux-gnu/libfmt.so.9.1.0"
      },
      {
        "library": "libboost_timer.so.1.83.0",
        "line": "\tlibboost_timer.so.1.83.0 => /usr/lib/x86_64-linux-gnu/libboost_timer.so.1.83.0 (0x00007f7c7a5af000)",
        "path": "/usr/lib/x86_64-linux-gnu/libboost_timer.so.1.83.0"
      },
      {
        "library": "libz.so.1",
        "line": "\tlibz.so.1 => /usr/lib/x86_64-linux-gnu/libz.so.1 (0x00007f7c7a593000)",
        "path": "/usr/lib/x86_64-linux-gnu/libz.so.1.3"
      },
      {
        "library": "libGLX.so.0",
        "line": "\tlibGLX.so.0 => /usr/lib/x86_64-linux-gnu/libGLX.so.0 (0x00007f7c7a560000)",
        "path": "/usr/lib/x86_64-linux-gnu/libGLX.so.0.0.0"
      },
      {
        "library": "liblapack.so.3",
        "line": "\tliblapack.so.3 => /usr/lib/x86_64-linux-gnu/liblapack.so.3 (0x00007f7c792fc000)",
        "path": "/usr/lib/x86_64-linux-gnu/lapack/liblapack.so.3.12.0"
      },
      {
        "library": "libblas.so.3",
        "line": "\tlibblas.so.3 => /usr/lib/x86_64-linux-gnu/libblas.so.3 (0x00007f7c79255000)",
        "path": "/usr/lib/x86_64-linux-gnu/blas/libblas.so.3.12.0"
      },
      {
        "library": "libtbb.so.12",
        "line": "\tlibtbb.so.12 => /usr/lib/x86_64-linux-gnu/libtbb.so.12 (0x00007f7c79201000)",
        "path": "/usr/lib/x86_64-linux-gnu/libtbb.so.12.11"
      },
      {
        "library": "libglog.so.1",
        "line": "\tlibglog.so.1 => /usr/lib/x86_64-linux-gnu/libglog.so.1 (0x00007f7c7a528000)",
        "path": "/usr/lib/x86_64-linux-gnu/libglog.so.0.6.0"
      },
      {
        "library": "libcudart.so.12",
        "line": "\tlibcudart.so.12 => /usr/local/cuda/targets/x86_64-linux/lib/libcudart.so.12 (0x00007f7c78e00000)",
        "path": "/usr/local/cuda-12.5/targets/x86_64-linux/lib/libcudart.so.12.5.82"
      },
      {
        "library": "libmetis.so.5",
        "line": "\tlibmetis.so.5 => /usr/lib/x86_64-linux-gnu/libmetis.so.5 (0x00007f7c79197000)",
        "path": "/usr/lib/x86_64-linux-gnu/libmetis.so.5.1.0"
      },
      {
        "library": "libGLdispatch.so.0",
        "line": "\tlibGLdispatch.so.0 => /usr/lib/x86_64-linux-gnu/libGLdispatch.so.0 (0x00007f7c790df000)",
        "path": "/usr/lib/x86_64-linux-gnu/libGLdispatch.so.0.0.0"
      },
      {
        "library": "libX11.so.6",
        "line": "\tlibX11.so.6 => /usr/lib/x86_64-linux-gnu/libX11.so.6 (0x00007f7c78cc3000)",
        "path": "/usr/lib/x86_64-linux-gnu/libX11.so.6.4.0"
      },
      {
        "library": "libgfortran.so.5",
        "line": "\tlibgfortran.so.5 => /usr/lib/x86_64-linux-gnu/libgfortran.so.5 (0x00007f7c789a5000)",
        "path": "/usr/lib/x86_64-linux-gnu/libgfortran.so.5.0.0"
      },
      {
        "library": "libgflags.so.2.2",
        "line": "\tlibgflags.so.2.2 => /usr/lib/x86_64-linux-gnu/libgflags.so.2.2 (0x00007f7c790be000)",
        "path": "/usr/lib/x86_64-linux-gnu/libgflags.so.2.2.2"
      },
      {
        "library": "libunwind.so.8",
        "line": "\tlibunwind.so.8 => /usr/lib/x86_64-linux-gnu/libunwind.so.8 (0x00007f7c7898a000)",
        "path": "/usr/lib/x86_64-linux-gnu/libunwind.so.8.0.1"
      },
      {
        "library": "libdl.so.2",
        "line": "\tlibdl.so.2 => /usr/lib/x86_64-linux-gnu/libdl.so.2 (0x00007f7c790b7000)",
        "path": "/usr/lib/x86_64-linux-gnu/libdl.so.2"
      },
      {
        "library": "libpthread.so.0",
        "line": "\tlibpthread.so.0 => /usr/lib/x86_64-linux-gnu/libpthread.so.0 (0x00007f7c790b2000)",
        "path": "/usr/lib/x86_64-linux-gnu/libpthread.so.0"
      },
      {
        "library": "librt.so.1",
        "line": "\tlibrt.so.1 => /usr/lib/x86_64-linux-gnu/librt.so.1 (0x00007f7c78985000)",
        "path": "/usr/lib/x86_64-linux-gnu/librt.so.1"
      },
      {
        "library": "libxcb.so.1",
        "line": "\tlibxcb.so.1 => /usr/lib/x86_64-linux-gnu/libxcb.so.1 (0x00007f7c7895c000)",
        "path": "/usr/lib/x86_64-linux-gnu/libxcb.so.1.1.0"
      },
      {
        "library": "liblzma.so.5",
        "line": "\tliblzma.so.5 => /usr/lib/x86_64-linux-gnu/liblzma.so.5 (0x00007f7c7892a000)",
        "path": "/usr/lib/x86_64-linux-gnu/liblzma.so.5.4.5"
      },
      {
        "library": "libXau.so.6",
        "line": "\tlibXau.so.6 => /usr/lib/x86_64-linux-gnu/libXau.so.6 (0x00007f7c78924000)",
        "path": "/usr/lib/x86_64-linux-gnu/libXau.so.6.0.0"
      },
      {
        "library": "libXdmcp.so.6",
        "line": "\tlibXdmcp.so.6 => /usr/lib/x86_64-linux-gnu/libXdmcp.so.6 (0x00007f7c7891c000)",
        "path": "/usr/lib/x86_64-linux-gnu/libXdmcp.so.6.0.0"
      },
      {
        "library": "libbsd.so.0",
        "line": "\tlibbsd.so.0 => /usr/lib/x86_64-linux-gnu/libbsd.so.0 (0x00007f7c78906000)",
        "path": "/usr/lib/x86_64-linux-gnu/libbsd.so.0.12.1"
      },
      {
        "library": "libmd.so.0",
        "line": "\tlibmd.so.0 => /usr/lib/x86_64-linux-gnu/libmd.so.0 (0x00007f7c788f7000)",
        "path": "/usr/lib/x86_64-linux-gnu/libmd.so.0.1.0"
      }
    ]
  }
}
