stamp,module,elapsed_ms
1657065600.628271,1.1_pointcloud_extract,0.016
1657065600.628271,1.1_cloud_preprocess,0.954
1657065600.628271,1.1_ros_callback_total,1.065
1657065600.628271,1.2_odom_insert_frame,0.534
1657065600.728294,1.1_pointcloud_extract,0.011
1657065600.728294,1.1_cloud_preprocess,0.312
1657065600.728294,1.1_ros_callback_total,0.408
1657065600.728294,1.2_odom_insert_frame,3.419
1657065600.828240,1.1_pointcloud_extract,0.024
1657065600.828240,1.1_cloud_preprocess,0.319
1657065600.828240,1.1_ros_callback_total,0.412
1657065600.828240,1.2_odom_insert_frame,1.883
1657065600.928278,1.1_pointcloud_extract,0.004
1657065600.928278,1.1_cloud_preprocess,0.205
1657065600.928278,1.1_ros_callback_total,0.284
1657065600.928278,1.2_odom_insert_frame,0.981
1657065601.028272,1.1_pointcloud_extract,0.004
1657065601.028272,1.1_cloud_preprocess,0.227
1657065601.028272,1.1_ros_callback_total,0.303
1657065601.028272,1.2_odom_insert_frame,1.017
1657065601.128305,1.1_pointcloud_extract,0.008
1657065601.128305,1.1_cloud_preprocess,0.318
1657065601.128305,1.1_ros_callback_total,0.404
1657065601.128305,1.2_odom_insert_frame,0.858
1657065601.228272,1.1_pointcloud_extract,0.005
1657065601.228272,1.1_cloud_preprocess,0.231
1657065601.228272,1.1_ros_callback_total,0.302
1657065601.228272,1.2_odom_insert_frame,0.812
1657065601.328312,1.1_pointcloud_extract,0.004
1657065601.328312,1.1_cloud_preprocess,0.229
1657065601.328312,1.1_ros_callback_total,0.307
1657065601.328312,1.2_odom_insert_frame,1.096
1657065601.428287,1.1_pointcloud_extract,0.004
1657065601.428287,1.1_cloud_preprocess,0.179
1657065601.428287,1.1_ros_callback_total,0.234
1657065601.428287,1.2_odom_insert_frame,0.929
1657065601.528257,1.1_pointcloud_extract,0.004
1657065601.528257,1.1_cloud_preprocess,0.205
1657065601.528257,1.1_ros_callback_total,0.276
1657065601.528257,1.2_odom_insert_frame,0.872
1657065601.628255,1.1_pointcloud_extract,0.021
1657065601.628255,1.1_cloud_preprocess,0.234
1657065601.628255,1.1_ros_callback_total,0.319
1657065601.628255,1.2_odom_insert_frame,1.069
1657065601.728288,1.1_pointcloud_extract,0.005
1657065601.728288,1.1_cloud_preprocess,0.211
1657065601.728288,1.1_ros_callback_total,0.281
1657065601.728288,1.2_covariance_estimation,0.118
1657065601.728288,1.2_create_factors,0.003
1657065601.728288,1.2_smoother_update,0.767
1657065601.728288,1.2_update_frames_calculate_estimate,0.100
1657065601.728288,1.2_update_frames_state_copy,0.022
1657065601.728288,1.2_update_frames_sigma_p,0.222
1657065601.728288,1.2_update_frames_icp_quality,0.006
1657065601.728288,1.2_update_frames,0.397
1657065601.728288,1.2_odom_insert_frame,14.948
1657065601.828272,1.1_pointcloud_extract,0.003
1657065601.828272,1.1_cloud_preprocess,0.219
1657065601.828272,1.1_ros_callback_total,0.286
1657065601.828272,1.2_imu_integration,0.097
1657065601.828272,1.2_pointcloud_deskew,0.012
1657065601.828272,1.2_covariance_estimation,0.087
1657065601.828272,1.2_create_factors,10.866
1657065601.828272,1.2_smoother_update,0.646
1657065601.828272,1.3_gnss_injection,0.331
1657065601.828272,1.2_update_frames_calculate_estimate,0.003
1657065601.828272,1.2_update_frames_state_copy,0.003
1657065601.828272,1.2_update_frames_sigma_p,0.024
1657065601.828272,1.2_update_frames_icp_quality,0.223
1657065601.828272,1.2_update_frames,2.366
1657065601.804291,2.1_gnss_araim,1.487
1657065601.828272,2.2_lidar_araim,0.035
1657065601.828272,2.3_dynamic_al,0.001
1657065601.828272,2.3_state_machine,0.016
1657065601.828272,2.3_integrity_total,1.720
1657065601.828272,1.2_odom_insert_frame,17.658
1657065601.928284,1.1_pointcloud_extract,0.009
1657065601.928284,1.1_cloud_preprocess,0.206
1657065601.928284,1.1_ros_callback_total,0.268
1657065601.928284,1.2_imu_integration,0.090
1657065601.928284,1.2_pointcloud_deskew,0.022
1657065601.928284,1.2_covariance_estimation,0.130
1657065601.928284,1.2_create_factors,0.201
1657065601.928284,1.2_smoother_update,2.121
1657065601.928284,1.3_gnss_injection,0.307
1657065601.928284,1.2_update_frames_calculate_estimate,0.004
1657065601.928284,1.2_update_frames_state_copy,0.003
1657065601.928284,1.2_update_frames_sigma_p,0.025
1657065601.928284,1.2_update_frames_icp_quality,0.165
1657065601.928284,1.2_update_frames,0.266
1657065601.904271,2.1_gnss_araim,0.654
1657065601.928284,2.2_lidar_araim,0.016
1657065601.928284,2.3_dynamic_al,0.000
1657065601.928284,2.3_state_machine,0.010
1657065601.928284,2.3_integrity_total,0.740
1657065601.928284,1.2_odom_insert_frame,4.618
1657065602.028277,1.1_pointcloud_extract,0.028
1657065602.028277,1.1_cloud_preprocess,0.205
1657065602.028277,1.1_ros_callback_total,0.287
1657065602.028277,1.2_imu_integration,0.088
1657065602.028277,1.2_pointcloud_deskew,0.009
1657065602.028277,1.2_covariance_estimation,0.254
1657065602.028277,1.2_create_factors,0.236
1657065602.028277,1.2_smoother_update,0.921
1657065602.028277,1.3_gnss_injection,0.312
1657065602.028277,1.2_update_frames_calculate_estimate,0.004
1657065602.028277,1.2_update_frames_state_copy,0.003
1657065602.028277,1.2_update_frames_sigma_p,0.045
1657065602.028277,1.2_update_frames_icp_quality,0.187
1657065602.028277,1.2_update_frames,0.353
1657065602.004276,2.1_gnss_araim,0.726
1657065602.028277,2.2_lidar_araim,0.018
1657065602.028277,2.3_dynamic_al,0.000
1657065602.028277,2.3_state_machine,0.017
1657065602.028277,2.3_integrity_total,0.825
1657065602.028277,1.2_odom_insert_frame,3.737
1657065602.128217,1.1_pointcloud_extract,0.004
1657065602.128217,1.1_cloud_preprocess,0.216
1657065602.128217,1.1_ros_callback_total,0.285
1657065602.128217,1.2_imu_integration,0.083
1657065602.128217,1.2_pointcloud_deskew,0.011
1657065602.128217,1.2_covariance_estimation,0.100
1657065602.128217,1.2_create_factors,0.197
1657065602.128217,1.2_smoother_update,0.778
1657065602.128217,1.3_gnss_injection,0.240
1657065602.128217,1.2_update_frames_calculate_estimate,0.005
1657065602.128217,1.2_update_frames_state_copy,0.003
1657065602.128217,1.2_update_frames_sigma_p,0.041
1657065602.128217,1.2_update_frames_icp_quality,0.162
1657065602.128217,1.2_update_frames,0.310
1657065602.104279,2.1_gnss_araim,0.649
1657065602.128217,2.2_lidar_araim,0.031
1657065602.128217,2.3_dynamic_al,0.000
1657065602.128217,2.3_state_machine,0.016
1657065602.128217,2.3_integrity_total,0.801
1657065602.128217,1.2_odom_insert_frame,3.171
1657065602.228224,1.1_pointcloud_extract,0.012
1657065602.228224,1.1_cloud_preprocess,0.204
1657065602.228224,1.1_ros_callback_total,0.259
1657065602.228224,1.2_imu_integration,0.073
1657065602.228224,1.2_pointcloud_deskew,0.010
1657065602.228224,1.2_covariance_estimation,0.113
1657065602.228224,1.2_create_factors,0.195
1657065602.228224,1.2_smoother_update,1.993
1657065602.228224,1.3_gnss_injection,0.243
1657065602.228224,1.2_update_frames_calculate_estimate,0.006
1657065602.228224,1.2_update_frames_state_copy,0.003
1657065602.228224,1.2_update_frames_sigma_p,0.040
1657065602.228224,1.2_update_frames_icp_quality,0.167
1657065602.228224,1.2_update_frames,0.322
1657065602.204216,2.1_gnss_araim,0.801
1657065602.228224,2.2_lidar_araim,0.014
1657065602.228224,2.3_dynamic_al,0.000
1657065602.228224,2.3_state_machine,0.014
1657065602.228224,2.3_integrity_total,0.883
1657065602.228224,1.2_odom_insert_frame,4.572
1657065602.328271,1.1_pointcloud_extract,0.029
1657065602.328271,1.1_cloud_preprocess,0.211
1657065602.328271,1.1_ros_callback_total,0.306
1657065602.328271,1.2_imu_integration,0.089
1657065602.328271,1.2_pointcloud_deskew,0.009
1657065602.328271,1.2_covariance_estimation,0.511
1657065602.328271,1.2_create_factors,0.193
1657065602.328271,1.2_smoother_update,0.725
1657065602.328271,1.3_gnss_injection,0.245
1657065602.328271,1.2_update_frames_calculate_estimate,0.006
1657065602.328271,1.2_update_frames_state_copy,0.003
1657065602.328271,1.2_update_frames_sigma_p,0.041
1657065602.328271,1.2_update_frames_icp_quality,0.162
1657065602.328271,1.2_update_frames,0.262
1657065602.304215,2.1_gnss_araim,0.642
1657065602.328271,2.2_lidar_araim,0.017
1657065602.328271,2.3_dynamic_al,0.000
1657065602.328271,2.3_state_machine,0.019
1657065602.328271,2.3_integrity_total,0.744
1657065602.328271,1.2_odom_insert_frame,3.482
1657065602.428275,1.1_pointcloud_extract,0.004
1657065602.428275,1.1_cloud_preprocess,0.210
1657065602.428275,1.1_ros_callback_total,0.269
1657065602.428275,1.2_imu_integration,0.090
1657065602.428275,1.2_pointcloud_deskew,0.009
1657065602.428275,1.2_covariance_estimation,0.160
1657065602.428275,1.2_create_factors,0.557
1657065602.428275,1.2_smoother_update,3.591
1657065602.428275,1.3_gnss_injection,0.349
1657065602.428275,1.2_update_frames_calculate_estimate,0.009
1657065602.428275,1.2_update_frames_state_copy,0.005
1657065602.428275,1.2_update_frames_sigma_p,0.022
1657065602.428275,1.2_update_frames_icp_quality,0.210
1657065602.428275,1.2_update_frames,0.383
1657065602.404294,2.1_gnss_araim,0.640
1657065602.428275,2.2_lidar_araim,0.018
1657065602.428275,2.3_dynamic_al,0.000
1657065602.428275,2.3_state_machine,0.018
1657065602.428275,2.3_integrity_total,0.747
1657065602.428275,1.2_odom_insert_frame,6.675
1657065602.528270,1.1_pointcloud_extract,0.003
1657065602.528270,1.1_cloud_preprocess,0.217
1657065602.528270,1.1_ros_callback_total,0.277
1657065602.528270,1.2_imu_integration,0.092
1657065602.528270,1.2_pointcloud_deskew,0.010
1657065602.528270,1.2_covariance_estimation,0.275
1657065602.528270,1.2_create_factors,0.199
1657065602.528270,1.2_smoother_update,3.043
1657065602.528270,1.3_gnss_injection,0.252
1657065602.528270,1.2_update_frames_calculate_estimate,0.008
1657065602.528270,1.2_update_frames_state_copy,0.004
1657065602.528270,1.2_update_frames_sigma_p,0.039
1657065602.528270,1.2_update_frames_icp_quality,0.167
1657065602.528270,1.2_update_frames,0.325
1657065602.504318,2.1_gnss_araim,0.659
1657065602.528270,2.2_lidar_araim,0.017
1657065602.528270,2.3_dynamic_al,0.000
1657065602.528270,2.3_state_machine,0.015
1657065602.528270,2.3_integrity_total,0.760
1657065602.528270,1.2_odom_insert_frame,5.649
1657065602.628261,1.1_pointcloud_extract,0.004
1657065602.628261,1.1_cloud_preprocess,0.211
1657065602.628261,1.1_ros_callback_total,0.267
1657065602.628261,1.2_imu_integration,0.077
1657065602.628261,1.2_pointcloud_deskew,0.009
1657065602.628261,1.2_covariance_estimation,0.085
1657065602.628261,1.2_create_factors,0.200
1657065602.628261,1.2_smoother_update,0.799
1657065602.628261,1.3_gnss_injection,0.260
1657065602.628261,1.2_update_frames_calculate_estimate,0.009
1657065602.628261,1.2_update_frames_state_copy,0.004
1657065602.628261,1.2_update_frames_sigma_p,0.041
1657065602.628261,1.2_update_frames_icp_quality,0.266
1657065602.628261,1.2_update_frames,0.523
1657065602.604275,2.1_gnss_araim,0.656
1657065602.628261,2.2_lidar_araim,0.017
1657065602.628261,2.3_dynamic_al,0.000
1657065602.628261,2.3_state_machine,0.016
1657065602.628261,2.3_integrity_total,0.756
1657065602.628261,1.2_odom_insert_frame,3.376
1657065602.728272,1.1_pointcloud_extract,0.004
1657065602.728272,1.1_cloud_preprocess,0.228
1657065602.728272,1.1_ros_callback_total,0.298
1657065602.728272,1.2_imu_integration,0.092
1657065602.728272,1.2_pointcloud_deskew,0.009
1657065602.728272,1.2_covariance_estimation,0.288
1657065602.728272,1.2_create_factors,0.234
1657065602.728272,1.2_smoother_update,4.677
1657065602.728272,1.3_gnss_injection,0.387
1657065602.728272,1.2_update_frames_calculate_estimate,0.011
1657065602.728272,1.2_update_frames_state_copy,0.006
1657065602.728272,1.2_update_frames_sigma_p,0.045
1657065602.728272,1.2_update_frames_icp_quality,0.217
1657065602.728272,1.2_update_frames,0.419
1657065602.704271,2.1_gnss_araim,0.642
1657065602.728272,2.2_lidar_araim,0.018
1657065602.728272,2.3_dynamic_al,0.000
1657065602.728272,2.3_state_machine,0.017
1657065602.728272,2.3_integrity_total,0.758
1657065602.728272,1.2_odom_insert_frame,7.754
1657065602.828277,1.1_pointcloud_extract,0.005
1657065602.828277,1.1_cloud_preprocess,0.230
1657065602.828277,1.1_ros_callback_total,0.312
1657065602.828277,1.2_imu_integration,0.090
1657065602.828277,1.2_pointcloud_deskew,0.009
1657065602.828277,1.2_covariance_estimation,0.794
1657065602.828277,1.2_create_factors,0.237
1657065602.828277,1.2_smoother_update,1.013
1657065602.828277,1.3_gnss_injection,0.359
1657065602.828277,1.2_update_frames_calculate_estimate,0.013
1657065602.828277,1.2_update_frames_state_copy,0.005
1657065602.828277,1.2_update_frames_sigma_p,0.047
1657065602.828277,1.2_update_frames_icp_quality,0.213
1657065602.828277,1.2_update_frames,0.412
1657065602.804303,2.1_gnss_araim,0.638
1657065602.828277,2.2_lidar_araim,0.017
1657065602.828277,2.3_dynamic_al,0.000
1657065602.828277,2.3_state_machine,0.017
1657065602.828277,2.3_integrity_total,0.739
1657065602.828277,1.2_odom_insert_frame,4.839
1657065602.928293,1.1_pointcloud_extract,0.004
1657065602.928293,1.1_cloud_preprocess,0.217
1657065602.928293,1.1_ros_callback_total,0.281
1657065602.928293,1.2_imu_integration,0.090
1657065602.928293,1.2_pointcloud_deskew,0.009
1657065602.928293,1.2_covariance_estimation,0.190
1657065602.928293,1.2_create_factors,0.234
1657065602.928293,1.2_smoother_update,5.874
1657065602.928293,1.3_gnss_injection,0.365
1657065602.928293,1.2_update_frames_calculate_estimate,0.019
1657065602.928293,1.2_update_frames_state_copy,0.007
1657065602.928293,1.2_update_frames_sigma_p,0.024
1657065602.928293,1.2_update_frames_icp_quality,0.310
1657065602.928293,1.2_update_frames,0.622
1657065602.904301,2.1_gnss_araim,0.867
1657065602.928293,2.2_lidar_araim,0.019
1657065602.928293,2.3_dynamic_al,0.000
1657065602.928293,2.3_state_machine,0.032
1657065602.928293,2.3_integrity_total,0.988
1657065602.928293,1.2_odom_insert_frame,9.402
1657065603.028272,1.1_pointcloud_extract,0.010
1657065603.028272,1.1_cloud_preprocess,0.201
1657065603.028272,1.1_ros_callback_total,0.269
1657065603.028272,1.2_imu_integration,0.090
1657065603.028272,1.2_pointcloud_deskew,0.010
1657065603.028272,1.2_covariance_estimation,0.118
1657065603.028272,1.2_create_factors,0.234
1657065603.028272,1.2_smoother_update,5.956
1657065603.028272,1.3_gnss_injection,0.371
1657065603.028272,1.2_update_frames_calculate_estimate,0.014
1657065603.028272,1.2_update_frames_state_copy,0.007
1657065603.028272,1.2_update_frames_sigma_p,0.045
1657065603.028272,1.2_update_frames_icp_quality,0.214
1657065603.028272,1.2_update_frames,0.409
1657065603.004278,2.1_gnss_araim,0.769
1657065603.028272,2.2_lidar_araim,0.014
1657065603.028272,2.3_dynamic_al,0.000
1657065603.028272,2.3_state_machine,0.015
1657065603.028272,2.3_integrity_total,0.858
1657065603.028272,1.2_odom_insert_frame,8.946
1657065603.128283,1.1_pointcloud_extract,0.005
1657065603.128283,1.1_cloud_preprocess,0.214
1657065603.128283,1.1_ros_callback_total,0.278
1657065603.128283,1.2_imu_integration,0.089
1657065603.128283,1.2_pointcloud_deskew,0.009
1657065603.128283,1.2_covariance_estimation,0.102
1657065603.128283,1.2_create_factors,0.242
1657065603.128283,1.2_smoother_update,1.097
1657065603.128283,1.3_gnss_injection,0.402
1657065603.128283,1.2_update_frames_calculate_estimate,0.013
1657065603.128283,1.2_update_frames_state_copy,0.006
1657065603.128283,1.2_update_frames_sigma_p,0.047
1657065603.128283,1.2_update_frames_icp_quality,0.211
1657065603.128283,1.2_update_frames,0.402
1657065603.104292,2.1_gnss_araim,0.666
1657065603.128283,2.2_lidar_araim,0.017
1657065603.128283,2.3_dynamic_al,0.000
1657065603.128283,2.3_state_machine,0.017
1657065603.128283,2.3_integrity_total,0.775
1657065603.128283,1.2_odom_insert_frame,4.060
1657065603.228263,1.1_pointcloud_extract,0.005
1657065603.228263,1.1_cloud_preprocess,0.205
1657065603.228263,1.1_ros_callback_total,0.273
1657065603.228263,1.2_imu_integration,0.077
1657065603.228263,1.2_pointcloud_deskew,0.010
1657065603.228263,1.2_covariance_estimation,0.108
1657065603.228263,1.2_create_factors,0.194
1657065603.228263,1.2_smoother_update,5.269
1657065603.228263,1.3_gnss_injection,0.291
1657065603.228263,1.2_update_frames_calculate_estimate,0.013
1657065603.228263,1.2_update_frames_state_copy,0.006
1657065603.228263,1.2_update_frames_sigma_p,0.040
1657065603.228263,1.2_update_frames_icp_quality,0.199
1657065603.228263,1.2_update_frames,0.379
1657065603.204292,2.1_gnss_araim,0.635
1657065603.228263,2.2_lidar_araim,0.017
1657065603.228263,2.3_dynamic_al,0.000
1657065603.228263,2.3_state_machine,0.017
1657065603.228263,2.3_integrity_total,0.737
1657065603.228263,1.2_odom_insert_frame,7.824
1657065603.328254,1.1_pointcloud_extract,0.004
1657065603.328254,1.1_cloud_preprocess,0.222
1657065603.328254,1.1_ros_callback_total,0.296
1657065603.328254,1.2_imu_integration,0.121
1657065603.328254,1.2_pointcloud_deskew,0.010
1657065603.328254,1.2_covariance_estimation,0.092
1657065603.328254,1.2_create_factors,0.194
1657065603.328254,1.2_smoother_update,0.896
1657065603.328254,1.3_gnss_injection,0.289
1657065603.328254,1.2_update_frames_calculate_estimate,0.013
1657065603.328254,1.2_update_frames_state_copy,0.005
1657065603.328254,1.2_update_frames_sigma_p,0.040
1657065603.328254,1.2_update_frames_icp_quality,0.173
1657065603.328254,1.2_update_frames,0.287
1657065603.304231,2.1_gnss_araim,0.688
1657065603.328254,2.2_lidar_araim,0.012
1657065603.328254,2.3_dynamic_al,0.000
1657065603.328254,2.3_state_machine,0.017
1657065603.328254,2.3_integrity_total,0.764
1657065603.328254,1.2_odom_insert_frame,3.688
1657065603.428303,1.1_pointcloud_extract,0.004
1657065603.428303,1.1_cloud_preprocess,0.202
1657065603.428303,1.1_ros_callback_total,0.252
1657065603.428303,1.2_imu_integration,0.092
1657065603.428303,1.2_pointcloud_deskew,0.010
1657065603.428303,1.2_covariance_estimation,0.194
1657065603.428303,1.2_create_factors,0.352
1657065603.428303,1.2_smoother_update,8.001
1657065603.428303,1.3_gnss_injection,0.407
1657065603.428303,1.2_update_frames_calculate_estimate,0.020
1657065603.428303,1.2_update_frames_state_copy,0.008
1657065603.428303,1.2_update_frames_sigma_p,0.023
1657065603.428303,1.2_update_frames_icp_quality,0.230
1657065603.428303,1.2_update_frames,0.427
1657065603.404346,2.1_gnss_araim,0.762
1657065603.428303,2.2_lidar_araim,0.018
1657065603.428303,2.3_dynamic_al,0.000
1657065603.428303,2.3_state_machine,0.017
1657065603.428303,2.3_integrity_total,0.861
1657065603.428303,1.2_odom_insert_frame,11.513
1657065603.528274,1.1_pointcloud_extract,0.005
1657065603.528274,1.1_cloud_preprocess,0.213
1657065603.528274,1.1_ros_callback_total,0.288
1657065603.528274,1.2_imu_integration,0.090
1657065603.528274,1.2_pointcloud_deskew,0.009
1657065603.528274,1.2_covariance_estimation,0.187
1657065603.528274,1.2_create_factors,0.241
1657065603.528274,1.2_smoother_update,8.121
1657065603.528274,1.3_gnss_injection,0.415
1657065603.528274,1.2_update_frames_calculate_estimate,0.020
1657065603.528274,1.2_update_frames_state_copy,0.008
1657065603.528274,1.2_update_frames_sigma_p,0.047
1657065603.528274,1.2_update_frames_icp_quality,0.226
1657065603.528274,1.2_update_frames,0.438
1657065603.504276,2.1_gnss_araim,0.657
1657065603.528274,2.2_lidar_araim,0.016
1657065603.528274,2.3_dynamic_al,0.000
1657065603.528274,2.3_state_machine,0.015
1657065603.528274,2.3_integrity_total,0.752
1657065603.528274,1.2_odom_insert_frame,11.249
1657065603.628301,1.1_pointcloud_extract,0.004
1657065603.628301,1.1_cloud_preprocess,0.218
1657065603.628301,1.1_ros_callback_total,0.286
1657065603.628301,1.2_imu_integration,0.077
1657065603.628301,1.2_pointcloud_deskew,0.010
1657065603.628301,1.2_covariance_estimation,0.223
1657065603.628301,1.2_create_factors,0.422
1657065603.628301,1.2_smoother_update,1.017
1657065603.628301,1.3_gnss_injection,0.304
1657065603.628301,1.2_update_frames_calculate_estimate,0.015
1657065603.628301,1.2_update_frames_state_copy,0.006
1657065603.628301,1.2_update_frames_sigma_p,0.041
1657065603.628301,1.2_update_frames_icp_quality,0.173
1657065603.628301,1.2_update_frames,0.294
1657065603.604278,2.1_gnss_araim,0.773
1657065603.628301,2.2_lidar_araim,0.012
1657065603.628301,2.3_dynamic_al,0.000
1657065603.628301,2.3_state_machine,0.008
1657065603.628301,2.3_integrity_total,0.865
1657065603.628301,1.2_odom_insert_frame,3.979
1657065603.728280,1.1_pointcloud_extract,0.004
1657065603.728280,1.1_cloud_preprocess,0.202
1657065603.728280,1.1_ros_callback_total,0.258
1657065603.728280,1.2_imu_integration,0.074
1657065603.728280,1.2_pointcloud_deskew,0.010
1657065603.728280,1.2_covariance_estimation,0.470
1657065603.728280,1.2_create_factors,0.199
1657065603.728280,1.2_smoother_update,7.197
1657065603.728280,1.3_gnss_injection,0.296
1657065603.728280,1.2_update_frames_calculate_estimate,0.017
1657065603.728280,1.2_update_frames_state_copy,0.007
1657065603.728280,1.2_update_frames_sigma_p,0.039
1657065603.728280,1.2_update_frames_icp_quality,0.182
1657065603.728280,1.2_update_frames,0.361
1657065603.704279,2.1_gnss_araim,0.665
1657065603.728280,2.2_lidar_araim,0.013
1657065603.728280,2.3_dynamic_al,0.000
1657065603.728280,2.3_state_machine,0.015
1657065603.728280,2.3_integrity_total,0.734
1657065603.728280,1.2_odom_insert_frame,10.119
1657065603.828257,1.1_pointcloud_extract,0.004
1657065603.828257,1.1_cloud_preprocess,0.214
1657065603.828257,1.1_ros_callback_total,0.274
1657065603.828257,1.2_imu_integration,0.091
1657065603.828257,1.2_pointcloud_deskew,0.020
1657065603.828257,1.2_covariance_estimation,0.310
1657065603.828257,1.2_create_factors,0.196
1657065603.828257,1.2_smoother_update,0.987
1657065603.828257,1.3_gnss_injection,0.312
1657065603.828257,1.2_update_frames_calculate_estimate,0.017
1657065603.828257,1.2_update_frames_state_copy,0.006
1657065603.828257,1.2_update_frames_sigma_p,0.042
1657065603.828257,1.2_update_frames_icp_quality,0.379
1657065603.828257,1.2_update_frames,0.504
1657065603.804270,2.1_gnss_araim,0.738
1657065603.828257,2.2_lidar_araim,0.013
1657065603.828257,2.3_dynamic_al,0.000
1657065603.828257,2.3_state_machine,0.014
1657065603.828257,2.3_integrity_total,0.804
1657065603.828257,1.2_odom_insert_frame,4.368
1657065603.928300,1.1_pointcloud_extract,0.004
1657065603.928300,1.1_cloud_preprocess,0.204
1657065603.928300,1.1_ros_callback_total,0.244
1657065603.928300,1.2_imu_integration,0.089
1657065603.928300,1.2_pointcloud_deskew,0.009
1657065603.928300,1.2_covariance_estimation,0.245
1657065603.928300,1.2_create_factors,0.230
1657065603.928300,1.2_smoother_update,10.365
1657065603.928300,1.3_gnss_injection,0.467
1657065603.928300,1.2_update_frames_calculate_estimate,0.032
1657065603.928300,1.2_update_frames_state_copy,0.011
1657065603.928300,1.2_update_frames_sigma_p,0.029
1657065603.928300,1.2_update_frames_icp_quality,0.314
1657065603.928300,1.2_update_frames,0.548
1657065603.904271,2.1_gnss_araim,0.736
1657065603.928300,2.2_lidar_araim,0.019
1657065603.928300,2.3_dynamic_al,0.000
1657065603.928300,2.3_state_machine,0.018
1657065603.928300,2.3_integrity_total,0.839
1657065603.928300,1.2_odom_insert_frame,14.176
1657065604.028222,1.1_pointcloud_extract,0.004
1657065604.028222,1.1_cloud_preprocess,0.224
1657065604.028222,1.1_ros_callback_total,0.296
1657065604.028222,1.2_imu_integration,0.090
1657065604.028222,1.2_pointcloud_deskew,0.009
1657065604.028222,1.2_covariance_estimation,0.283
1657065604.028222,1.2_create_factors,0.233
1657065604.028222,1.2_smoother_update,10.231
1657065604.028222,1.3_gnss_injection,0.480
1657065604.028222,1.2_update_frames_calculate_estimate,0.027
1657065604.028222,1.2_update_frames_state_copy,0.010
1657065604.028222,1.2_update_frames_sigma_p,0.049
1657065604.028222,1.2_update_frames_icp_quality,0.321
1657065604.028222,1.2_update_frames,0.571
1657065604.004269,2.1_gnss_araim,0.895
1657065604.028222,2.2_lidar_araim,0.019
1657065604.028222,2.3_dynamic_al,0.000
1657065604.028222,2.3_state_machine,0.024
1657065604.028222,2.3_integrity_total,1.008
1657065604.028222,1.2_odom_insert_frame,14.045
1657065604.128245,1.1_pointcloud_extract,0.004
1657065604.128245,1.1_cloud_preprocess,0.213
1657065604.128245,1.1_ros_callback_total,0.283
1657065604.128245,1.2_imu_integration,0.092
1657065604.128245,1.2_pointcloud_deskew,0.010
1657065604.128245,1.2_covariance_estimation,0.108
1657065604.128245,1.2_create_factors,0.243
1657065604.128245,1.2_smoother_update,1.488
1657065604.128245,1.3_gnss_injection,0.428
1657065604.128245,1.2_update_frames_calculate_estimate,0.022
1657065604.128245,1.2_update_frames_state_copy,0.009
1657065604.128245,1.2_update_frames_sigma_p,0.048
1657065604.128245,1.2_update_frames_icp_quality,0.213
1657065604.128245,1.2_update_frames,0.381
1657065604.104218,2.1_gnss_araim,0.656
1657065604.128245,2.2_lidar_araim,0.018
1657065604.128245,2.3_dynamic_al,0.000
1657065604.128245,2.3_state_machine,0.018
1657065604.128245,2.3_integrity_total,0.775
1657065604.128245,1.2_odom_insert_frame,4.578
1657065604.228272,1.1_pointcloud_extract,0.005
1657065604.228272,1.1_cloud_preprocess,0.224
1657065604.228272,1.1_ros_callback_total,0.302
1657065604.228272,1.2_imu_integration,0.079
1657065604.228272,1.2_pointcloud_deskew,0.012
1657065604.228272,1.2_covariance_estimation,0.223
1657065604.228272,1.2_create_factors,0.197
1657065604.228272,1.2_smoother_update,9.368
1657065604.228272,1.3_gnss_injection,0.376
1657065604.228272,1.2_update_frames_calculate_estimate,0.022
1657065604.228272,1.2_update_frames_state_copy,0.008
1657065604.228272,1.2_update_frames_sigma_p,0.041
1657065604.228272,1.2_update_frames_icp_quality,0.197
1657065604.228272,1.2_update_frames,0.401
1657065604.204278,2.1_gnss_araim,0.702
1657065604.228272,2.2_lidar_araim,0.018
1657065604.228272,2.3_dynamic_al,0.000
1657065604.228272,2.3_state_machine,0.017
1657065604.228272,2.3_integrity_total,0.818
1657065604.228272,1.2_odom_insert_frame,12.356
1657065604.328223,1.1_pointcloud_extract,0.004
1657065604.328223,1.1_cloud_preprocess,0.190
1657065604.328223,1.1_ros_callback_total,0.247
1657065604.328223,1.2_imu_integration,0.085
1657065604.328223,1.2_pointcloud_deskew,0.011
1657065604.328223,1.2_covariance_estimation,0.101
1657065604.328223,1.2_create_factors,0.314
1657065604.328223,1.2_smoother_update,1.327
1657065604.328223,1.3_gnss_injection,0.351
1657065604.328223,1.2_update_frames_calculate_estimate,0.020
1657065604.328223,1.2_update_frames_state_copy,0.007
1657065604.328223,1.2_update_frames_sigma_p,0.041
1657065604.328223,1.2_update_frames_icp_quality,0.174
1657065604.328223,1.2_update_frames,0.356
1657065604.304229,2.1_gnss_araim,0.668
1657065604.328223,2.2_lidar_araim,0.017
1657065604.328223,2.3_dynamic_al,0.000
1657065604.328223,2.3_state_machine,0.020
1657065604.328223,2.3_integrity_total,0.783
1657065604.328223,1.2_odom_insert_frame,4.253
1657065604.428251,1.1_pointcloud_extract,0.004
1657065604.428251,1.1_cloud_preprocess,0.220
1657065604.428251,1.1_ros_callback_total,0.291
1657065604.428251,1.2_imu_integration,0.073
1657065604.428251,1.2_pointcloud_deskew,0.010
1657065604.428251,1.2_covariance_estimation,0.169
1657065604.428251,1.2_create_factors,0.329
1657065604.428251,1.2_smoother_update,10.334
1657065604.428251,1.3_gnss_injection,0.385
1657065604.428251,1.2_update_frames_calculate_estimate,0.024
1657065604.428251,1.2_update_frames_state_copy,0.009
1657065604.428251,1.2_update_frames_sigma_p,0.021
1657065604.428251,1.2_update_frames_icp_quality,0.207
1657065604.428251,1.2_update_frames,0.394
1657065604.404246,2.1_gnss_araim,0.715
1657065604.428251,2.2_lidar_araim,0.019
1657065604.428251,2.3_dynamic_al,0.000
1657065604.428251,2.3_state_machine,0.016
1657065604.428251,2.3_integrity_total,0.825
1657065604.428251,1.2_odom_insert_frame,13.404
1657065604.528278,1.1_pointcloud_extract,0.005
1657065604.528278,1.1_cloud_preprocess,0.218
1657065604.528278,1.1_ros_callback_total,0.283
1657065604.528278,1.2_imu_integration,0.090
1657065604.528278,1.2_pointcloud_deskew,0.010
1657065604.528278,1.2_covariance_estimation,0.185
1657065604.528278,1.2_create_factors,0.246
1657065604.528278,1.2_smoother_update,12.958
1657065604.528278,1.3_gnss_injection,0.512
1657065604.528278,1.2_update_frames_calculate_estimate,0.035
1657065604.528278,1.2_update_frames_state_copy,0.012
1657065604.528278,1.2_update_frames_sigma_p,0.048
1657065604.528278,1.2_update_frames_icp_quality,0.242
1657065604.528278,1.2_update_frames,0.494
1657065604.504280,2.1_gnss_araim,0.752
1657065604.528278,2.2_lidar_araim,0.020
1657065604.528278,2.3_dynamic_al,0.000
1657065604.528278,2.3_state_machine,0.017
1657065604.528278,2.3_integrity_total,0.868
1657065604.528278,1.2_odom_insert_frame,16.613
1657065604.628292,1.1_pointcloud_extract,0.004
1657065604.628292,1.1_cloud_preprocess,0.227
1657065604.628292,1.1_ros_callback_total,0.289
1657065604.628292,1.2_imu_integration,0.090
1657065604.628292,1.2_pointcloud_deskew,0.010
1657065604.628292,1.2_covariance_estimation,0.186
1657065604.628292,1.2_create_factors,0.241
1657065604.628292,1.2_smoother_update,1.479
1657065604.628292,1.3_gnss_injection,0.484
1657065604.628292,1.2_update_frames_calculate_estimate,0.029
1657065604.628292,1.2_update_frames_state_copy,0.010
1657065604.628292,1.2_update_frames_sigma_p,0.052
1657065604.628292,1.2_update_frames_icp_quality,0.220
1657065604.628292,1.2_update_frames,0.447
1657065604.604292,2.1_gnss_araim,0.751
1657065604.628292,2.2_lidar_araim,0.018
1657065604.628292,2.3_dynamic_al,0.000
1657065604.628292,2.3_state_machine,0.016
1657065604.628292,2.3_integrity_total,0.854
1657065604.628292,1.2_odom_insert_frame,4.996
1657065604.728273,1.1_pointcloud_extract,0.005
1657065604.728273,1.1_cloud_preprocess,0.200
1657065604.728273,1.1_ros_callback_total,0.263
1657065604.728273,1.2_imu_integration,0.075
1657065604.728273,1.2_pointcloud_deskew,0.011
1657065604.728273,1.2_covariance_estimation,0.103
1657065604.728273,1.2_create_factors,0.196
1657065604.728273,1.2_smoother_update,11.594
1657065604.728273,1.3_gnss_injection,0.398
1657065604.728273,1.2_update_frames_calculate_estimate,0.027
1657065604.728273,1.2_update_frames_state_copy,0.009
1657065604.728273,1.2_update_frames_sigma_p,0.042
1657065604.728273,1.2_update_frames_icp_quality,0.214
1657065604.728273,1.2_update_frames,0.526
1657065604.704272,2.1_gnss_araim,0.689
1657065604.728273,2.2_lidar_araim,0.018
1657065604.728273,2.3_dynamic_al,0.000
1657065604.728273,2.3_state_machine,0.016
1657065604.728273,2.3_integrity_total,0.797
1657065604.728273,1.2_odom_insert_frame,14.670
1657065604.828274,1.1_pointcloud_extract,0.005
1657065604.828274,1.1_cloud_preprocess,0.220
1657065604.828274,1.1_ros_callback_total,0.285
1657065604.828274,1.2_imu_integration,0.080
1657065604.828274,1.2_pointcloud_deskew,0.011
1657065604.828274,1.2_covariance_estimation,0.128
1657065604.828274,1.2_create_factors,0.197
1657065604.828274,1.2_smoother_update,1.387
1657065604.828274,1.3_gnss_injection,0.381
1657065604.828274,1.2_update_frames_calculate_estimate,0.024
1657065604.828274,1.2_update_frames_state_copy,0.009
1657065604.828274,1.2_update_frames_sigma_p,0.042
1657065604.828274,1.2_update_frames_icp_quality,0.268
1657065604.828274,1.2_update_frames,0.470
1657065604.804310,2.1_gnss_araim,0.653
1657065604.828274,2.2_lidar_araim,0.018
1657065604.828274,2.3_dynamic_al,0.000
1657065604.828274,2.3_state_machine,0.016
1657065604.828274,2.3_integrity_total,0.758
1657065604.828274,1.2_odom_insert_frame,4.447
1657065604.928294,1.1_pointcloud_extract,0.004
1657065604.928294,1.1_cloud_preprocess,0.229
1657065604.928294,1.1_ros_callback_total,0.278
1657065604.928294,1.2_imu_integration,0.092
1657065604.928294,1.2_pointcloud_deskew,0.010
1657065604.928294,1.2_covariance_estimation,0.428
1657065604.928294,1.2_create_factors,0.236
1657065604.928294,1.2_smoother_update,16.225
1657065604.928294,1.3_gnss_injection,0.535
1657065604.928294,1.2_update_frames_calculate_estimate,0.040
1657065604.928294,1.2_update_frames_state_copy,0.013
1657065604.928294,1.2_update_frames_sigma_p,0.026
1657065604.928294,1.2_update_frames_icp_quality,0.252
1657065604.928294,1.2_update_frames,0.494
1657065604.904289,2.1_gnss_araim,0.657
1657065604.928294,2.2_lidar_araim,0.020
1657065604.928294,2.3_dynamic_al,0.000
1657065604.928294,2.3_state_machine,0.017
1657065604.928294,2.3_integrity_total,0.778
1657065604.928294,1.2_odom_insert_frame,20.130
1657065605.028276,1.1_pointcloud_extract,0.004
1657065605.028276,1.1_cloud_preprocess,0.221
1657065605.028276,1.1_ros_callback_total,0.278
1657065605.028276,1.2_imu_integration,0.089
1657065605.028276,1.2_pointcloud_deskew,0.010
1657065605.028276,1.2_covariance_estimation,0.113
1657065605.028276,1.2_create_factors,0.250
1657065605.028276,1.2_smoother_update,15.925
1657065605.028276,1.3_gnss_injection,0.534
1657065605.028276,1.2_update_frames_calculate_estimate,0.041
1657065605.028276,1.2_update_frames_state_copy,0.014
1657065605.028276,1.2_update_frames_sigma_p,0.050
1657065605.028276,1.2_update_frames_icp_quality,0.380
1657065605.028276,1.2_update_frames,0.653
1657065605.004256,2.1_gnss_araim,0.801
1657065605.028276,2.2_lidar_araim,0.018
1657065605.028276,2.3_dynamic_al,0.000
1657065605.028276,2.3_state_machine,0.017
1657065605.028276,2.3_integrity_total,0.902
1657065605.028276,1.2_odom_insert_frame,19.830
1657065605.128247,1.1_pointcloud_extract,0.004
1657065605.128247,1.1_cloud_preprocess,0.217
1657065605.128247,1.1_ros_callback_total,0.270
1657065605.128247,1.2_imu_integration,0.147
1657065605.128247,1.2_pointcloud_deskew,0.012
1657065605.128247,1.2_covariance_estimation,0.423
1657065605.128247,1.2_create_factors,0.511
1657065605.128247,1.2_smoother_update,1.318
1657065605.128247,1.3_gnss_injection,0.387
1657065605.128247,1.2_update_frames_calculate_estimate,0.027
1657065605.128247,1.2_update_frames_state_copy,0.010
1657065605.128247,1.2_update_frames_sigma_p,0.044
1657065605.128247,1.2_update_frames_icp_quality,0.184
1657065605.128247,1.2_update_frames,0.338
1657065605.104221,2.1_gnss_araim,0.863
1657065605.128247,2.2_lidar_araim,0.018
1657065605.128247,2.3_dynamic_al,0.000
1657065605.128247,2.3_state_machine,0.016
1657065605.128247,2.3_integrity_total,0.971
1657065605.128247,1.2_odom_insert_frame,5.091
1657065605.228257,1.1_pointcloud_extract,0.005
1657065605.228257,1.1_cloud_preprocess,0.211
1657065605.228257,1.1_ros_callback_total,0.274
1657065605.228257,1.2_imu_integration,0.145
1657065605.228257,1.2_pointcloud_deskew,0.011
1657065605.228257,1.2_covariance_estimation,0.255
1657065605.228257,1.2_create_factors,0.196
1657065605.228257,1.2_smoother_update,14.490
1657065605.228257,1.3_gnss_injection,0.415
1657065605.228257,1.2_update_frames_calculate_estimate,0.031
1657065605.228257,1.2_update_frames_state_copy,0.011
1657065605.228257,1.2_update_frames_sigma_p,0.042
1657065605.228257,1.2_update_frames_icp_quality,0.220
1657065605.228257,1.2_update_frames,0.447
1657065605.204252,2.1_gnss_araim,0.853
1657065605.228257,2.2_lidar_araim,0.017
1657065605.228257,2.3_dynamic_al,0.000
1657065605.228257,2.3_state_machine,0.017
1657065605.228257,2.3_integrity_total,0.958
1657065605.228257,1.2_odom_insert_frame,17.920
1657065605.328298,1.1_pointcloud_extract,0.004
1657065605.328298,1.1_cloud_preprocess,0.226
1657065605.328298,1.1_ros_callback_total,0.279
1657065605.328298,1.2_imu_integration,0.090
1657065605.328298,1.2_pointcloud_deskew,0.010
1657065605.328298,1.2_covariance_estimation,0.268
1657065605.328298,1.2_create_factors,0.212
1657065605.328298,1.2_smoother_update,1.265
1657065605.328298,1.3_gnss_injection,0.426
1657065605.328298,1.2_update_frames_calculate_estimate,0.031
1657065605.328298,1.2_update_frames_state_copy,0.010
1657065605.328298,1.2_update_frames_sigma_p,0.044
1657065605.328298,1.2_update_frames_icp_quality,0.200
1657065605.328298,1.2_update_frames,0.419
1657065605.304233,2.1_gnss_araim,0.645
1657065605.328298,2.2_lidar_araim,0.018
1657065605.328298,2.3_dynamic_al,0.000
1657065605.328298,2.3_state_machine,0.021
1657065605.328298,2.3_integrity_total,0.749
1657065605.328298,1.2_odom_insert_frame,4.494
1657065605.428283,1.1_pointcloud_extract,0.005
1657065605.428283,1.1_cloud_preprocess,0.221
1657065605.428283,1.1_ros_callback_total,0.293
1657065605.428283,1.2_imu_integration,0.090
1657065605.428283,1.2_pointcloud_deskew,0.010
1657065605.428283,1.2_covariance_estimation,0.114
1657065605.428283,1.2_create_factors,0.233
1657065605.428283,1.2_smoother_update,20.201
1657065605.428283,1.3_gnss_injection,0.602
1657065605.428283,1.2_update_frames_calculate_estimate,0.049
1657065605.428283,1.2_update_frames_state_copy,0.015
1657065605.428283,1.2_update_frames_sigma_p,0.028
1657065605.428283,1.2_update_frames_icp_quality,0.252
1657065605.428283,1.2_update_frames,0.513
1657065605.404269,2.1_gnss_araim,0.786
1657065605.428283,2.2_lidar_araim,0.018
1657065605.428283,2.3_dynamic_al,0.000
1657065605.428283,2.3_state_machine,0.016
1657065605.428283,2.3_integrity_total,0.879
1657065605.428283,1.2_odom_insert_frame,24.058
1657065605.528277,1.1_pointcloud_extract,0.004
1657065605.528277,1.1_cloud_preprocess,0.235
1657065605.528277,1.1_ros_callback_total,0.309
1657065605.528277,1.2_imu_integration,0.091
1657065605.528277,1.2_pointcloud_deskew,0.012
1657065605.528277,1.2_covariance_estimation,0.114
1657065605.528277,1.2_create_factors,0.235
1657065605.528277,1.2_smoother_update,18.817
1657065605.528277,1.3_gnss_injection,0.573
1657065605.528277,1.2_update_frames_calculate_estimate,0.050
1657065605.528277,1.2_update_frames_state_copy,0.015
1657065605.528277,1.2_update_frames_sigma_p,0.053
1657065605.528277,1.2_update_frames_icp_quality,0.252
1657065605.528277,1.2_update_frames,0.542
1657065605.504286,2.1_gnss_araim,0.773
1657065605.528277,2.2_lidar_araim,0.018
1657065605.528277,2.3_dynamic_al,0.001
1657065605.528277,2.3_state_machine,0.017
1657065605.528277,2.3_integrity_total,0.883
1657065605.528277,1.2_odom_insert_frame,22.737
1657065605.628295,1.1_pointcloud_extract,0.005
1657065605.628295,1.1_cloud_preprocess,0.213
1657065605.628295,1.1_ros_callback_total,0.323
1657065605.628295,1.2_imu_integration,0.094
1657065605.628295,1.2_pointcloud_deskew,0.011
1657065605.628295,1.2_covariance_estimation,0.101
1657065605.628295,1.2_create_factors,0.241
1657065605.628295,1.2_smoother_update,1.645
1657065605.628295,1.3_gnss_injection,0.565
1657065605.628295,1.2_update_frames_calculate_estimate,0.042
1657065605.628295,1.2_update_frames_state_copy,0.018
1657065605.628295,1.2_update_frames_sigma_p,0.054
1657065605.628295,1.2_update_frames_icp_quality,0.241
1657065605.628295,1.2_update_frames,0.509
1657065605.604283,2.1_gnss_araim,0.727
1657065605.628295,2.2_lidar_araim,0.019
1657065605.628295,2.3_dynamic_al,0.000
1657065605.628295,2.3_state_machine,0.018
1657065605.628295,2.3_integrity_total,0.841
1657065605.628295,1.2_odom_insert_frame,5.437
1657065605.729289,1.1_pointcloud_extract,0.005
1657065605.729289,1.1_cloud_preprocess,0.218
1657065605.729289,1.1_ros_callback_total,0.284
1657065605.729289,1.2_imu_integration,0.091
1657065605.729289,1.2_pointcloud_deskew,0.010
1657065605.729289,1.2_covariance_estimation,0.256
1657065605.729289,1.2_create_factors,0.205
1657065605.729289,1.2_smoother_update,16.944
1657065605.729289,1.3_gnss_injection,0.440
1657065605.729289,1.2_update_frames_calculate_estimate,0.033
1657065605.729289,1.2_update_frames_state_copy,0.014
1657065605.729289,1.2_update_frames_sigma_p,0.042
1657065605.729289,1.2_update_frames_icp_quality,0.213
1657065605.729289,1.2_update_frames,0.444
1657065605.704270,2.1_gnss_araim,1.026
1657065605.729289,2.2_lidar_araim,0.014
1657065605.729289,2.3_dynamic_al,0.000
1657065605.729289,2.3_state_machine,0.015
1657065605.729289,2.3_integrity_total,1.113
1657065605.729289,1.2_odom_insert_frame,20.603
1657065605.828305,1.1_pointcloud_extract,0.005
1657065605.828305,1.1_cloud_preprocess,0.212
1657065605.828305,1.1_ros_callback_total,0.279
1657065605.828305,1.2_imu_integration,0.089
1657065605.828305,1.2_pointcloud_deskew,0.009
1657065605.828305,1.2_covariance_estimation,0.112
1657065605.828305,1.2_create_factors,0.245
1657065605.828305,1.2_smoother_update,1.672
1657065605.828305,1.3_gnss_injection,0.610
1657065605.828305,1.2_update_frames_calculate_estimate,0.045
1657065605.828305,1.2_update_frames_state_copy,0.015
1657065605.828305,1.2_update_frames_sigma_p,0.054
1657065605.828305,1.2_update_frames_icp_quality,0.238
1657065605.828305,1.2_update_frames,0.501
1657065605.804314,2.1_gnss_araim,0.847
1657065605.828305,2.2_lidar_araim,0.018
1657065605.828305,2.3_dynamic_al,0.001
1657065605.828305,2.3_state_machine,0.019
1657065605.828305,2.3_integrity_total,0.963
1657065605.828305,1.2_odom_insert_frame,5.932
1657065605.928290,1.1_pointcloud_extract,0.004
1657065605.928290,1.1_cloud_preprocess,0.214
1657065605.928290,1.1_ros_callback_total,0.285
1657065605.928290,1.2_imu_integration,0.088
1657065605.928290,1.2_pointcloud_deskew,0.009
1657065605.928290,1.2_covariance_estimation,0.229
1657065605.928290,1.2_create_factors,0.231
1657065605.928290,1.2_smoother_update,1.862
1657065605.928290,1.3_gnss_injection,0.371
1657065605.928290,1.2_update_frames_calculate_estimate,0.046
1657065605.928290,1.2_update_frames_state_copy,0.015
1657065605.928290,1.2_update_frames_sigma_p,0.053
1657065605.928290,1.2_update_frames_icp_quality,0.406
1657065605.928290,1.2_update_frames,0.666
1657065605.904289,2.1_gnss_araim,0.688
1657065605.928290,2.2_lidar_araim,0.018
1657065605.928290,2.3_dynamic_al,0.000
1657065605.928290,2.3_state_machine,0.017
1657065605.928290,2.3_integrity_total,0.802
1657065605.928290,1.2_odom_insert_frame,5.882
1657065606.028278,1.1_pointcloud_extract,0.005
1657065606.028278,1.1_cloud_preprocess,0.229
1657065606.028278,1.1_ros_callback_total,0.295
1657065606.028278,1.2_imu_integration,0.126
1657065606.028278,1.2_pointcloud_deskew,0.011
1657065606.028278,1.2_covariance_estimation,0.200
1657065606.028278,1.2_create_factors,0.201
1657065606.028278,1.2_smoother_update,1.328
1657065606.028278,1.3_gnss_injection,0.446
1657065606.028278,1.2_update_frames_calculate_estimate,0.034
1657065606.028278,1.2_update_frames_state_copy,0.011
1657065606.028278,1.2_update_frames_sigma_p,0.043
1657065606.028278,1.2_update_frames_icp_quality,0.198
1657065606.028278,1.2_update_frames,0.415
1657065606.004295,2.1_gnss_araim,0.666
1657065606.028278,2.2_lidar_araim,0.018
1657065606.028278,2.3_dynamic_al,0.000
1657065606.028278,2.3_state_machine,0.027
1657065606.028278,2.3_integrity_total,0.784
1657065606.028278,1.2_odom_insert_frame,4.550
1657065606.128274,1.1_pointcloud_extract,0.004
1657065606.128274,1.1_cloud_preprocess,0.214
1657065606.128274,1.1_ros_callback_total,0.276
1657065606.128274,1.2_imu_integration,0.090
1657065606.128274,1.2_pointcloud_deskew,0.009
1657065606.128274,1.2_covariance_estimation,0.198
1657065606.128274,1.2_create_factors,0.201
1657065606.128274,1.2_smoother_update,1.368
1657065606.128274,1.3_gnss_injection,0.449
1657065606.128274,1.2_update_frames_calculate_estimate,0.035
1657065606.128274,1.2_update_frames_state_copy,0.013
1657065606.128274,1.2_update_frames_sigma_p,0.044
1657065606.128274,1.2_update_frames_icp_quality,0.437
1657065606.128274,1.2_update_frames,0.660
1657065606.104275,2.1_gnss_araim,0.659
1657065606.128274,2.2_lidar_araim,0.017
1657065606.128274,2.3_dynamic_al,0.000
1657065606.128274,2.3_state_machine,0.017
1657065606.128274,2.3_integrity_total,0.766
1657065606.128274,1.2_odom_insert_frame,5.238
1657065606.228234,1.1_pointcloud_extract,0.008
1657065606.228234,1.1_cloud_preprocess,0.243
1657065606.228234,1.1_ros_callback_total,0.303
1657065606.228234,1.2_imu_integration,0.090
1657065606.228234,1.2_pointcloud_deskew,0.009
1657065606.228234,1.2_covariance_estimation,0.308
1657065606.228234,1.2_create_factors,0.319
1657065606.228234,1.2_smoother_update,26.474
1657065606.228234,1.3_gnss_injection,0.656
1657065606.228234,1.2_update_frames_calculate_estimate,0.060
1657065606.228234,1.2_update_frames_state_copy,0.018
1657065606.228234,1.2_update_frames_sigma_p,0.053
1657065606.228234,1.2_update_frames_icp_quality,0.255
1657065606.228234,1.2_update_frames,0.554
1657065606.204247,2.1_gnss_araim,0.848
1657065606.228234,2.2_lidar_araim,0.014
1657065606.228234,2.3_dynamic_al,0.000
1657065606.228234,2.3_state_machine,0.014
1657065606.228234,2.3_integrity_total,0.939
1657065606.228234,1.2_odom_insert_frame,30.900
1657065606.328211,1.1_pointcloud_extract,0.004
1657065606.328211,1.1_cloud_preprocess,0.222
1657065606.328211,1.1_ros_callback_total,0.274
1657065606.328211,1.2_imu_integration,0.090
1657065606.328211,1.2_pointcloud_deskew,0.010
1657065606.328211,1.2_covariance_estimation,0.179
1657065606.328211,1.2_create_factors,0.240
1657065606.328211,1.2_smoother_update,1.911
1657065606.328211,1.3_gnss_injection,0.674
1657065606.328211,1.2_update_frames_calculate_estimate,0.060
1657065606.328211,1.2_update_frames_state_copy,0.017
1657065606.328211,1.2_update_frames_sigma_p,0.062
1657065606.328211,1.2_update_frames_icp_quality,0.329
1657065606.328211,1.2_update_frames,0.638
1657065606.304224,2.1_gnss_araim,0.652
1657065606.328211,2.2_lidar_araim,0.020
1657065606.328211,2.3_dynamic_al,0.000
1657065606.328211,2.3_state_machine,0.020
1657065606.328211,2.3_integrity_total,0.766
1657065606.328211,1.2_odom_insert_frame,6.160
1657065606.428218,1.1_pointcloud_extract,0.005
1657065606.428218,1.1_cloud_preprocess,0.222
1657065606.428218,1.1_ros_callback_total,0.303
1657065606.428218,1.2_imu_integration,0.092
1657065606.428218,1.2_pointcloud_deskew,0.011
1657065606.428218,1.2_covariance_estimation,0.238
1657065606.428218,1.2_create_factors,0.442
1657065606.428218,1.2_smoother_update,28.427
1657065606.428218,1.3_gnss_injection,0.725
1657065606.428218,1.2_update_frames_calculate_estimate,0.056
1657065606.428218,1.2_update_frames_state_copy,0.018
1657065606.428218,1.2_update_frames_sigma_p,0.029
1657065606.428218,1.2_update_frames_icp_quality,0.266
1657065606.428218,1.2_update_frames,0.548
1657065606.404277,2.1_gnss_araim,0.854
1657065606.428218,2.2_lidar_araim,0.016
1657065606.428218,2.3_dynamic_al,0.000
1657065606.428218,2.3_state_machine,0.017
1657065606.428218,2.3_integrity_total,0.957
1657065606.428218,1.2_odom_insert_frame,33.085
1657065606.528275,1.1_pointcloud_extract,0.004
1657065606.528275,1.1_cloud_preprocess,0.225
1657065606.528275,1.1_ros_callback_total,0.289
1657065606.528275,1.2_imu_integration,0.083
1657065606.528275,1.2_pointcloud_deskew,0.012
1657065606.528275,1.2_covariance_estimation,0.174
1657065606.528275,1.2_create_factors,0.245
1657065606.528275,1.2_smoother_update,26.428
1657065606.528275,1.3_gnss_injection,0.675
1657065606.528275,1.2_update_frames_calculate_estimate,0.062
1657065606.528275,1.2_update_frames_state_copy,0.019
1657065606.528275,1.2_update_frames_sigma_p,0.054
1657065606.528275,1.2_update_frames_icp_quality,0.256
1657065606.528275,1.2_update_frames,0.567
1657065606.504317,2.1_gnss_araim,0.817
1657065606.528275,2.2_lidar_araim,0.020
1657065606.528275,2.3_dynamic_al,0.000
1657065606.528275,2.3_state_machine,0.019
1657065606.528275,2.3_integrity_total,0.913
1657065606.528275,1.2_odom_insert_frame,30.964
1657065606.628233,1.1_pointcloud_extract,0.004
1657065606.628233,1.1_cloud_preprocess,0.216
1657065606.628233,1.1_ros_callback_total,0.291
1657065606.628233,1.2_imu_integration,0.073
1657065606.628233,1.2_pointcloud_deskew,0.011
1657065606.628233,1.2_covariance_estimation,1.423
1657065606.628233,1.2_create_factors,0.289
1657065606.628233,1.2_smoother_update,2.095
1657065606.628233,1.3_gnss_injection,0.490
1657065606.628233,1.2_update_frames_calculate_estimate,0.040
1657065606.628233,1.2_update_frames_state_copy,0.013
1657065606.628233,1.2_update_frames_sigma_p,0.045
1657065606.628233,1.2_update_frames_icp_quality,0.202
1657065606.628233,1.2_update_frames,0.432
1657065606.604240,2.1_gnss_araim,0.672
1657065606.628233,2.2_lidar_araim,0.017
1657065606.628233,2.3_dynamic_al,0.000
1657065606.628233,2.3_state_machine,0.017
1657065606.628233,2.3_integrity_total,0.779
1657065606.628233,1.2_odom_insert_frame,7.670
1657065606.728275,1.1_pointcloud_extract,0.004
1657065606.728275,1.1_cloud_preprocess,0.197
1657065606.728275,1.1_ros_callback_total,0.248
1657065606.728275,1.2_imu_integration,0.079
1657065606.728275,1.2_pointcloud_deskew,0.011
1657065606.728275,1.2_covariance_estimation,0.089
1657065606.728275,1.2_create_factors,0.212
1657065606.728275,1.2_smoother_update,23.601
1657065606.728275,1.3_gnss_injection,0.543
1657065606.728275,1.2_update_frames_calculate_estimate,0.045
1657065606.728275,1.2_update_frames_state_copy,0.013
1657065606.728275,1.2_update_frames_sigma_p,0.037
1657065606.728275,1.2_update_frames_icp_quality,0.220
1657065606.728275,1.2_update_frames,0.465
1657065606.704262,2.1_gnss_araim,0.826
1657065606.728275,2.2_lidar_araim,0.018
1657065606.728275,2.3_dynamic_al,0.000
1657065606.728275,2.3_state_machine,0.013
1657065606.728275,2.3_integrity_total,0.933
1657065606.728275,1.2_odom_insert_frame,27.162
1657065601.728288,1.4_sub_map_insert,2.140
1657065606.828278,1.1_pointcloud_extract,0.004
1657065606.828278,1.1_cloud_preprocess,0.204
1657065606.828278,1.1_ros_callback_total,0.262
1657065606.828278,1.2_imu_integration,0.091
1657065606.828278,1.2_pointcloud_deskew,0.010
1657065606.828278,1.2_covariance_estimation,0.301
1657065606.828278,1.2_create_factors,0.284
1657065606.828278,1.2_smoother_update,23.503
1657065606.828278,1.3_gnss_injection,0.529
1657065606.828278,1.2_update_frames_calculate_estimate,0.043
1657065606.828278,1.2_update_frames_state_copy,0.014
1657065606.828278,1.2_update_frames_sigma_p,0.022
1657065606.828278,1.2_update_frames_icp_quality,0.219
1657065606.828278,1.2_update_frames,0.440
1657065606.804295,2.1_gnss_araim,0.820
1657065606.828278,2.2_lidar_araim,0.014
1657065606.828278,2.3_dynamic_al,0.000
1657065606.828278,2.3_state_machine,0.015
1657065606.828278,2.3_integrity_total,0.904
1657065606.828278,1.2_odom_insert_frame,27.767
1657065606.928294,1.1_pointcloud_extract,0.004
1657065606.928294,1.1_cloud_preprocess,0.208
1657065606.928294,1.1_ros_callback_total,0.278
1657065606.928294,1.2_imu_integration,0.091
1657065606.928294,1.2_pointcloud_deskew,0.011
1657065606.928294,1.2_covariance_estimation,0.192
1657065606.928294,1.2_create_factors,0.241
1657065606.928294,1.2_smoother_update,26.547
1657065606.928294,1.3_gnss_injection,0.411
1657065606.928294,1.2_update_frames_calculate_estimate,0.069
1657065606.928294,1.2_update_frames_state_copy,0.019
1657065606.928294,1.2_update_frames_sigma_p,0.033
1657065606.928294,1.2_update_frames_icp_quality,0.425
1657065606.928294,1.2_update_frames,0.764
1657065606.904269,2.1_gnss_araim,0.838
1657065606.928294,2.2_lidar_araim,0.019
1657065606.928294,2.3_dynamic_al,0.000
1657065606.928294,2.3_state_machine,0.018
1657065606.928294,2.3_integrity_total,0.944
1657065606.928294,1.2_odom_insert_frame,30.975
1657065601.928284,1.4_sub_map_insert,3.237
1657065607.028228,1.1_pointcloud_extract,0.004
1657065607.028228,1.1_cloud_preprocess,0.192
1657065607.028228,1.1_ros_callback_total,0.248
1657065607.028228,1.2_imu_integration,0.093
1657065607.028228,1.2_pointcloud_deskew,0.010
1657065607.028228,1.2_covariance_estimation,0.174
1657065607.028228,1.2_create_factors,0.248
1657065607.028228,1.2_smoother_update,5.887
1657065607.028228,1.3_gnss_injection,0.677
1657065607.028228,1.2_update_frames_calculate_estimate,0.071
1657065607.028228,1.2_update_frames_state_copy,0.021
1657065607.028228,1.2_update_frames_sigma_p,0.048
1657065607.028228,1.2_update_frames_icp_quality,0.260
1657065607.028228,1.2_update_frames,0.572
1657065607.004246,2.1_gnss_araim,0.899
1657065607.028228,2.2_lidar_araim,0.020
1657065607.028228,2.3_dynamic_al,0.000
1657065607.028228,2.3_state_machine,0.018
1657065607.028228,2.3_integrity_total,1.017
1657065607.028228,1.2_odom_insert_frame,10.745
1657065602.128217,1.4_sub_map_insert,1.383
1657065607.128220,1.1_pointcloud_extract,0.005
1657065607.128220,1.1_cloud_preprocess,0.184
1657065607.128220,1.1_ros_callback_total,0.259
1657065607.128220,1.2_imu_integration,0.085
1657065607.128220,1.2_pointcloud_deskew,0.011
1657065607.128220,1.2_covariance_estimation,0.217
1657065607.128220,1.2_create_factors,0.330
1657065607.128220,1.2_smoother_update,20.786
1657065607.128220,1.3_gnss_injection,0.498
1657065607.128220,1.2_update_frames_calculate_estimate,0.043
1657065607.128220,1.2_update_frames_state_copy,0.014
1657065607.128220,1.2_update_frames_sigma_p,0.022
1657065607.128220,1.2_update_frames_icp_quality,0.221
1657065607.128220,1.2_update_frames,0.440
1657065607.104262,2.1_gnss_araim,0.679
1657065607.128220,2.2_lidar_araim,0.023
1657065607.128220,2.3_dynamic_al,0.000
1657065607.128220,2.3_state_machine,0.027
1657065607.128220,2.3_integrity_total,0.800
1657065607.128220,1.2_odom_insert_frame,24.445
1657065607.228240,1.1_pointcloud_extract,0.005
1657065607.228240,1.1_cloud_preprocess,0.214
1657065607.228240,1.1_ros_callback_total,0.284
1657065607.228240,1.2_imu_integration,0.157
1657065607.228240,1.2_pointcloud_deskew,0.013
1657065607.228240,1.2_covariance_estimation,0.127
1657065607.228240,1.2_create_factors,0.343
1657065607.228240,1.2_smoother_update,20.218
1657065607.228240,1.3_gnss_injection,0.529
1657065607.228240,1.2_update_frames_calculate_estimate,0.044
1657065607.228240,1.2_update_frames_state_copy,0.014
1657065607.228240,1.2_update_frames_sigma_p,0.022
1657065607.228240,1.2_update_frames_icp_quality,0.231
1657065607.228240,1.2_update_frames,0.451
1657065607.204265,2.1_gnss_araim,0.948
1657065607.228240,2.2_lidar_araim,0.014
1657065607.228240,2.3_dynamic_al,0.000
1657065607.228240,2.3_state_machine,0.016
1657065607.228240,2.3_integrity_total,1.036
1657065607.228240,1.2_odom_insert_frame,24.198
1657065602.228224,1.4_sub_map_insert,1.416
1657065607.328274,1.1_pointcloud_extract,0.005
1657065607.328274,1.1_cloud_preprocess,0.204
1657065607.328274,1.1_ros_callback_total,0.288
1657065607.328274,1.2_imu_integration,0.092
1657065607.328274,1.2_pointcloud_deskew,0.010
1657065607.328274,1.2_covariance_estimation,0.181
1657065607.328274,1.2_create_factors,0.266
1657065607.328274,1.2_smoother_update,25.950
1657065607.328274,1.3_gnss_injection,0.671
1657065607.328274,1.2_update_frames_calculate_estimate,0.072
1657065607.328274,1.2_update_frames_state_copy,0.018
1657065607.328274,1.2_update_frames_sigma_p,0.032
1657065607.328274,1.2_update_frames_icp_quality,0.265
1657065607.328274,1.2_update_frames,0.560
1657065607.304284,2.1_gnss_araim,0.960
1657065607.328274,2.2_lidar_araim,0.020
1657065607.328274,2.3_dynamic_al,0.000
1657065607.328274,2.3_state_machine,0.024
1657065607.328274,2.3_integrity_total,1.073
1657065607.328274,1.2_odom_insert_frame,30.714
1657065602.328271,1.4_sub_map_insert,1.438
1657065607.428308,1.1_pointcloud_extract,0.004
1657065607.428308,1.1_cloud_preprocess,0.206
1657065607.428308,1.1_ros_callback_total,0.265
1657065607.428308,1.2_imu_integration,0.075
1657065607.428308,1.2_pointcloud_deskew,0.011
1657065607.428308,1.2_covariance_estimation,0.134
1657065607.428308,1.2_create_factors,0.216
1657065607.428308,1.2_smoother_update,20.811
1657065607.428308,1.3_gnss_injection,0.326
1657065607.428308,1.2_update_frames_calculate_estimate,0.044
1657065607.428308,1.2_update_frames_state_copy,0.014
1657065607.428308,1.2_update_frames_sigma_p,0.023
1657065607.428308,1.2_update_frames_icp_quality,0.219
1657065607.428308,1.2_update_frames,0.442
1657065607.404272,2.1_gnss_araim,0.760
1657065607.428308,2.2_lidar_araim,0.019
1657065607.428308,2.3_dynamic_al,0.000
1657065607.428308,2.3_state_machine,0.017
1657065607.428308,2.3_integrity_total,0.863
1657065607.428308,1.2_odom_insert_frame,24.217
1657065602.428275,1.4_sub_map_insert,3.059
1657065607.528290,1.1_pointcloud_extract,0.004
1657065607.528290,1.1_cloud_preprocess,0.187
1657065607.528290,1.1_ros_callback_total,0.251
1657065607.528290,1.2_imu_integration,0.091
1657065607.528290,1.2_pointcloud_deskew,0.013
1657065607.528290,1.2_covariance_estimation,0.238
1657065607.528290,1.2_create_factors,0.679
1657065607.528290,1.2_smoother_update,26.028
1657065607.528290,1.3_gnss_injection,0.661
1657065607.528290,1.2_update_frames_calculate_estimate,0.068
1657065607.528290,1.2_update_frames_state_copy,0.019
1657065607.528290,1.2_update_frames_sigma_p,0.035
1657065607.528290,1.2_update_frames_icp_quality,0.265
1657065607.528290,1.2_update_frames,0.551
1657065607.504258,2.1_gnss_araim,0.897
1657065607.528290,2.2_lidar_araim,0.019
1657065607.528290,2.3_dynamic_al,0.000
1657065607.528290,2.3_state_machine,0.017
1657065607.528290,2.3_integrity_total,0.999
1657065607.528290,1.2_odom_insert_frame,31.223
1657065602.628261,1.4_sub_map_insert,1.762
1657065607.628276,1.1_pointcloud_extract,0.004
1657065607.628276,1.1_cloud_preprocess,0.169
1657065607.628276,1.1_ros_callback_total,0.223
1657065607.628276,1.2_imu_integration,0.072
1657065607.628276,1.2_pointcloud_deskew,0.026
1657065607.628276,1.2_covariance_estimation,0.082
1657065607.628276,1.2_create_factors,0.290
1657065607.628276,1.2_smoother_update,19.898
1657065607.628276,1.3_gnss_injection,0.484
1657065607.628276,1.2_update_frames_calculate_estimate,0.041
1657065607.628276,1.2_update_frames_state_copy,0.014
1657065607.628276,1.2_update_frames_sigma_p,0.023
1657065607.628276,1.2_update_frames_icp_quality,0.518
1657065607.628276,1.2_update_frames,0.737
1657065607.604271,2.1_gnss_araim,0.746
1657065607.628276,2.2_lidar_araim,0.019
1657065607.628276,2.3_dynamic_al,0.000
1657065607.628276,2.3_state_machine,0.023
1657065607.628276,2.3_integrity_total,0.854
1657065607.628276,1.2_odom_insert_frame,23.820
1657065602.728272,1.4_sub_map_insert,1.673
1657065607.728274,1.1_pointcloud_extract,0.005
1657065607.728274,1.1_cloud_preprocess,0.227
1657065607.728274,1.1_ros_callback_total,0.297
1657065607.728274,1.2_imu_integration,0.091
1657065607.728274,1.2_pointcloud_deskew,0.011
1657065607.728274,1.2_covariance_estimation,0.258
1657065607.728274,1.2_create_factors,0.242
1657065607.728274,1.2_smoother_update,25.308
1657065607.728274,1.3_gnss_injection,0.682
1657065607.728274,1.2_update_frames_calculate_estimate,0.068
1657065607.728274,1.2_update_frames_state_copy,0.019
1657065607.728274,1.2_update_frames_sigma_p,0.031
1657065607.728274,1.2_update_frames_icp_quality,0.335
1657065607.728274,1.2_update_frames,0.625
1657065607.704284,2.1_gnss_araim,0.664
1657065607.728274,2.2_lidar_araim,0.021
1657065607.728274,2.3_dynamic_al,0.000
1657065607.728274,2.3_state_machine,0.018
1657065607.728274,2.3_integrity_total,0.785
1657065607.728274,1.2_odom_insert_frame,30.161
1657065607.828218,1.1_pointcloud_extract,0.004
1657065607.828218,1.1_cloud_preprocess,0.188
1657065607.828218,1.1_ros_callback_total,0.258
1657065607.828218,1.2_imu_integration,0.081
1657065607.828218,1.2_pointcloud_deskew,0.012
1657065607.828218,1.2_covariance_estimation,0.272
1657065607.828218,1.2_create_factors,0.213
1657065607.828218,1.2_smoother_update,4.468
1657065607.828218,1.3_gnss_injection,0.484
1657065607.828218,1.2_update_frames_calculate_estimate,0.043
1657065607.828218,1.2_update_frames_state_copy,0.015
1657065607.828218,1.2_update_frames_sigma_p,0.037
1657065607.828218,1.2_update_frames_icp_quality,0.210
1657065607.828218,1.2_update_frames,0.440
1657065607.804232,2.1_gnss_araim,0.674
1657065607.828218,2.2_lidar_araim,0.018
1657065607.828218,2.3_dynamic_al,0.000
1657065607.828218,2.3_state_machine,0.018
1657065607.828218,2.3_integrity_total,0.780
1657065607.828218,1.2_odom_insert_frame,8.057
1657065602.828277,1.4_sub_map_insert,1.682
1657065607.928249,1.1_pointcloud_extract,0.005
1657065607.928249,1.1_cloud_preprocess,0.215
1657065607.928249,1.1_ros_callback_total,0.282
1657065607.928249,1.2_imu_integration,0.093
1657065607.928249,1.2_pointcloud_deskew,0.011
1657065607.928249,1.2_covariance_estimation,0.343
1657065607.928249,1.2_create_factors,0.285
1657065607.928249,1.2_smoother_update,26.094
1657065607.928249,1.3_gnss_injection,0.429
1657065607.928249,1.2_update_frames_calculate_estimate,0.091
1657065607.928249,1.2_update_frames_state_copy,0.021
1657065607.928249,1.2_update_frames_sigma_p,0.037
1657065607.928249,1.2_update_frames_icp_quality,0.308
1657065607.928249,1.2_update_frames,0.649
1657065607.904227,2.1_gnss_araim,0.870
1657065607.928249,2.2_lidar_araim,0.021
1657065607.928249,2.3_dynamic_al,0.000
1657065607.928249,2.3_state_machine,0.017
1657065607.928249,2.3_integrity_total,0.986
1657065607.928249,1.2_odom_insert_frame,30.798
1657065602.928293,1.4_sub_map_insert,1.724
1657065608.028231,1.1_pointcloud_extract,0.004
1657065608.028231,1.1_cloud_preprocess,0.225
1657065608.028231,1.1_ros_callback_total,0.305
1657065608.028231,1.2_imu_integration,0.093
1657065608.028231,1.2_pointcloud_deskew,0.012
1657065608.028231,1.2_covariance_estimation,0.207
1657065608.028231,1.2_create_factors,0.243
1657065608.028231,1.2_smoother_update,26.069
1657065608.028231,1.3_gnss_injection,0.706
1657065608.028231,1.2_update_frames_calculate_estimate,0.071
1657065608.028231,1.2_update_frames_state_copy,0.019
1657065608.028231,1.2_update_frames_sigma_p,0.032
1657065608.028231,1.2_update_frames_icp_quality,0.270
1657065608.028231,1.2_update_frames,0.570
1657065608.004256,2.1_gnss_araim,1.711
1657065608.028231,2.2_lidar_araim,0.018
1657065608.028231,2.3_dynamic_al,0.000
1657065608.028231,2.3_state_machine,0.016
1657065608.028231,2.3_integrity_total,1.817
1657065608.028231,1.2_odom_insert_frame,31.587
1657065603.028272,1.4_sub_map_insert,1.748
1657065608.128291,1.1_pointcloud_extract,0.004
1657065608.128291,1.1_cloud_preprocess,0.175
1657065608.128291,1.1_ros_callback_total,0.228
1657065608.128291,1.2_imu_integration,0.089
1657065608.128291,1.2_pointcloud_deskew,0.014
1657065608.128291,1.2_covariance_estimation,0.101
1657065608.128291,1.2_create_factors,0.254
1657065608.128291,1.2_smoother_update,25.661
1657065608.128291,1.3_gnss_injection,0.679
1657065608.128291,1.2_update_frames_calculate_estimate,0.098
1657065608.128291,1.2_update_frames_state_copy,0.021
1657065608.128291,1.2_update_frames_sigma_p,0.049
1657065608.128291,1.2_update_frames_icp_quality,0.313
1657065608.128291,1.2_update_frames,0.704
1657065608.104287,2.1_gnss_araim,0.889
1657065608.128291,2.2_lidar_araim,0.020
1657065608.128291,2.3_dynamic_al,0.000
1657065608.128291,2.3_state_machine,0.017
1657065608.128291,2.3_integrity_total,0.994
1657065608.128291,1.2_odom_insert_frame,31.098
1657065603.128283,1.4_sub_map_insert,2.708
1657065608.228271,1.1_pointcloud_extract,0.005
1657065608.228271,1.1_cloud_preprocess,0.182
1657065608.228271,1.1_ros_callback_total,0.249
1657065608.228271,1.2_imu_integration,0.090
1657065608.228271,1.2_pointcloud_deskew,0.010
1657065608.228271,1.2_covariance_estimation,0.175
1657065608.228271,1.2_create_factors,0.243
1657065608.228271,1.2_smoother_update,24.927
1657065608.228271,1.3_gnss_injection,0.789
1657065608.228271,1.2_update_frames_calculate_estimate,0.088
1657065608.228271,1.2_update_frames_state_copy,0.022
1657065608.228271,1.2_update_frames_sigma_p,0.044
1657065608.228271,1.2_update_frames_icp_quality,0.551
1657065608.228271,1.2_update_frames,0.890
1657065608.204275,2.1_gnss_araim,0.892
1657065608.228271,2.2_lidar_araim,0.019
1657065608.228271,2.3_dynamic_al,0.000
1657065608.228271,2.3_state_machine,0.018
1657065608.228271,2.3_integrity_total,0.997
1657065608.228271,1.2_odom_insert_frame,30.213
1657065603.328254,1.4_sub_map_insert,1.478
1657065608.328277,1.1_pointcloud_extract,0.005
1657065608.328277,1.1_cloud_preprocess,0.209
1657065608.328277,1.1_ros_callback_total,0.278
1657065608.328277,1.2_imu_integration,0.078
1657065608.328277,1.2_pointcloud_deskew,0.012
1657065608.328277,1.2_covariance_estimation,0.092
1657065608.328277,1.2_create_factors,0.212
1657065608.328277,1.2_smoother_update,18.719
1657065608.328277,1.3_gnss_injection,0.466
1657065608.328277,1.2_update_frames_calculate_estimate,0.040
1657065608.328277,1.2_update_frames_state_copy,0.014
1657065608.328277,1.2_update_frames_sigma_p,0.023
1657065608.328277,1.2_update_frames_icp_quality,0.218
1657065608.328277,1.2_update_frames,0.434
1657065608.304274,2.1_gnss_araim,0.877
1657065608.328277,2.2_lidar_araim,0.018
1657065608.328277,2.3_dynamic_al,0.000
1657065608.328277,2.3_state_machine,0.019
1657065608.328277,2.3_integrity_total,0.982
1657065608.328277,1.2_odom_insert_frame,22.323
1657065608.428293,1.1_pointcloud_extract,0.005
1657065608.428293,1.1_cloud_preprocess,0.184
1657065608.428293,1.1_ros_callback_total,0.240
1657065608.428293,1.2_imu_integration,0.091
1657065608.428293,1.2_pointcloud_deskew,0.012
1657065608.428293,1.2_covariance_estimation,0.129
1657065608.428293,1.2_create_factors,0.261
1657065608.428293,1.2_smoother_update,3.689
1657065608.428293,1.3_gnss_injection,0.397
1657065608.428293,1.2_update_frames_calculate_estimate,0.071
1657065608.428293,1.2_update_frames_state_copy,0.018
1657065608.428293,1.2_update_frames_sigma_p,0.049
1657065608.428293,1.2_update_frames_icp_quality,0.776
1657065608.428293,1.2_update_frames,1.070
1657065608.404270,2.1_gnss_araim,0.684
1657065608.428293,2.2_lidar_araim,0.020
1657065608.428293,2.3_dynamic_al,0.000
1657065608.428293,2.3_state_machine,0.016
1657065608.428293,2.3_integrity_total,0.790
1657065608.428293,1.2_odom_insert_frame,8.208
1657065603.428303,1.4_sub_map_insert,2.729
1657065608.528270,1.1_pointcloud_extract,0.004
1657065608.528270,1.1_cloud_preprocess,0.189
1657065608.528270,1.1_ros_callback_total,0.274
1657065608.528270,1.2_imu_integration,0.092
1657065608.528270,1.2_pointcloud_deskew,0.011
1657065608.528270,1.2_covariance_estimation,0.270
1657065608.528270,1.2_create_factors,0.243
1657065608.528270,1.2_smoother_update,24.560
1657065608.528270,1.3_gnss_injection,0.692
1657065608.528270,1.2_update_frames_calculate_estimate,0.072
1657065608.528270,1.2_update_frames_state_copy,0.022
1657065608.528270,1.2_update_frames_sigma_p,0.031
1657065608.528270,1.2_update_frames_icp_quality,0.264
1657065608.528270,1.2_update_frames,0.557
1657065608.504276,2.1_gnss_araim,0.855
1657065608.528270,2.2_lidar_araim,0.017
1657065608.528270,2.3_dynamic_al,0.000
1657065608.528270,2.3_state_machine,0.017
1657065608.528270,2.3_integrity_total,0.957
1657065608.528270,1.2_odom_insert_frame,29.289
1657065608.628294,1.1_pointcloud_extract,0.004
1657065608.628294,1.1_cloud_preprocess,0.179
1657065608.628294,1.1_ros_callback_total,0.245
1657065608.628294,1.2_imu_integration,0.091
1657065608.628294,1.2_pointcloud_deskew,0.011
1657065608.628294,1.2_covariance_estimation,0.248
1657065608.628294,1.2_create_factors,0.352
1657065608.628294,1.2_smoother_update,24.803
1657065608.628294,1.3_gnss_injection,0.662
1657065608.628294,1.2_update_frames_calculate_estimate,0.073
1657065608.628294,1.2_update_frames_state_copy,0.019
1657065608.628294,1.2_update_frames_sigma_p,0.033
1657065608.628294,1.2_update_frames_icp_quality,0.281
1657065608.628294,1.2_update_frames,0.581
1657065608.604284,2.1_gnss_araim,0.830
1657065608.628294,2.2_lidar_araim,0.017
1657065608.628294,2.3_dynamic_al,0.000
1657065608.628294,2.3_state_machine,0.015
1657065608.628294,2.3_integrity_total,0.929
1657065608.628294,1.2_odom_insert_frame,29.693
1657065603.628301,1.4_sub_map_insert,2.715
1657065608.728252,1.1_pointcloud_extract,0.005
1657065608.728252,1.1_cloud_preprocess,0.182
1657065608.728252,1.1_ros_callback_total,0.248
1657065608.728252,1.2_imu_integration,0.076
1657065608.728252,1.2_pointcloud_deskew,0.013
1657065608.728252,1.2_covariance_estimation,0.194
1657065608.728252,1.2_create_factors,0.204
1657065608.728252,1.2_smoother_update,18.226
1657065608.728252,1.3_gnss_injection,0.463
1657065608.728252,1.2_update_frames_calculate_estimate,0.042
1657065608.728252,1.2_update_frames_state_copy,0.014
1657065608.728252,1.2_update_frames_sigma_p,0.023
1657065608.728252,1.2_update_frames_icp_quality,0.217
1657065608.728252,1.2_update_frames,0.436
1657065608.704219,2.1_gnss_araim,0.693
1657065608.728252,2.2_lidar_araim,0.018
1657065608.728252,2.3_dynamic_al,0.000
1657065608.728252,2.3_state_machine,0.016
1657065608.728252,2.3_integrity_total,0.800
1657065608.728252,1.2_odom_insert_frame,21.730
1657065608.828258,1.1_pointcloud_extract,0.005
1657065608.828258,1.1_cloud_preprocess,0.186
1657065608.828258,1.1_ros_callback_total,0.249
1657065608.828258,1.2_imu_integration,0.091
1657065608.828258,1.2_pointcloud_deskew,0.013
1657065608.828258,1.2_covariance_estimation,0.182
1657065608.828258,1.2_create_factors,0.254
1657065608.828258,1.2_smoother_update,24.420
1657065608.828258,1.3_gnss_injection,0.647
1657065608.828258,1.2_update_frames_calculate_estimate,0.070
1657065608.828258,1.2_update_frames_state_copy,0.019
1657065608.828258,1.2_update_frames_sigma_p,0.034
1657065608.828258,1.2_update_frames_icp_quality,0.256
1657065608.828258,1.2_update_frames,0.549
1657065608.804225,2.1_gnss_araim,0.892
1657065608.828258,2.2_lidar_araim,0.020
1657065608.828258,2.3_dynamic_al,0.000
1657065608.828258,2.3_state_machine,0.017
1657065608.828258,2.3_integrity_total,1.007
1657065608.828258,1.2_odom_insert_frame,29.089
1657065603.828257,1.4_sub_map_insert,1.510
1657065608.928272,1.1_pointcloud_extract,0.005
1657065608.928272,1.1_cloud_preprocess,0.188
1657065608.928272,1.1_ros_callback_total,0.247
1657065608.928272,1.2_imu_integration,0.079
1657065608.928272,1.2_pointcloud_deskew,0.011
1657065608.928272,1.2_covariance_estimation,0.089
1657065608.928272,1.2_create_factors,0.210
1657065608.928272,1.2_smoother_update,2.674
1657065608.928272,1.3_gnss_injection,0.280
1657065608.928272,1.2_update_frames_calculate_estimate,0.042
1657065608.928272,1.2_update_frames_state_copy,0.014
1657065608.928272,1.2_update_frames_sigma_p,0.036
1657065608.928272,1.2_update_frames_icp_quality,0.203
1657065608.928272,1.2_update_frames,0.381
1657065608.904268,2.1_gnss_araim,0.671
1657065608.928272,2.2_lidar_araim,0.017
1657065608.928272,2.3_dynamic_al,0.000
1657065608.928272,2.3_state_machine,0.016
1657065608.928272,2.3_integrity_total,0.776
1657065608.928272,1.2_odom_insert_frame,5.740
1657065603.928300,1.4_sub_map_insert,3.258
1657065609.028252,1.1_pointcloud_extract,0.003
1657065609.028252,1.1_cloud_preprocess,0.201
1657065609.028252,1.1_ros_callback_total,0.262
1657065609.028252,1.2_imu_integration,0.092
1657065609.028252,1.2_pointcloud_deskew,0.010
1657065609.028252,1.2_covariance_estimation,0.184
1657065609.028252,1.2_create_factors,0.249
1657065609.028252,1.2_smoother_update,24.416
1657065609.028252,1.3_gnss_injection,0.651
1657065609.028252,1.2_update_frames_calculate_estimate,0.067
1657065609.028252,1.2_update_frames_state_copy,0.020
1657065609.028252,1.2_update_frames_sigma_p,0.031
1657065609.028252,1.2_update_frames_icp_quality,0.266
1657065609.028252,1.2_update_frames,0.556
1657065609.004239,2.1_gnss_araim,0.829
1657065609.028252,2.2_lidar_araim,0.019
1657065609.028252,2.3_dynamic_al,0.000
1657065609.028252,2.3_state_machine,0.018
1657065609.028252,2.3_integrity_total,0.941
1657065609.028252,1.2_odom_insert_frame,29.002
1657065604.128245,1.4_sub_map_insert,1.719
1657065609.128255,1.1_pointcloud_extract,0.005
1657065609.128255,1.1_cloud_preprocess,0.187
1657065609.128255,1.1_ros_callback_total,0.250
1657065609.128255,1.2_imu_integration,0.090
1657065609.128255,1.2_pointcloud_deskew,0.010
1657065609.128255,1.2_covariance_estimation,0.371
1657065609.128255,1.2_create_factors,0.255
1657065609.128255,1.2_smoother_update,23.012
1657065609.128255,1.3_gnss_injection,0.635
1657065609.128255,1.2_update_frames_calculate_estimate,0.064
1657065609.128255,1.2_update_frames_state_copy,0.020
1657065609.128255,1.2_update_frames_sigma_p,0.028
1657065609.128255,1.2_update_frames_icp_quality,0.267
1657065609.128255,1.2_update_frames,0.547
1657065609.104212,2.1_gnss_araim,0.675
1657065609.128255,2.2_lidar_araim,0.026
1657065609.128255,2.3_dynamic_al,0.000
1657065609.128255,2.3_state_machine,0.018
1657065609.128255,2.3_integrity_total,0.798
1657065609.128255,1.2_odom_insert_frame,28.203
1657065609.228222,1.1_pointcloud_extract,0.004
1657065609.228222,1.1_cloud_preprocess,0.186
1657065609.228222,1.1_ros_callback_total,0.262
1657065609.228222,1.2_imu_integration,0.085
1657065609.228222,1.2_pointcloud_deskew,0.012
1657065609.228222,1.2_covariance_estimation,0.096
1657065609.228222,1.2_create_factors,0.219
1657065609.228222,1.2_smoother_update,2.518
1657065609.228222,1.3_gnss_injection,0.433
1657065609.228222,1.2_update_frames_calculate_estimate,0.044
1657065609.228222,1.2_update_frames_state_copy,0.013
1657065609.228222,1.2_update_frames_sigma_p,0.037
1657065609.228222,1.2_update_frames_icp_quality,0.350
1657065609.228222,1.2_update_frames,0.581
1657065609.204265,2.1_gnss_araim,0.714
1657065609.228222,2.2_lidar_araim,0.015
1657065609.228222,2.3_dynamic_al,0.000
1657065609.228222,2.3_state_machine,0.015
1657065609.228222,2.3_integrity_total,0.790
1657065609.228222,1.2_odom_insert_frame,6.048
1657065604.228272,1.4_sub_map_insert,1.763
1657065609.328247,1.1_pointcloud_extract,0.005
1657065609.328247,1.1_cloud_preprocess,0.189
1657065609.328247,1.1_ros_callback_total,0.254
1657065609.328247,1.2_imu_integration,0.094
1657065609.328247,1.2_pointcloud_deskew,0.009
1657065609.328247,1.2_covariance_estimation,0.246
1657065609.328247,1.2_create_factors,0.243
1657065609.328247,1.2_smoother_update,23.811
1657065609.328247,1.3_gnss_injection,0.669
1657065609.328247,1.2_update_frames_calculate_estimate,0.083
1657065609.328247,1.2_update_frames_state_copy,0.020
1657065609.328247,1.2_update_frames_sigma_p,0.038
1657065609.328247,1.2_update_frames_icp_quality,0.264
1657065609.328247,1.2_update_frames,0.578
1657065609.304246,2.1_gnss_araim,0.676
1657065609.328247,2.2_lidar_araim,0.016
1657065609.328247,2.3_dynamic_al,0.000
1657065609.328247,2.3_state_machine,0.016
1657065609.328247,2.3_integrity_total,0.767
1657065609.328247,1.2_odom_insert_frame,28.367
1657065604.328223,1.4_sub_map_insert,1.776
1657065609.428502,1.1_pointcloud_extract,0.005
1657065609.428502,1.1_cloud_preprocess,0.194
1657065609.428502,1.1_ros_callback_total,0.267
1657065609.428502,1.2_imu_integration,0.077
1657065609.428502,1.2_pointcloud_deskew,0.012
1657065609.428502,1.2_covariance_estimation,0.239
1657065609.428502,1.2_create_factors,0.213
1657065609.428502,1.2_smoother_update,17.262
1657065609.428502,1.3_gnss_injection,0.275
1657065609.428502,1.2_update_frames_calculate_estimate,0.039
1657065609.428502,1.2_update_frames_state_copy,0.014
1657065609.428502,1.2_update_frames_sigma_p,0.023
1657065609.428502,1.2_update_frames_icp_quality,0.284
1657065609.428502,1.2_update_frames,0.495
1657065609.404224,2.1_gnss_araim,0.876
1657065609.428502,2.2_lidar_araim,0.014
1657065609.428502,2.3_dynamic_al,0.000
1657065609.428502,2.3_state_machine,0.016
1657065609.428502,2.3_integrity_total,0.954
1657065609.428502,1.2_odom_insert_frame,20.791
1657065604.428251,1.4_sub_map_insert,3.215
1657065609.528275,1.1_pointcloud_extract,0.005
1657065609.528275,1.1_cloud_preprocess,0.232
1657065609.528275,1.1_ros_callback_total,0.301
1657065609.528275,1.2_imu_integration,0.072
1657065609.528275,1.2_pointcloud_deskew,0.011
1657065609.528275,1.2_covariance_estimation,0.297
1657065609.528275,1.2_create_factors,0.219
1657065609.528275,1.2_smoother_update,2.487
1657065609.528275,1.3_gnss_injection,0.454
1657065609.528275,1.2_update_frames_calculate_estimate,0.046
1657065609.528275,1.2_update_frames_state_copy,0.013
1657065609.528275,1.2_update_frames_sigma_p,0.038
1657065609.528275,1.2_update_frames_icp_quality,0.470
1657065609.528275,1.2_update_frames,0.796
1657065609.504279,2.1_gnss_araim,0.807
1657065609.528275,2.2_lidar_araim,0.014
1657065609.528275,2.3_dynamic_al,0.000
1657065609.528275,2.3_state_machine,0.015
1657065609.528275,2.3_integrity_total,0.897
1657065609.528275,1.2_odom_insert_frame,6.436
1657065609.628273,1.1_pointcloud_extract,0.004
1657065609.628273,1.1_cloud_preprocess,0.201
1657065609.628273,1.1_ros_callback_total,0.252
1657065609.628273,1.2_imu_integration,0.084
1657065609.628273,1.2_pointcloud_deskew,0.024
1657065609.628273,1.2_covariance_estimation,0.134
1657065609.628273,1.2_create_factors,0.204
1657065609.628273,1.2_smoother_update,18.197
1657065609.628273,1.3_gnss_injection,0.458
1657065609.628273,1.2_update_frames_calculate_estimate,0.042
1657065609.628273,1.2_update_frames_state_copy,0.014
1657065609.628273,1.2_update_frames_sigma_p,0.023
1657065609.628273,1.2_update_frames_icp_quality,0.225
1657065609.628273,1.2_update_frames,0.441
1657065609.604269,2.1_gnss_araim,0.677
1657065609.628273,2.2_lidar_araim,0.018
1657065609.628273,2.3_dynamic_al,0.000
1657065609.628273,2.3_state_machine,0.017
1657065609.628273,2.3_integrity_total,0.783
1657065609.628273,1.2_odom_insert_frame,21.830
1657065604.628292,1.4_sub_map_insert,3.401
1657065609.728273,1.1_pointcloud_extract,0.006
1657065609.728273,1.1_cloud_preprocess,0.200
1657065609.728273,1.1_ros_callback_total,0.290
1657065609.728273,1.2_imu_integration,0.084
1657065609.728273,1.2_pointcloud_deskew,0.013
1657065609.728273,1.2_covariance_estimation,0.111
1657065609.728273,1.2_create_factors,0.215
1657065609.728273,1.2_smoother_update,18.411
1657065609.728273,1.3_gnss_injection,0.488
1657065609.728273,1.2_update_frames_calculate_estimate,0.045
1657065609.728273,1.2_update_frames_state_copy,0.014
1657065609.728273,1.2_update_frames_sigma_p,0.025
1657065609.728273,1.2_update_frames_icp_quality,0.230
1657065609.728273,1.2_update_frames,0.466
1657065609.704276,2.1_gnss_araim,0.832
1657065609.728273,2.2_lidar_araim,0.014
1657065609.728273,2.3_dynamic_al,0.000
1657065609.728273,2.3_state_machine,0.016
1657065609.728273,2.3_integrity_total,0.908
1657065609.728273,1.2_odom_insert_frame,22.335
1657065609.828269,1.1_pointcloud_extract,0.005
1657065609.828269,1.1_cloud_preprocess,0.189
1657065609.828269,1.1_ros_callback_total,0.254
1657065609.828269,1.2_imu_integration,0.091
1657065609.828269,1.2_pointcloud_deskew,0.010
1657065609.828269,1.2_covariance_estimation,0.110
1657065609.828269,1.2_create_factors,0.249
1657065609.828269,1.2_smoother_update,23.837
1657065609.828269,1.3_gnss_injection,0.638
1657065609.828269,1.2_update_frames_calculate_estimate,0.066
1657065609.828269,1.2_update_frames_state_copy,0.019
1657065609.828269,1.2_update_frames_sigma_p,0.029
1657065609.828269,1.2_update_frames_icp_quality,0.264
1657065609.828269,1.2_update_frames,0.538
1657065609.804282,2.1_gnss_araim,0.796
1657065609.828269,2.2_lidar_araim,0.019
1657065609.828269,2.3_dynamic_al,0.000
1657065609.828269,2.3_state_machine,0.016
1657065609.828269,2.3_integrity_total,0.906
1657065609.828269,1.2_odom_insert_frame,28.239
1657065604.828274,1.4_sub_map_insert,1.839
1657065609.928278,1.1_pointcloud_extract,0.005
1657065609.928278,1.1_cloud_preprocess,0.182
1657065609.928278,1.1_ros_callback_total,0.224
1657065609.928278,1.2_imu_integration,0.089
1657065609.928278,1.2_pointcloud_deskew,0.012
1657065609.928278,1.2_covariance_estimation,0.194
1657065609.928278,1.2_create_factors,0.388
1657065609.928278,1.2_smoother_update,23.770
1657065609.928278,1.3_gnss_injection,0.407
1657065609.928278,1.2_update_frames_calculate_estimate,0.068
1657065609.928278,1.2_update_frames_state_copy,0.020
1657065609.928278,1.2_update_frames_sigma_p,0.033
1657065609.928278,1.2_update_frames_icp_quality,0.359
1657065609.928278,1.2_update_frames,0.640
1657065609.904275,2.1_gnss_araim,0.820
1657065609.928278,2.2_lidar_araim,0.015
1657065609.928278,2.3_dynamic_al,0.000
1657065609.928278,2.3_state_machine,0.013
1657065609.928278,2.3_integrity_total,0.914
1657065609.928278,1.2_odom_insert_frame,28.250
1657065604.928294,1.4_sub_map_insert,3.181
1657065610.028271,1.1_pointcloud_extract,0.005
1657065610.028271,1.1_cloud_preprocess,0.299
1657065610.028271,1.1_ros_callback_total,0.365
1657065610.028271,1.2_imu_integration,0.091
1657065610.028271,1.2_pointcloud_deskew,0.010
1657065610.028271,1.2_covariance_estimation,0.166
1657065610.028271,1.2_create_factors,0.247
1657065610.028271,1.2_smoother_update,24.254
1657065610.028271,1.3_gnss_injection,0.728
1657065610.028271,1.2_update_frames_calculate_estimate,0.091
1657065610.028271,1.2_update_frames_state_copy,0.020
1657065610.028271,1.2_update_frames_sigma_p,0.045
1657065610.028271,1.2_update_frames_icp_quality,0.274
1657065610.028271,1.2_update_frames,0.653
1657065610.004292,2.1_gnss_araim,0.655
1657065610.028271,2.2_lidar_araim,0.015
1657065610.028271,2.3_dynamic_al,0.000
1657065610.028271,2.3_state_machine,0.015
1657065610.028271,2.3_integrity_total,0.750
1657065610.028271,1.2_odom_insert_frame,28.936
1657065605.128247,1.4_sub_map_insert,1.883
1657065610.128293,1.1_pointcloud_extract,0.005
1657065610.128293,1.1_cloud_preprocess,0.187
1657065610.128293,1.1_ros_callback_total,0.240
1657065610.128293,1.2_imu_integration,0.091
1657065610.128293,1.2_pointcloud_deskew,0.013
1657065610.128293,1.2_covariance_estimation,0.157
1657065610.128293,1.2_create_factors,0.315
1657065610.128293,1.2_smoother_update,23.488
1657065610.128293,1.3_gnss_injection,0.614
1657065610.128293,1.2_update_frames_calculate_estimate,0.065
1657065610.128293,1.2_update_frames_state_copy,0.019
1657065610.128293,1.2_update_frames_sigma_p,0.029
1657065610.128293,1.2_update_frames_icp_quality,0.266
1657065610.128293,1.2_update_frames,0.542
1657065610.104275,2.1_gnss_araim,0.792
1657065610.128293,2.2_lidar_araim,0.015
1657065610.128293,2.3_dynamic_al,0.000
1657065610.128293,2.3_state_machine,0.015
1657065610.128293,2.3_integrity_total,0.888
1657065610.128293,1.2_odom_insert_frame,27.985
1657065605.228257,1.4_sub_map_insert,1.781
1657065610.228279,1.1_pointcloud_extract,0.005
1657065610.228279,1.1_cloud_preprocess,0.212
1657065610.228279,1.1_ros_callback_total,0.285
1657065610.228279,1.2_imu_integration,0.079
1657065610.228279,1.2_pointcloud_deskew,0.011
1657065610.228279,1.2_covariance_estimation,0.088
1657065610.228279,1.2_create_factors,0.209
1657065610.228279,1.2_smoother_update,17.229
1657065610.228279,1.3_gnss_injection,0.438
1657065610.228279,1.2_update_frames_calculate_estimate,0.049
1657065610.228279,1.2_update_frames_state_copy,0.015
1657065610.228279,1.2_update_frames_sigma_p,0.027
1657065610.228279,1.2_update_frames_icp_quality,0.232
1657065610.228279,1.2_update_frames,0.540
1657065610.204251,2.1_gnss_araim,0.786
1657065610.228279,2.2_lidar_araim,0.019
1657065610.228279,2.3_dynamic_al,0.000
1657065610.228279,2.3_state_machine,0.017
1657065610.228279,2.3_integrity_total,0.902
1657065610.228279,1.2_odom_insert_frame,20.921
1657065610.328290,1.1_pointcloud_extract,0.005
1657065610.328290,1.1_cloud_preprocess,0.187
1657065610.328290,1.1_ros_callback_total,0.251
1657065610.328290,1.2_imu_integration,0.075
1657065610.328290,1.2_pointcloud_deskew,0.013
1657065610.328290,1.2_covariance_estimation,0.087
1657065610.328290,1.2_create_factors,0.210
1657065610.328290,1.2_smoother_update,2.168
1657065610.328290,1.3_gnss_injection,0.441
1657065610.328290,1.2_update_frames_calculate_estimate,0.041
1657065610.328290,1.2_update_frames_state_copy,0.014
1657065610.328290,1.2_update_frames_sigma_p,0.038
1657065610.328290,1.2_update_frames_icp_quality,0.206
1657065610.328290,1.2_update_frames,0.431
1657065610.304283,2.1_gnss_araim,0.803
1657065610.328290,2.2_lidar_araim,0.018
1657065610.328290,2.3_dynamic_al,0.000
1657065610.328290,2.3_state_machine,0.020
1657065610.328290,2.3_integrity_total,0.913
1657065610.328290,1.2_odom_insert_frame,5.642
1657065605.328298,1.4_sub_map_insert,3.567
1657065610.428276,1.1_pointcloud_extract,0.004
1657065610.428276,1.1_cloud_preprocess,0.195
1657065610.428276,1.1_ros_callback_total,0.263
1657065610.428276,1.2_imu_integration,0.090
1657065610.428276,1.2_pointcloud_deskew,0.011
1657065610.428276,1.2_covariance_estimation,0.205
1657065610.428276,1.2_create_factors,0.248
1657065610.428276,1.2_smoother_update,23.577
1657065610.428276,1.3_gnss_injection,0.423
1657065610.428276,1.2_update_frames_calculate_estimate,0.072
1657065610.428276,1.2_update_frames_state_copy,0.020
1657065610.428276,1.2_update_frames_sigma_p,0.030
1657065610.428276,1.2_update_frames_icp_quality,0.269
1657065610.428276,1.2_update_frames,0.602
1657065610.404312,2.1_gnss_araim,0.817
1657065610.428276,2.2_lidar_araim,0.017
1657065610.428276,2.3_dynamic_al,0.000
1657065610.428276,2.3_state_machine,0.017
1657065610.428276,2.3_integrity_total,0.915
1657065610.428276,1.2_odom_insert_frame,28.087
1657065610.528228,1.1_pointcloud_extract,0.005
1657065610.528228,1.1_cloud_preprocess,0.190
1657065610.528228,1.1_ros_callback_total,0.265
1657065610.528228,1.2_imu_integration,0.091
1657065610.528228,1.2_pointcloud_deskew,0.012
1657065610.528228,1.2_covariance_estimation,0.297
1657065610.528228,1.2_create_factors,0.209
1657065610.528228,1.2_smoother_update,18.041
1657065610.528228,1.3_gnss_injection,0.457
1657065610.528228,1.2_update_frames_calculate_estimate,0.043
1657065610.528228,1.2_update_frames_state_copy,0.014
1657065610.528228,1.2_update_frames_sigma_p,0.023
1657065610.528228,1.2_update_frames_icp_quality,0.224
1657065610.528228,1.2_update_frames,0.449
1657065610.504241,2.1_gnss_araim,0.643
1657065610.528228,2.2_lidar_araim,0.014
1657065610.528228,2.3_dynamic_al,0.000
1657065610.528228,2.3_state_machine,0.014
1657065610.528228,2.3_integrity_total,0.726
1657065610.528228,1.2_odom_insert_frame,21.712
1657065605.528277,1.4_sub_map_insert,1.751
1657065610.628249,1.1_pointcloud_extract,0.005
1657065610.628249,1.1_cloud_preprocess,0.195
1657065610.628249,1.1_ros_callback_total,0.250
1657065610.628249,1.2_imu_integration,0.074
1657065610.628249,1.2_pointcloud_deskew,0.010
1657065610.628249,1.2_covariance_estimation,0.126
1657065610.628249,1.2_create_factors,0.493
1657065610.628249,1.2_smoother_update,18.187
1657065610.628249,1.3_gnss_injection,0.430
1657065610.628249,1.2_update_frames_calculate_estimate,0.041
1657065610.628249,1.2_update_frames_state_copy,0.014
1657065610.628249,1.2_update_frames_sigma_p,0.023
1657065610.628249,1.2_update_frames_icp_quality,0.226
1657065610.628249,1.2_update_frames,0.448
1657065610.604298,2.1_gnss_araim,0.906
1657065610.628249,2.2_lidar_araim,0.014
1657065610.628249,2.3_dynamic_al,0.000
1657065610.628249,2.3_state_machine,0.017
1657065610.628249,2.3_integrity_total,0.995
1657065610.628249,1.2_odom_insert_frame,22.180
1657065605.628295,1.4_sub_map_insert,1.835
1657065610.728239,1.1_pointcloud_extract,0.005
1657065610.728239,1.1_cloud_preprocess,0.194
1657065610.728239,1.1_ros_callback_total,0.266
1657065610.728239,1.2_imu_integration,0.073
1657065610.728239,1.2_pointcloud_deskew,0.010
1657065610.728239,1.2_covariance_estimation,0.144
1657065610.728239,1.2_create_factors,0.206
1657065610.728239,1.2_smoother_update,17.767
1657065610.728239,1.3_gnss_injection,0.439
1657065610.728239,1.2_update_frames_calculate_estimate,0.048
1657065610.728239,1.2_update_frames_state_copy,0.015
1657065610.728239,1.2_update_frames_sigma_p,0.027
1657065610.728239,1.2_update_frames_icp_quality,0.229
1657065610.728239,1.2_update_frames,0.583
1657065610.704251,2.1_gnss_araim,0.766
1657065610.728239,2.2_lidar_araim,0.021
1657065610.728239,2.3_dynamic_al,0.000
1657065610.728239,2.3_state_machine,0.019
1657065610.728239,2.3_integrity_total,0.885
1657065610.728239,1.2_odom_insert_frame,21.589
1657065605.729289,1.4_sub_map_insert,1.735
1657065610.828218,1.1_pointcloud_extract,0.005
1657065610.828218,1.1_cloud_preprocess,0.184
1657065610.828218,1.1_ros_callback_total,0.230
1657065610.828218,1.2_imu_integration,0.091
1657065610.828218,1.2_pointcloud_deskew,0.009
1657065610.828218,1.2_covariance_estimation,0.228
1657065610.828218,1.2_create_factors,0.253
1657065610.828218,1.2_smoother_update,24.560
1657065610.828218,1.3_gnss_injection,0.619
1657065610.828218,1.2_update_frames_calculate_estimate,0.076
1657065610.828218,1.2_update_frames_state_copy,0.020
1657065610.828218,1.2_update_frames_sigma_p,0.032
1657065610.828218,1.2_update_frames_icp_quality,0.273
1657065610.828218,1.2_update_frames,0.571
1657065610.804242,2.1_gnss_araim,0.762
1657065610.828218,2.2_lidar_araim,0.020
1657065610.828218,2.3_dynamic_al,0.000
1657065610.828218,2.3_state_machine,0.017
1657065610.828218,2.3_integrity_total,0.862
1657065610.828218,1.2_odom_insert_frame,29.165
1657065605.828305,1.4_sub_map_insert,1.962
1657065610.928222,1.1_pointcloud_extract,0.004
1657065610.928222,1.1_cloud_preprocess,0.187
1657065610.928222,1.1_ros_callback_total,0.238
1657065610.928222,1.2_imu_integration,0.091
1657065610.928222,1.2_pointcloud_deskew,0.009
1657065610.928222,1.2_covariance_estimation,0.283
1657065610.928222,1.2_create_factors,0.244
1657065610.928222,1.2_smoother_update,23.291
1657065610.928222,1.3_gnss_injection,0.408
1657065610.928222,1.2_update_frames_calculate_estimate,0.072
1657065610.928222,1.2_update_frames_state_copy,0.020
1657065610.928222,1.2_update_frames_sigma_p,0.031
1657065610.928222,1.2_update_frames_icp_quality,0.264
1657065610.928222,1.2_update_frames,0.552
1657065610.904236,2.1_gnss_araim,0.945
1657065610.928222,2.2_lidar_araim,0.019
1657065610.928222,2.3_dynamic_al,0.000
1657065610.928222,2.3_state_machine,0.014
1657065610.928222,2.3_integrity_total,1.050
1657065610.928222,1.2_odom_insert_frame,27.821
1657065605.928290,1.4_sub_map_insert,1.793
1657065611.028280,1.1_pointcloud_extract,0.004
1657065611.028280,1.1_cloud_preprocess,0.180
1657065611.028280,1.1_ros_callback_total,0.228
1657065611.028280,1.2_imu_integration,0.085
1657065611.028280,1.2_pointcloud_deskew,0.011
1657065611.028280,1.2_covariance_estimation,0.173
1657065611.028280,1.2_create_factors,0.240
1657065611.028280,1.2_smoother_update,2.873
1657065611.028280,1.3_gnss_injection,0.605
1657065611.028280,1.2_update_frames_calculate_estimate,0.076
1657065611.028280,1.2_update_frames_state_copy,0.020
1657065611.028280,1.2_update_frames_sigma_p,0.066
1657065611.028280,1.2_update_frames_icp_quality,0.269
1657065611.028280,1.2_update_frames,0.601
1657065611.004282,2.1_gnss_araim,0.657
1657065611.028280,2.2_lidar_araim,0.020
1657065611.028280,2.3_dynamic_al,0.000
1657065611.028280,2.3_state_machine,0.027
1657065611.028280,2.3_integrity_total,0.776
1657065611.028280,1.2_odom_insert_frame,7.611
1657065606.028278,1.4_sub_map_insert,3.296
1657065611.128303,1.1_pointcloud_extract,0.004
1657065611.128303,1.1_cloud_preprocess,0.171
1657065611.128303,1.1_ros_callback_total,0.211
1657065611.128303,1.2_imu_integration,0.090
1657065611.128303,1.2_pointcloud_deskew,0.009
1657065611.128303,1.2_covariance_estimation,0.117
1657065611.128303,1.2_create_factors,0.354
1657065611.128303,1.2_smoother_update,23.735
1657065611.128303,1.3_gnss_injection,0.616
1657065611.128303,1.2_update_frames_calculate_estimate,0.064
1657065611.128303,1.2_update_frames_state_copy,0.019
1657065611.128303,1.2_update_frames_sigma_p,0.029
1657065611.128303,1.2_update_frames_icp_quality,0.263
1657065611.128303,1.2_update_frames,0.543
1657065611.104302,2.1_gnss_araim,0.800
1657065611.128303,2.2_lidar_araim,0.015
1657065611.128303,2.3_dynamic_al,0.000
1657065611.128303,2.3_state_machine,0.015
1657065611.128303,2.3_integrity_total,0.888
1657065611.128303,1.2_odom_insert_frame,28.224
1657065606.228234,1.4_sub_map_insert,1.514
1657065611.228246,1.1_pointcloud_extract,0.006
1657065611.228246,1.1_cloud_preprocess,0.190
1657065611.228246,1.1_ros_callback_total,0.257
1657065611.228246,1.2_imu_integration,0.073
1657065611.228246,1.2_pointcloud_deskew,0.010
1657065611.228246,1.2_covariance_estimation,0.160
1657065611.228246,1.2_create_factors,0.208
1657065611.228246,1.2_smoother_update,18.072
1657065611.228246,1.3_gnss_injection,0.440
1657065611.228246,1.2_update_frames_calculate_estimate,0.044
1657065611.228246,1.2_update_frames_state_copy,0.015
1657065611.228246,1.2_update_frames_sigma_p,0.025
1657065611.228246,1.2_update_frames_icp_quality,0.244
1657065611.228246,1.2_update_frames,0.486
1657065611.204230,2.1_gnss_araim,0.747
1657065611.228246,2.2_lidar_araim,0.019
1657065611.228246,2.3_dynamic_al,0.000
1657065611.228246,2.3_state_machine,0.016
1657065611.228246,2.3_integrity_total,0.856
1657065611.228246,1.2_odom_insert_frame,21.733
1657065606.328211,1.4_sub_map_insert,1.553
1657065611.328280,1.1_pointcloud_extract,0.004
1657065611.328280,1.1_cloud_preprocess,0.174
1657065611.328280,1.1_ros_callback_total,0.229
1657065611.328280,1.2_imu_integration,0.091
1657065611.328280,1.2_pointcloud_deskew,0.016
1657065611.328280,1.2_covariance_estimation,0.238
1657065611.328280,1.2_create_factors,0.302
1657065611.328280,1.2_smoother_update,24.159
1657065611.328280,1.3_gnss_injection,0.621
1657065611.328280,1.2_update_frames_calculate_estimate,0.073
1657065611.328280,1.2_update_frames_state_copy,0.020
1657065611.328280,1.2_update_frames_sigma_p,0.031
1657065611.328280,1.2_update_frames_icp_quality,0.313
1657065611.328280,1.2_update_frames,0.608
1657065611.304312,2.1_gnss_araim,0.852
1657065611.328280,2.2_lidar_araim,0.021
1657065611.328280,2.3_dynamic_al,0.000
1657065611.328280,2.3_state_machine,0.019
1657065611.328280,2.3_integrity_total,0.964
1657065611.328280,1.2_odom_insert_frame,28.965
1657065606.428218,1.4_sub_map_insert,1.779
1657065611.428276,1.1_pointcloud_extract,0.005
1657065611.428276,1.1_cloud_preprocess,0.186
1657065611.428276,1.1_ros_callback_total,0.233
1657065611.428276,1.2_imu_integration,0.078
1657065611.428276,1.2_pointcloud_deskew,0.011
1657065611.428276,1.2_covariance_estimation,0.161
1657065611.428276,1.2_create_factors,0.266
1657065611.428276,1.2_smoother_update,18.023
1657065611.428276,1.3_gnss_injection,0.301
1657065611.428276,1.2_update_frames_calculate_estimate,0.048
1657065611.428276,1.2_update_frames_state_copy,0.014
1657065611.428276,1.2_update_frames_sigma_p,0.025
1657065611.428276,1.2_update_frames_icp_quality,0.420
1657065611.428276,1.2_update_frames,0.658
1657065611.404298,2.1_gnss_araim,0.862
1657065611.428276,2.2_lidar_araim,0.020
1657065611.428276,2.3_dynamic_al,0.000
1657065611.428276,2.3_state_machine,0.016
1657065611.428276,2.3_integrity_total,0.967
1657065611.428276,1.2_odom_insert_frame,21.862
1657065606.528275,1.4_sub_map_insert,1.798
1657065611.528221,1.1_pointcloud_extract,0.006
1657065611.528221,1.1_cloud_preprocess,0.232
1657065611.528221,1.1_ros_callback_total,0.287
1657065611.528221,1.2_imu_integration,0.090
1657065611.528221,1.2_pointcloud_deskew,0.014
1657065611.528221,1.2_covariance_estimation,0.192
1657065611.528221,1.2_create_factors,0.296
1657065611.528221,1.2_smoother_update,2.396
1657065611.528221,1.3_gnss_injection,0.615
1657065611.528221,1.2_update_frames_calculate_estimate,0.076
1657065611.528221,1.2_update_frames_state_copy,0.018
1657065611.528221,1.2_update_frames_sigma_p,0.055
1657065611.528221,1.2_update_frames_icp_quality,0.290
1657065611.528221,1.2_update_frames,0.606
1657065611.504228,2.1_gnss_araim,0.688
1657065611.528221,2.2_lidar_araim,0.020
1657065611.528221,2.3_dynamic_al,0.000
1657065611.528221,2.3_state_machine,0.017
1657065611.528221,2.3_integrity_total,0.798
1657065611.528221,1.2_odom_insert_frame,7.019
1657065611.628325,1.1_pointcloud_extract,0.005
1657065611.628325,1.1_cloud_preprocess,0.183
1657065611.628325,1.1_ros_callback_total,0.224
1657065611.628325,1.2_imu_integration,0.092
1657065611.628325,1.2_pointcloud_deskew,0.010
1657065611.628325,1.2_covariance_estimation,0.190
1657065611.628325,1.2_create_factors,0.326
1657065611.628325,1.2_smoother_update,25.142
1657065611.628325,1.3_gnss_injection,0.641
1657065611.628325,1.2_update_frames_calculate_estimate,0.094
1657065611.628325,1.2_update_frames_state_copy,0.021
1657065611.628325,1.2_update_frames_sigma_p,0.046
1657065611.628325,1.2_update_frames_icp_quality,0.620
1657065611.628325,1.2_update_frames,0.962
1657065611.604222,2.1_gnss_araim,0.772
1657065611.628325,2.2_lidar_araim,0.023
1657065611.628325,2.3_dynamic_al,0.000
1657065611.628325,2.3_state_machine,0.015
1657065611.628325,2.3_integrity_total,0.884
1657065611.628325,1.2_odom_insert_frame,30.980
1657065606.628233,1.4_sub_map_insert,2.797
1657065611.728300,1.1_pointcloud_extract,0.005
1657065611.728300,1.1_cloud_preprocess,0.188
1657065611.728300,1.1_ros_callback_total,0.246
1657065611.728300,1.2_imu_integration,0.080
1657065611.728300,1.2_pointcloud_deskew,0.012
1657065611.728300,1.2_covariance_estimation,0.337
1657065611.728300,1.2_create_factors,0.298
1657065611.728300,1.2_smoother_update,24.560
1657065611.728300,1.3_gnss_injection,0.661
1657065611.728300,1.2_update_frames_calculate_estimate,0.089
1657065611.728300,1.2_update_frames_state_copy,0.021
1657065611.728300,1.2_update_frames_sigma_p,0.036
1657065611.728300,1.2_update_frames_icp_quality,0.327
1657065611.728300,1.2_update_frames,0.648
1657065611.704307,2.1_gnss_araim,0.835
1657065611.728300,2.2_lidar_araim,0.023
1657065611.728300,2.3_dynamic_al,0.000
1657065611.728300,2.3_state_machine,0.011
1657065611.728300,2.3_integrity_total,0.931
1657065611.728300,1.2_odom_insert_frame,29.624
1657065606.828278,1.4_sub_map_insert,1.795
1657065611.828276,1.1_pointcloud_extract,0.005
1657065611.828276,1.1_cloud_preprocess,0.198
1657065611.828276,1.1_ros_callback_total,0.245
1657065611.828276,1.2_imu_integration,0.090
1657065611.828276,1.2_pointcloud_deskew,0.010
1657065611.828276,1.2_covariance_estimation,0.139
1657065611.828276,1.2_create_factors,0.299
1657065611.828276,1.2_smoother_update,2.662
1657065611.828276,1.3_gnss_injection,0.585
1657065611.828276,1.2_update_frames_calculate_estimate,0.081
1657065611.828276,1.2_update_frames_state_copy,0.019
1657065611.828276,1.2_update_frames_sigma_p,0.057
1657065611.828276,1.2_update_frames_icp_quality,0.306
1657065611.828276,1.2_update_frames,0.629
1657065611.804307,2.1_gnss_araim,0.726
1657065611.828276,2.2_lidar_araim,0.020
1657065611.828276,2.3_dynamic_al,0.000
1657065611.828276,2.3_state_machine,0.015
1657065611.828276,2.3_integrity_total,0.825
1657065611.828276,1.2_odom_insert_frame,7.227
1657065611.928275,1.1_pointcloud_extract,0.005
1657065611.928275,1.1_cloud_preprocess,0.185
1657065611.928275,1.1_ros_callback_total,0.226
1657065611.928275,1.2_imu_integration,0.094
1657065611.928275,1.2_pointcloud_deskew,0.009
1657065611.928275,1.2_covariance_estimation,0.158
1657065611.928275,1.2_create_factors,0.304
1657065611.928275,1.2_smoother_update,24.647
1657065611.928275,1.3_gnss_injection,0.404
1657065611.928275,1.2_update_frames_calculate_estimate,0.094
1657065611.928275,1.2_update_frames_state_copy,0.021
1657065611.928275,1.2_update_frames_sigma_p,0.042
1657065611.928275,1.2_update_frames_icp_quality,0.316
1657065611.928275,1.2_update_frames,0.652
1657065611.904280,2.1_gnss_araim,0.798
1657065611.928275,2.2_lidar_araim,0.021
1657065611.928275,2.3_dynamic_al,0.000
1657065611.928275,2.3_state_machine,0.018
1657065611.928275,2.3_integrity_total,0.915
1657065611.928275,1.2_odom_insert_frame,29.250
1657065606.928294,1.4_sub_map_insert,2.819
1657065612.028289,1.1_pointcloud_extract,0.005
1657065612.028289,1.1_cloud_preprocess,0.198
1657065612.028289,1.1_ros_callback_total,0.280
1657065612.028289,1.2_imu_integration,0.085
1657065612.028289,1.2_pointcloud_deskew,0.011
1657065612.028289,1.2_covariance_estimation,0.215
1657065612.028289,1.2_create_factors,0.332
1657065612.028289,1.2_smoother_update,26.464
1657065612.028289,1.3_gnss_injection,0.672
1657065612.028289,1.2_update_frames_calculate_estimate,0.087
1657065612.028289,1.2_update_frames_state_copy,0.021
1657065612.028289,1.2_update_frames_sigma_p,0.041
1657065612.028289,1.2_update_frames_icp_quality,0.336
1657065612.028289,1.2_update_frames,0.670
1657065612.004301,2.1_gnss_araim,0.991
1657065612.028289,2.2_lidar_araim,0.024
1657065612.028289,2.3_dynamic_al,0.000
1657065612.028289,2.3_state_machine,0.018
1657065612.028289,2.3_integrity_total,1.131
1657065612.028289,1.2_odom_insert_frame,31.719
1657065607.128220,1.4_sub_map_insert,1.858
1657065612.128245,1.1_pointcloud_extract,0.005
1657065612.128245,1.1_cloud_preprocess,0.210
1657065612.128245,1.1_ros_callback_total,0.277
1657065612.128245,1.2_imu_integration,0.092
1657065612.128245,1.2_pointcloud_deskew,0.009
1657065612.128245,1.2_covariance_estimation,0.216
1657065612.128245,1.2_create_factors,0.750
1657065612.128245,1.2_smoother_update,25.573
1657065612.128245,1.3_gnss_injection,0.632
1657065612.128245,1.2_update_frames_calculate_estimate,0.093
1657065612.128245,1.2_update_frames_state_copy,0.022
1657065612.128245,1.2_update_frames_sigma_p,0.043
1657065612.128245,1.2_update_frames_icp_quality,0.387
1657065612.128245,1.2_update_frames,0.735
1657065612.104239,2.1_gnss_araim,0.834
1657065612.128245,2.2_lidar_araim,0.021
1657065612.128245,2.3_dynamic_al,0.000
1657065612.128245,2.3_state_machine,0.029
1657065612.128245,2.3_integrity_total,0.964
1657065612.128245,1.2_odom_insert_frame,31.050
1657065607.228240,1.4_sub_map_insert,1.828
1657065612.228286,1.1_pointcloud_extract,0.006
1657065612.228286,1.1_cloud_preprocess,0.186
1657065612.228286,1.1_ros_callback_total,0.244
1657065612.228286,1.2_imu_integration,0.090
1657065612.228286,1.2_pointcloud_deskew,0.010
1657065612.228286,1.2_covariance_estimation,0.202
1657065612.228286,1.2_create_factors,0.301
1657065612.228286,1.2_smoother_update,24.665
1657065612.228286,1.3_gnss_injection,0.617
1657065612.228286,1.2_update_frames_calculate_estimate,0.091
1657065612.228286,1.2_update_frames_state_copy,0.024
1657065612.228286,1.2_update_frames_sigma_p,0.042
1657065612.228286,1.2_update_frames_icp_quality,0.313
1657065612.228286,1.2_update_frames,0.715
1657065612.204309,2.1_gnss_araim,0.759
1657065612.228286,2.2_lidar_araim,0.020
1657065612.228286,2.3_dynamic_al,0.000
1657065612.228286,2.3_state_machine,0.008
1657065612.228286,2.3_integrity_total,0.850
1657065612.228286,1.2_odom_insert_frame,29.542
1657065607.328274,1.4_sub_map_insert,1.971
1657065612.328218,1.1_pointcloud_extract,0.005
1657065612.328218,1.1_cloud_preprocess,0.187
1657065612.328218,1.1_ros_callback_total,0.239
1657065612.328218,1.2_imu_integration,0.090
1657065612.328218,1.2_pointcloud_deskew,0.009
1657065612.328218,1.2_covariance_estimation,0.185
1657065612.328218,1.2_create_factors,0.290
1657065612.328218,1.2_smoother_update,2.852
1657065612.328218,1.3_gnss_injection,0.632
1657065612.328218,1.2_update_frames_calculate_estimate,0.079
1657065612.328218,1.2_update_frames_state_copy,0.020
1657065612.328218,1.2_update_frames_sigma_p,0.059
1657065612.328218,1.2_update_frames_icp_quality,0.312
1657065612.328218,1.2_update_frames,0.646
1657065612.304287,2.1_gnss_araim,0.689
1657065612.328218,2.2_lidar_araim,0.021
1657065612.328218,2.3_dynamic_al,0.000
1657065612.328218,2.3_state_machine,0.019
1657065612.328218,2.3_integrity_total,0.803
1657065612.328218,1.2_odom_insert_frame,7.471
1657065612.428272,1.1_pointcloud_extract,0.006
1657065612.428272,1.1_cloud_preprocess,0.208
1657065612.428272,1.1_ros_callback_total,0.272
1657065612.428272,1.2_imu_integration,0.087
1657065612.428272,1.2_pointcloud_deskew,0.011
1657065612.428272,1.2_covariance_estimation,0.174
1657065612.428272,1.2_create_factors,0.267
1657065612.428272,1.2_smoother_update,18.871
1657065612.428272,1.3_gnss_injection,0.291
1657065612.428272,1.2_update_frames_calculate_estimate,0.044
1657065612.428272,1.2_update_frames_state_copy,0.015
1657065612.428272,1.2_update_frames_sigma_p,0.025
1657065612.428272,1.2_update_frames_icp_quality,0.484
1657065612.428272,1.2_update_frames,0.714
1657065612.404291,2.1_gnss_araim,0.787
1657065612.428272,2.2_lidar_araim,0.020
1657065612.428272,2.3_dynamic_al,0.000
1657065612.428272,2.3_state_machine,0.015
1657065612.428272,2.3_integrity_total,0.894
1657065612.428272,1.2_odom_insert_frame,22.911
1657065607.428308,1.4_sub_map_insert,1.480
1657065612.528278,1.1_pointcloud_extract,0.004
1657065612.528278,1.1_cloud_preprocess,0.178
1657065612.528278,1.1_ros_callback_total,0.232
1657065612.528278,1.2_imu_integration,0.075
1657065612.528278,1.2_pointcloud_deskew,0.010
1657065612.528278,1.2_covariance_estimation,0.164
1657065612.528278,1.2_create_factors,0.261
1657065612.528278,1.2_smoother_update,19.146
1657065612.528278,1.3_gnss_injection,0.451
1657065612.528278,1.2_update_frames_calculate_estimate,0.041
1657065612.528278,1.2_update_frames_state_copy,0.014
1657065612.528278,1.2_update_frames_sigma_p,0.023
1657065612.528278,1.2_update_frames_icp_quality,0.266
1657065612.528278,1.2_update_frames,0.485
1657065612.504237,2.1_gnss_araim,0.830
1657065612.528278,2.2_lidar_araim,0.020
1657065612.528278,2.3_dynamic_al,0.000
1657065612.528278,2.3_state_machine,0.015
1657065612.528278,2.3_integrity_total,0.933
1657065612.528278,1.2_odom_insert_frame,22.926
1657065607.528290,1.4_sub_map_insert,2.708
1657065612.628215,1.1_pointcloud_extract,0.005
1657065612.628215,1.1_cloud_preprocess,0.190
1657065612.628215,1.1_ros_callback_total,0.247
1657065612.628215,1.2_imu_integration,0.149
1657065612.628215,1.2_pointcloud_deskew,0.010
1657065612.628215,1.2_covariance_estimation,0.099
1657065612.628215,1.2_create_factors,0.564
1657065612.628215,1.2_smoother_update,19.428
1657065612.628215,1.3_gnss_injection,0.444
1657065612.628215,1.2_update_frames_calculate_estimate,0.052
1657065612.628215,1.2_update_frames_state_copy,0.015
1657065612.628215,1.2_update_frames_sigma_p,0.028
1657065612.628215,1.2_update_frames_icp_quality,0.279
1657065612.628215,1.2_update_frames,0.534
1657065612.604262,2.1_gnss_araim,0.646
1657065612.628215,2.2_lidar_araim,0.015
1657065612.628215,2.3_dynamic_al,0.000
1657065612.628215,2.3_state_machine,0.015
1657065612.628215,2.3_integrity_total,0.721
1657065612.628215,1.2_odom_insert_frame,23.771
1657065612.728286,1.1_pointcloud_extract,0.005
1657065612.728286,1.1_cloud_preprocess,0.189
1657065612.728286,1.1_ros_callback_total,0.257
1657065612.728286,1.2_imu_integration,0.090
1657065612.728286,1.2_pointcloud_deskew,0.010
1657065612.728286,1.2_covariance_estimation,0.165
1657065612.728286,1.2_create_factors,0.297
1657065612.728286,1.2_smoother_update,25.206
1657065612.728286,1.3_gnss_injection,0.616
1657065612.728286,1.2_update_frames_calculate_estimate,0.067
1657065612.728286,1.2_update_frames_state_copy,0.020
1657065612.728286,1.2_update_frames_sigma_p,0.032
1657065612.728286,1.2_update_frames_icp_quality,0.323
1657065612.728286,1.2_update_frames,0.617
1657065612.704314,2.1_gnss_araim,0.685
1657065612.728286,2.2_lidar_araim,0.033
1657065612.728286,2.3_dynamic_al,0.000
1657065612.728286,2.3_state_machine,0.013
1657065612.728286,2.3_integrity_total,0.818
1657065612.728286,1.2_odom_insert_frame,29.737
1657065607.728274,1.4_sub_map_insert,3.353
1657065612.828258,1.1_pointcloud_extract,0.005
1657065612.828258,1.1_cloud_preprocess,0.184
1657065612.828258,1.1_ros_callback_total,0.231
1657065612.828258,1.2_imu_integration,0.090
1657065612.828258,1.2_pointcloud_deskew,0.009
1657065612.828258,1.2_covariance_estimation,0.129
1657065612.828258,1.2_create_factors,0.294
1657065612.828258,1.2_smoother_update,25.017
1657065612.828258,1.3_gnss_injection,0.639
1657065612.828258,1.2_update_frames_calculate_estimate,0.076
1657065612.828258,1.2_update_frames_state_copy,0.020
1657065612.828258,1.2_update_frames_sigma_p,0.033
1657065612.828258,1.2_update_frames_icp_quality,0.316
1657065612.828258,1.2_update_frames,0.623
1657065612.804255,2.1_gnss_araim,0.970
1657065612.828258,2.2_lidar_araim,0.021
1657065612.828258,2.3_dynamic_al,0.000
1657065612.828258,2.3_state_machine,0.017
1657065612.828258,2.3_integrity_total,1.081
1657065612.828258,1.2_odom_insert_frame,29.944
1657065607.928249,1.4_sub_map_insert,1.753
1657065612.928293,1.1_pointcloud_extract,0.006
1657065612.928293,1.1_cloud_preprocess,0.199
1657065612.928293,1.1_ros_callback_total,0.259
1657065612.928293,1.2_imu_integration,0.091
1657065612.928293,1.2_pointcloud_deskew,0.011
1657065612.928293,1.2_covariance_estimation,0.151
1657065612.928293,1.2_create_factors,0.320
1657065612.928293,1.2_smoother_update,26.462
1657065612.928293,1.3_gnss_injection,0.507
1657065612.928293,1.2_update_frames_calculate_estimate,0.112
1657065612.928293,1.2_update_frames_state_copy,0.021
1657065612.928293,1.2_update_frames_sigma_p,0.047
1657065612.928293,1.2_update_frames_icp_quality,0.570
1657065612.928293,1.2_update_frames,0.968
1657065612.904279,2.1_gnss_araim,0.702
1657065612.928293,2.2_lidar_araim,0.025
1657065612.928293,2.3_dynamic_al,0.000
1657065612.928293,2.3_state_machine,0.016
1657065612.928293,2.3_integrity_total,0.823
1657065612.928293,1.2_odom_insert_frame,31.829
1657065608.028231,1.4_sub_map_insert,1.800
1657065613.028270,1.1_pointcloud_extract,0.004
1657065613.028270,1.1_cloud_preprocess,0.182
1657065613.028270,1.1_ros_callback_total,0.239
1657065613.028270,1.2_imu_integration,0.090
1657065613.028270,1.2_pointcloud_deskew,0.009
1657065613.028270,1.2_covariance_estimation,0.307
1657065613.028270,1.2_create_factors,0.305
1657065613.028270,1.2_smoother_update,25.015
1657065613.028270,1.3_gnss_injection,0.617
1657065613.028270,1.2_update_frames_calculate_estimate,0.065
1657065613.028270,1.2_update_frames_state_copy,0.020
1657065613.028270,1.2_update_frames_sigma_p,0.030
1657065613.028270,1.2_update_frames_icp_quality,0.308
1657065613.028270,1.2_update_frames,0.592
1657065613.004287,2.1_gnss_araim,0.836
1657065613.028270,2.2_lidar_araim,0.014
1657065613.028270,2.3_dynamic_al,0.000
1657065613.028270,2.3_state_machine,0.014
1657065613.028270,2.3_integrity_total,0.921
1657065613.028270,1.2_odom_insert_frame,29.766
1657065613.128254,1.1_pointcloud_extract,0.005
1657065613.128254,1.1_cloud_preprocess,0.187
1657065613.128254,1.1_ros_callback_total,0.257
1657065613.128254,1.2_imu_integration,0.096
1657065613.128254,1.2_pointcloud_deskew,0.010
1657065613.128254,1.2_covariance_estimation,0.137
1657065613.128254,1.2_create_factors,0.315
1657065613.128254,1.2_smoother_update,2.657
1657065613.128254,1.3_gnss_injection,0.637
1657065613.128254,1.2_update_frames_calculate_estimate,0.110
1657065613.128254,1.2_update_frames_state_copy,0.022
1657065613.128254,1.2_update_frames_sigma_p,0.064
1657065613.128254,1.2_update_frames_icp_quality,0.613
1657065613.128254,1.2_update_frames,0.992
1657065613.104300,2.1_gnss_araim,0.881
1657065613.128254,2.2_lidar_araim,0.022
1657065613.128254,2.3_dynamic_al,0.000
1657065613.128254,2.3_state_machine,0.018
1657065613.128254,2.3_integrity_total,1.008
1657065613.128254,1.2_odom_insert_frame,8.702
1657065608.128291,1.4_sub_map_insert,1.916
1657065613.228276,1.1_pointcloud_extract,0.004
1657065613.228276,1.1_cloud_preprocess,0.175
1657065613.228276,1.1_ros_callback_total,0.213
1657065613.228276,1.2_imu_integration,0.091
1657065613.228276,1.2_pointcloud_deskew,0.009
1657065613.228276,1.2_covariance_estimation,0.225
1657065613.228276,1.2_create_factors,0.297
1657065613.228276,1.2_smoother_update,26.042
1657065613.228276,1.3_gnss_injection,0.623
1657065613.228276,1.2_update_frames_calculate_estimate,0.079
1657065613.228276,1.2_update_frames_state_copy,0.020
1657065613.228276,1.2_update_frames_sigma_p,0.032
1657065613.228276,1.2_update_frames_icp_quality,0.327
1657065613.228276,1.2_update_frames,0.632
1657065613.204221,2.1_gnss_araim,0.707
1657065613.228276,2.2_lidar_araim,0.016
1657065613.228276,2.3_dynamic_al,0.000
1657065613.228276,2.3_state_machine,0.013
1657065613.228276,2.3_integrity_total,0.798
1657065613.228276,1.2_odom_insert_frame,30.595
1657065608.228271,1.4_sub_map_insert,1.844
1657065613.328318,1.1_pointcloud_extract,0.005
1657065613.328318,1.1_cloud_preprocess,0.187
1657065613.328318,1.1_ros_callback_total,0.228
1657065613.328318,1.2_imu_integration,0.093
1657065613.328318,1.2_pointcloud_deskew,0.009
1657065613.328318,1.2_covariance_estimation,0.301
1657065613.328318,1.2_create_factors,0.304
1657065613.328318,1.2_smoother_update,25.341
1657065613.328318,1.3_gnss_injection,0.659
1657065613.328318,1.2_update_frames_calculate_estimate,0.078
1657065613.328318,1.2_update_frames_state_copy,0.020
1657065613.328318,1.2_update_frames_sigma_p,0.034
1657065613.328318,1.2_update_frames_icp_quality,0.327
1657065613.328318,1.2_update_frames,0.627
1657065613.304287,2.1_gnss_araim,0.706
1657065613.328318,2.2_lidar_araim,0.020
1657065613.328318,2.3_dynamic_al,0.000
1657065613.328318,2.3_state_machine,0.017
1657065613.328318,2.3_integrity_total,0.800
1657065613.328318,1.2_odom_insert_frame,30.097
1657065608.328277,1.4_sub_map_insert,3.624
1657065613.428288,1.1_pointcloud_extract,0.004
1657065613.428288,1.1_cloud_preprocess,0.171
1657065613.428288,1.1_ros_callback_total,0.212
1657065613.428288,1.2_imu_integration,0.091
1657065613.428288,1.2_pointcloud_deskew,0.010
1657065613.428288,1.2_covariance_estimation,0.268
1657065613.428288,1.2_create_factors,0.316
1657065613.428288,1.2_smoother_update,2.655
1657065613.428288,1.3_gnss_injection,0.419
1657065613.428288,1.2_update_frames_calculate_estimate,0.092
1657065613.428288,1.2_update_frames_state_copy,0.019
1657065613.428288,1.2_update_frames_sigma_p,0.058
1657065613.428288,1.2_update_frames_icp_quality,0.443
1657065613.428288,1.2_update_frames,0.780
1657065613.404274,2.1_gnss_araim,0.677
1657065613.428288,2.2_lidar_araim,0.021
1657065613.428288,2.3_dynamic_al,0.000
1657065613.428288,2.3_state_machine,0.018
1657065613.428288,2.3_integrity_total,0.798
1657065613.428288,1.2_odom_insert_frame,7.361
1657065608.528270,1.4_sub_map_insert,1.499
1657065613.528286,1.1_pointcloud_extract,0.005
1657065613.528286,1.1_cloud_preprocess,0.188
1657065613.528286,1.1_ros_callback_total,0.230
1657065613.528286,1.2_imu_integration,0.086
1657065613.528286,1.2_pointcloud_deskew,0.011
1657065613.528286,1.2_covariance_estimation,0.094
1657065613.528286,1.2_create_factors,0.271
1657065613.528286,1.2_smoother_update,19.368
1657065613.528286,1.3_gnss_injection,0.430
1657065613.528286,1.2_update_frames_calculate_estimate,0.042
1657065613.528286,1.2_update_frames_state_copy,0.014
1657065613.528286,1.2_update_frames_sigma_p,0.023
1657065613.528286,1.2_update_frames_icp_quality,0.262
1657065613.528286,1.2_update_frames,0.479
1657065613.504299,2.1_gnss_araim,0.679
1657065613.528286,2.2_lidar_araim,0.014
1657065613.528286,2.3_dynamic_al,0.000
1657065613.528286,2.3_state_machine,0.013
1657065613.528286,2.3_integrity_total,0.746
1657065613.528286,1.2_odom_insert_frame,22.811
1657065613.628264,1.1_pointcloud_extract,0.005
1657065613.628264,1.1_cloud_preprocess,0.197
1657065613.628264,1.1_ros_callback_total,0.243
1657065613.628264,1.2_imu_integration,0.091
1657065613.628264,1.2_pointcloud_deskew,0.010
1657065613.628264,1.2_covariance_estimation,0.131
1657065613.628264,1.2_create_factors,0.308
1657065613.628264,1.2_smoother_update,2.587
1657065613.628264,1.3_gnss_injection,0.607
1657065613.628264,1.2_update_frames_calculate_estimate,0.096
1657065613.628264,1.2_update_frames_state_copy,0.019
1657065613.628264,1.2_update_frames_sigma_p,0.062
1657065613.628264,1.2_update_frames_icp_quality,0.307
1657065613.628264,1.2_update_frames,0.632
1657065613.604233,2.1_gnss_araim,0.945
1657065613.628264,2.2_lidar_araim,0.024
1657065613.628264,2.3_dynamic_al,0.001
1657065613.628264,2.3_state_machine,0.019
1657065613.628264,2.3_integrity_total,1.081
1657065613.628264,1.2_odom_insert_frame,7.943
1657065608.628294,1.4_sub_map_insert,2.866
1657065613.728297,1.1_pointcloud_extract,0.004
1657065613.728297,1.1_cloud_preprocess,0.170
1657065613.728297,1.1_ros_callback_total,0.218
1657065613.728297,1.2_imu_integration,0.091
1657065613.728297,1.2_pointcloud_deskew,0.009
1657065613.728297,1.2_covariance_estimation,0.300
1657065613.728297,1.2_create_factors,0.296
1657065613.728297,1.2_smoother_update,25.812
1657065613.728297,1.3_gnss_injection,0.630
1657065613.728297,1.2_update_frames_calculate_estimate,0.074
1657065613.728297,1.2_update_frames_state_copy,0.020
1657065613.728297,1.2_update_frames_sigma_p,0.031
1657065613.728297,1.2_update_frames_icp_quality,0.317
1657065613.728297,1.2_update_frames,0.611
1657065613.704305,2.1_gnss_araim,0.833
1657065613.728297,2.2_lidar_araim,0.020
1657065613.728297,2.3_dynamic_al,0.001
1657065613.728297,2.3_state_machine,0.017
1657065613.728297,2.3_integrity_total,0.944
1657065613.728297,1.2_odom_insert_frame,30.577
1657065608.828258,1.4_sub_map_insert,1.745
1657065613.828230,1.1_pointcloud_extract,0.005
1657065613.828230,1.1_cloud_preprocess,0.204
1657065613.828230,1.1_ros_callback_total,0.252
1657065613.828230,1.2_imu_integration,0.090
1657065613.828230,1.2_pointcloud_deskew,0.009
1657065613.828230,1.2_covariance_estimation,0.220
1657065613.828230,1.2_create_factors,0.261
1657065613.828230,1.2_smoother_update,2.036
1657065613.828230,1.3_gnss_injection,0.456
1657065613.828230,1.2_update_frames_calculate_estimate,0.049
1657065613.828230,1.2_update_frames_state_copy,0.014
1657065613.828230,1.2_update_frames_sigma_p,0.045
1657065613.828230,1.2_update_frames_icp_quality,0.256
1657065613.828230,1.2_update_frames,0.507
1657065613.804239,2.1_gnss_araim,0.670
1657065613.828230,2.2_lidar_araim,0.020
1657065613.828230,2.3_dynamic_al,0.000
1657065613.828230,2.3_state_machine,0.017
1657065613.828230,2.3_integrity_total,0.782
1657065613.828230,1.2_odom_insert_frame,5.810
1657065613.928310,1.1_pointcloud_extract,0.005
1657065613.928310,1.1_cloud_preprocess,0.184
1657065613.928310,1.1_ros_callback_total,0.235
1657065613.928310,1.2_imu_integration,0.083
1657065613.928310,1.2_pointcloud_deskew,0.011
1657065613.928310,1.2_covariance_estimation,0.292
1657065613.928310,1.2_create_factors,0.485
1657065613.928310,1.2_smoother_update,25.055
1657065613.928310,1.3_gnss_injection,0.402
1657065613.928310,1.2_update_frames_calculate_estimate,0.091
1657065613.928310,1.2_update_frames_state_copy,0.021
1657065613.928310,1.2_update_frames_sigma_p,0.039
1657065613.928310,1.2_update_frames_icp_quality,0.401
1657065613.928310,1.2_update_frames,0.812
1657065613.904295,2.1_gnss_araim,0.673
1657065613.928310,2.2_lidar_araim,0.020
1657065613.928310,2.3_dynamic_al,0.000
1657065613.928310,2.3_state_machine,0.017
1657065613.928310,2.3_integrity_total,0.784
1657065613.928310,1.2_odom_insert_frame,29.887
1657065608.928272,1.4_sub_map_insert,3.334
1657065614.028276,1.1_pointcloud_extract,0.005
1657065614.028276,1.1_cloud_preprocess,0.186
1657065614.028276,1.1_ros_callback_total,0.243
1657065614.028276,1.2_imu_integration,0.084
1657065614.028276,1.2_pointcloud_deskew,0.011
1657065614.028276,1.2_covariance_estimation,0.481
1657065614.028276,1.2_create_factors,0.260
1657065614.028276,1.2_smoother_update,18.942
1657065614.028276,1.3_gnss_injection,0.444
1657065614.028276,1.2_update_frames_calculate_estimate,0.041
1657065614.028276,1.2_update_frames_state_copy,0.014
1657065614.028276,1.2_update_frames_sigma_p,0.023
1657065614.028276,1.2_update_frames_icp_quality,0.259
1657065614.028276,1.2_update_frames,0.478
1657065614.004297,2.1_gnss_araim,0.731
1657065614.028276,2.2_lidar_araim,0.019
1657065614.028276,2.3_dynamic_al,0.000
1657065614.028276,2.3_state_machine,0.016
1657065614.028276,2.3_integrity_total,0.833
1657065614.028276,1.2_odom_insert_frame,22.947
1657065609.128255,1.4_sub_map_insert,1.882
1657065614.128309,1.1_pointcloud_extract,0.005
1657065614.128309,1.1_cloud_preprocess,0.187
1657065614.128309,1.1_ros_callback_total,0.231
1657065614.128309,1.2_imu_integration,0.079
1657065614.128309,1.2_pointcloud_deskew,0.011
1657065614.128309,1.2_covariance_estimation,0.086
1657065614.128309,1.2_create_factors,0.338
1657065614.128309,1.2_smoother_update,18.893
1657065614.128309,1.3_gnss_injection,0.463
1657065614.128309,1.2_update_frames_calculate_estimate,0.046
1657065614.128309,1.2_update_frames_state_copy,0.014
1657065614.128309,1.2_update_frames_sigma_p,0.027
1657065614.128309,1.2_update_frames_icp_quality,0.521
1657065614.128309,1.2_update_frames,0.852
1657065614.104273,2.1_gnss_araim,0.759
1657065614.128309,2.2_lidar_araim,0.041
1657065614.128309,2.3_dynamic_al,0.000
1657065614.128309,2.3_state_machine,0.016
1657065614.128309,2.3_integrity_total,0.931
1657065614.128309,1.2_odom_insert_frame,23.855
1657065609.228222,1.4_sub_map_insert,1.828
1657065614.228272,1.1_pointcloud_extract,0.005
1657065614.228272,1.1_cloud_preprocess,0.191
1657065614.228272,1.1_ros_callback_total,0.247
1657065614.228272,1.2_imu_integration,0.094
1657065614.228272,1.2_pointcloud_deskew,0.010
1657065614.228272,1.2_covariance_estimation,0.209
1657065614.228272,1.2_create_factors,0.266
1657065614.228272,1.2_smoother_update,19.071
1657065614.228272,1.3_gnss_injection,0.475
1657065614.228272,1.2_update_frames_calculate_estimate,0.042
1657065614.228272,1.2_update_frames_state_copy,0.014
1657065614.228272,1.2_update_frames_sigma_p,0.023
1657065614.228272,1.2_update_frames_icp_quality,0.260
1657065614.228272,1.2_update_frames,0.479
1657065614.204279,2.1_gnss_araim,0.810
1657065614.228272,2.2_lidar_araim,0.020
1657065614.228272,2.3_dynamic_al,0.000
1657065614.228272,2.3_state_machine,0.015
1657065614.228272,2.3_integrity_total,0.908
1657065614.228272,1.2_odom_insert_frame,22.979
1657065609.328247,1.4_sub_map_insert,1.908
1657065614.328275,1.1_pointcloud_extract,0.004
1657065614.328275,1.1_cloud_preprocess,0.190
1657065614.328275,1.1_ros_callback_total,0.252
1657065614.328275,1.2_imu_integration,0.089
1657065614.328275,1.2_pointcloud_deskew,0.009
1657065614.328275,1.2_covariance_estimation,0.285
1657065614.328275,1.2_create_factors,0.296
1657065614.328275,1.2_smoother_update,24.954
1657065614.328275,1.3_gnss_injection,0.655
1657065614.328275,1.2_update_frames_calculate_estimate,0.074
1657065614.328275,1.2_update_frames_state_copy,0.020
1657065614.328275,1.2_update_frames_sigma_p,0.031
1657065614.328275,1.2_update_frames_icp_quality,0.325
1657065614.328275,1.2_update_frames,0.624
1657065614.304291,2.1_gnss_araim,0.712
1657065614.328275,2.2_lidar_araim,0.020
1657065614.328275,2.3_dynamic_al,0.000
1657065614.328275,2.3_state_machine,0.019
1657065614.328275,2.3_integrity_total,0.817
1657065614.328275,1.2_odom_insert_frame,29.671
1657065614.428234,1.1_pointcloud_extract,0.005
1657065614.428234,1.1_cloud_preprocess,0.187
1657065614.428234,1.1_ros_callback_total,0.238
1657065614.428234,1.2_imu_integration,0.090
1657065614.428234,1.2_pointcloud_deskew,0.010
1657065614.428234,1.2_covariance_estimation,0.283
1657065614.428234,1.2_create_factors,0.273
1657065614.428234,1.2_smoother_update,2.040
1657065614.428234,1.3_gnss_injection,0.283
1657065614.428234,1.2_update_frames_calculate_estimate,0.043
1657065614.428234,1.2_update_frames_state_copy,0.013
1657065614.428234,1.2_update_frames_sigma_p,0.042
1657065614.428234,1.2_update_frames_icp_quality,0.236
1657065614.428234,1.2_update_frames,0.415
1657065614.404284,2.1_gnss_araim,0.646
1657065614.428234,2.2_lidar_araim,0.016
1657065614.428234,2.3_dynamic_al,0.000
1657065614.428234,2.3_state_machine,0.013
1657065614.428234,2.3_integrity_total,0.727
1657065614.428234,1.2_odom_insert_frame,5.396
1657065609.428502,1.4_sub_map_insert,1.757
1657065614.528273,1.1_pointcloud_extract,0.005
1657065614.528273,1.1_cloud_preprocess,0.189
1657065614.528273,1.1_ros_callback_total,0.252
1657065614.528273,1.2_imu_integration,0.091
1657065614.528273,1.2_pointcloud_deskew,0.010
1657065614.528273,1.2_covariance_estimation,0.253
1657065614.528273,1.2_create_factors,0.297
1657065614.528273,1.2_smoother_update,25.120
1657065614.528273,1.3_gnss_injection,0.664
1657065614.528273,1.2_update_frames_calculate_estimate,0.087
1657065614.528273,1.2_update_frames_state_copy,0.021
1657065614.528273,1.2_update_frames_sigma_p,0.034
1657065614.528273,1.2_update_frames_icp_quality,0.311
1657065614.528273,1.2_update_frames,0.621
1657065614.504278,2.1_gnss_araim,0.870
1657065614.528273,2.2_lidar_araim,0.015
1657065614.528273,2.3_dynamic_al,0.000
1657065614.528273,2.3_state_machine,0.015
1657065614.528273,2.3_integrity_total,0.961
1657065614.528273,1.2_odom_insert_frame,29.997
1657065609.528275,1.4_sub_map_insert,1.883
1657065614.628232,1.1_pointcloud_extract,0.005
1657065614.628232,1.1_cloud_preprocess,0.187
1657065614.628232,1.1_ros_callback_total,0.245
1657065614.628232,1.2_imu_integration,0.078
1657065614.628232,1.2_pointcloud_deskew,0.010
1657065614.628232,1.2_covariance_estimation,0.201
1657065614.628232,1.2_create_factors,0.308
1657065614.628232,1.2_smoother_update,25.311
1657065614.628232,1.3_gnss_injection,0.671
1657065614.628232,1.2_update_frames_calculate_estimate,0.121
1657065614.628232,1.2_update_frames_state_copy,0.022
1657065614.628232,1.2_update_frames_sigma_p,0.055
1657065614.628232,1.2_update_frames_icp_quality,0.644
1657065614.628232,1.2_update_frames,1.066
1657065614.604213,2.1_gnss_araim,0.764
1657065614.628232,2.2_lidar_araim,0.022
1657065614.628232,2.3_dynamic_al,0.000
1657065614.628232,2.3_state_machine,0.017
1657065614.628232,2.3_integrity_total,0.874
1657065614.628232,1.2_odom_insert_frame,31.385
1657065609.628273,1.4_sub_map_insert,2.280
1657065614.728220,1.1_pointcloud_extract,0.004
1657065614.728220,1.1_cloud_preprocess,0.187
1657065614.728220,1.1_ros_callback_total,0.248
1657065614.728220,1.2_imu_integration,0.090
1657065614.728220,1.2_pointcloud_deskew,0.009
1657065614.728220,1.2_covariance_estimation,0.318
1657065614.728220,1.2_create_factors,0.297
1657065614.728220,1.2_smoother_update,26.129
1657065614.728220,1.3_gnss_injection,0.704
1657065614.728220,1.2_update_frames_calculate_estimate,0.090
1657065614.728220,1.2_update_frames_state_copy,0.020
1657065614.728220,1.2_update_frames_sigma_p,0.035
1657065614.728220,1.2_update_frames_icp_quality,0.311
1657065614.728220,1.2_update_frames,0.628
1657065614.704234,2.1_gnss_araim,0.693
1657065614.728220,2.2_lidar_araim,0.019
1657065614.728220,2.3_dynamic_al,0.000
1657065614.728220,2.3_state_machine,0.017
1657065614.728220,2.3_integrity_total,0.784
1657065614.728220,1.2_odom_insert_frame,31.083
1657065609.728273,1.4_sub_map_insert,1.807
1657065614.828237,1.1_pointcloud_extract,0.004
1657065614.828237,1.1_cloud_preprocess,0.175
1657065614.828237,1.1_ros_callback_total,0.211
1657065614.828237,1.2_imu_integration,0.092
1657065614.828237,1.2_pointcloud_deskew,0.009
1657065614.828237,1.2_covariance_estimation,0.155
1657065614.828237,1.2_create_factors,0.295
1657065614.828237,1.2_smoother_update,25.994
1657065614.828237,1.3_gnss_injection,0.643
1657065614.828237,1.2_update_frames_calculate_estimate,0.086
1657065614.828237,1.2_update_frames_state_copy,0.021
1657065614.828237,1.2_update_frames_sigma_p,0.035
1657065614.828237,1.2_update_frames_icp_quality,0.316
1657065614.828237,1.2_update_frames,0.631
1657065614.804278,2.1_gnss_araim,1.001
1657065614.828237,2.2_lidar_araim,0.021
1657065614.828237,2.3_dynamic_al,0.000
1657065614.828237,2.3_state_machine,0.014
1657065614.828237,2.3_integrity_total,1.104
1657065614.828237,1.2_odom_insert_frame,30.937
1657065609.828269,1.4_sub_map_insert,1.556
1657065614.928280,1.1_pointcloud_extract,0.005
1657065614.928280,1.1_cloud_preprocess,0.193
1657065614.928280,1.1_ros_callback_total,0.247
1657065614.928280,1.2_imu_integration,0.074
1657065614.928280,1.2_pointcloud_deskew,0.010
1657065614.928280,1.2_covariance_estimation,0.133
1657065614.928280,1.2_create_factors,0.258
1657065614.928280,1.2_smoother_update,19.533
1657065614.928280,1.3_gnss_injection,0.320
1657065614.928280,1.2_update_frames_calculate_estimate,0.044
1657065614.928280,1.2_update_frames_state_copy,0.014
1657065614.928280,1.2_update_frames_sigma_p,0.025
1657065614.928280,1.2_update_frames_icp_quality,0.399
1657065614.928280,1.2_update_frames,0.631
1657065614.904246,2.1_gnss_araim,0.727
1657065614.928280,2.2_lidar_araim,0.021
1657065614.928280,2.3_dynamic_al,0.000
1657065614.928280,2.3_state_machine,0.017
1657065614.928280,2.3_integrity_total,0.830
1657065614.928280,1.2_odom_insert_frame,23.728
1657065609.928278,1.4_sub_map_insert,2.839
1657065615.028283,1.1_pointcloud_extract,0.004
1657065615.028283,1.1_cloud_preprocess,0.172
1657065615.028283,1.1_ros_callback_total,0.208
1657065615.028283,1.2_imu_integration,0.103
1657065615.028283,1.2_pointcloud_deskew,0.012
1657065615.028283,1.2_covariance_estimation,0.193
1657065615.028283,1.2_create_factors,0.310
1657065615.028283,1.2_smoother_update,25.053
1657065615.028283,1.3_gnss_injection,0.648
1657065615.028283,1.2_update_frames_calculate_estimate,0.074
1657065615.028283,1.2_update_frames_state_copy,0.021
1657065615.028283,1.2_update_frames_sigma_p,0.031
1657065615.028283,1.2_update_frames_icp_quality,0.312
1657065615.028283,1.2_update_frames,0.614
1657065615.004281,2.1_gnss_araim,0.808
1657065615.028283,2.2_lidar_araim,0.016
1657065615.028283,2.3_dynamic_al,0.000
1657065615.028283,2.3_state_machine,0.016
1657065615.028283,2.3_integrity_total,0.902
1657065615.028283,1.2_odom_insert_frame,29.811
1657065615.128286,1.1_pointcloud_extract,0.005
1657065615.128286,1.1_cloud_preprocess,0.189
1657065615.128286,1.1_ros_callback_total,0.241
1657065615.128286,1.2_imu_integration,0.094
1657065615.128286,1.2_pointcloud_deskew,0.010
1657065615.128286,1.2_covariance_estimation,0.136
1657065615.128286,1.2_create_factors,0.385
1657065615.128286,1.2_smoother_update,2.603
1657065615.128286,1.3_gnss_injection,0.617
1657065615.128286,1.2_update_frames_calculate_estimate,0.081
1657065615.128286,1.2_update_frames_state_copy,0.020
1657065615.128286,1.2_update_frames_sigma_p,0.055
1657065615.128286,1.2_update_frames_icp_quality,0.300
1657065615.128286,1.2_update_frames,0.623
1657065615.104270,2.1_gnss_araim,0.710
1657065615.128286,2.2_lidar_araim,0.024
1657065615.128286,2.3_dynamic_al,0.000
1657065615.128286,2.3_state_machine,0.017
1657065615.128286,2.3_integrity_total,0.827
1657065615.128286,1.2_odom_insert_frame,7.711
1657065610.128293,1.4_sub_map_insert,2.753
1657065615.228269,1.1_pointcloud_extract,0.005
1657065615.228269,1.1_cloud_preprocess,0.188
1657065615.228269,1.1_ros_callback_total,0.252
1657065615.228269,1.2_imu_integration,0.090
1657065615.228269,1.2_pointcloud_deskew,0.009
1657065615.228269,1.2_covariance_estimation,0.177
1657065615.228269,1.2_create_factors,0.308
1657065615.228269,1.2_smoother_update,26.462
1657065615.228269,1.3_gnss_injection,0.682
1657065615.228269,1.2_update_frames_calculate_estimate,0.075
1657065615.228269,1.2_update_frames_state_copy,0.021
1657065615.228269,1.2_update_frames_sigma_p,0.033
1657065615.228269,1.2_update_frames_icp_quality,0.327
1657065615.228269,1.2_update_frames,0.627
1657065615.204227,2.1_gnss_araim,0.665
1657065615.228269,2.2_lidar_araim,0.015
1657065615.228269,2.3_dynamic_al,0.000
1657065615.228269,2.3_state_machine,0.018
1657065615.228269,2.3_integrity_total,0.759
1657065615.228269,1.2_odom_insert_frame,31.048
1657065615.328279,1.1_pointcloud_extract,0.005
1657065615.328279,1.1_cloud_preprocess,0.188
1657065615.328279,1.1_ros_callback_total,0.239
1657065615.328279,1.2_imu_integration,0.087
1657065615.328279,1.2_pointcloud_deskew,0.011
1657065615.328279,1.2_covariance_estimation,0.115
1657065615.328279,1.2_create_factors,0.255
1657065615.328279,1.2_smoother_update,19.661
1657065615.328279,1.3_gnss_injection,0.465
1657065615.328279,1.2_update_frames_calculate_estimate,0.044
1657065615.328279,1.2_update_frames_state_copy,0.014
1657065615.328279,1.2_update_frames_sigma_p,0.023
1657065615.328279,1.2_update_frames_icp_quality,0.396
1657065615.328279,1.2_update_frames,0.689
1657065615.304280,2.1_gnss_araim,0.819
1657065615.328279,2.2_lidar_araim,0.016
1657065615.328279,2.3_dynamic_al,0.000
1657065615.328279,2.3_state_machine,0.019
1657065615.328279,2.3_integrity_total,0.918
1657065615.328279,1.2_odom_insert_frame,23.649
1657065610.328290,1.4_sub_map_insert,3.515
1657065615.428280,1.1_pointcloud_extract,0.004
1657065615.428280,1.1_cloud_preprocess,0.171
1657065615.428280,1.1_ros_callback_total,0.209
1657065615.428280,1.2_imu_integration,0.081
1657065615.428280,1.2_pointcloud_deskew,0.010
1657065615.428280,1.2_covariance_estimation,0.283
1657065615.428280,1.2_create_factors,0.253
1657065615.428280,1.2_smoother_update,19.108
1657065615.428280,1.3_gnss_injection,0.300
1657065615.428280,1.2_update_frames_calculate_estimate,0.040
1657065615.428280,1.2_update_frames_state_copy,0.014
1657065615.428280,1.2_update_frames_sigma_p,0.023
1657065615.428280,1.2_update_frames_icp_quality,0.260
1657065615.428280,1.2_update_frames,0.476
1657065615.404265,2.1_gnss_araim,0.888
1657065615.428280,2.2_lidar_araim,0.015
1657065615.428280,2.3_dynamic_al,0.000
1657065615.428280,2.3_state_machine,0.014
1657065615.428280,2.3_integrity_total,0.970
1657065615.428280,1.2_odom_insert_frame,22.956
1657065610.528228,1.4_sub_map_insert,1.866
1657065615.528272,1.1_pointcloud_extract,0.005
1657065615.528272,1.1_cloud_preprocess,0.186
1657065615.528272,1.1_ros_callback_total,0.236
1657065615.528272,1.2_imu_integration,0.084
1657065615.528272,1.2_pointcloud_deskew,0.011
1657065615.528272,1.2_covariance_estimation,0.207
1657065615.528272,1.2_create_factors,0.265
1657065615.528272,1.2_smoother_update,19.280
1657065615.528272,1.3_gnss_injection,0.459
1657065615.528272,1.2_update_frames_calculate_estimate,0.044
1657065615.528272,1.2_update_frames_state_copy,0.014
1657065615.528272,1.2_update_frames_sigma_p,0.023
1657065615.528272,1.2_update_frames_icp_quality,0.671
1657065615.528272,1.2_update_frames,0.896
1657065615.504284,2.1_gnss_araim,0.733
1657065615.528272,2.2_lidar_araim,0.020
1657065615.528272,2.3_dynamic_al,0.000
1657065615.528272,2.3_state_machine,0.015
1657065615.528272,2.3_integrity_total,0.835
1657065615.528272,1.2_odom_insert_frame,23.466
1657065610.628249,1.4_sub_map_insert,1.807
1657065615.628226,1.1_pointcloud_extract,0.005
1657065615.628226,1.1_cloud_preprocess,0.205
1657065615.628226,1.1_ros_callback_total,0.269
1657065615.628226,1.2_imu_integration,0.091
1657065615.628226,1.2_pointcloud_deskew,0.010
1657065615.628226,1.2_covariance_estimation,0.137
1657065615.628226,1.2_create_factors,0.304
1657065615.628226,1.2_smoother_update,2.602
1657065615.628226,1.3_gnss_injection,0.636
1657065615.628226,1.2_update_frames_calculate_estimate,0.079
1657065615.628226,1.2_update_frames_state_copy,0.019
1657065615.628226,1.2_update_frames_sigma_p,0.055
1657065615.628226,1.2_update_frames_icp_quality,0.293
1657065615.628226,1.2_update_frames,0.607
1657065615.604223,2.1_gnss_araim,0.696
1657065615.628226,2.2_lidar_araim,0.028
1657065615.628226,2.3_dynamic_al,0.000
1657065615.628226,2.3_state_machine,0.018
1657065615.628226,2.3_integrity_total,0.807
1657065615.628226,1.2_odom_insert_frame,7.414
1657065615.728279,1.1_pointcloud_extract,0.005
1657065615.728279,1.1_cloud_preprocess,0.205
1657065615.728279,1.1_ros_callback_total,0.259
1657065615.728279,1.2_imu_integration,0.090
1657065615.728279,1.2_pointcloud_deskew,0.009
1657065615.728279,1.2_covariance_estimation,0.182
1657065615.728279,1.2_create_factors,0.309
1657065615.728279,1.2_smoother_update,26.653
1657065615.728279,1.3_gnss_injection,0.668
1657065615.728279,1.2_update_frames_calculate_estimate,0.085
1657065615.728279,1.2_update_frames_state_copy,0.021
1657065615.728279,1.2_update_frames_sigma_p,0.031
1657065615.728279,1.2_update_frames_icp_quality,0.313
1657065615.728279,1.2_update_frames,0.622
1657065615.704366,2.1_gnss_araim,0.834
1657065615.728279,2.2_lidar_araim,0.015
1657065615.728279,2.3_dynamic_al,0.000
1657065615.728279,2.3_state_machine,0.013
1657065615.728279,2.3_integrity_total,0.915
1657065615.728279,1.2_odom_insert_frame,31.397
1657065610.728239,1.4_sub_map_insert,2.744
1657065615.828263,1.1_pointcloud_extract,0.005
1657065615.828263,1.1_cloud_preprocess,0.190
1657065615.828263,1.1_ros_callback_total,0.251
1657065615.828263,1.2_imu_integration,0.090
1657065615.828263,1.2_pointcloud_deskew,0.009
1657065615.828263,1.2_covariance_estimation,0.371
1657065615.828263,1.2_create_factors,0.329
1657065615.828263,1.2_smoother_update,27.801
1657065615.828263,1.3_gnss_injection,0.809
1657065615.828263,1.2_update_frames_calculate_estimate,0.139
1657065615.828263,1.2_update_frames_state_copy,0.025
1657065615.828263,1.2_update_frames_sigma_p,0.058
1657065615.828263,1.2_update_frames_icp_quality,0.416
1657065615.828263,1.2_update_frames,0.843
1657065615.804280,2.1_gnss_araim,0.755
1657065615.828263,2.2_lidar_araim,0.022
1657065615.828263,2.3_dynamic_al,0.000
1657065615.828263,2.3_state_machine,0.018
1657065615.828263,2.3_integrity_total,0.886
1657065615.828263,1.2_odom_insert_frame,34.709
1657065610.928222,1.4_sub_map_insert,1.578
1657065615.928381,1.1_pointcloud_extract,0.004
1657065615.928381,1.1_cloud_preprocess,0.176
1657065615.928381,1.1_ros_callback_total,0.216
1657065615.928381,1.2_imu_integration,0.090
1657065615.928381,1.2_pointcloud_deskew,0.009
1657065615.928381,1.2_covariance_estimation,0.113
1657065615.928381,1.2_create_factors,0.308
1657065615.928381,1.2_smoother_update,25.366
1657065615.928381,1.3_gnss_injection,0.426
1657065615.928381,1.2_update_frames_calculate_estimate,0.093
1657065615.928381,1.2_update_frames_state_copy,0.021
1657065615.928381,1.2_update_frames_sigma_p,0.040
1657065615.928381,1.2_update_frames_icp_quality,0.308
1657065615.928381,1.2_update_frames,0.637
1657065615.904359,2.1_gnss_araim,0.915
1657065615.928381,2.2_lidar_araim,0.020
1657065615.928381,2.3_dynamic_al,0.000
1657065615.928381,2.3_state_machine,0.014
1657065615.928381,2.3_integrity_total,1.008
1657065615.928381,1.2_odom_insert_frame,30.070
1657065611.028280,1.4_sub_map_insert,1.525
1657065616.028434,1.1_pointcloud_extract,0.004
1657065616.028434,1.1_cloud_preprocess,0.179
1657065616.028434,1.1_ros_callback_total,0.230
1657065616.028434,1.2_imu_integration,0.093
1657065616.028434,1.2_pointcloud_deskew,0.014
1657065616.028434,1.2_covariance_estimation,0.188
1657065616.028434,1.2_create_factors,0.308
1657065616.028434,1.2_smoother_update,29.853
1657065616.028434,1.3_gnss_injection,0.790
1657065616.028434,1.2_update_frames_calculate_estimate,0.094
1657065616.028434,1.2_update_frames_state_copy,0.021
1657065616.028434,1.2_update_frames_sigma_p,0.040
1657065616.028434,1.2_update_frames_icp_quality,0.312
1657065616.028434,1.2_update_frames,0.647
1657065616.004425,2.1_gnss_araim,0.906
1657065616.028434,2.2_lidar_araim,0.021
1657065616.028434,2.3_dynamic_al,0.000
1657065616.028434,2.3_state_machine,0.025
1657065616.028434,2.3_integrity_total,1.012
1657065616.028434,1.2_odom_insert_frame,35.061
1657065611.128303,1.4_sub_map_insert,1.729
1657065616.128424,1.1_pointcloud_extract,0.004
1657065616.128424,1.1_cloud_preprocess,0.173
1657065616.128424,1.1_ros_callback_total,0.208
1657065616.128424,1.2_imu_integration,0.092
1657065616.128424,1.2_pointcloud_deskew,0.011
1657065616.128424,1.2_covariance_estimation,0.210
1657065616.128424,1.2_create_factors,0.658
1657065616.128424,1.2_smoother_update,29.635
1657065616.128424,1.3_gnss_injection,0.751
1657065616.128424,1.2_update_frames_calculate_estimate,0.082
1657065616.128424,1.2_update_frames_state_copy,0.020
1657065616.128424,1.2_update_frames_sigma_p,0.031
1657065616.128424,1.2_update_frames_icp_quality,0.304
1657065616.128424,1.2_update_frames,0.612
1657065616.104442,2.1_gnss_araim,0.882
1657065616.128424,2.2_lidar_araim,0.022
1657065616.128424,2.3_dynamic_al,0.000
1657065616.128424,2.3_state_machine,0.014
1657065616.128424,2.3_integrity_total,0.993
1657065616.128424,1.2_odom_insert_frame,35.659
1657065611.228246,1.4_sub_map_insert,1.574
1657065616.228436,1.1_pointcloud_extract,0.005
1657065616.228436,1.1_cloud_preprocess,0.192
1657065616.228436,1.1_ros_callback_total,0.248
1657065616.228436,1.2_imu_integration,0.091
1657065616.228436,1.2_pointcloud_deskew,0.011
1657065616.228436,1.2_covariance_estimation,0.238
1657065616.228436,1.2_create_factors,0.295
1657065616.228436,1.2_smoother_update,29.322
1657065616.228436,1.3_gnss_injection,0.714
1657065616.228436,1.2_update_frames_calculate_estimate,0.104
1657065616.228436,1.2_update_frames_state_copy,0.022
1657065616.228436,1.2_update_frames_sigma_p,0.043
1657065616.228436,1.2_update_frames_icp_quality,0.892
1657065616.228436,1.2_update_frames,1.249
1657065616.204492,2.1_gnss_araim,0.661
1657065616.228436,2.2_lidar_araim,0.022
1657065616.228436,2.3_dynamic_al,0.000
1657065616.228436,2.3_state_machine,0.011
1657065616.228436,2.3_integrity_total,0.777
1657065616.228436,1.2_odom_insert_frame,34.802
1657065611.328280,1.4_sub_map_insert,1.836
1657065616.328366,1.1_pointcloud_extract,0.005
1657065616.328366,1.1_cloud_preprocess,0.188
1657065616.328366,1.1_ros_callback_total,0.250
1657065616.328366,1.2_imu_integration,0.093
1657065616.328366,1.2_pointcloud_deskew,0.010
1657065616.328366,1.2_covariance_estimation,0.257
1657065616.328366,1.2_create_factors,0.297
1657065616.328366,1.2_smoother_update,29.109
1657065616.328366,1.3_gnss_injection,0.755
1657065616.328366,1.2_update_frames_calculate_estimate,0.091
1657065616.328366,1.2_update_frames_state_copy,0.020
1657065616.328366,1.2_update_frames_sigma_p,0.033
1657065616.328366,1.2_update_frames_icp_quality,0.301
1657065616.328366,1.2_update_frames,0.626
1657065616.304426,2.1_gnss_araim,0.865
1657065616.328366,2.2_lidar_araim,0.019
1657065616.328366,2.3_dynamic_al,0.000
1657065616.328366,2.3_state_machine,0.017
1657065616.328366,2.3_integrity_total,0.958
1657065616.328366,1.2_odom_insert_frame,34.216
1657065611.428276,1.4_sub_map_insert,1.943
1657065616.428427,1.1_pointcloud_extract,0.004
1657065616.428427,1.1_cloud_preprocess,0.184
1657065616.428427,1.1_ros_callback_total,0.244
1657065616.428427,1.2_imu_integration,0.092
1657065616.428427,1.2_pointcloud_deskew,0.010
1657065616.428427,1.2_covariance_estimation,0.589
1657065616.428427,1.2_create_factors,0.632
1657065616.428427,1.2_smoother_update,28.627
1657065616.428427,1.3_gnss_injection,0.419
1657065616.428427,1.2_update_frames_calculate_estimate,0.079
1657065616.428427,1.2_update_frames_state_copy,0.020
1657065616.428427,1.2_update_frames_sigma_p,0.032
1657065616.428427,1.2_update_frames_icp_quality,0.406
1657065616.428427,1.2_update_frames,0.705
1657065616.404445,2.1_gnss_araim,0.691
1657065616.428427,2.2_lidar_araim,0.020
1657065616.428427,2.3_dynamic_al,0.000
1657065616.428427,2.3_state_machine,0.018
1657065616.428427,2.3_integrity_total,0.806
1657065616.428427,1.2_odom_insert_frame,33.893
1657065611.528221,1.4_sub_map_insert,1.772
1657065616.528365,1.1_pointcloud_extract,0.005
1657065616.528365,1.1_cloud_preprocess,0.192
1657065616.528365,1.1_ros_callback_total,0.238
1657065616.528365,1.2_imu_integration,0.076
1657065616.528365,1.2_pointcloud_deskew,0.012
1657065616.528365,1.2_covariance_estimation,0.270
1657065616.528365,1.2_create_factors,0.291
1657065616.528365,1.2_smoother_update,29.073
1657065616.528365,1.3_gnss_injection,0.723
1657065616.528365,1.2_update_frames_calculate_estimate,0.110
1657065616.528365,1.2_update_frames_state_copy,0.021
1657065616.528365,1.2_update_frames_sigma_p,0.044
1657065616.528365,1.2_update_frames_icp_quality,0.586
1657065616.528365,1.2_update_frames,0.952
1657065616.504370,2.1_gnss_araim,0.841
1657065616.528365,2.2_lidar_araim,0.020
1657065616.528365,2.3_dynamic_al,0.000
1657065616.528365,2.3_state_machine,0.017
1657065616.528365,2.3_integrity_total,0.950
1657065616.528365,1.2_odom_insert_frame,34.410
1657065611.628325,1.4_sub_map_insert,1.824
1657065616.587387,1.1_pointcloud_extract,0.005
1657065616.587387,1.1_cloud_preprocess,0.182
1657065616.587387,1.1_ros_callback_total,0.240
1657065616.587387,1.2_imu_integration,0.049
1657065616.587387,1.2_pointcloud_deskew,0.011
1657065616.587387,1.2_covariance_estimation,0.079
1657065616.587387,1.2_create_factors,0.551
1657065616.587387,1.2_smoother_update,4.876
1657065616.587387,1.3_gnss_injection,0.500
1657065616.587387,1.2_update_frames_calculate_estimate,0.050
1657065616.587387,1.2_update_frames_state_copy,0.014
1657065616.587387,1.2_update_frames_sigma_p,0.038
1657065616.587387,1.2_update_frames_icp_quality,0.531
1657065616.587387,1.2_update_frames,0.769
1657065616.604378,2.1_gnss_araim,0.695
1657065616.587387,2.2_lidar_araim,0.015
1657065616.587387,2.3_dynamic_al,0.000
1657065616.587387,2.3_state_machine,0.016
1657065616.587387,2.3_integrity_total,0.775
1657065616.587387,1.2_odom_insert_frame,8.933
1657065616.728426,1.1_pointcloud_extract,0.005
1657065616.728426,1.1_cloud_preprocess,0.191
1657065616.728426,1.1_ros_callback_total,0.241
1657065616.728426,1.2_imu_integration,0.102
1657065616.728426,1.2_pointcloud_deskew,0.011
1657065616.728426,1.2_covariance_estimation,0.131
1657065616.728426,1.2_create_factors,0.251
1657065616.728426,1.2_smoother_update,22.525
1657065616.728426,1.3_gnss_injection,0.551
1657065616.728426,1.2_update_frames_calculate_estimate,0.059
1657065616.728426,1.2_update_frames_state_copy,0.015
1657065616.728426,1.2_update_frames_sigma_p,0.025
1657065616.728426,1.2_update_frames_icp_quality,0.278
1657065616.728426,1.2_update_frames,0.564
1657065616.704440,2.1_gnss_araim,0.720
1657065616.728426,2.2_lidar_araim,0.015
1657065616.728426,2.3_dynamic_al,0.000
1657065616.728426,2.3_state_machine,0.011
1657065616.728426,2.3_integrity_total,0.789
1657065616.728426,1.2_odom_insert_frame,26.443
1657065611.728300,1.4_sub_map_insert,3.374
1657065616.828425,1.1_pointcloud_extract,0.005
1657065616.828425,1.1_cloud_preprocess,0.190
1657065616.828425,1.1_ros_callback_total,0.239
1657065616.828425,1.2_imu_integration,0.092
1657065616.828425,1.2_pointcloud_deskew,0.009
1657065616.828425,1.2_covariance_estimation,0.239
1657065616.828425,1.2_create_factors,0.400
1657065616.828425,1.2_smoother_update,28.467
1657065616.828425,1.3_gnss_injection,0.785
1657065616.828425,1.2_update_frames_calculate_estimate,0.097
1657065616.828425,1.2_update_frames_state_copy,0.021
1657065616.828425,1.2_update_frames_sigma_p,0.039
1657065616.828425,1.2_update_frames_icp_quality,0.310
1657065616.828425,1.2_update_frames,0.653
1657065616.804480,2.1_gnss_araim,0.756
1657065616.828425,2.2_lidar_araim,0.020
1657065616.828425,2.3_dynamic_al,0.000
1657065616.828425,2.3_state_machine,0.016
1657065616.828425,2.3_integrity_total,0.862
1657065616.828425,1.2_odom_insert_frame,33.640
1657065611.928275,1.4_sub_map_insert,1.947
1657065616.928426,1.1_pointcloud_extract,0.005
1657065616.928426,1.1_cloud_preprocess,0.187
1657065616.928426,1.1_ros_callback_total,0.243
1657065616.928426,1.2_imu_integration,0.079
1657065616.928426,1.2_pointcloud_deskew,0.013
1657065616.928426,1.2_covariance_estimation,0.140
1657065616.928426,1.2_create_factors,0.261
1657065616.928426,1.2_smoother_update,21.399
1657065616.928426,1.3_gnss_injection,0.319
1657065616.928426,1.2_update_frames_calculate_estimate,0.048
1657065616.928426,1.2_update_frames_state_copy,0.014
1657065616.928426,1.2_update_frames_sigma_p,0.024
1657065616.928426,1.2_update_frames_icp_quality,0.266
1657065616.928426,1.2_update_frames,0.493
1657065616.904424,2.1_gnss_araim,0.788
1657065616.928426,2.2_lidar_araim,0.015
1657065616.928426,2.3_dynamic_al,0.000
1657065616.928426,2.3_state_machine,0.015
1657065616.928426,2.3_integrity_total,0.862
1657065616.928426,1.2_odom_insert_frame,25.097
1657065612.028289,1.4_sub_map_insert,1.856
1657065617.028424,1.1_pointcloud_extract,0.005
1657065617.028424,1.1_cloud_preprocess,0.186
1657065617.028424,1.1_ros_callback_total,0.255
1657065617.028424,1.2_imu_integration,0.090
1657065617.028424,1.2_pointcloud_deskew,0.011
1657065617.028424,1.2_covariance_estimation,0.269
1657065617.028424,1.2_create_factors,0.296
1657065617.028424,1.2_smoother_update,27.775
1657065617.028424,1.3_gnss_injection,0.729
1657065617.028424,1.2_update_frames_calculate_estimate,0.095
1657065617.028424,1.2_update_frames_state_copy,0.020
1657065617.028424,1.2_update_frames_sigma_p,0.037
1657065617.028424,1.2_update_frames_icp_quality,0.565
1657065617.028424,1.2_update_frames,0.896
1657065617.004447,2.1_gnss_araim,0.656
1657065617.028424,2.2_lidar_araim,0.020
1657065617.028424,2.3_dynamic_al,0.000
1657065617.028424,2.3_state_machine,0.017
1657065617.028424,2.3_integrity_total,0.770
1657065617.028424,1.2_odom_insert_frame,32.966
1657065612.128245,1.4_sub_map_insert,1.843
1657065617.128424,1.1_pointcloud_extract,0.004
1657065617.128424,1.1_cloud_preprocess,0.203
1657065617.128424,1.1_ros_callback_total,0.249
1657065617.128424,1.2_imu_integration,0.091
1657065617.128424,1.2_pointcloud_deskew,0.012
1657065617.128424,1.2_covariance_estimation,0.669
1657065617.128424,1.2_create_factors,0.636
1657065617.128424,1.2_smoother_update,27.931
1657065617.128424,1.3_gnss_injection,0.706
1657065617.128424,1.2_update_frames_calculate_estimate,0.093
1657065617.128424,1.2_update_frames_state_copy,0.020
1657065617.128424,1.2_update_frames_sigma_p,0.036
1657065617.128424,1.2_update_frames_icp_quality,0.321
1657065617.128424,1.2_update_frames,0.651
1657065617.104383,2.1_gnss_araim,0.877
1657065617.128424,2.2_lidar_araim,0.021
1657065617.128424,2.3_dynamic_al,0.000
1657065617.128424,2.3_state_machine,0.025
1657065617.128424,2.3_integrity_total,0.999
1657065617.128424,1.2_odom_insert_frame,33.887
1657065612.228286,1.4_sub_map_insert,1.932
1657065617.228423,1.1_pointcloud_extract,0.005
1657065617.228423,1.1_cloud_preprocess,0.188
1657065617.228423,1.1_ros_callback_total,0.248
1657065617.228423,1.2_imu_integration,0.090
1657065617.228423,1.2_pointcloud_deskew,0.009
1657065617.228423,1.2_covariance_estimation,0.250
1657065617.228423,1.2_create_factors,0.294
1657065617.228423,1.2_smoother_update,27.935
1657065617.228423,1.3_gnss_injection,0.749
1657065617.228423,1.2_update_frames_calculate_estimate,0.085
1657065617.228423,1.2_update_frames_state_copy,0.021
1657065617.228423,1.2_update_frames_sigma_p,0.034
1657065617.228423,1.2_update_frames_icp_quality,0.346
1657065617.228423,1.2_update_frames,0.661
1657065617.204463,2.1_gnss_araim,0.648
1657065617.228423,2.2_lidar_araim,0.020
1657065617.228423,2.3_dynamic_al,0.000
1657065617.228423,2.3_state_machine,0.021
1657065617.228423,2.3_integrity_total,0.753
1657065617.228423,1.2_odom_insert_frame,32.844
1657065612.328218,1.4_sub_map_insert,1.890
1657065617.328433,1.1_pointcloud_extract,0.004
1657065617.328433,1.1_cloud_preprocess,0.187
1657065617.328433,1.1_ros_callback_total,0.231
1657065617.328433,1.2_imu_integration,0.091
1657065617.328433,1.2_pointcloud_deskew,0.009
1657065617.328433,1.2_covariance_estimation,0.197
1657065617.328433,1.2_create_factors,0.299
1657065617.328433,1.2_smoother_update,27.922
1657065617.328433,1.3_gnss_injection,0.763
1657065617.328433,1.2_update_frames_calculate_estimate,0.107
1657065617.328433,1.2_update_frames_state_copy,0.021
1657065617.328433,1.2_update_frames_sigma_p,0.047
1657065617.328433,1.2_update_frames_icp_quality,0.315
1657065617.328433,1.2_update_frames,0.667
1657065617.304448,2.1_gnss_araim,0.854
1657065617.328433,2.2_lidar_araim,0.020
1657065617.328433,2.3_dynamic_al,0.000
1657065617.328433,2.3_state_machine,0.014
1657065617.328433,2.3_integrity_total,0.958
1657065617.328433,1.2_odom_insert_frame,33.104
1657065612.428272,1.4_sub_map_insert,1.568
1657065617.428384,1.1_pointcloud_extract,0.005
1657065617.428384,1.1_cloud_preprocess,0.189
1657065617.428384,1.1_ros_callback_total,0.247
1657065617.428384,1.2_imu_integration,0.090
1657065617.428384,1.2_pointcloud_deskew,0.011
1657065617.428384,1.2_covariance_estimation,0.284
1657065617.428384,1.2_create_factors,0.301
1657065617.428384,1.2_smoother_update,26.809
1657065617.428384,1.3_gnss_injection,0.440
1657065617.428384,1.2_update_frames_calculate_estimate,0.096
1657065617.428384,1.2_update_frames_state_copy,0.021
1657065617.428384,1.2_update_frames_sigma_p,0.034
1657065617.428384,1.2_update_frames_icp_quality,0.313
1657065617.428384,1.2_update_frames,0.634
1657065617.404453,2.1_gnss_araim,0.769
1657065617.428384,2.2_lidar_araim,0.020
1657065617.428384,2.3_dynamic_al,0.000
1657065617.428384,2.3_state_machine,0.017
1657065617.428384,2.3_integrity_total,0.879
1657065617.428384,1.2_odom_insert_frame,31.633
1657065612.528278,1.4_sub_map_insert,1.562
1657065617.528424,1.1_pointcloud_extract,0.005
1657065617.528424,1.1_cloud_preprocess,0.204
1657065617.528424,1.1_ros_callback_total,0.260
1657065617.528424,1.2_imu_integration,0.084
1657065617.528424,1.2_pointcloud_deskew,0.012
1657065617.528424,1.2_covariance_estimation,0.089
1657065617.528424,1.2_create_factors,0.276
1657065617.528424,1.2_smoother_update,20.273
1657065617.528424,1.3_gnss_injection,0.485
1657065617.528424,1.2_update_frames_calculate_estimate,0.046
1657065617.528424,1.2_update_frames_state_copy,0.015
1657065617.528424,1.2_update_frames_sigma_p,0.024
1657065617.528424,1.2_update_frames_icp_quality,0.265
1657065617.528424,1.2_update_frames,0.494
1657065617.504385,2.1_gnss_araim,0.757
1657065617.528424,2.2_lidar_araim,0.019
1657065617.528424,2.3_dynamic_al,0.000
1657065617.528424,2.3_state_machine,0.014
1657065617.528424,2.3_integrity_total,0.860
1657065617.528424,1.2_odom_insert_frame,23.986
1657065612.628215,1.4_sub_map_insert,1.585
1657065617.628396,1.1_pointcloud_extract,0.004
1657065617.628396,1.1_cloud_preprocess,0.182
1657065617.628396,1.1_ros_callback_total,0.230
1657065617.628396,1.2_imu_integration,0.091
1657065617.628396,1.2_pointcloud_deskew,0.026
1657065617.628396,1.2_covariance_estimation,0.117
1657065617.628396,1.2_create_factors,0.543
1657065617.628396,1.2_smoother_update,26.544
1657065617.628396,1.3_gnss_injection,0.722
1657065617.628396,1.2_update_frames_calculate_estimate,0.091
1657065617.628396,1.2_update_frames_state_copy,0.020
1657065617.628396,1.2_update_frames_sigma_p,0.033
1657065617.628396,1.2_update_frames_icp_quality,0.335
1657065617.628396,1.2_update_frames,0.660
1657065617.604399,2.1_gnss_araim,0.969
1657065617.628396,2.2_lidar_araim,0.019
1657065617.628396,2.3_dynamic_al,0.000
1657065617.628396,2.3_state_machine,0.016
1657065617.628396,2.3_integrity_total,1.077
1657065617.628396,1.2_odom_insert_frame,32.735
1657065612.728286,1.4_sub_map_insert,1.542
1657065617.728396,1.1_pointcloud_extract,0.004
1657065617.728396,1.1_cloud_preprocess,0.186
1657065617.728396,1.1_ros_callback_total,0.228
1657065617.728396,1.2_imu_integration,0.091
1657065617.728396,1.2_pointcloud_deskew,0.011
1657065617.728396,1.2_covariance_estimation,0.248
1657065617.728396,1.2_create_factors,0.297
1657065617.728396,1.2_smoother_update,26.117
1657065617.728396,1.3_gnss_injection,0.684
1657065617.728396,1.2_update_frames_calculate_estimate,0.089
1657065617.728396,1.2_update_frames_state_copy,0.021
1657065617.728396,1.2_update_frames_sigma_p,0.036
1657065617.728396,1.2_update_frames_icp_quality,0.324
1657065617.728396,1.2_update_frames,0.653
1657065617.704448,2.1_gnss_araim,0.665
1657065617.728396,2.2_lidar_araim,0.019
1657065617.728396,2.3_dynamic_al,0.000
1657065617.728396,2.3_state_machine,0.017
1657065617.728396,2.3_integrity_total,0.767
1657065617.728396,1.2_odom_insert_frame,30.924
1657065612.828258,1.4_sub_map_insert,1.556
1657065617.828531,1.1_pointcloud_extract,0.004
1657065617.828531,1.1_cloud_preprocess,0.188
1657065617.828531,1.1_ros_callback_total,0.233
1657065617.828531,1.2_imu_integration,0.091
1657065617.828531,1.2_pointcloud_deskew,0.010
1657065617.828531,1.2_covariance_estimation,0.115
1657065617.828531,1.2_create_factors,0.443
1657065617.828531,1.2_smoother_update,26.797
1657065617.828531,1.3_gnss_injection,0.680
1657065617.828531,1.2_update_frames_calculate_estimate,0.105
1657065617.828531,1.2_update_frames_state_copy,0.021
1657065617.828531,1.2_update_frames_sigma_p,0.045
1657065617.828531,1.2_update_frames_icp_quality,0.333
1657065617.828531,1.2_update_frames,0.684
1657065617.804429,2.1_gnss_araim,0.659
1657065617.828531,2.2_lidar_araim,0.020
1657065617.828531,2.3_dynamic_al,0.000
1657065617.828531,2.3_state_machine,0.021
1657065617.828531,2.3_integrity_total,0.770
1657065617.828531,1.2_odom_insert_frame,32.061
1657065612.928293,1.4_sub_map_insert,1.818
1657065617.928436,1.1_pointcloud_extract,0.005
1657065617.928436,1.1_cloud_preprocess,0.187
1657065617.928436,1.1_ros_callback_total,0.241
1657065617.928436,1.2_imu_integration,0.091
1657065617.928436,1.2_pointcloud_deskew,0.012
1657065617.928436,1.2_covariance_estimation,0.101
1657065617.928436,1.2_create_factors,0.308
1657065617.928436,1.2_smoother_update,25.417
1657065617.928436,1.3_gnss_injection,0.425
1657065617.928436,1.2_update_frames_calculate_estimate,0.109
1657065617.928436,1.2_update_frames_state_copy,0.021
1657065617.928436,1.2_update_frames_sigma_p,0.044
1657065617.928436,1.2_update_frames_icp_quality,0.340
1657065617.928436,1.2_update_frames,0.693
1657065617.904454,2.1_gnss_araim,0.745
1657065617.928436,2.2_lidar_araim,0.020
1657065617.928436,2.3_dynamic_al,0.000
1657065617.928436,2.3_state_machine,0.015
1657065617.928436,2.3_integrity_total,0.838
1657065617.928436,1.2_odom_insert_frame,30.048
1657065613.028270,1.4_sub_map_insert,1.875
1657065618.028424,1.1_pointcloud_extract,0.005
1657065618.028424,1.1_cloud_preprocess,0.207
1657065618.028424,1.1_ros_callback_total,0.284
1657065618.028424,1.2_imu_integration,0.074
1657065618.028424,1.2_pointcloud_deskew,0.011
1657065618.028424,1.2_covariance_estimation,0.235
1657065618.028424,1.2_create_factors,0.265
1657065618.028424,1.2_smoother_update,19.795
1657065618.028424,1.3_gnss_injection,0.471
1657065618.028424,1.2_update_frames_calculate_estimate,0.051
1657065618.028424,1.2_update_frames_state_copy,0.015
1657065618.028424,1.2_update_frames_sigma_p,0.024
1657065618.028424,1.2_update_frames_icp_quality,0.259
1657065618.028424,1.2_update_frames,0.495
1657065618.004519,2.1_gnss_araim,0.761
1657065618.028424,2.2_lidar_araim,0.019
1657065618.028424,2.3_dynamic_al,0.000
1657065618.028424,2.3_state_machine,0.015
1657065618.028424,2.3_integrity_total,0.862
1657065618.028424,1.2_odom_insert_frame,23.662
1657065613.128254,1.4_sub_map_insert,1.799
1657065618.128387,1.1_pointcloud_extract,0.005
1657065618.128387,1.1_cloud_preprocess,0.203
1657065618.128387,1.1_ros_callback_total,0.246
1657065618.128387,1.2_imu_integration,0.076
1657065618.128387,1.2_pointcloud_deskew,0.019
1657065618.128387,1.2_covariance_estimation,0.110
1657065618.128387,1.2_create_factors,0.268
1657065618.128387,1.2_smoother_update,19.939
1657065618.128387,1.3_gnss_injection,0.499
1657065618.128387,1.2_update_frames_calculate_estimate,0.057
1657065618.128387,1.2_update_frames_state_copy,0.016
1657065618.128387,1.2_update_frames_sigma_p,0.026
1657065618.128387,1.2_update_frames_icp_quality,0.461
1657065618.128387,1.2_update_frames,0.715
1657065618.104372,2.1_gnss_araim,0.812
1657065618.128387,2.2_lidar_araim,0.020
1657065618.128387,2.3_dynamic_al,0.000
1657065618.128387,2.3_state_machine,0.007
1657065618.128387,2.3_integrity_total,0.922
1657065618.128387,1.2_odom_insert_frame,24.728
1657065613.228276,1.4_sub_map_insert,1.609
1657065618.228377,1.1_pointcloud_extract,0.005
1657065618.228377,1.1_cloud_preprocess,0.187
1657065618.228377,1.1_ros_callback_total,0.246
1657065618.228377,1.2_imu_integration,0.091
1657065618.228377,1.2_pointcloud_deskew,0.010
1657065618.228377,1.2_covariance_estimation,0.273
1657065618.228377,1.2_create_factors,0.308
1657065618.228377,1.2_smoother_update,26.072
1657065618.228377,1.3_gnss_injection,0.666
1657065618.228377,1.2_update_frames_calculate_estimate,0.085
1657065618.228377,1.2_update_frames_state_copy,0.020
1657065618.228377,1.2_update_frames_sigma_p,0.034
1657065618.228377,1.2_update_frames_icp_quality,0.317
1657065618.228377,1.2_update_frames,0.629
1657065618.204380,2.1_gnss_araim,0.743
1657065618.228377,2.2_lidar_araim,0.015
1657065618.228377,2.3_dynamic_al,0.000
1657065618.228377,2.3_state_machine,0.023
1657065618.228377,2.3_integrity_total,0.847
1657065618.228377,1.2_odom_insert_frame,30.942
1657065613.328318,1.4_sub_map_insert,1.576
1657065618.328434,1.1_pointcloud_extract,0.005
1657065618.328434,1.1_cloud_preprocess,0.190
1657065618.328434,1.1_ros_callback_total,0.239
1657065618.328434,1.2_imu_integration,0.094
1657065618.328434,1.2_pointcloud_deskew,0.010
1657065618.328434,1.2_covariance_estimation,0.196
1657065618.328434,1.2_create_factors,0.455
1657065618.328434,1.2_smoother_update,26.632
1657065618.328434,1.3_gnss_injection,0.707
1657065618.328434,1.2_update_frames_calculate_estimate,0.105
1657065618.328434,1.2_update_frames_state_copy,0.020
1657065618.328434,1.2_update_frames_sigma_p,0.040
1657065618.328434,1.2_update_frames_icp_quality,0.350
1657065618.328434,1.2_update_frames,0.702
1657065618.304440,2.1_gnss_araim,0.693
1657065618.328434,2.2_lidar_araim,0.020
1657065618.328434,2.3_dynamic_al,0.000
1657065618.328434,2.3_state_machine,0.018
1657065618.328434,2.3_integrity_total,0.802
1657065618.328434,1.2_odom_insert_frame,32.072
1657065613.428288,1.4_sub_map_insert,2.376
1657065618.428367,1.1_pointcloud_extract,0.005
1657065618.428367,1.1_cloud_preprocess,0.187
1657065618.428367,1.1_ros_callback_total,0.242
1657065618.428367,1.2_imu_integration,0.091
1657065618.428367,1.2_pointcloud_deskew,0.009
1657065618.428367,1.2_covariance_estimation,0.122
1657065618.428367,1.2_create_factors,0.287
1657065618.428367,1.2_smoother_update,24.802
1657065618.428367,1.3_gnss_injection,0.418
1657065618.428367,1.2_update_frames_calculate_estimate,0.093
1657065618.428367,1.2_update_frames_state_copy,0.020
1657065618.428367,1.2_update_frames_sigma_p,0.036
1657065618.428367,1.2_update_frames_icp_quality,0.321
1657065618.428367,1.2_update_frames,0.642
1657065618.404452,2.1_gnss_araim,0.799
1657065618.428367,2.2_lidar_araim,0.020
1657065618.428367,2.3_dynamic_al,0.000
1657065618.428367,2.3_state_machine,0.015
1657065618.428367,2.3_integrity_total,0.909
1657065618.428367,1.2_odom_insert_frame,29.357
1657065613.528286,1.4_sub_map_insert,1.793
1657065618.528369,1.1_pointcloud_extract,0.005
1657065618.528369,1.1_cloud_preprocess,0.184
1657065618.528369,1.1_ros_callback_total,0.238
1657065618.528369,1.2_imu_integration,0.092
1657065618.528369,1.2_pointcloud_deskew,0.010
1657065618.528369,1.2_covariance_estimation,0.248
1657065618.528369,1.2_create_factors,0.314
1657065618.528369,1.2_smoother_update,24.997
1657065618.528369,1.3_gnss_injection,0.633
1657065618.528369,1.2_update_frames_calculate_estimate,0.086
1657065618.528369,1.2_update_frames_state_copy,0.020
1657065618.528369,1.2_update_frames_sigma_p,0.032
1657065618.528369,1.2_update_frames_icp_quality,0.318
1657065618.528369,1.2_update_frames,0.633
1657065618.504370,2.1_gnss_araim,0.825
1657065618.528369,2.2_lidar_araim,0.020
1657065618.528369,2.3_dynamic_al,0.000
1657065618.528369,2.3_state_machine,0.016
1657065618.528369,2.3_integrity_total,0.932
1657065618.528369,1.2_odom_insert_frame,29.923
1657065613.628264,1.4_sub_map_insert,2.048
1657065618.628561,1.1_pointcloud_extract,0.004
1657065618.628561,1.1_cloud_preprocess,0.167
1657065618.628561,1.1_ros_callback_total,0.210
1657065618.628561,1.2_imu_integration,0.091
1657065618.628561,1.2_pointcloud_deskew,0.011
1657065618.628561,1.2_covariance_estimation,0.136
1657065618.628561,1.2_create_factors,0.311
1657065618.628561,1.2_smoother_update,25.359
1657065618.628561,1.3_gnss_injection,0.645
1657065618.628561,1.2_update_frames_calculate_estimate,0.132
1657065618.628561,1.2_update_frames_state_copy,0.023
1657065618.628561,1.2_update_frames_sigma_p,0.062
1657065618.628561,1.2_update_frames_icp_quality,0.371
1657065618.628561,1.2_update_frames,0.780
1657065618.604421,2.1_gnss_araim,0.985
1657065618.628561,2.2_lidar_araim,0.015
1657065618.628561,2.3_dynamic_al,0.000
1657065618.628561,2.3_state_machine,0.014
1657065618.628561,2.3_integrity_total,1.072
1657065618.628561,1.2_odom_insert_frame,31.122
1657065613.728297,1.4_sub_map_insert,1.966
1657065618.728436,1.1_pointcloud_extract,0.004
1657065618.728436,1.1_cloud_preprocess,0.179
1657065618.728436,1.1_ros_callback_total,0.232
1657065618.728436,1.2_imu_integration,0.091
1657065618.728436,1.2_pointcloud_deskew,0.026
1657065618.728436,1.2_covariance_estimation,0.238
1657065618.728436,1.2_create_factors,0.297
1657065618.728436,1.2_smoother_update,24.816
1657065618.728436,1.3_gnss_injection,0.632
1657065618.728436,1.2_update_frames_calculate_estimate,0.086
1657065618.728436,1.2_update_frames_state_copy,0.020
1657065618.728436,1.2_update_frames_sigma_p,0.031
1657065618.728436,1.2_update_frames_icp_quality,0.310
1657065618.728436,1.2_update_frames,0.625
1657065618.704452,2.1_gnss_araim,0.803
1657065618.728436,2.2_lidar_araim,0.020
1657065618.728436,2.3_dynamic_al,0.000
1657065618.728436,2.3_state_machine,0.010
1657065618.728436,2.3_integrity_total,0.910
1657065618.728436,1.2_odom_insert_frame,29.672
1657065613.828230,1.4_sub_map_insert,1.601
1657065618.828447,1.1_pointcloud_extract,0.004
1657065618.828447,1.1_cloud_preprocess,0.212
1657065618.828447,1.1_ros_callback_total,0.252
1657065618.828447,1.2_imu_integration,0.091
1657065618.828447,1.2_pointcloud_deskew,0.013
1657065618.828447,1.2_covariance_estimation,0.137
1657065618.828447,1.2_create_factors,0.287
1657065618.828447,1.2_smoother_update,25.348
1657065618.828447,1.3_gnss_injection,0.632
1657065618.828447,1.2_update_frames_calculate_estimate,0.081
1657065618.828447,1.2_update_frames_state_copy,0.020
1657065618.828447,1.2_update_frames_sigma_p,0.032
1657065618.828447,1.2_update_frames_icp_quality,0.433
1657065618.828447,1.2_update_frames,0.745
1657065618.804426,2.1_gnss_araim,0.997
1657065618.828447,2.2_lidar_araim,0.023
1657065618.828447,2.3_dynamic_al,0.000
1657065618.828447,2.3_state_machine,0.014
1657065618.828447,2.3_integrity_total,1.105
1657065618.828447,1.2_odom_insert_frame,30.391
1657065613.928310,1.4_sub_map_insert,1.861
1657065618.928439,1.1_pointcloud_extract,0.004
1657065618.928439,1.1_cloud_preprocess,0.190
1657065618.928439,1.1_ros_callback_total,0.242
1657065618.928439,1.2_imu_integration,0.095
1657065618.928439,1.2_pointcloud_deskew,0.010
1657065618.928439,1.2_covariance_estimation,0.109
1657065618.928439,1.2_create_factors,0.318
1657065618.928439,1.2_smoother_update,24.362
1657065618.928439,1.3_gnss_injection,0.410
1657065618.928439,1.2_update_frames_calculate_estimate,0.099
1657065618.928439,1.2_update_frames_state_copy,0.021
1657065618.928439,1.2_update_frames_sigma_p,0.039
1657065618.928439,1.2_update_frames_icp_quality,0.311
1657065618.928439,1.2_update_frames,0.652
1657065618.904439,2.1_gnss_araim,0.778
1657065618.928439,2.2_lidar_araim,0.020
1657065618.928439,2.3_dynamic_al,0.000
1657065618.928439,2.3_state_machine,0.016
1657065618.928439,2.3_integrity_total,0.890
1657065618.928439,1.2_odom_insert_frame,28.939
1657065614.028276,1.4_sub_map_insert,1.894
1657065619.028427,1.1_pointcloud_extract,0.004
1657065619.028427,1.1_cloud_preprocess,0.179
1657065619.028427,1.1_ros_callback_total,0.251
1657065619.028427,1.2_imu_integration,0.093
1657065619.028427,1.2_pointcloud_deskew,0.011
1657065619.028427,1.2_covariance_estimation,0.279
1657065619.028427,1.2_create_factors,0.307
1657065619.028427,1.2_smoother_update,24.943
1657065619.028427,1.3_gnss_injection,0.651
1657065619.028427,1.2_update_frames_calculate_estimate,0.087
1657065619.028427,1.2_update_frames_state_copy,0.020
1657065619.028427,1.2_update_frames_sigma_p,0.033
1657065619.028427,1.2_update_frames_icp_quality,0.312
1657065619.028427,1.2_update_frames,0.628
1657065619.004381,2.1_gnss_araim,0.786
1657065619.028427,2.2_lidar_araim,0.019
1657065619.028427,2.3_dynamic_al,0.000
1657065619.028427,2.3_state_machine,0.016
1657065619.028427,2.3_integrity_total,0.891
1657065619.028427,1.2_odom_insert_frame,29.820
1657065614.128309,1.4_sub_map_insert,1.834
1657065619.128380,1.1_pointcloud_extract,0.005
1657065619.128380,1.1_cloud_preprocess,0.209
1657065619.128380,1.1_ros_callback_total,0.263
1657065619.128380,1.2_imu_integration,0.073
1657065619.128380,1.2_pointcloud_deskew,0.011
1657065619.128380,1.2_covariance_estimation,0.502
1657065619.128380,1.2_create_factors,0.263
1657065619.128380,1.2_smoother_update,19.094
1657065619.128380,1.3_gnss_injection,0.456
1657065619.128380,1.2_update_frames_calculate_estimate,0.055
1657065619.128380,1.2_update_frames_state_copy,0.015
1657065619.128380,1.2_update_frames_sigma_p,0.027
1657065619.128380,1.2_update_frames_icp_quality,0.277
1657065619.128380,1.2_update_frames,0.537
1657065619.104426,2.1_gnss_araim,0.660
1657065619.128380,2.2_lidar_araim,0.021
1657065619.128380,2.3_dynamic_al,0.000
1657065619.128380,2.3_state_machine,0.018
1657065619.128380,2.3_integrity_total,0.771
1657065619.128380,1.2_odom_insert_frame,23.961
1657065614.228272,1.4_sub_map_insert,2.014
1657065619.228462,1.1_pointcloud_extract,0.005
1657065619.228462,1.1_cloud_preprocess,0.180
1657065619.228462,1.1_ros_callback_total,0.227
1657065619.228462,1.2_imu_integration,0.090
1657065619.228462,1.2_pointcloud_deskew,0.010
1657065619.228462,1.2_covariance_estimation,0.139
1657065619.228462,1.2_create_factors,0.304
1657065619.228462,1.2_smoother_update,25.200
1657065619.228462,1.3_gnss_injection,0.657
1657065619.228462,1.2_update_frames_calculate_estimate,0.089
1657065619.228462,1.2_update_frames_state_copy,0.021
1657065619.228462,1.2_update_frames_sigma_p,0.034
1657065619.228462,1.2_update_frames_icp_quality,0.358
1657065619.228462,1.2_update_frames,0.685
1657065619.204438,2.1_gnss_araim,0.955
1657065619.228462,2.2_lidar_araim,0.017
1657065619.228462,2.3_dynamic_al,0.000
1657065619.228462,2.3_state_machine,0.015
1657065619.228462,2.3_integrity_total,1.049
1657065619.228462,1.2_odom_insert_frame,30.181
1657065614.328275,1.4_sub_map_insert,1.899
1657065619.328437,1.1_pointcloud_extract,0.005
1657065619.328437,1.1_cloud_preprocess,0.217
1657065619.328437,1.1_ros_callback_total,0.275
1657065619.328437,1.2_imu_integration,0.090
1657065619.328437,1.2_pointcloud_deskew,0.011
1657065619.328437,1.2_covariance_estimation,0.242
1657065619.328437,1.2_create_factors,0.576
1657065619.328437,1.2_smoother_update,24.920
1657065619.328437,1.3_gnss_injection,0.648
1657065619.328437,1.2_update_frames_calculate_estimate,0.090
1657065619.328437,1.2_update_frames_state_copy,0.021
1657065619.328437,1.2_update_frames_sigma_p,0.035
1657065619.328437,1.2_update_frames_icp_quality,0.462
1657065619.328437,1.2_update_frames,0.787
1657065619.304428,2.1_gnss_araim,0.791
1657065619.328437,2.2_lidar_araim,0.021
1657065619.328437,2.3_dynamic_al,0.000
1657065619.328437,2.3_state_machine,0.028
1657065619.328437,2.3_integrity_total,0.916
1657065619.328437,1.2_odom_insert_frame,30.388
1657065614.428234,1.4_sub_map_insert,1.878
1657065619.428449,1.1_pointcloud_extract,0.004
1657065619.428449,1.1_cloud_preprocess,0.183
1657065619.428449,1.1_ros_callback_total,0.233
1657065619.428449,1.2_imu_integration,0.090
1657065619.428449,1.2_pointcloud_deskew,0.010
1657065619.428449,1.2_covariance_estimation,0.186
1657065619.428449,1.2_create_factors,0.312
1657065619.428449,1.2_smoother_update,24.636
1657065619.428449,1.3_gnss_injection,0.410
1657065619.428449,1.2_update_frames_calculate_estimate,0.095
1657065619.428449,1.2_update_frames_state_copy,0.021
1657065619.428449,1.2_update_frames_sigma_p,0.047
1657065619.428449,1.2_update_frames_icp_quality,0.329
1657065619.428449,1.2_update_frames,0.685
1657065619.404423,2.1_gnss_araim,1.011
1657065619.428449,2.2_lidar_araim,0.021
1657065619.428449,2.3_dynamic_al,0.000
1657065619.428449,2.3_state_machine,0.015
1657065619.428449,2.3_integrity_total,1.121
1657065619.428449,1.2_odom_insert_frame,29.481
1657065614.528273,1.4_sub_map_insert,1.587
1657065619.528377,1.1_pointcloud_extract,0.004
1657065619.528377,1.1_cloud_preprocess,0.175
1657065619.528377,1.1_ros_callback_total,0.216
1657065619.528377,1.2_imu_integration,0.091
1657065619.528377,1.2_pointcloud_deskew,0.011
1657065619.528377,1.2_covariance_estimation,0.272
1657065619.528377,1.2_create_factors,0.300
1657065619.528377,1.2_smoother_update,24.895
1657065619.528377,1.3_gnss_injection,0.631
1657065619.528377,1.2_update_frames_calculate_estimate,0.085
1657065619.528377,1.2_update_frames_state_copy,0.020
1657065619.528377,1.2_update_frames_sigma_p,0.032
1657065619.528377,1.2_update_frames_icp_quality,0.319
1657065619.528377,1.2_update_frames,0.635
1657065619.504370,2.1_gnss_araim,0.847
1657065619.528377,2.2_lidar_araim,0.019
1657065619.528377,2.3_dynamic_al,0.000
1657065619.528377,2.3_state_machine,0.023
1657065619.528377,2.3_integrity_total,0.948
1657065619.528377,1.2_odom_insert_frame,29.901
1657065614.628232,1.4_sub_map_insert,1.567
1657065619.628372,1.1_pointcloud_extract,0.005
1657065619.628372,1.1_cloud_preprocess,0.174
1657065619.628372,1.1_ros_callback_total,0.218
1657065619.628372,1.2_imu_integration,0.085
1657065619.628372,1.2_pointcloud_deskew,0.012
1657065619.628372,1.2_covariance_estimation,0.115
1657065619.628372,1.2_create_factors,0.814
1657065619.628372,1.2_smoother_update,18.934
1657065619.628372,1.3_gnss_injection,0.428
1657065619.628372,1.2_update_frames_calculate_estimate,0.050
1657065619.628372,1.2_update_frames_state_copy,0.015
1657065619.628372,1.2_update_frames_sigma_p,0.025
1657065619.628372,1.2_update_frames_icp_quality,0.420
1657065619.628372,1.2_update_frames,0.754
1657065619.604371,2.1_gnss_araim,0.808
1657065619.628372,2.2_lidar_araim,0.020
1657065619.628372,2.3_dynamic_al,0.000
1657065619.628372,2.3_state_machine,0.018
1657065619.628372,2.3_integrity_total,0.921
1657065619.628372,1.2_odom_insert_frame,23.893
1657065614.728220,1.4_sub_map_insert,1.611
1657065619.728440,1.1_pointcloud_extract,0.005
1657065619.728440,1.1_cloud_preprocess,0.192
1657065619.728440,1.1_ros_callback_total,0.271
1657065619.728440,1.2_imu_integration,0.092
1657065619.728440,1.2_pointcloud_deskew,0.010
1657065619.728440,1.2_covariance_estimation,0.138
1657065619.728440,1.2_create_factors,0.292
1657065619.728440,1.2_smoother_update,24.939
1657065619.728440,1.3_gnss_injection,0.638
1657065619.728440,1.2_update_frames_calculate_estimate,0.083
1657065619.728440,1.2_update_frames_state_copy,0.021
1657065619.728440,1.2_update_frames_sigma_p,0.033
1657065619.728440,1.2_update_frames_icp_quality,0.314
1657065619.728440,1.2_update_frames,0.628
1657065619.704442,2.1_gnss_araim,0.688
1657065619.728440,2.2_lidar_araim,0.020
1657065619.728440,2.3_dynamic_al,0.000
1657065619.728440,2.3_state_machine,0.017
1657065619.728440,2.3_integrity_total,0.784
1657065619.728440,1.2_odom_insert_frame,29.629
1657065614.828237,1.4_sub_map_insert,1.995
1657065619.828437,1.1_pointcloud_extract,0.005
1657065619.828437,1.1_cloud_preprocess,0.184
1657065619.828437,1.1_ros_callback_total,0.241
1657065619.828437,1.2_imu_integration,0.099
1657065619.828437,1.2_pointcloud_deskew,0.011
1657065619.828437,1.2_covariance_estimation,0.112
1657065619.828437,1.2_create_factors,0.756
1657065619.828437,1.2_smoother_update,25.094
1657065619.828437,1.3_gnss_injection,0.652
1657065619.828437,1.2_update_frames_calculate_estimate,0.113
1657065619.828437,1.2_update_frames_state_copy,0.022
1657065619.828437,1.2_update_frames_sigma_p,0.053
1657065619.828437,1.2_update_frames_icp_quality,0.462
1657065619.828437,1.2_update_frames,0.862
1657065619.804433,2.1_gnss_araim,0.748
1657065619.828437,2.2_lidar_araim,0.022
1657065619.828437,2.3_dynamic_al,0.000
1657065619.828437,2.3_state_machine,0.018
1657065619.828437,2.3_integrity_total,0.875
1657065619.828437,1.2_odom_insert_frame,30.942
1657065614.928280,1.4_sub_map_insert,1.894
1657065619.928449,1.1_pointcloud_extract,0.005
1657065619.928449,1.1_cloud_preprocess,0.199
1657065619.928449,1.1_ros_callback_total,0.254
1657065619.928449,1.2_imu_integration,0.080
1657065619.928449,1.2_pointcloud_deskew,0.010
1657065619.928449,1.2_covariance_estimation,0.558
1657065619.928449,1.2_create_factors,0.393
1657065619.928449,1.2_smoother_update,18.813
1657065619.928449,1.3_gnss_injection,0.304
1657065619.928449,1.2_update_frames_calculate_estimate,0.044
1657065619.928449,1.2_update_frames_state_copy,0.014
1657065619.928449,1.2_update_frames_sigma_p,0.024
1657065619.928449,1.2_update_frames_icp_quality,0.265
1657065619.928449,1.2_update_frames,0.493
1657065619.904425,2.1_gnss_araim,0.857
1657065619.928449,2.2_lidar_araim,0.018
1657065619.928449,2.3_dynamic_al,0.000
1657065619.928449,2.3_state_machine,0.016
1657065619.928449,2.3_integrity_total,0.959
1657065619.928449,1.2_odom_insert_frame,23.062
1657065615.028283,1.4_sub_map_insert,2.013
1657065620.028435,1.1_pointcloud_extract,0.004
1657065620.028435,1.1_cloud_preprocess,0.189
1657065620.028435,1.1_ros_callback_total,0.244
1657065620.028435,1.2_imu_integration,0.090
1657065620.028435,1.2_pointcloud_deskew,0.010
1657065620.028435,1.2_covariance_estimation,0.133
1657065620.028435,1.2_create_factors,0.295
1657065620.028435,1.2_smoother_update,24.474
1657065620.028435,1.3_gnss_injection,0.608
1657065620.028435,1.2_update_frames_calculate_estimate,0.083
1657065620.028435,1.2_update_frames_state_copy,0.019
1657065620.028435,1.2_update_frames_sigma_p,0.032
1657065620.028435,1.2_update_frames_icp_quality,0.323
1657065620.028435,1.2_update_frames,0.629
1657065620.004440,2.1_gnss_araim,0.799
1657065620.028435,2.2_lidar_araim,0.015
1657065620.028435,2.3_dynamic_al,0.000
1657065620.028435,2.3_state_machine,0.015
1657065620.028435,2.3_integrity_total,0.891
1657065620.028435,1.2_odom_insert_frame,29.145
1657065615.128286,1.4_sub_map_insert,1.867
1657065620.128444,1.1_pointcloud_extract,0.006
1657065620.128444,1.1_cloud_preprocess,0.197
1657065620.128444,1.1_ros_callback_total,0.254
1657065620.128444,1.2_imu_integration,0.092
1657065620.128444,1.2_pointcloud_deskew,0.011
1657065620.128444,1.2_covariance_estimation,0.134
1657065620.128444,1.2_create_factors,0.474
1657065620.128444,1.2_smoother_update,25.765
1657065620.128444,1.3_gnss_injection,0.646
1657065620.128444,1.2_update_frames_calculate_estimate,0.116
1657065620.128444,1.2_update_frames_state_copy,0.021
1657065620.128444,1.2_update_frames_sigma_p,0.047
1657065620.128444,1.2_update_frames_icp_quality,0.364
1657065620.128444,1.2_update_frames,0.738
1657065620.104368,2.1_gnss_araim,1.323
1657065620.128444,2.2_lidar_araim,0.023
1657065620.128444,2.3_dynamic_al,0.000
1657065620.128444,2.3_state_machine,0.012
1657065620.128444,2.3_integrity_total,1.452
1657065620.128444,1.2_odom_insert_frame,32.147
1657065615.228269,1.4_sub_map_insert,1.959
1657065620.228385,1.1_pointcloud_extract,0.005
1657065620.228385,1.1_cloud_preprocess,0.179
1657065620.228385,1.1_ros_callback_total,0.232
1657065620.228385,1.2_imu_integration,0.090
1657065620.228385,1.2_pointcloud_deskew,0.010
1657065620.228385,1.2_covariance_estimation,0.216
1657065620.228385,1.2_create_factors,0.292
1657065620.228385,1.2_smoother_update,25.520
1657065620.228385,1.3_gnss_injection,0.683
1657065620.228385,1.2_update_frames_calculate_estimate,0.104
1657065620.228385,1.2_update_frames_state_copy,0.022
1657065620.228385,1.2_update_frames_sigma_p,0.039
1657065620.228385,1.2_update_frames_icp_quality,0.364
1657065620.228385,1.2_update_frames,0.717
1657065620.204443,2.1_gnss_araim,0.653
1657065620.228385,2.2_lidar_araim,0.021
1657065620.228385,2.3_dynamic_al,0.000
1657065620.228385,2.3_state_machine,0.017
1657065620.228385,2.3_integrity_total,0.754
1657065620.228385,1.2_odom_insert_frame,30.745
1657065615.328279,1.4_sub_map_insert,1.949
1657065620.328437,1.1_pointcloud_extract,0.005
1657065620.328437,1.1_cloud_preprocess,0.207
1657065620.328437,1.1_ros_callback_total,0.286
1657065620.328437,1.2_imu_integration,0.091
1657065620.328437,1.2_pointcloud_deskew,0.009
1657065620.328437,1.2_covariance_estimation,0.217
1657065620.328437,1.2_create_factors,0.457
1657065620.328437,1.2_smoother_update,25.465
1657065620.328437,1.3_gnss_injection,0.623
1657065620.328437,1.2_update_frames_calculate_estimate,0.080
1657065620.328437,1.2_update_frames_state_copy,0.022
1657065620.328437,1.2_update_frames_sigma_p,0.032
1657065620.328437,1.2_update_frames_icp_quality,0.332
1657065620.328437,1.2_update_frames,0.635
1657065620.304427,2.1_gnss_araim,1.478
1657065620.328437,2.2_lidar_araim,0.025
1657065620.328437,2.3_dynamic_al,0.000
1657065620.328437,2.3_state_machine,0.021
1657065620.328437,2.3_integrity_total,1.620
1657065620.328437,1.2_odom_insert_frame,31.248
1657065615.428280,1.4_sub_map_insert,1.935
1657065620.428389,1.1_pointcloud_extract,0.005
1657065620.428389,1.1_cloud_preprocess,0.204
1657065620.428389,1.1_ros_callback_total,0.273
1657065620.428389,1.2_imu_integration,0.075
1657065620.428389,1.2_pointcloud_deskew,0.011
1657065620.428389,1.2_covariance_estimation,0.094
1657065620.428389,1.2_create_factors,0.265
1657065620.428389,1.2_smoother_update,19.047
1657065620.428389,1.3_gnss_injection,0.316
1657065620.428389,1.2_update_frames_calculate_estimate,0.045
1657065620.428389,1.2_update_frames_state_copy,0.015
1657065620.428389,1.2_update_frames_sigma_p,0.024
1657065620.428389,1.2_update_frames_icp_quality,0.265
1657065620.428389,1.2_update_frames,0.493
1657065620.404427,2.1_gnss_araim,0.951
1657065620.428389,2.2_lidar_araim,0.018
1657065620.428389,2.3_dynamic_al,0.000
1657065620.428389,2.3_state_machine,0.016
1657065620.428389,2.3_integrity_total,1.051
1657065620.428389,1.2_odom_insert_frame,22.803
1657065615.528272,1.4_sub_map_insert,1.576
1657065620.528422,1.1_pointcloud_extract,0.005
1657065620.528422,1.1_cloud_preprocess,0.188
1657065620.528422,1.1_ros_callback_total,0.254
1657065620.528422,1.2_imu_integration,0.096
1657065620.528422,1.2_pointcloud_deskew,0.011
1657065620.528422,1.2_covariance_estimation,0.212
1657065620.528422,1.2_create_factors,0.303
1657065620.528422,1.2_smoother_update,24.842
1657065620.528422,1.3_gnss_injection,0.610
1657065620.528422,1.2_update_frames_calculate_estimate,0.093
1657065620.528422,1.2_update_frames_state_copy,0.020
1657065620.528422,1.2_update_frames_sigma_p,0.035
1657065620.528422,1.2_update_frames_icp_quality,0.309
1657065620.528422,1.2_update_frames,0.637
1657065620.504426,2.1_gnss_araim,0.784
1657065620.528422,2.2_lidar_araim,0.020
1657065620.528422,2.3_dynamic_al,0.000
1657065620.528422,2.3_state_machine,0.016
1657065620.528422,2.3_integrity_total,0.888
1657065620.528422,1.2_odom_insert_frame,29.714
1657065615.628226,1.4_sub_map_insert,1.615
1657065620.628459,1.1_pointcloud_extract,0.005
1657065620.628459,1.1_cloud_preprocess,0.200
1657065620.628459,1.1_ros_callback_total,0.243
1657065620.628459,1.2_imu_integration,0.091
1657065620.628459,1.2_pointcloud_deskew,0.020
1657065620.628459,1.2_covariance_estimation,0.208
1657065620.628459,1.2_create_factors,0.569
1657065620.628459,1.2_smoother_update,26.973
1657065620.628459,1.3_gnss_injection,0.683
1657065620.628459,1.2_update_frames_calculate_estimate,0.114
1657065620.628459,1.2_update_frames_state_copy,0.023
1657065620.628459,1.2_update_frames_sigma_p,0.052
1657065620.628459,1.2_update_frames_icp_quality,0.615
1657065620.628459,1.2_update_frames,0.990
1657065620.604421,2.1_gnss_araim,0.670
1657065620.628459,2.2_lidar_araim,0.016
1657065620.628459,2.3_dynamic_al,0.000
1657065620.628459,2.3_state_machine,0.014
1657065620.628459,2.3_integrity_total,0.761
1657065620.628459,1.2_odom_insert_frame,32.742
1657065615.728279,1.4_sub_map_insert,1.679
1657065620.728368,1.1_pointcloud_extract,0.005
1657065620.728368,1.1_cloud_preprocess,0.186
1657065620.728368,1.1_ros_callback_total,0.254
1657065620.728368,1.2_imu_integration,0.078
1657065620.728368,1.2_pointcloud_deskew,0.010
1657065620.728368,1.2_covariance_estimation,0.126
1657065620.728368,1.2_create_factors,0.255
1657065620.728368,1.2_smoother_update,18.834
1657065620.728368,1.3_gnss_injection,0.429
1657065620.728368,1.2_update_frames_calculate_estimate,0.044
1657065620.728368,1.2_update_frames_state_copy,0.015
1657065620.728368,1.2_update_frames_sigma_p,0.024
1657065620.728368,1.2_update_frames_icp_quality,0.265
1657065620.728368,1.2_update_frames,0.492
1657065620.704425,2.1_gnss_araim,0.672
1657065620.728368,2.2_lidar_araim,0.014
1657065620.728368,2.3_dynamic_al,0.000
1657065620.728368,2.3_state_machine,0.005
1657065620.728368,2.3_integrity_total,0.744
1657065620.728368,1.2_odom_insert_frame,22.399
1657065615.828263,1.4_sub_map_insert,1.970
1657065620.828450,1.1_pointcloud_extract,0.004
1657065620.828450,1.1_cloud_preprocess,0.215
1657065620.828450,1.1_ros_callback_total,0.283
1657065620.828450,1.2_imu_integration,0.091
1657065620.828450,1.2_pointcloud_deskew,0.010
1657065620.828450,1.2_covariance_estimation,0.281
1657065620.828450,1.2_create_factors,0.311
1657065620.828450,1.2_smoother_update,25.767
1657065620.828450,1.3_gnss_injection,0.657
1657065620.828450,1.2_update_frames_calculate_estimate,0.106
1657065620.828450,1.2_update_frames_state_copy,0.022
1657065620.828450,1.2_update_frames_sigma_p,0.048
1657065620.828450,1.2_update_frames_icp_quality,0.916
1657065620.828450,1.2_update_frames,1.304
1657065620.804425,2.1_gnss_araim,0.677
1657065620.828450,2.2_lidar_araim,0.020
1657065620.828450,2.3_dynamic_al,0.000
1657065620.828450,2.3_state_machine,0.017
1657065620.828450,2.3_integrity_total,0.795
1657065620.828450,1.2_odom_insert_frame,31.517
1657065615.928381,1.4_sub_map_insert,1.904
1657065620.928434,1.1_pointcloud_extract,0.006
1657065620.928434,1.1_cloud_preprocess,0.176
1657065620.928434,1.1_ros_callback_total,0.231
1657065620.928434,1.2_imu_integration,0.123
1657065620.928434,1.2_pointcloud_deskew,0.011
1657065620.928434,1.2_covariance_estimation,0.126
1657065620.928434,1.2_create_factors,0.488
1657065620.928434,1.2_smoother_update,18.821
1657065620.928434,1.3_gnss_injection,0.307
1657065620.928434,1.2_update_frames_calculate_estimate,0.041
1657065620.928434,1.2_update_frames_state_copy,0.015
1657065620.928434,1.2_update_frames_sigma_p,0.023
1657065620.928434,1.2_update_frames_icp_quality,0.258
1657065620.928434,1.2_update_frames,0.476
1657065620.904428,2.1_gnss_araim,0.755
1657065620.928434,2.2_lidar_araim,0.015
1657065620.928434,2.3_dynamic_al,0.000
1657065620.928434,2.3_state_machine,0.016
1657065620.928434,2.3_integrity_total,0.850
1657065620.928434,1.2_odom_insert_frame,23.155
1657065621.028423,1.1_pointcloud_extract,0.005
1657065621.028423,1.1_cloud_preprocess,0.189
1657065621.028423,1.1_ros_callback_total,0.251
1657065621.028423,1.2_imu_integration,0.086
1657065621.028423,1.2_pointcloud_deskew,0.012
1657065621.028423,1.2_covariance_estimation,0.247
1657065621.028423,1.2_create_factors,0.254
1657065621.028423,1.2_smoother_update,1.920
1657065621.028423,1.3_gnss_injection,0.441
1657065621.028423,1.2_update_frames_calculate_estimate,0.047
1657065621.028423,1.2_update_frames_state_copy,0.014
1657065621.028423,1.2_update_frames_sigma_p,0.039
1657065621.028423,1.2_update_frames_icp_quality,0.502
1657065621.028423,1.2_update_frames,0.857
1657065621.004424,2.1_gnss_araim,0.852
1657065621.028423,2.2_lidar_araim,0.014
1657065621.028423,2.3_dynamic_al,0.000
1657065621.028423,2.3_state_machine,0.013
1657065621.028423,2.3_integrity_total,0.933
1657065621.028423,1.2_odom_insert_frame,6.136
1657065616.028434,1.4_sub_map_insert,1.894
1657065621.128586,1.1_pointcloud_extract,0.005
1657065621.128586,1.1_cloud_preprocess,0.221
1657065621.128586,1.1_ros_callback_total,0.292
1657065621.128586,1.2_imu_integration,0.096
1657065621.128586,1.2_pointcloud_deskew,0.012
1657065621.128586,1.2_covariance_estimation,0.243
1657065621.128586,1.2_create_factors,0.801
1657065621.128586,1.2_smoother_update,20.229
1657065621.128586,1.3_gnss_injection,0.455
1657065621.128586,1.2_update_frames_calculate_estimate,0.042
1657065621.128586,1.2_update_frames_state_copy,0.014
1657065621.128586,1.2_update_frames_sigma_p,0.023
1657065621.128586,1.2_update_frames_icp_quality,0.277
1657065621.128586,1.2_update_frames,0.497
1657065621.104423,2.1_gnss_araim,0.828
1657065621.128586,2.2_lidar_araim,0.020
1657065621.128586,2.3_dynamic_al,0.000
1657065621.128586,2.3_state_machine,0.008
1657065621.128586,2.3_integrity_total,0.936
1657065621.128586,1.2_odom_insert_frame,25.003
1657065616.128424,1.4_sub_map_insert,3.750
1657065621.228445,1.1_pointcloud_extract,0.005
1657065621.228445,1.1_cloud_preprocess,0.188
1657065621.228445,1.1_ros_callback_total,0.257
1657065621.228445,1.2_imu_integration,0.091
1657065621.228445,1.2_pointcloud_deskew,0.010
1657065621.228445,1.2_covariance_estimation,0.133
1657065621.228445,1.2_create_factors,0.301
1657065621.228445,1.2_smoother_update,25.387
1657065621.228445,1.3_gnss_injection,0.644
1657065621.228445,1.2_update_frames_calculate_estimate,0.083
1657065621.228445,1.2_update_frames_state_copy,0.020
1657065621.228445,1.2_update_frames_sigma_p,0.034
1657065621.228445,1.2_update_frames_icp_quality,0.764
1657065621.228445,1.2_update_frames,1.077
1657065621.204449,2.1_gnss_araim,0.812
1657065621.228445,2.2_lidar_araim,0.015
1657065621.228445,2.3_dynamic_al,0.000
1657065621.228445,2.3_state_machine,0.010
1657065621.228445,2.3_integrity_total,0.905
1657065621.228445,1.2_odom_insert_frame,30.700
1657065616.328366,1.4_sub_map_insert,1.901
1657065621.328375,1.1_pointcloud_extract,0.006
1657065621.328375,1.1_cloud_preprocess,0.186
1657065621.328375,1.1_ros_callback_total,0.251
1657065621.328375,1.2_imu_integration,0.080
1657065621.328375,1.2_pointcloud_deskew,0.011
1657065621.328375,1.2_covariance_estimation,0.183
1657065621.328375,1.2_create_factors,0.254
1657065621.328375,1.2_smoother_update,19.984
1657065621.328375,1.3_gnss_injection,0.434
1657065621.328375,1.2_update_frames_calculate_estimate,0.047
1657065621.328375,1.2_update_frames_state_copy,0.015
1657065621.328375,1.2_update_frames_sigma_p,0.024
1657065621.328375,1.2_update_frames_icp_quality,0.260
1657065621.328375,1.2_update_frames,0.489
1657065621.304372,2.1_gnss_araim,0.770
1657065621.328375,2.2_lidar_araim,0.014
1657065621.328375,2.3_dynamic_al,0.000
1657065621.328375,2.3_state_machine,0.017
1657065621.328375,2.3_integrity_total,0.862
1657065621.328375,1.2_odom_insert_frame,23.728
1657065621.428455,1.1_pointcloud_extract,0.006
1657065621.428455,1.1_cloud_preprocess,0.195
1657065621.428455,1.1_ros_callback_total,0.251
1657065621.428455,1.2_imu_integration,0.084
1657065621.428455,1.2_pointcloud_deskew,0.012
1657065621.428455,1.2_covariance_estimation,0.086
1657065621.428455,1.2_create_factors,0.260
1657065621.428455,1.2_smoother_update,18.876
1657065621.428455,1.3_gnss_injection,0.295
1657065621.428455,1.2_update_frames_calculate_estimate,0.041
1657065621.428455,1.2_update_frames_state_copy,0.014
1657065621.428455,1.2_update_frames_sigma_p,0.023
1657065621.428455,1.2_update_frames_icp_quality,0.548
1657065621.428455,1.2_update_frames,0.763
1657065621.404431,2.1_gnss_araim,0.666
1657065621.428455,2.2_lidar_araim,0.018
1657065621.428455,2.3_dynamic_al,0.000
1657065621.428455,2.3_state_machine,0.015
1657065621.428455,2.3_integrity_total,0.766
1657065621.428455,1.2_odom_insert_frame,23.789
1657065616.428427,1.4_sub_map_insert,2.899
1657065621.528430,1.1_pointcloud_extract,0.004
1657065621.528430,1.1_cloud_preprocess,0.181
1657065621.528430,1.1_ros_callback_total,0.223
1657065621.528430,1.2_imu_integration,0.094
1657065621.528430,1.2_pointcloud_deskew,0.011
1657065621.528430,1.2_covariance_estimation,0.358
1657065621.528430,1.2_create_factors,0.323
1657065621.528430,1.2_smoother_update,25.949
1657065621.528430,1.3_gnss_injection,0.668
1657065621.528430,1.2_update_frames_calculate_estimate,0.078
1657065621.528430,1.2_update_frames_state_copy,0.020
1657065621.528430,1.2_update_frames_sigma_p,0.032
1657065621.528430,1.2_update_frames_icp_quality,0.305
1657065621.528430,1.2_update_frames,0.603
1657065621.504426,2.1_gnss_araim,1.308
1657065621.528430,2.2_lidar_araim,0.017
1657065621.528430,2.3_dynamic_al,0.000
1657065621.528430,2.3_state_machine,0.013
1657065621.528430,2.3_integrity_total,1.422
1657065621.528430,1.2_odom_insert_frame,31.560
1657065616.587387,1.4_sub_map_insert,1.145
1657065621.628405,1.1_pointcloud_extract,0.005
1657065621.628405,1.1_cloud_preprocess,0.190
1657065621.628405,1.1_ros_callback_total,0.259
1657065621.628405,1.2_imu_integration,0.093
1657065621.628405,1.2_pointcloud_deskew,0.011
1657065621.628405,1.2_covariance_estimation,0.277
1657065621.628405,1.2_create_factors,0.560
1657065621.628405,1.2_smoother_update,19.633
1657065621.628405,1.3_gnss_injection,0.431
1657065621.628405,1.2_update_frames_calculate_estimate,0.048
1657065621.628405,1.2_update_frames_state_copy,0.014
1657065621.628405,1.2_update_frames_sigma_p,0.025
1657065621.628405,1.2_update_frames_icp_quality,0.545
1657065621.628405,1.2_update_frames,0.781
1657065621.604378,2.1_gnss_araim,0.729
1657065621.628405,2.2_lidar_araim,0.015
1657065621.628405,2.3_dynamic_al,0.000
1657065621.628405,2.3_state_machine,0.015
1657065621.628405,2.3_integrity_total,0.818
1657065621.628405,1.2_odom_insert_frame,24.510
1657065621.728380,1.1_pointcloud_extract,0.005
1657065621.728380,1.1_cloud_preprocess,0.194
1657065621.728380,1.1_ros_callback_total,0.265
1657065621.728380,1.2_imu_integration,0.098
1657065621.728380,1.2_pointcloud_deskew,0.010
1657065621.728380,1.2_covariance_estimation,0.217
1657065621.728380,1.2_create_factors,0.304
1657065621.728380,1.2_smoother_update,2.479
1657065621.728380,1.3_gnss_injection,0.699
1657065621.728380,1.2_update_frames_calculate_estimate,0.100
1657065621.728380,1.2_update_frames_state_copy,0.022
1657065621.728380,1.2_update_frames_sigma_p,0.056
1657065621.728380,1.2_update_frames_icp_quality,0.298
1657065621.728380,1.2_update_frames,0.649
1657065621.704393,2.1_gnss_araim,0.676
1657065621.728380,2.2_lidar_araim,0.014
1657065621.728380,2.3_dynamic_al,0.000
1657065621.728380,2.3_state_machine,0.010
1657065621.728380,2.3_integrity_total,0.758
1657065621.728380,1.2_odom_insert_frame,7.465
1657065616.728426,1.4_sub_map_insert,2.506
1657065621.828424,1.1_pointcloud_extract,0.005
1657065621.828424,1.1_cloud_preprocess,0.189
1657065621.828424,1.1_ros_callback_total,0.243
1657065621.828424,1.2_imu_integration,0.092
1657065621.828424,1.2_pointcloud_deskew,0.010
1657065621.828424,1.2_covariance_estimation,0.188
1657065621.828424,1.2_create_factors,0.291
1657065621.828424,1.2_smoother_update,26.015
1657065621.828424,1.3_gnss_injection,0.674
1657065621.828424,1.2_update_frames_calculate_estimate,0.087
1657065621.828424,1.2_update_frames_state_copy,0.021
1657065621.828424,1.2_update_frames_sigma_p,0.036
1657065621.828424,1.2_update_frames_icp_quality,0.346
1657065621.828424,1.2_update_frames,0.671
1657065621.804422,2.1_gnss_araim,1.429
1657065621.828424,2.2_lidar_araim,0.021
1657065621.828424,2.3_dynamic_al,0.000
1657065621.828424,2.3_state_machine,0.017
1657065621.828424,2.3_integrity_total,1.555
1657065621.828424,1.2_odom_insert_frame,31.612
1657065616.828425,1.4_sub_map_insert,1.982
1657065621.928374,1.1_pointcloud_extract,0.005
1657065621.928374,1.1_cloud_preprocess,0.188
1657065621.928374,1.1_ros_callback_total,0.245
1657065621.928374,1.2_imu_integration,0.090
1657065621.928374,1.2_pointcloud_deskew,0.013
1657065621.928374,1.2_covariance_estimation,0.186
1657065621.928374,1.2_create_factors,0.300
1657065621.928374,1.2_smoother_update,25.545
1657065621.928374,1.3_gnss_injection,0.439
1657065621.928374,1.2_update_frames_calculate_estimate,0.085
1657065621.928374,1.2_update_frames_state_copy,0.021
1657065621.928374,1.2_update_frames_sigma_p,0.033
1657065621.928374,1.2_update_frames_icp_quality,0.314
1657065621.928374,1.2_update_frames,0.632
1657065621.904375,2.1_gnss_araim,0.667
1657065621.928374,2.2_lidar_araim,0.017
1657065621.928374,2.3_dynamic_al,0.000
1657065621.928374,2.3_state_machine,0.012
1657065621.928374,2.3_integrity_total,0.784
1657065621.928374,1.2_odom_insert_frame,30.222
1657065616.928426,1.4_sub_map_insert,1.874
1657065622.028425,1.1_pointcloud_extract,0.005
1657065622.028425,1.1_cloud_preprocess,0.190
1657065622.028425,1.1_ros_callback_total,0.243
1657065622.028425,1.2_imu_integration,0.095
1657065622.028425,1.2_pointcloud_deskew,0.010
1657065622.028425,1.2_covariance_estimation,0.194
1657065622.028425,1.2_create_factors,0.295
1657065622.028425,1.2_smoother_update,25.924
1657065622.028425,1.3_gnss_injection,0.659
1657065622.028425,1.2_update_frames_calculate_estimate,0.077
1657065622.028425,1.2_update_frames_state_copy,0.021
1657065622.028425,1.2_update_frames_sigma_p,0.032
1657065622.028425,1.2_update_frames_icp_quality,0.318
1657065622.028425,1.2_update_frames,0.625
1657065622.004368,2.1_gnss_araim,0.718
1657065622.028425,2.2_lidar_araim,0.016
1657065622.028425,2.3_dynamic_al,0.000
1657065622.028425,2.3_state_machine,0.023
1657065622.028425,2.3_integrity_total,0.817
1657065622.028425,1.2_odom_insert_frame,30.690
1657065617.028424,1.4_sub_map_insert,3.502
1657065622.128428,1.1_pointcloud_extract,0.004
1657065622.128428,1.1_cloud_preprocess,0.174
1657065622.128428,1.1_ros_callback_total,0.214
1657065622.128428,1.2_imu_integration,0.075
1657065622.128428,1.2_pointcloud_deskew,0.011
1657065622.128428,1.2_covariance_estimation,0.106
1657065622.128428,1.2_create_factors,0.342
1657065622.128428,1.2_smoother_update,19.331
1657065622.128428,1.3_gnss_injection,0.442
1657065622.128428,1.2_update_frames_calculate_estimate,0.046
1657065622.128428,1.2_update_frames_state_copy,0.014
1657065622.128428,1.2_update_frames_sigma_p,0.024
1657065622.128428,1.2_update_frames_icp_quality,0.274
1657065622.128428,1.2_update_frames,0.506
1657065622.104423,2.1_gnss_araim,0.863
1657065622.128428,2.2_lidar_araim,0.020
1657065622.128428,2.3_dynamic_al,0.000
1657065622.128428,2.3_state_machine,0.018
1657065622.128428,2.3_integrity_total,0.981
1657065622.128428,1.2_odom_insert_frame,23.223
1657065617.228423,1.4_sub_map_insert,1.915
1657065622.228369,1.1_pointcloud_extract,0.005
1657065622.228369,1.1_cloud_preprocess,0.245
1657065622.228369,1.1_ros_callback_total,0.314
1657065622.228369,1.2_imu_integration,0.090
1657065622.228369,1.2_pointcloud_deskew,0.011
1657065622.228369,1.2_covariance_estimation,0.198
1657065622.228369,1.2_create_factors,0.293
1657065622.228369,1.2_smoother_update,2.532
1657065622.228369,1.3_gnss_injection,0.602
1657065622.228369,1.2_update_frames_calculate_estimate,0.105
1657065622.228369,1.2_update_frames_state_copy,0.021
1657065622.228369,1.2_update_frames_sigma_p,0.061
1657065622.228369,1.2_update_frames_icp_quality,0.318
1657065622.228369,1.2_update_frames,0.766
1657065622.204449,2.1_gnss_araim,0.705
1657065622.228369,2.2_lidar_araim,0.020
1657065622.228369,2.3_dynamic_al,0.000
1657065622.228369,2.3_state_machine,0.016
1657065622.228369,2.3_integrity_total,0.814
1657065622.228369,1.2_odom_insert_frame,7.470
1657065622.328449,1.1_pointcloud_extract,0.005
1657065622.328449,1.1_cloud_preprocess,0.186
1657065622.328449,1.1_ros_callback_total,0.231
1657065622.328449,1.2_imu_integration,0.075
1657065622.328449,1.2_pointcloud_deskew,0.011
1657065622.328449,1.2_covariance_estimation,0.141
1657065622.328449,1.2_create_factors,0.259
1657065622.328449,1.2_smoother_update,19.452
1657065622.328449,1.3_gnss_injection,0.433
1657065622.328449,1.2_update_frames_calculate_estimate,0.042
1657065622.328449,1.2_update_frames_state_copy,0.014
1657065622.328449,1.2_update_frames_sigma_p,0.023
1657065622.328449,1.2_update_frames_icp_quality,0.270
1657065622.328449,1.2_update_frames,0.495
1657065622.304379,2.1_gnss_araim,0.757
1657065622.328449,2.2_lidar_araim,0.019
1657065622.328449,2.3_dynamic_al,0.000
1657065622.328449,2.3_state_machine,0.021
1657065622.328449,2.3_integrity_total,0.875
1657065622.328449,1.2_odom_insert_frame,23.119
1657065617.328433,1.4_sub_map_insert,3.708
1657065622.428438,1.1_pointcloud_extract,0.005
1657065622.428438,1.1_cloud_preprocess,0.193
1657065622.428438,1.1_ros_callback_total,0.257
1657065622.428438,1.2_imu_integration,0.090
1657065622.428438,1.2_pointcloud_deskew,0.009
1657065622.428438,1.2_covariance_estimation,0.310
1657065622.428438,1.2_create_factors,0.292
1657065622.428438,1.2_smoother_update,25.077
1657065622.428438,1.3_gnss_injection,0.479
1657065622.428438,1.2_update_frames_calculate_estimate,0.109
1657065622.428438,1.2_update_frames_state_copy,0.025
1657065622.428438,1.2_update_frames_sigma_p,0.045
1657065622.428438,1.2_update_frames_icp_quality,0.329
1657065622.428438,1.2_update_frames,0.697
1657065622.404425,2.1_gnss_araim,0.846
1657065622.428438,2.2_lidar_araim,0.019
1657065622.428438,2.3_dynamic_al,0.000
1657065622.428438,2.3_state_machine,0.016
1657065622.428438,2.3_integrity_total,0.954
1657065622.428438,1.2_odom_insert_frame,30.388
1657065617.528424,1.4_sub_map_insert,1.916
1657065622.528429,1.1_pointcloud_extract,0.006
1657065622.528429,1.1_cloud_preprocess,0.189
1657065622.528429,1.1_ros_callback_total,0.240
1657065622.528429,1.2_imu_integration,0.090
1657065622.528429,1.2_pointcloud_deskew,0.009
1657065622.528429,1.2_covariance_estimation,0.317
1657065622.528429,1.2_create_factors,0.293
1657065622.528429,1.2_smoother_update,25.702
1657065622.528429,1.3_gnss_injection,0.654
1657065622.528429,1.2_update_frames_calculate_estimate,0.079
1657065622.528429,1.2_update_frames_state_copy,0.020
1657065622.528429,1.2_update_frames_sigma_p,0.031
1657065622.528429,1.2_update_frames_icp_quality,0.308
1657065622.528429,1.2_update_frames,0.609
1657065622.504426,2.1_gnss_araim,0.786
1657065622.528429,2.2_lidar_araim,0.016
1657065622.528429,2.3_dynamic_al,0.000
1657065622.528429,2.3_state_machine,0.014
1657065622.528429,2.3_integrity_total,0.873
1657065622.528429,1.2_odom_insert_frame,30.568
1657065617.628396,1.4_sub_map_insert,2.090
1657065622.628515,1.1_pointcloud_extract,0.004
1657065622.628515,1.1_cloud_preprocess,0.176
1657065622.628515,1.1_ros_callback_total,0.215
1657065622.628515,1.2_imu_integration,0.094
1657065622.628515,1.2_pointcloud_deskew,0.011
1657065622.628515,1.2_covariance_estimation,0.143
1657065622.628515,1.2_create_factors,0.450
1657065622.628515,1.2_smoother_update,26.144
1657065622.628515,1.3_gnss_injection,0.672
1657065622.628515,1.2_update_frames_calculate_estimate,0.123
1657065622.628515,1.2_update_frames_state_copy,0.022
1657065622.628515,1.2_update_frames_sigma_p,0.058
1657065622.628515,1.2_update_frames_icp_quality,0.485
1657065622.628515,1.2_update_frames,0.870
1657065622.604424,2.1_gnss_araim,0.673
1657065622.628515,2.2_lidar_araim,0.020
1657065622.628515,2.3_dynamic_al,0.000
1657065622.628515,2.3_state_machine,0.015
1657065622.628515,2.3_integrity_total,0.782
1657065622.628515,1.2_odom_insert_frame,31.663
1657065617.728396,1.4_sub_map_insert,1.967
1657065622.728375,1.1_pointcloud_extract,0.005
1657065622.728375,1.1_cloud_preprocess,0.194
1657065622.728375,1.1_ros_callback_total,0.272
1657065622.728375,1.2_imu_integration,0.091
1657065622.728375,1.2_pointcloud_deskew,0.010
1657065622.728375,1.2_covariance_estimation,0.115
1657065622.728375,1.2_create_factors,0.304
1657065622.728375,1.2_smoother_update,2.735
1657065622.728375,1.3_gnss_injection,0.671
1657065622.728375,1.2_update_frames_calculate_estimate,0.102
1657065622.728375,1.2_update_frames_state_copy,0.020
1657065622.728375,1.2_update_frames_sigma_p,0.058
1657065622.728375,1.2_update_frames_icp_quality,0.312
1657065622.728375,1.2_update_frames,0.769
1657065622.704379,2.1_gnss_araim,0.659
1657065622.728375,2.2_lidar_araim,0.020
1657065622.728375,2.3_dynamic_al,0.000
1657065622.728375,2.3_state_machine,0.017
1657065622.728375,2.3_integrity_total,0.803
1657065622.728375,1.2_odom_insert_frame,7.749
1657065622.828428,1.1_pointcloud_extract,0.005
1657065622.828428,1.1_cloud_preprocess,0.185
1657065622.828428,1.1_ros_callback_total,0.235
1657065622.828428,1.2_imu_integration,0.090
1657065622.828428,1.2_pointcloud_deskew,0.009
1657065622.828428,1.2_covariance_estimation,0.497
1657065622.828428,1.2_create_factors,0.301
1657065622.828428,1.2_smoother_update,26.244
1657065622.828428,1.3_gnss_injection,0.647
1657065622.828428,1.2_update_frames_calculate_estimate,0.094
1657065622.828428,1.2_update_frames_state_copy,0.022
1657065622.828428,1.2_update_frames_sigma_p,0.046
1657065622.828428,1.2_update_frames_icp_quality,0.565
1657065622.828428,1.2_update_frames,0.911
1657065622.804421,2.1_gnss_araim,0.688
1657065622.828428,2.2_lidar_araim,0.020
1657065622.828428,2.3_dynamic_al,0.000
1657065622.828428,2.3_state_machine,0.018
1657065622.828428,2.3_integrity_total,0.788
1657065622.828428,1.2_odom_insert_frame,31.635
1657065617.828531,1.4_sub_map_insert,2.123
1657065622.928429,1.1_pointcloud_extract,0.005
1657065622.928429,1.1_cloud_preprocess,0.185
1657065622.928429,1.1_ros_callback_total,0.235
1657065622.928429,1.2_imu_integration,0.094
1657065622.928429,1.2_pointcloud_deskew,0.010
1657065622.928429,1.2_covariance_estimation,0.404
1657065622.928429,1.2_create_factors,0.259
1657065622.928429,1.2_smoother_update,20.343
1657065622.928429,1.3_gnss_injection,0.315
1657065622.928429,1.2_update_frames_calculate_estimate,0.045
1657065622.928429,1.2_update_frames_state_copy,0.015
1657065622.928429,1.2_update_frames_sigma_p,0.024
1657065622.928429,1.2_update_frames_icp_quality,0.266
1657065622.928429,1.2_update_frames,0.494
1657065622.904434,2.1_gnss_araim,0.657
1657065622.928429,2.2_lidar_araim,0.019
1657065622.928429,2.3_dynamic_al,0.000
1657065622.928429,2.3_state_machine,0.008
1657065622.928429,2.3_integrity_total,0.763
1657065622.928429,1.2_odom_insert_frame,24.187
1657065617.928436,1.4_sub_map_insert,3.790
1657065623.028427,1.1_pointcloud_extract,0.005
1657065623.028427,1.1_cloud_preprocess,0.219
1657065623.028427,1.1_ros_callback_total,0.303
1657065623.028427,1.2_imu_integration,0.092
1657065623.028427,1.2_pointcloud_deskew,0.009
1657065623.028427,1.2_covariance_estimation,0.203
1657065623.028427,1.2_create_factors,0.294
1657065623.028427,1.2_smoother_update,26.158
1657065623.028427,1.3_gnss_injection,0.624
1657065623.028427,1.2_update_frames_calculate_estimate,0.067
1657065623.028427,1.2_update_frames_state_copy,0.019
1657065623.028427,1.2_update_frames_sigma_p,0.030
1657065623.028427,1.2_update_frames_icp_quality,0.379
1657065623.028427,1.2_update_frames,0.666
1657065623.004426,2.1_gnss_araim,0.715
1657065623.028427,2.2_lidar_araim,0.018
1657065623.028427,2.3_dynamic_al,0.000
1657065623.028427,2.3_state_machine,0.014
1657065623.028427,2.3_integrity_total,0.811
1657065623.028427,1.2_odom_insert_frame,30.900
1657065618.128387,1.4_sub_map_insert,1.946
1657065623.128451,1.1_pointcloud_extract,0.005
1657065623.128451,1.1_cloud_preprocess,0.192
1657065623.128451,1.1_ros_callback_total,0.242
1657065623.128451,1.2_imu_integration,0.076
1657065623.128451,1.2_pointcloud_deskew,0.011
1657065623.128451,1.2_covariance_estimation,0.134
1657065623.128451,1.2_create_factors,0.273
1657065623.128451,1.2_smoother_update,20.221
1657065623.128451,1.3_gnss_injection,0.477
1657065623.128451,1.2_update_frames_calculate_estimate,0.055
1657065623.128451,1.2_update_frames_state_copy,0.019
1657065623.128451,1.2_update_frames_sigma_p,0.028
1657065623.128451,1.2_update_frames_icp_quality,0.778
1657065623.128451,1.2_update_frames,1.040
1657065623.104428,2.1_gnss_araim,0.673
1657065623.128451,2.2_lidar_araim,0.016
1657065623.128451,2.3_dynamic_al,0.000
1657065623.128451,2.3_state_machine,0.014
1657065623.128451,2.3_integrity_total,0.765
1657065623.128451,1.2_odom_insert_frame,24.603
1657065618.228377,1.4_sub_map_insert,1.883
1657065623.228401,1.1_pointcloud_extract,0.005
1657065623.228401,1.1_cloud_preprocess,0.204
1657065623.228401,1.1_ros_callback_total,0.253
1657065623.228401,1.2_imu_integration,0.090
1657065623.228401,1.2_pointcloud_deskew,0.009
1657065623.228401,1.2_covariance_estimation,0.130
1657065623.228401,1.2_create_factors,0.483
1657065623.228401,1.2_smoother_update,25.895
1657065623.228401,1.3_gnss_injection,0.663
1657065623.228401,1.2_update_frames_calculate_estimate,0.090
1657065623.228401,1.2_update_frames_state_copy,0.021
1657065623.228401,1.2_update_frames_sigma_p,0.035
1657065623.228401,1.2_update_frames_icp_quality,0.336
1657065623.228401,1.2_update_frames,0.660
1657065623.204405,2.1_gnss_araim,0.700
1657065623.228401,2.2_lidar_araim,0.016
1657065623.228401,2.3_dynamic_al,0.000
1657065623.228401,2.3_state_machine,0.012
1657065623.228401,2.3_integrity_total,0.785
1657065623.228401,1.2_odom_insert_frame,30.801
1657065623.328463,1.1_pointcloud_extract,0.005
1657065623.328463,1.1_cloud_preprocess,0.184
1657065623.328463,1.1_ros_callback_total,0.248
1657065623.328463,1.2_imu_integration,0.074
1657065623.328463,1.2_pointcloud_deskew,0.011
1657065623.328463,1.2_covariance_estimation,0.275
1657065623.328463,1.2_create_factors,0.262
1657065623.328463,1.2_smoother_update,19.763
1657065623.328463,1.3_gnss_injection,0.447
1657065623.328463,1.2_update_frames_calculate_estimate,0.046
1657065623.328463,1.2_update_frames_state_copy,0.014
1657065623.328463,1.2_update_frames_sigma_p,0.024
1657065623.328463,1.2_update_frames_icp_quality,0.277
1657065623.328463,1.2_update_frames,0.512
1657065623.304449,2.1_gnss_araim,0.756
1657065623.328463,2.2_lidar_araim,0.021
1657065623.328463,2.3_dynamic_al,0.000
1657065623.328463,2.3_state_machine,0.020
1657065623.328463,2.3_integrity_total,0.880
1657065623.328463,1.2_odom_insert_frame,23.713
1657065618.328434,1.4_sub_map_insert,3.596
1657065623.428466,1.1_pointcloud_extract,0.004
1657065623.428466,1.1_cloud_preprocess,0.177
1657065623.428466,1.1_ros_callback_total,0.228
1657065623.428466,1.2_imu_integration,0.074
1657065623.428466,1.2_pointcloud_deskew,0.013
1657065623.428466,1.2_covariance_estimation,0.096
1657065623.428466,1.2_create_factors,0.264
1657065623.428466,1.2_smoother_update,19.900
1657065623.428466,1.3_gnss_injection,0.324
1657065623.428466,1.2_update_frames_calculate_estimate,0.043
1657065623.428466,1.2_update_frames_state_copy,0.015
1657065623.428466,1.2_update_frames_sigma_p,0.024
1657065623.428466,1.2_update_frames_icp_quality,0.397
1657065623.428466,1.2_update_frames,0.624
1657065623.404435,2.1_gnss_araim,0.801
1657065623.428466,2.2_lidar_araim,0.015
1657065623.428466,2.3_dynamic_al,0.000
1657065623.428466,2.3_state_machine,0.013
1657065623.428466,2.3_integrity_total,0.884
1657065623.428466,1.2_odom_insert_frame,23.656
1657065618.528369,1.4_sub_map_insert,1.937
1657065623.528431,1.1_pointcloud_extract,0.004
1657065623.528431,1.1_cloud_preprocess,0.210
1657065623.528431,1.1_ros_callback_total,0.267
1657065623.528431,1.2_imu_integration,0.090
1657065623.528431,1.2_pointcloud_deskew,0.009
1657065623.528431,1.2_covariance_estimation,0.214
1657065623.528431,1.2_create_factors,0.303
1657065623.528431,1.2_smoother_update,25.945
1657065623.528431,1.3_gnss_injection,0.631
1657065623.528431,1.2_update_frames_calculate_estimate,0.083
1657065623.528431,1.2_update_frames_state_copy,0.020
1657065623.528431,1.2_update_frames_sigma_p,0.034
1657065623.528431,1.2_update_frames_icp_quality,0.319
1657065623.528431,1.2_update_frames,0.634
1657065623.504465,2.1_gnss_araim,0.792
1657065623.528431,2.2_lidar_araim,0.019
1657065623.528431,2.3_dynamic_al,0.000
1657065623.528431,2.3_state_machine,0.017
1657065623.528431,2.3_integrity_total,0.887
1657065623.528431,1.2_odom_insert_frame,30.787
1657065623.628573,1.1_pointcloud_extract,0.005
1657065623.628573,1.1_cloud_preprocess,0.195
1657065623.628573,1.1_ros_callback_total,0.246
1657065623.628573,1.2_imu_integration,0.138
1657065623.628573,1.2_pointcloud_deskew,0.012
1657065623.628573,1.2_covariance_estimation,0.246
1657065623.628573,1.2_create_factors,0.542
1657065623.628573,1.2_smoother_update,19.750
1657065623.628573,1.3_gnss_injection,0.517
1657065623.628573,1.2_update_frames_calculate_estimate,0.059
1657065623.628573,1.2_update_frames_state_copy,0.016
1657065623.628573,1.2_update_frames_sigma_p,0.030
1657065623.628573,1.2_update_frames_icp_quality,0.422
1657065623.628573,1.2_update_frames,0.687
1657065623.604378,2.1_gnss_araim,0.733
1657065623.628573,2.2_lidar_araim,0.020
1657065623.628573,2.3_dynamic_al,0.000
1657065623.628573,2.3_state_machine,0.017
1657065623.628573,2.3_integrity_total,0.842
1657065623.628573,1.2_odom_insert_frame,24.564
1657065618.628561,1.4_sub_map_insert,3.706
1657065623.728426,1.1_pointcloud_extract,0.004
1657065623.728426,1.1_cloud_preprocess,0.185
1657065623.728426,1.1_ros_callback_total,0.254
1657065623.728426,1.2_imu_integration,0.096
1657065623.728426,1.2_pointcloud_deskew,0.010
1657065623.728426,1.2_covariance_estimation,0.206
1657065623.728426,1.2_create_factors,0.410
1657065623.728426,1.2_smoother_update,2.462
1657065623.728426,1.3_gnss_injection,0.598
1657065623.728426,1.2_update_frames_calculate_estimate,0.090
1657065623.728426,1.2_update_frames_state_copy,0.019
1657065623.728426,1.2_update_frames_sigma_p,0.051
1657065623.728426,1.2_update_frames_icp_quality,0.533
1657065623.728426,1.2_update_frames,0.921
1657065623.704371,2.1_gnss_araim,0.678
1657065623.728426,2.2_lidar_araim,0.020
1657065623.728426,2.3_dynamic_al,0.000
1657065623.728426,2.3_state_machine,0.016
1657065623.728426,2.3_integrity_total,0.773
1657065623.728426,1.2_odom_insert_frame,7.577
1657065623.828425,1.1_pointcloud_extract,0.005
1657065623.828425,1.1_cloud_preprocess,0.184
1657065623.828425,1.1_ros_callback_total,0.234
1657065623.828425,1.2_imu_integration,0.091
1657065623.828425,1.2_pointcloud_deskew,0.009
1657065623.828425,1.2_covariance_estimation,0.190
1657065623.828425,1.2_create_factors,0.286
1657065623.828425,1.2_smoother_update,26.894
1657065623.828425,1.3_gnss_injection,0.632
1657065623.828425,1.2_update_frames_calculate_estimate,0.098
1657065623.828425,1.2_update_frames_state_copy,0.022
1657065623.828425,1.2_update_frames_sigma_p,0.040
1657065623.828425,1.2_update_frames_icp_quality,0.337
1657065623.828425,1.2_update_frames,0.696
1657065623.804427,2.1_gnss_araim,0.892
1657065623.828425,2.2_lidar_araim,0.016
1657065623.828425,2.3_dynamic_al,0.000
1657065623.828425,2.3_state_machine,0.013
1657065623.828425,2.3_integrity_total,0.972
1657065623.828425,1.2_odom_insert_frame,31.897
1657065618.828447,1.4_sub_map_insert,1.877
1657065623.928427,1.1_pointcloud_extract,0.004
1657065623.928427,1.1_cloud_preprocess,0.179
1657065623.928427,1.1_ros_callback_total,0.223
1657065623.928427,1.2_imu_integration,0.090
1657065623.928427,1.2_pointcloud_deskew,0.010
1657065623.928427,1.2_covariance_estimation,0.309
1657065623.928427,1.2_create_factors,0.299
1657065623.928427,1.2_smoother_update,25.960
1657065623.928427,1.3_gnss_injection,0.470
1657065623.928427,1.2_update_frames_calculate_estimate,0.125
1657065623.928427,1.2_update_frames_state_copy,0.022
1657065623.928427,1.2_update_frames_sigma_p,0.050
1657065623.928427,1.2_update_frames_icp_quality,0.671
1657065623.928427,1.2_update_frames,1.065
1657065623.904433,2.1_gnss_araim,0.897
1657065623.928427,2.2_lidar_araim,0.020
1657065623.928427,2.3_dynamic_al,0.000
1657065623.928427,2.3_state_machine,0.017
1657065623.928427,2.3_integrity_total,1.012
1657065623.928427,1.2_odom_insert_frame,31.504
1657065618.928439,1.4_sub_map_insert,2.879
1657065624.028440,1.1_pointcloud_extract,0.005
1657065624.028440,1.1_cloud_preprocess,0.192
1657065624.028440,1.1_ros_callback_total,0.267
1657065624.028440,1.2_imu_integration,0.086
1657065624.028440,1.2_pointcloud_deskew,0.011
1657065624.028440,1.2_covariance_estimation,0.391
1657065624.028440,1.2_create_factors,0.257
1657065624.028440,1.2_smoother_update,19.872
1657065624.028440,1.3_gnss_injection,0.444
1657065624.028440,1.2_update_frames_calculate_estimate,0.044
1657065624.028440,1.2_update_frames_state_copy,0.014
1657065624.028440,1.2_update_frames_sigma_p,0.022
1657065624.028440,1.2_update_frames_icp_quality,0.266
1657065624.028440,1.2_update_frames,0.490
1657065624.004425,2.1_gnss_araim,0.630
1657065624.028440,2.2_lidar_araim,0.019
1657065624.028440,2.3_dynamic_al,0.000
1657065624.028440,2.3_state_machine,0.014
1657065624.028440,2.3_integrity_total,0.734
1657065624.028440,1.2_odom_insert_frame,23.728
1657065619.128380,1.4_sub_map_insert,1.635
1657065624.128393,1.1_pointcloud_extract,0.005
1657065624.128393,1.1_cloud_preprocess,0.215
1657065624.128393,1.1_ros_callback_total,0.267
1657065624.128393,1.2_imu_integration,0.091
1657065624.128393,1.2_pointcloud_deskew,0.009
1657065624.128393,1.2_covariance_estimation,0.133
1657065624.128393,1.2_create_factors,0.506
1657065624.128393,1.2_smoother_update,26.494
1657065624.128393,1.3_gnss_injection,0.666
1657065624.128393,1.2_update_frames_calculate_estimate,0.109
1657065624.128393,1.2_update_frames_state_copy,0.021
1657065624.128393,1.2_update_frames_sigma_p,0.043
1657065624.128393,1.2_update_frames_icp_quality,0.375
1657065624.128393,1.2_update_frames,0.735
1657065624.104377,2.1_gnss_araim,0.874
1657065624.128393,2.2_lidar_araim,0.020
1657065624.128393,2.3_dynamic_al,0.000
1657065624.128393,2.3_state_machine,0.015
1657065624.128393,2.3_integrity_total,0.974
1657065624.128393,1.2_odom_insert_frame,31.973
1657065624.228373,1.1_pointcloud_extract,0.005
1657065624.228373,1.1_cloud_preprocess,0.189
1657065624.228373,1.1_ros_callback_total,0.257
1657065624.228373,1.2_imu_integration,0.090
1657065624.228373,1.2_pointcloud_deskew,0.010
1657065624.228373,1.2_covariance_estimation,0.167
1657065624.228373,1.2_create_factors,0.297
1657065624.228373,1.2_smoother_update,2.412
1657065624.228373,1.3_gnss_injection,0.594
1657065624.228373,1.2_update_frames_calculate_estimate,0.109
1657065624.228373,1.2_update_frames_state_copy,0.020
1657065624.228373,1.2_update_frames_sigma_p,0.056
1657065624.228373,1.2_update_frames_icp_quality,0.329
1657065624.228373,1.2_update_frames,0.683
1657065624.204471,2.1_gnss_araim,0.721
1657065624.228373,2.2_lidar_araim,0.015
1657065624.228373,2.3_dynamic_al,0.000
1657065624.228373,2.3_state_machine,0.019
1657065624.228373,2.3_integrity_total,0.815
1657065624.228373,1.2_odom_insert_frame,7.302
1657065619.228462,1.4_sub_map_insert,2.123
1657065624.328378,1.1_pointcloud_extract,0.005
1657065624.328378,1.1_cloud_preprocess,0.183
1657065624.328378,1.1_ros_callback_total,0.234
1657065624.328378,1.2_imu_integration,0.091
1657065624.328378,1.2_pointcloud_deskew,0.009
1657065624.328378,1.2_covariance_estimation,0.202
1657065624.328378,1.2_create_factors,0.302
1657065624.328378,1.2_smoother_update,27.338
1657065624.328378,1.3_gnss_injection,0.662
1657065624.328378,1.2_update_frames_calculate_estimate,0.128
1657065624.328378,1.2_update_frames_state_copy,0.022
1657065624.328378,1.2_update_frames_sigma_p,0.052
1657065624.328378,1.2_update_frames_icp_quality,0.342
1657065624.328378,1.2_update_frames,0.729
1657065624.304385,2.1_gnss_araim,0.823
1657065624.328378,2.2_lidar_araim,0.015
1657065624.328378,2.3_dynamic_al,0.000
1657065624.328378,2.3_state_machine,0.014
1657065624.328378,2.3_integrity_total,0.909
1657065624.328378,1.2_odom_insert_frame,32.610
1657065619.328437,1.4_sub_map_insert,1.978
1657065624.428430,1.1_pointcloud_extract,0.005
1657065624.428430,1.1_cloud_preprocess,0.191
1657065624.428430,1.1_ros_callback_total,0.260
1657065624.428430,1.2_imu_integration,0.076
1657065624.428430,1.2_pointcloud_deskew,0.011
1657065624.428430,1.2_covariance_estimation,0.098
1657065624.428430,1.2_create_factors,0.260
1657065624.428430,1.2_smoother_update,20.003
1657065624.428430,1.3_gnss_injection,0.312
1657065624.428430,1.2_update_frames_calculate_estimate,0.045
1657065624.428430,1.2_update_frames_state_copy,0.014
1657065624.428430,1.2_update_frames_sigma_p,0.024
1657065624.428430,1.2_update_frames_icp_quality,0.263
1657065624.428430,1.2_update_frames,0.486
1657065624.404390,2.1_gnss_araim,0.771
1657065624.428430,2.2_lidar_araim,0.017
1657065624.428430,2.3_dynamic_al,0.000
1657065624.428430,2.3_state_machine,0.016
1657065624.428430,2.3_integrity_total,0.868
1657065624.428430,1.2_odom_insert_frame,23.563
1657065619.428449,1.4_sub_map_insert,3.596
1657065624.528423,1.1_pointcloud_extract,0.004
1657065624.528423,1.1_cloud_preprocess,0.168
1657065624.528423,1.1_ros_callback_total,0.209
1657065624.528423,1.2_imu_integration,0.090
1657065624.528423,1.2_pointcloud_deskew,0.010
1657065624.528423,1.2_covariance_estimation,0.278
1657065624.528423,1.2_create_factors,0.307
1657065624.528423,1.2_smoother_update,26.602
1657065624.528423,1.3_gnss_injection,0.596
1657065624.528423,1.2_update_frames_calculate_estimate,0.069
1657065624.528423,1.2_update_frames_state_copy,0.019
1657065624.528423,1.2_update_frames_sigma_p,0.029
1657065624.528423,1.2_update_frames_icp_quality,0.314
1657065624.528423,1.2_update_frames,0.601
1657065624.504429,2.1_gnss_araim,0.688
1657065624.528423,2.2_lidar_araim,0.019
1657065624.528423,2.3_dynamic_al,0.001
1657065624.528423,2.3_state_machine,0.022
1657065624.528423,2.3_integrity_total,0.802
1657065624.528423,1.2_odom_insert_frame,31.296
1657065619.628372,1.4_sub_map_insert,2.047
1657065624.628374,1.1_pointcloud_extract,0.005
1657065624.628374,1.1_cloud_preprocess,0.172
1657065624.628374,1.1_ros_callback_total,0.216
1657065624.628374,1.2_imu_integration,0.093
1657065624.628374,1.2_pointcloud_deskew,0.015
1657065624.628374,1.2_covariance_estimation,0.102
1657065624.628374,1.2_create_factors,0.565
1657065624.628374,1.2_smoother_update,26.373
1657065624.628374,1.3_gnss_injection,0.679
1657065624.628374,1.2_update_frames_calculate_estimate,0.116
1657065624.628374,1.2_update_frames_state_copy,0.021
1657065624.628374,1.2_update_frames_sigma_p,0.043
1657065624.628374,1.2_update_frames_icp_quality,0.431
1657065624.628374,1.2_update_frames,0.797
1657065624.604453,2.1_gnss_araim,0.812
1657065624.628374,2.2_lidar_araim,0.020
1657065624.628374,2.3_dynamic_al,0.000
1657065624.628374,2.3_state_machine,0.015
1657065624.628374,2.3_integrity_total,0.920
1657065624.628374,1.2_odom_insert_frame,31.857
1657065624.728382,1.1_pointcloud_extract,0.005
1657065624.728382,1.1_cloud_preprocess,0.188
1657065624.728382,1.1_ros_callback_total,0.251
1657065624.728382,1.2_imu_integration,0.091
1657065624.728382,1.2_pointcloud_deskew,0.009
1657065624.728382,1.2_covariance_estimation,0.247
1657065624.728382,1.2_create_factors,0.295
1657065624.728382,1.2_smoother_update,2.550
1657065624.728382,1.3_gnss_injection,0.658
1657065624.728382,1.2_update_frames_calculate_estimate,0.101
1657065624.728382,1.2_update_frames_state_copy,0.021
1657065624.728382,1.2_update_frames_sigma_p,0.052
1657065624.728382,1.2_update_frames_icp_quality,0.312
1657065624.728382,1.2_update_frames,0.658
1657065624.704369,2.1_gnss_araim,0.670
1657065624.728382,2.2_lidar_araim,0.019
1657065624.728382,2.3_dynamic_al,0.000
1657065624.728382,2.3_state_machine,0.017
1657065624.728382,2.3_integrity_total,0.779
1657065624.728382,1.2_odom_insert_frame,7.980
1657065619.728440,1.4_sub_map_insert,1.963
1657065624.828437,1.1_pointcloud_extract,0.004
1657065624.828437,1.1_cloud_preprocess,0.208
1657065624.828437,1.1_ros_callback_total,0.247
1657065624.828437,1.2_imu_integration,0.090
1657065624.828437,1.2_pointcloud_deskew,0.010
1657065624.828437,1.2_covariance_estimation,0.127
1657065624.828437,1.2_create_factors,0.306
1657065624.828437,1.2_smoother_update,26.186
1657065624.828437,1.3_gnss_injection,0.613
1657065624.828437,1.2_update_frames_calculate_estimate,0.090
1657065624.828437,1.2_update_frames_state_copy,0.020
1657065624.828437,1.2_update_frames_sigma_p,0.035
1657065624.828437,1.2_update_frames_icp_quality,0.497
1657065624.828437,1.2_update_frames,0.828
1657065624.804446,2.1_gnss_araim,0.697
1657065624.828437,2.2_lidar_araim,0.017
1657065624.828437,2.3_dynamic_al,0.000
1657065624.828437,2.3_state_machine,0.015
1657065624.828437,2.3_integrity_total,0.786
1657065624.828437,1.2_odom_insert_frame,30.956
1657065619.828437,1.4_sub_map_insert,1.871
1657065624.928444,1.1_pointcloud_extract,0.004
1657065624.928444,1.1_cloud_preprocess,0.170
1657065624.928444,1.1_ros_callback_total,0.211
1657065624.928444,1.2_imu_integration,0.091
1657065624.928444,1.2_pointcloud_deskew,0.010
1657065624.928444,1.2_covariance_estimation,0.273
1657065624.928444,1.2_create_factors,0.298
1657065624.928444,1.2_smoother_update,26.314
1657065624.928444,1.3_gnss_injection,0.421
1657065624.928444,1.2_update_frames_calculate_estimate,0.078
1657065624.928444,1.2_update_frames_state_copy,0.020
1657065624.928444,1.2_update_frames_sigma_p,0.033
1657065624.928444,1.2_update_frames_icp_quality,0.428
1657065624.928444,1.2_update_frames,0.723
1657065624.904450,2.1_gnss_araim,0.851
1657065624.928444,2.2_lidar_araim,0.020
1657065624.928444,2.3_dynamic_al,0.000
1657065624.928444,2.3_state_machine,0.016
1657065624.928444,2.3_integrity_total,0.959
1657065624.928444,1.2_odom_insert_frame,31.026
1657065619.928449,1.4_sub_map_insert,2.800
1657065625.028377,1.1_pointcloud_extract,0.005
1657065625.028377,1.1_cloud_preprocess,0.185
1657065625.028377,1.1_ros_callback_total,0.241
1657065625.028377,1.2_imu_integration,0.090
1657065625.028377,1.2_pointcloud_deskew,0.010
1657065625.028377,1.2_covariance_estimation,0.292
1657065625.028377,1.2_create_factors,0.294
1657065625.028377,1.2_smoother_update,26.065
1657065625.028377,1.3_gnss_injection,0.668
1657065625.028377,1.2_update_frames_calculate_estimate,0.076
1657065625.028377,1.2_update_frames_state_copy,0.020
1657065625.028377,1.2_update_frames_sigma_p,0.032
1657065625.028377,1.2_update_frames_icp_quality,0.382
1657065625.028377,1.2_update_frames,0.682
1657065625.004395,2.1_gnss_araim,0.701
1657065625.028377,2.2_lidar_araim,0.020
1657065625.028377,2.3_dynamic_al,0.000
1657065625.028377,2.3_state_machine,0.017
1657065625.028377,2.3_integrity_total,0.805
1657065625.028377,1.2_odom_insert_frame,30.919
1657065625.128440,1.1_pointcloud_extract,0.007
1657065625.128440,1.1_cloud_preprocess,0.194
1657065625.128440,1.1_ros_callback_total,0.261
1657065625.128440,1.2_imu_integration,0.074
1657065625.128440,1.2_pointcloud_deskew,0.011
1657065625.128440,1.2_covariance_estimation,0.090
1657065625.128440,1.2_create_factors,0.273
1657065625.128440,1.2_smoother_update,20.457
1657065625.128440,1.3_gnss_injection,0.479
1657065625.128440,1.2_update_frames_calculate_estimate,0.053
1657065625.128440,1.2_update_frames_state_copy,0.015
1657065625.128440,1.2_update_frames_sigma_p,0.027
1657065625.128440,1.2_update_frames_icp_quality,0.276
1657065625.128440,1.2_update_frames,0.521
1657065625.104425,2.1_gnss_araim,0.807
1657065625.128440,2.2_lidar_araim,0.014
1657065625.128440,2.3_dynamic_al,0.000
1657065625.128440,2.3_state_machine,0.014
1657065625.128440,2.3_integrity_total,0.892
1657065625.128440,1.2_odom_insert_frame,24.371
1657065620.128444,1.4_sub_map_insert,2.903
1657065625.228380,1.1_pointcloud_extract,0.005
1657065625.228380,1.1_cloud_preprocess,0.181
1657065625.228380,1.1_ros_callback_total,0.250
1657065625.228380,1.2_imu_integration,0.075
1657065625.228380,1.2_pointcloud_deskew,0.010
1657065625.228380,1.2_covariance_estimation,0.208
1657065625.228380,1.2_create_factors,0.462
1657065625.228380,1.2_smoother_update,19.803
1657065625.228380,1.3_gnss_injection,0.497
1657065625.228380,1.2_update_frames_calculate_estimate,0.052
1657065625.228380,1.2_update_frames_state_copy,0.014
1657065625.228380,1.2_update_frames_sigma_p,0.024
1657065625.228380,1.2_update_frames_icp_quality,0.273
1657065625.228380,1.2_update_frames,0.508
1657065625.204419,2.1_gnss_araim,0.770
1657065625.228380,2.2_lidar_araim,0.019
1657065625.228380,2.3_dynamic_al,0.000
1657065625.228380,2.3_state_machine,0.014
1657065625.228380,2.3_integrity_total,0.917
1657065625.228380,1.2_odom_insert_frame,23.971
1657065625.328434,1.1_pointcloud_extract,0.005
1657065625.328434,1.1_cloud_preprocess,0.189
1657065625.328434,1.1_ros_callback_total,0.237
1657065625.328434,1.2_imu_integration,0.074
1657065625.328434,1.2_pointcloud_deskew,0.011
1657065625.328434,1.2_covariance_estimation,0.224
1657065625.328434,1.2_create_factors,0.252
1657065625.328434,1.2_smoother_update,19.920
1657065625.328434,1.3_gnss_injection,0.447
1657065625.328434,1.2_update_frames_calculate_estimate,0.046
1657065625.328434,1.2_update_frames_state_copy,0.014
1657065625.328434,1.2_update_frames_sigma_p,0.022
1657065625.328434,1.2_update_frames_icp_quality,0.269
1657065625.328434,1.2_update_frames,0.495
1657065625.304462,2.1_gnss_araim,0.695
1657065625.328434,2.2_lidar_araim,0.018
1657065625.328434,2.3_dynamic_al,0.000
1657065625.328434,2.3_state_machine,0.020
1657065625.328434,2.3_integrity_total,0.806
1657065625.328434,1.2_odom_insert_frame,23.645
1657065620.328437,1.4_sub_map_insert,2.867
1657065625.428423,1.1_pointcloud_extract,0.004
1657065625.428423,1.1_cloud_preprocess,0.239
1657065625.428423,1.1_ros_callback_total,0.305
1657065625.428423,1.2_imu_integration,0.090
1657065625.428423,1.2_pointcloud_deskew,0.010
1657065625.428423,1.2_covariance_estimation,0.284
1657065625.428423,1.2_create_factors,0.656
1657065625.428423,1.2_smoother_update,20.118
1657065625.428423,1.3_gnss_injection,0.313
1657065625.428423,1.2_update_frames_calculate_estimate,0.043
1657065625.428423,1.2_update_frames_state_copy,0.014
1657065625.428423,1.2_update_frames_sigma_p,0.023
1657065625.428423,1.2_update_frames_icp_quality,0.265
1657065625.428423,1.2_update_frames,0.485
1657065625.404429,2.1_gnss_araim,0.842
1657065625.428423,2.2_lidar_araim,0.018
1657065625.428423,2.3_dynamic_al,0.000
1657065625.428423,2.3_state_machine,0.016
1657065625.428423,2.3_integrity_total,0.943
1657065625.428423,1.2_odom_insert_frame,24.367
1657065620.528422,1.4_sub_map_insert,1.607
1657065625.528421,1.1_pointcloud_extract,0.005
1657065625.528421,1.1_cloud_preprocess,0.182
1657065625.528421,1.1_ros_callback_total,0.236
1657065625.528421,1.2_imu_integration,0.090
1657065625.528421,1.2_pointcloud_deskew,0.010
1657065625.528421,1.2_covariance_estimation,0.205
1657065625.528421,1.2_create_factors,0.302
1657065625.528421,1.2_smoother_update,2.544
1657065625.528421,1.3_gnss_injection,0.604
1657065625.528421,1.2_update_frames_calculate_estimate,0.087
1657065625.528421,1.2_update_frames_state_copy,0.020
1657065625.528421,1.2_update_frames_sigma_p,0.049
1657065625.528421,1.2_update_frames_icp_quality,0.569
1657065625.528421,1.2_update_frames,1.000
1657065625.504426,2.1_gnss_araim,0.682
1657065625.528421,2.2_lidar_araim,0.020
1657065625.528421,2.3_dynamic_al,0.000
1657065625.528421,2.3_state_machine,0.016
1657065625.528421,2.3_integrity_total,0.786
1657065625.528421,1.2_odom_insert_frame,7.564
1657065625.628442,1.1_pointcloud_extract,0.005
1657065625.628442,1.1_cloud_preprocess,0.186
1657065625.628442,1.1_ros_callback_total,0.260
1657065625.628442,1.2_imu_integration,0.075
1657065625.628442,1.2_pointcloud_deskew,0.012
1657065625.628442,1.2_covariance_estimation,0.133
1657065625.628442,1.2_create_factors,0.255
1657065625.628442,1.2_smoother_update,20.096
1657065625.628442,1.3_gnss_injection,0.485
1657065625.628442,1.2_update_frames_calculate_estimate,0.047
1657065625.628442,1.2_update_frames_state_copy,0.017
1657065625.628442,1.2_update_frames_sigma_p,0.023
1657065625.628442,1.2_update_frames_icp_quality,0.272
1657065625.628442,1.2_update_frames,0.499
1657065625.604434,2.1_gnss_araim,1.028
1657065625.628442,2.2_lidar_araim,0.015
1657065625.628442,2.3_dynamic_al,0.000
1657065625.628442,2.3_state_machine,0.015
1657065625.628442,2.3_integrity_total,1.117
1657065625.628442,1.2_odom_insert_frame,24.590
1657065620.628459,1.4_sub_map_insert,2.903
1657065625.728440,1.1_pointcloud_extract,0.005
1657065625.728440,1.1_cloud_preprocess,0.208
1657065625.728440,1.1_ros_callback_total,0.257
1657065625.728440,1.2_imu_integration,0.073
1657065625.728440,1.2_pointcloud_deskew,0.010
1657065625.728440,1.2_covariance_estimation,0.217
1657065625.728440,1.2_create_factors,0.256
1657065625.728440,1.2_smoother_update,19.941
1657065625.728440,1.3_gnss_injection,0.490
1657065625.728440,1.2_update_frames_calculate_estimate,0.049
1657065625.728440,1.2_update_frames_state_copy,0.014
1657065625.728440,1.2_update_frames_sigma_p,0.023
1657065625.728440,1.2_update_frames_icp_quality,0.268
1657065625.728440,1.2_update_frames,0.498
1657065625.704400,2.1_gnss_araim,0.778
1657065625.728440,2.2_lidar_araim,0.020
1657065625.728440,2.3_dynamic_al,0.000
1657065625.728440,2.3_state_machine,0.015
1657065625.728440,2.3_integrity_total,0.878
1657065625.728440,1.2_odom_insert_frame,24.240
1657065625.828458,1.1_pointcloud_extract,0.005
1657065625.828458,1.1_cloud_preprocess,0.185
1657065625.828458,1.1_ros_callback_total,0.243
1657065625.828458,1.2_imu_integration,0.090
1657065625.828458,1.2_pointcloud_deskew,0.011
1657065625.828458,1.2_covariance_estimation,0.245
1657065625.828458,1.2_create_factors,0.303
1657065625.828458,1.2_smoother_update,25.410
1657065625.828458,1.3_gnss_injection,0.608
1657065625.828458,1.2_update_frames_calculate_estimate,0.071
1657065625.828458,1.2_update_frames_state_copy,0.020
1657065625.828458,1.2_update_frames_sigma_p,0.031
1657065625.828458,1.2_update_frames_icp_quality,0.314
1657065625.828458,1.2_update_frames,0.607
1657065625.804453,2.1_gnss_araim,0.784
1657065625.828458,2.2_lidar_araim,0.019
1657065625.828458,2.3_dynamic_al,0.001
1657065625.828458,2.3_state_machine,0.018
1657065625.828458,2.3_integrity_total,0.903
1657065625.828458,1.2_odom_insert_frame,30.172
1657065620.828450,1.4_sub_map_insert,3.661
1657065625.928423,1.1_pointcloud_extract,0.008
1657065625.928423,1.1_cloud_preprocess,0.181
1657065625.928423,1.1_ros_callback_total,0.232
1657065625.928423,1.2_imu_integration,0.091
1657065625.928423,1.2_pointcloud_deskew,0.011
1657065625.928423,1.2_covariance_estimation,0.258
1657065625.928423,1.2_create_factors,0.300
1657065625.928423,1.2_smoother_update,2.912
1657065625.928423,1.3_gnss_injection,0.436
1657065625.928423,1.2_update_frames_calculate_estimate,0.105
1657065625.928423,1.2_update_frames_state_copy,0.020
1657065625.928423,1.2_update_frames_sigma_p,0.056
1657065625.928423,1.2_update_frames_icp_quality,0.343
1657065625.928423,1.2_update_frames,0.697
1657065625.904426,2.1_gnss_araim,0.706
1657065625.928423,2.2_lidar_araim,0.020
1657065625.928423,2.3_dynamic_al,0.000
1657065625.928423,2.3_state_machine,0.016
1657065625.928423,2.3_integrity_total,0.817
1657065625.928423,1.2_odom_insert_frame,7.656
1657065626.028369,1.1_pointcloud_extract,0.004
1657065626.028369,1.1_cloud_preprocess,0.238
1657065626.028369,1.1_ros_callback_total,0.287
1657065626.028369,1.2_imu_integration,0.091
1657065626.028369,1.2_pointcloud_deskew,0.010
1657065626.028369,1.2_covariance_estimation,0.299
1657065626.028369,1.2_create_factors,0.303
1657065626.028369,1.2_smoother_update,25.702
1657065626.028369,1.3_gnss_injection,0.602
1657065626.028369,1.2_update_frames_calculate_estimate,0.083
1657065626.028369,1.2_update_frames_state_copy,0.020
1657065626.028369,1.2_update_frames_sigma_p,0.033
1657065626.028369,1.2_update_frames_icp_quality,0.313
1657065626.028369,1.2_update_frames,0.621
1657065626.004450,2.1_gnss_araim,0.809
1657065626.028369,2.2_lidar_araim,0.019
1657065626.028369,2.3_dynamic_al,0.000
1657065626.028369,2.3_state_machine,0.025
1657065626.028369,2.3_integrity_total,0.923
1657065626.028369,1.2_odom_insert_frame,30.564
1657065621.028423,1.4_sub_map_insert,1.683
1657065626.128468,1.1_pointcloud_extract,0.008
1657065626.128468,1.1_cloud_preprocess,0.199
1657065626.128468,1.1_ros_callback_total,0.269
1657065626.128468,1.2_imu_integration,0.091
1657065626.128468,1.2_pointcloud_deskew,0.010
1657065626.128468,1.2_covariance_estimation,0.139
1657065626.128468,1.2_create_factors,0.311
1657065626.128468,1.2_smoother_update,26.690
1657065626.128468,1.3_gnss_injection,0.655
1657065626.128468,1.2_update_frames_calculate_estimate,0.091
1657065626.128468,1.2_update_frames_state_copy,0.020
1657065626.128468,1.2_update_frames_sigma_p,0.033
1657065626.128468,1.2_update_frames_icp_quality,0.438
1657065626.128468,1.2_update_frames,0.830
1657065626.104431,2.1_gnss_araim,0.854
1657065626.128468,2.2_lidar_araim,0.019
1657065626.128468,2.3_dynamic_al,0.000
1657065626.128468,2.3_state_machine,0.017
1657065626.128468,2.3_integrity_total,0.952
1657065626.128468,1.2_odom_insert_frame,31.847
1657065621.128586,1.4_sub_map_insert,2.982
1657065626.228378,1.1_pointcloud_extract,0.005
1657065626.228378,1.1_cloud_preprocess,0.186
1657065626.228378,1.1_ros_callback_total,0.238
1657065626.228378,1.2_imu_integration,0.090
1657065626.228378,1.2_pointcloud_deskew,0.011
1657065626.228378,1.2_covariance_estimation,0.455
1657065626.228378,1.2_create_factors,0.296
1657065626.228378,1.2_smoother_update,26.663
1657065626.228378,1.3_gnss_injection,0.683
1657065626.228378,1.2_update_frames_calculate_estimate,0.093
1657065626.228378,1.2_update_frames_state_copy,0.020
1657065626.228378,1.2_update_frames_sigma_p,0.038
1657065626.228378,1.2_update_frames_icp_quality,0.440
1657065626.228378,1.2_update_frames,0.769
1657065626.204432,2.1_gnss_araim,1.377
1657065626.228378,2.2_lidar_araim,0.022
1657065626.228378,2.3_dynamic_al,0.000
1657065626.228378,2.3_state_machine,0.019
1657065626.228378,2.3_integrity_total,1.499
1657065626.228378,1.2_odom_insert_frame,32.850
1657065621.328375,1.4_sub_map_insert,2.006
1657065626.328375,1.1_pointcloud_extract,0.005
1657065626.328375,1.1_cloud_preprocess,0.184
1657065626.328375,1.1_ros_callback_total,0.235
1657065626.328375,1.2_imu_integration,0.124
1657065626.328375,1.2_pointcloud_deskew,0.010
1657065626.328375,1.2_covariance_estimation,0.117
1657065626.328375,1.2_create_factors,0.306
1657065626.328375,1.2_smoother_update,26.572
1657065626.328375,1.3_gnss_injection,0.691
1657065626.328375,1.2_update_frames_calculate_estimate,0.099
1657065626.328375,1.2_update_frames_state_copy,0.021
1657065626.328375,1.2_update_frames_sigma_p,0.043
1657065626.328375,1.2_update_frames_icp_quality,0.336
1657065626.328375,1.2_update_frames,0.685
1657065626.304439,2.1_gnss_araim,0.926
1657065626.328375,2.2_lidar_araim,0.019
1657065626.328375,2.3_dynamic_al,0.000
1657065626.328375,2.3_state_machine,0.016
1657065626.328375,2.3_integrity_total,1.031
1657065626.328375,1.2_odom_insert_frame,31.757
1657065626.428386,1.1_pointcloud_extract,0.005
1657065626.428386,1.1_cloud_preprocess,0.186
1657065626.428386,1.1_ros_callback_total,0.235
1657065626.428386,1.2_imu_integration,0.098
1657065626.428386,1.2_pointcloud_deskew,0.010
1657065626.428386,1.2_covariance_estimation,0.181
1657065626.428386,1.2_create_factors,0.400
1657065626.428386,1.2_smoother_update,2.895
1657065626.428386,1.3_gnss_injection,0.419
1657065626.428386,1.2_update_frames_calculate_estimate,0.117
1657065626.428386,1.2_update_frames_state_copy,0.020
1657065626.428386,1.2_update_frames_sigma_p,0.056
1657065626.428386,1.2_update_frames_icp_quality,0.316
1657065626.428386,1.2_update_frames,0.694
1657065626.404375,2.1_gnss_araim,0.676
1657065626.428386,2.2_lidar_araim,0.020
1657065626.428386,2.3_dynamic_al,0.000
1657065626.428386,2.3_state_machine,0.017
1657065626.428386,2.3_integrity_total,0.786
1657065626.428386,1.2_odom_insert_frame,7.650
1657065621.428455,1.4_sub_map_insert,1.986
1657065626.528367,1.1_pointcloud_extract,0.005
1657065626.528367,1.1_cloud_preprocess,0.187
1657065626.528367,1.1_ros_callback_total,0.241
1657065626.528367,1.2_imu_integration,0.085
1657065626.528367,1.2_pointcloud_deskew,0.012
1657065626.528367,1.2_covariance_estimation,0.095
1657065626.528367,1.2_create_factors,0.259
1657065626.528367,1.2_smoother_update,19.869
1657065626.528367,1.3_gnss_injection,0.444
1657065626.528367,1.2_update_frames_calculate_estimate,0.046
1657065626.528367,1.2_update_frames_state_copy,0.015
1657065626.528367,1.2_update_frames_sigma_p,0.024
1657065626.528367,1.2_update_frames_icp_quality,0.268
1657065626.528367,1.2_update_frames,0.493
1657065626.504380,2.1_gnss_araim,0.791
1657065626.528367,2.2_lidar_araim,0.013
1657065626.528367,2.3_dynamic_al,0.000
1657065626.528367,2.3_state_machine,0.014
1657065626.528367,2.3_integrity_total,0.862
1657065626.528367,1.2_odom_insert_frame,23.575
1657065621.528430,1.4_sub_map_insert,1.954
1657065626.628452,1.1_pointcloud_extract,0.005
1657065626.628452,1.1_cloud_preprocess,0.193
1657065626.628452,1.1_ros_callback_total,0.257
1657065626.628452,1.2_imu_integration,0.093
1657065626.628452,1.2_pointcloud_deskew,0.011
1657065626.628452,1.2_covariance_estimation,0.283
1657065626.628452,1.2_create_factors,0.323
1657065626.628452,1.2_smoother_update,27.524
1657065626.628452,1.3_gnss_injection,0.707
1657065626.628452,1.2_update_frames_calculate_estimate,0.102
1657065626.628452,1.2_update_frames_state_copy,0.020
1657065626.628452,1.2_update_frames_sigma_p,0.035
1657065626.628452,1.2_update_frames_icp_quality,0.484
1657065626.628452,1.2_update_frames,0.832
1657065626.604426,2.1_gnss_araim,0.836
1657065626.628452,2.2_lidar_araim,0.024
1657065626.628452,2.3_dynamic_al,0.000
1657065626.628452,2.3_state_machine,0.017
1657065626.628452,2.3_integrity_total,0.950
1657065626.628452,1.2_odom_insert_frame,32.891
1657065621.628405,1.4_sub_map_insert,3.817
1657065626.728377,1.1_pointcloud_extract,0.004
1657065626.728377,1.1_cloud_preprocess,0.179
1657065626.728377,1.1_ros_callback_total,0.221
1657065626.728377,1.2_imu_integration,0.090
1657065626.728377,1.2_pointcloud_deskew,0.010
1657065626.728377,1.2_covariance_estimation,0.160
1657065626.728377,1.2_create_factors,0.305
1657065626.728377,1.2_smoother_update,2.509
1657065626.728377,1.3_gnss_injection,0.687
1657065626.728377,1.2_update_frames_calculate_estimate,0.111
1657065626.728377,1.2_update_frames_state_copy,0.021
1657065626.728377,1.2_update_frames_sigma_p,0.055
1657065626.728377,1.2_update_frames_icp_quality,0.314
1657065626.728377,1.2_update_frames,0.679
1657065626.704438,2.1_gnss_araim,0.661
1657065626.728377,2.2_lidar_araim,0.015
1657065626.728377,2.3_dynamic_al,0.000
1657065626.728377,2.3_state_machine,0.011
1657065626.728377,2.3_integrity_total,0.743
1657065626.728377,1.2_odom_insert_frame,7.469
1657065626.828422,1.1_pointcloud_extract,0.005
1657065626.828422,1.1_cloud_preprocess,0.194
1657065626.828422,1.1_ros_callback_total,0.244
1657065626.828422,1.2_imu_integration,0.089
1657065626.828422,1.2_pointcloud_deskew,0.010
1657065626.828422,1.2_covariance_estimation,0.396
1657065626.828422,1.2_create_factors,0.258
1657065626.828422,1.2_smoother_update,19.955
1657065626.828422,1.3_gnss_injection,0.454
1657065626.828422,1.2_update_frames_calculate_estimate,0.049
1657065626.828422,1.2_update_frames_state_copy,0.015
1657065626.828422,1.2_update_frames_sigma_p,0.024
1657065626.828422,1.2_update_frames_icp_quality,0.687
1657065626.828422,1.2_update_frames,0.930
1657065626.804428,2.1_gnss_araim,0.671
1657065626.828422,2.2_lidar_araim,0.014
1657065626.828422,2.3_dynamic_al,0.000
1657065626.828422,2.3_state_machine,0.014
1657065626.828422,2.3_integrity_total,0.754
1657065626.828422,1.2_odom_insert_frame,24.297
1657065621.828424,1.4_sub_map_insert,3.638
1657065626.928431,1.1_pointcloud_extract,0.004
1657065626.928431,1.1_cloud_preprocess,0.175
1657065626.928431,1.1_ros_callback_total,0.220
1657065626.928431,1.2_imu_integration,0.090
1657065626.928431,1.2_pointcloud_deskew,0.024
1657065626.928431,1.2_covariance_estimation,0.179
1657065626.928431,1.2_create_factors,0.296
1657065626.928431,1.2_smoother_update,28.609
1657065626.928431,1.3_gnss_injection,0.480
1657065626.928431,1.2_update_frames_calculate_estimate,0.135
1657065626.928431,1.2_update_frames_state_copy,0.023
1657065626.928431,1.2_update_frames_sigma_p,0.060
1657065626.928431,1.2_update_frames_icp_quality,0.490
1657065626.928431,1.2_update_frames,0.912
1657065626.904443,2.1_gnss_araim,1.522
1657065626.928431,2.2_lidar_araim,0.026
1657065626.928431,2.3_dynamic_al,0.000
1657065626.928431,2.3_state_machine,0.019
1657065626.928431,2.3_integrity_total,1.664
1657065626.928431,1.2_odom_insert_frame,34.597
1657065622.028425,1.4_sub_map_insert,1.664
1657065627.028445,1.1_pointcloud_extract,0.004
1657065627.028445,1.1_cloud_preprocess,0.190
1657065627.028445,1.1_ros_callback_total,0.246
1657065627.028445,1.2_imu_integration,0.093
1657065627.028445,1.2_pointcloud_deskew,0.011
1657065627.028445,1.2_covariance_estimation,0.440
1657065627.028445,1.2_create_factors,0.296
1657065627.028445,1.2_smoother_update,25.219
1657065627.028445,1.3_gnss_injection,0.598
1657065627.028445,1.2_update_frames_calculate_estimate,0.079
1657065627.028445,1.2_update_frames_state_copy,0.020
1657065627.028445,1.2_update_frames_sigma_p,0.031
1657065627.028445,1.2_update_frames_icp_quality,0.418
1657065627.028445,1.2_update_frames,0.718
1657065627.004408,2.1_gnss_araim,0.661
1657065627.028445,2.2_lidar_araim,0.014
1657065627.028445,2.3_dynamic_al,0.000
1657065627.028445,2.3_state_machine,0.013
1657065627.028445,2.3_integrity_total,0.746
1657065627.028445,1.2_odom_insert_frame,30.083
1657065622.128428,1.4_sub_map_insert,1.610
1657065627.128383,1.1_pointcloud_extract,0.005
1657065627.128383,1.1_cloud_preprocess,0.179
1657065627.128383,1.1_ros_callback_total,0.220
1657065627.128383,1.2_imu_integration,0.094
1657065627.128383,1.2_pointcloud_deskew,0.009
1657065627.128383,1.2_covariance_estimation,0.130
1657065627.128383,1.2_create_factors,0.301
1657065627.128383,1.2_smoother_update,2.569
1657065627.128383,1.3_gnss_injection,0.662
1657065627.128383,1.2_update_frames_calculate_estimate,0.124
1657065627.128383,1.2_update_frames_state_copy,0.021
1657065627.128383,1.2_update_frames_sigma_p,0.058
1657065627.128383,1.2_update_frames_icp_quality,0.428
1657065627.128383,1.2_update_frames,0.814
1657065627.104495,2.1_gnss_araim,0.794
1657065627.128383,2.2_lidar_araim,0.024
1657065627.128383,2.3_dynamic_al,0.000
1657065627.128383,2.3_state_machine,0.029
1657065627.128383,2.3_integrity_total,0.924
1657065627.128383,1.2_odom_insert_frame,7.814
1657065622.228369,1.4_sub_map_insert,1.702
1657065627.228445,1.1_pointcloud_extract,0.005
1657065627.228445,1.1_cloud_preprocess,0.190
1657065627.228445,1.1_ros_callback_total,0.240
1657065627.228445,1.2_imu_integration,0.089
1657065627.228445,1.2_pointcloud_deskew,0.010
1657065627.228445,1.2_covariance_estimation,0.134
1657065627.228445,1.2_create_factors,0.299
1657065627.228445,1.2_smoother_update,26.363
1657065627.228445,1.3_gnss_injection,0.648
1657065627.228445,1.2_update_frames_calculate_estimate,0.083
1657065627.228445,1.2_update_frames_state_copy,0.020
1657065627.228445,1.2_update_frames_sigma_p,0.032
1657065627.228445,1.2_update_frames_icp_quality,0.327
1657065627.228445,1.2_update_frames,0.636
1657065627.204449,2.1_gnss_araim,0.933
1657065627.228445,2.2_lidar_araim,0.023
1657065627.228445,2.3_dynamic_al,0.000
1657065627.228445,2.3_state_machine,0.017
1657065627.228445,2.3_integrity_total,1.042
1657065627.228445,1.2_odom_insert_frame,31.469
1657065627.328503,1.1_pointcloud_extract,0.004
1657065627.328503,1.1_cloud_preprocess,0.181
1657065627.328503,1.1_ros_callback_total,0.226
1657065627.328503,1.2_imu_integration,0.074
1657065627.328503,1.2_pointcloud_deskew,0.011
1657065627.328503,1.2_covariance_estimation,0.135
1657065627.328503,1.2_create_factors,0.259
1657065627.328503,1.2_smoother_update,19.536
1657065627.328503,1.3_gnss_injection,0.462
1657065627.328503,1.2_update_frames_calculate_estimate,0.052
1657065627.328503,1.2_update_frames_state_copy,0.014
1657065627.328503,1.2_update_frames_sigma_p,0.025
1657065627.328503,1.2_update_frames_icp_quality,0.428
1657065627.328503,1.2_update_frames,0.673
1657065627.304374,2.1_gnss_araim,0.751
1657065627.328503,2.2_lidar_araim,0.020
1657065627.328503,2.3_dynamic_al,0.000
1657065627.328503,2.3_state_machine,0.020
1657065627.328503,2.3_integrity_total,0.872
1657065627.328503,1.2_odom_insert_frame,23.460
1657065622.328449,1.4_sub_map_insert,3.537
1657065627.428434,1.1_pointcloud_extract,0.004
1657065627.428434,1.1_cloud_preprocess,0.189
1657065627.428434,1.1_ros_callback_total,0.243
1657065627.428434,1.2_imu_integration,0.071
1657065627.428434,1.2_pointcloud_deskew,0.010
1657065627.428434,1.2_covariance_estimation,0.116
1657065627.428434,1.2_create_factors,0.255
1657065627.428434,1.2_smoother_update,2.150
1657065627.428434,1.3_gnss_injection,0.301
1657065627.428434,1.2_update_frames_calculate_estimate,0.051
1657065627.428434,1.2_update_frames_state_copy,0.014
1657065627.428434,1.2_update_frames_sigma_p,0.038
1657065627.428434,1.2_update_frames_icp_quality,0.255
1657065627.428434,1.2_update_frames,0.502
1657065627.404433,2.1_gnss_araim,2.203
1657065627.428434,2.2_lidar_araim,0.023
1657065627.428434,2.3_dynamic_al,0.000
1657065627.428434,2.3_state_machine,0.017
1657065627.428434,2.3_integrity_total,2.334
1657065627.428434,1.2_odom_insert_frame,7.150
1657065622.528429,1.4_sub_map_insert,2.094
1657065627.528530,1.1_pointcloud_extract,0.004
1657065627.528530,1.1_cloud_preprocess,0.172
1657065627.528530,1.1_ros_callback_total,0.217
1657065627.528530,1.2_imu_integration,0.094
1657065627.528530,1.2_pointcloud_deskew,0.010
1657065627.528530,1.2_covariance_estimation,0.466
1657065627.528530,1.2_create_factors,0.420
1657065627.528530,1.2_smoother_update,29.524
1657065627.528530,1.3_gnss_injection,0.802
1657065627.528530,1.2_update_frames_calculate_estimate,0.127
1657065627.528530,1.2_update_frames_state_copy,0.023
1657065627.528530,1.2_update_frames_sigma_p,0.058
1657065627.528530,1.2_update_frames_icp_quality,0.419
1657065627.528530,1.2_update_frames,0.849
1657065627.504586,2.1_gnss_araim,0.709
1657065627.528530,2.2_lidar_araim,0.022
1657065627.528530,2.3_dynamic_al,0.000
1657065627.528530,2.3_state_machine,0.019
1657065627.528530,2.3_integrity_total,0.819
1657065627.528530,1.2_odom_insert_frame,35.379
1657065622.628515,1.4_sub_map_insert,2.149
1657065627.628406,1.1_pointcloud_extract,0.005
1657065627.628406,1.1_cloud_preprocess,0.176
1657065627.628406,1.1_ros_callback_total,0.230
1657065627.628406,1.2_imu_integration,0.129
1657065627.628406,1.2_pointcloud_deskew,0.014
1657065627.628406,1.2_covariance_estimation,0.151
1657065627.628406,1.2_create_factors,0.273
1657065627.628406,1.2_smoother_update,2.040
1657065627.628406,1.3_gnss_injection,0.468
1657065627.628406,1.2_update_frames_calculate_estimate,0.050
1657065627.628406,1.2_update_frames_state_copy,0.014
1657065627.628406,1.2_update_frames_sigma_p,0.040
1657065627.628406,1.2_update_frames_icp_quality,0.257
1657065627.628406,1.2_update_frames,0.504
1657065627.604379,2.1_gnss_araim,0.714
1657065627.628406,2.2_lidar_araim,0.014
1657065627.628406,2.3_dynamic_al,0.000
1657065627.628406,2.3_state_machine,0.018
1657065627.628406,2.3_integrity_total,0.801
1657065627.628406,1.2_odom_insert_frame,5.843
1657065622.728375,1.4_sub_map_insert,2.182
1657065627.728375,1.1_pointcloud_extract,0.004
1657065627.728375,1.1_cloud_preprocess,0.180
1657065627.728375,1.1_ros_callback_total,0.231
1657065627.728375,1.2_imu_integration,0.091
1657065627.728375,1.2_pointcloud_deskew,0.010
1657065627.728375,1.2_covariance_estimation,0.127
1657065627.728375,1.2_create_factors,0.302
1657065627.728375,1.2_smoother_update,26.397
1657065627.728375,1.3_gnss_injection,0.644
1657065627.728375,1.2_update_frames_calculate_estimate,0.089
1657065627.728375,1.2_update_frames_state_copy,0.021
1657065627.728375,1.2_update_frames_sigma_p,0.034
1657065627.728375,1.2_update_frames_icp_quality,0.318
1657065627.728375,1.2_update_frames,0.642
1657065627.704439,2.1_gnss_araim,0.762
1657065627.728375,2.2_lidar_araim,0.018
1657065627.728375,2.3_dynamic_al,0.000
1657065627.728375,2.3_state_machine,0.017
1657065627.728375,2.3_integrity_total,0.864
1657065627.728375,1.2_odom_insert_frame,31.126
1657065627.828398,1.1_pointcloud_extract,0.005
1657065627.828398,1.1_cloud_preprocess,0.255
1657065627.828398,1.1_ros_callback_total,0.307
1657065627.828398,1.2_imu_integration,0.075
1657065627.828398,1.2_pointcloud_deskew,0.011
1657065627.828398,1.2_covariance_estimation,0.272
1657065627.828398,1.2_create_factors,0.297
1657065627.828398,1.2_smoother_update,26.100
1657065627.828398,1.3_gnss_injection,0.662
1657065627.828398,1.2_update_frames_calculate_estimate,0.116
1657065627.828398,1.2_update_frames_state_copy,0.022
1657065627.828398,1.2_update_frames_sigma_p,0.040
1657065627.828398,1.2_update_frames_icp_quality,0.352
1657065627.828398,1.2_update_frames,0.740
1657065627.804376,2.1_gnss_araim,0.781
1657065627.828398,2.2_lidar_araim,0.020
1657065627.828398,2.3_dynamic_al,0.000
1657065627.828398,2.3_state_machine,0.015
1657065627.828398,2.3_integrity_total,0.888
1657065627.828398,1.2_odom_insert_frame,31.167
1657065622.828428,1.4_sub_map_insert,1.630
1657065627.928425,1.1_pointcloud_extract,0.005
1657065627.928425,1.1_cloud_preprocess,0.187
1657065627.928425,1.1_ros_callback_total,0.236
1657065627.928425,1.2_imu_integration,0.089
1657065627.928425,1.2_pointcloud_deskew,0.011
1657065627.928425,1.2_covariance_estimation,0.241
1657065627.928425,1.2_create_factors,0.313
1657065627.928425,1.2_smoother_update,26.264
1657065627.928425,1.3_gnss_injection,0.422
1657065627.928425,1.2_update_frames_calculate_estimate,0.094
1657065627.928425,1.2_update_frames_state_copy,0.021
1657065627.928425,1.2_update_frames_sigma_p,0.033
1657065627.928425,1.2_update_frames_icp_quality,0.376
1657065627.928425,1.2_update_frames,0.698
1657065627.904460,2.1_gnss_araim,0.837
1657065627.928425,2.2_lidar_araim,0.019
1657065627.928425,2.3_dynamic_al,0.000
1657065627.928425,2.3_state_machine,0.015
1657065627.928425,2.3_integrity_total,0.944
1657065627.928425,1.2_odom_insert_frame,30.926
1657065622.928429,1.4_sub_map_insert,1.684
1657065628.028422,1.1_pointcloud_extract,0.004
1657065628.028422,1.1_cloud_preprocess,0.182
1657065628.028422,1.1_ros_callback_total,0.216
1657065628.028422,1.2_imu_integration,0.098
1657065628.028422,1.2_pointcloud_deskew,0.010
1657065628.028422,1.2_covariance_estimation,0.108
1657065628.028422,1.2_create_factors,0.315
1657065628.028422,1.2_smoother_update,26.103
1657065628.028422,1.3_gnss_injection,0.644
1657065628.028422,1.2_update_frames_calculate_estimate,0.077
1657065628.028422,1.2_update_frames_state_copy,0.020
1657065628.028422,1.2_update_frames_sigma_p,0.032
1657065628.028422,1.2_update_frames_icp_quality,0.318
1657065628.028422,1.2_update_frames,0.623
1657065628.004426,2.1_gnss_araim,0.817
1657065628.028422,2.2_lidar_araim,0.020
1657065628.028422,2.3_dynamic_al,0.000
1657065628.028422,2.3_state_machine,0.017
1657065628.028422,2.3_integrity_total,0.917
1657065628.028422,1.2_odom_insert_frame,30.827
1657065623.028427,1.4_sub_map_insert,1.665
1657065628.128438,1.1_pointcloud_extract,0.004
1657065628.128438,1.1_cloud_preprocess,0.173
1657065628.128438,1.1_ros_callback_total,0.218
1657065628.128438,1.2_imu_integration,0.087
1657065628.128438,1.2_pointcloud_deskew,0.014
1657065628.128438,1.2_covariance_estimation,0.162
1657065628.128438,1.2_create_factors,0.271
1657065628.128438,1.2_smoother_update,20.380
1657065628.128438,1.3_gnss_injection,0.459
1657065628.128438,1.2_update_frames_calculate_estimate,0.048
1657065628.128438,1.2_update_frames_state_copy,0.015
1657065628.128438,1.2_update_frames_sigma_p,0.023
1657065628.128438,1.2_update_frames_icp_quality,0.365
1657065628.128438,1.2_update_frames,0.599
1657065628.104368,2.1_gnss_araim,0.781
1657065628.128438,2.2_lidar_araim,0.014
1657065628.128438,2.3_dynamic_al,0.000
1657065628.128438,2.3_state_machine,0.014
1657065628.128438,2.3_integrity_total,0.849
1657065628.128438,1.2_odom_insert_frame,24.694
1657065623.128451,1.4_sub_map_insert,2.862
1657065628.228426,1.1_pointcloud_extract,0.005
1657065628.228426,1.1_cloud_preprocess,0.185
1657065628.228426,1.1_ros_callback_total,0.241
1657065628.228426,1.2_imu_integration,0.091
1657065628.228426,1.2_pointcloud_deskew,0.010
1657065628.228426,1.2_covariance_estimation,0.213
1657065628.228426,1.2_create_factors,0.489
1657065628.228426,1.2_smoother_update,26.624
1657065628.228426,1.3_gnss_injection,0.639
1657065628.228426,1.2_update_frames_calculate_estimate,0.090
1657065628.228426,1.2_update_frames_state_copy,0.020
1657065628.228426,1.2_update_frames_sigma_p,0.034
1657065628.228426,1.2_update_frames_icp_quality,0.313
1657065628.228426,1.2_update_frames,0.637
1657065628.204429,2.1_gnss_araim,0.687
1657065628.228426,2.2_lidar_araim,0.020
1657065628.228426,2.3_dynamic_al,0.000
1657065628.228426,2.3_state_machine,0.016
1657065628.228426,2.3_integrity_total,0.803
1657065628.228426,1.2_odom_insert_frame,31.894
1657065628.328401,1.1_pointcloud_extract,0.005
1657065628.328401,1.1_cloud_preprocess,0.189
1657065628.328401,1.1_ros_callback_total,0.238
1657065628.328401,1.2_imu_integration,0.079
1657065628.328401,1.2_pointcloud_deskew,0.011
1657065628.328401,1.2_covariance_estimation,0.180
1657065628.328401,1.2_create_factors,0.261
1657065628.328401,1.2_smoother_update,2.044
1657065628.328401,1.3_gnss_injection,0.589
1657065628.328401,1.2_update_frames_calculate_estimate,0.062
1657065628.328401,1.2_update_frames_state_copy,0.015
1657065628.328401,1.2_update_frames_sigma_p,0.039
1657065628.328401,1.2_update_frames_icp_quality,0.393
1657065628.328401,1.2_update_frames,0.656
1657065628.304433,2.1_gnss_araim,0.652
1657065628.328401,2.2_lidar_araim,0.019
1657065628.328401,2.3_dynamic_al,0.000
1657065628.328401,2.3_state_machine,0.019
1657065628.328401,2.3_integrity_total,0.758
1657065628.328401,1.2_odom_insert_frame,6.059
1657065623.328463,1.4_sub_map_insert,2.146
1657065628.428430,1.1_pointcloud_extract,0.005
1657065628.428430,1.1_cloud_preprocess,0.191
1657065628.428430,1.1_ros_callback_total,0.248
1657065628.428430,1.2_imu_integration,0.090
1657065628.428430,1.2_pointcloud_deskew,0.010
1657065628.428430,1.2_covariance_estimation,0.193
1657065628.428430,1.2_create_factors,0.295
1657065628.428430,1.2_smoother_update,26.164
1657065628.428430,1.3_gnss_injection,0.429
1657065628.428430,1.2_update_frames_calculate_estimate,0.075
1657065628.428430,1.2_update_frames_state_copy,0.020
1657065628.428430,1.2_update_frames_sigma_p,0.032
1657065628.428430,1.2_update_frames_icp_quality,0.760
1657065628.428430,1.2_update_frames,1.058
1657065628.404456,2.1_gnss_araim,0.907
1657065628.428430,2.2_lidar_araim,0.020
1657065628.428430,2.3_dynamic_al,0.000
1657065628.428430,2.3_state_machine,0.017
1657065628.428430,2.3_integrity_total,1.017
1657065628.428430,1.2_odom_insert_frame,31.261
1657065623.428466,1.4_sub_map_insert,1.984
1657065628.528435,1.1_pointcloud_extract,0.004
1657065628.528435,1.1_cloud_preprocess,0.188
1657065628.528435,1.1_ros_callback_total,0.234
1657065628.528435,1.2_imu_integration,0.075
1657065628.528435,1.2_pointcloud_deskew,0.010
1657065628.528435,1.2_covariance_estimation,0.126
1657065628.528435,1.2_create_factors,0.276
1657065628.528435,1.2_smoother_update,19.919
1657065628.528435,1.3_gnss_injection,0.451
1657065628.528435,1.2_update_frames_calculate_estimate,0.049
1657065628.528435,1.2_update_frames_state_copy,0.015
1657065628.528435,1.2_update_frames_sigma_p,0.024
1657065628.528435,1.2_update_frames_icp_quality,0.267
1657065628.528435,1.2_update_frames,0.497
1657065628.504430,2.1_gnss_araim,0.773
1657065628.528435,2.2_lidar_araim,0.014
1657065628.528435,2.3_dynamic_al,0.000
1657065628.528435,2.3_state_machine,0.015
1657065628.528435,2.3_integrity_total,0.844
1657065628.528435,1.2_odom_insert_frame,23.613
1657065623.528431,1.4_sub_map_insert,1.984
1657065628.628595,1.1_pointcloud_extract,0.004
1657065628.628595,1.1_cloud_preprocess,0.171
1657065628.628595,1.1_ros_callback_total,0.213
1657065628.628595,1.2_imu_integration,0.080
1657065628.628595,1.2_pointcloud_deskew,0.010
1657065628.628595,1.2_covariance_estimation,0.090
1657065628.628595,1.2_create_factors,0.261
1657065628.628595,1.2_smoother_update,19.491
1657065628.628595,1.3_gnss_injection,0.443
1657065628.628595,1.2_update_frames_calculate_estimate,0.050
1657065628.628595,1.2_update_frames_state_copy,0.015
1657065628.628595,1.2_update_frames_sigma_p,0.024
1657065628.628595,1.2_update_frames_icp_quality,0.264
1657065628.628595,1.2_update_frames,0.498
1657065628.604423,2.1_gnss_araim,0.734
1657065628.628595,2.2_lidar_araim,0.020
1657065628.628595,2.3_dynamic_al,0.000
1657065628.628595,2.3_state_machine,0.016
1657065628.628595,2.3_integrity_total,0.838
1657065628.628595,1.2_odom_insert_frame,23.198
1657065623.628573,1.4_sub_map_insert,4.013
1657065628.728382,1.1_pointcloud_extract,0.005
1657065628.728382,1.1_cloud_preprocess,0.187
1657065628.728382,1.1_ros_callback_total,0.252
1657065628.728382,1.2_imu_integration,0.075
1657065628.728382,1.2_pointcloud_deskew,0.010
1657065628.728382,1.2_covariance_estimation,0.112
1657065628.728382,1.2_create_factors,0.259
1657065628.728382,1.2_smoother_update,2.295
1657065628.728382,1.3_gnss_injection,0.462
1657065628.728382,1.2_update_frames_calculate_estimate,0.055
1657065628.728382,1.2_update_frames_state_copy,0.015
1657065628.728382,1.2_update_frames_sigma_p,0.040
1657065628.728382,1.2_update_frames_icp_quality,0.464
1657065628.728382,1.2_update_frames,0.723
1657065628.704431,2.1_gnss_araim,0.670
1657065628.728382,2.2_lidar_araim,0.015
1657065628.728382,2.3_dynamic_al,0.000
1657065628.728382,2.3_state_machine,0.015
1657065628.728382,2.3_integrity_total,0.758
1657065628.728382,1.2_odom_insert_frame,6.603
1657065628.828597,1.1_pointcloud_extract,0.005
1657065628.828597,1.1_cloud_preprocess,0.192
1657065628.828597,1.1_ros_callback_total,0.248
1657065628.828597,1.2_imu_integration,0.091
1657065628.828597,1.2_pointcloud_deskew,0.010
1657065628.828597,1.2_covariance_estimation,0.232
1657065628.828597,1.2_create_factors,0.412
1657065628.828597,1.2_smoother_update,20.055
1657065628.828597,1.3_gnss_injection,0.424
1657065628.828597,1.2_update_frames_calculate_estimate,0.051
1657065628.828597,1.2_update_frames_state_copy,0.015
1657065628.828597,1.2_update_frames_sigma_p,0.024
1657065628.828597,1.2_update_frames_icp_quality,0.578
1657065628.828597,1.2_update_frames,0.813
1657065628.804435,2.1_gnss_araim,0.825
1657065628.828597,2.2_lidar_araim,0.014
1657065628.828597,2.3_dynamic_al,0.000
1657065628.828597,2.3_state_machine,0.016
1657065628.828597,2.3_integrity_total,0.899
1657065628.828597,1.2_odom_insert_frame,24.387
1657065623.828425,1.4_sub_map_insert,3.738
1657065628.928422,1.1_pointcloud_extract,0.005
1657065628.928422,1.1_cloud_preprocess,0.195
1657065628.928422,1.1_ros_callback_total,0.250
1657065628.928422,1.2_imu_integration,0.084
1657065628.928422,1.2_pointcloud_deskew,0.011
1657065628.928422,1.2_covariance_estimation,0.130
1657065628.928422,1.2_create_factors,0.415
1657065628.928422,1.2_smoother_update,2.317
1657065628.928422,1.3_gnss_injection,0.291
1657065628.928422,1.2_update_frames_calculate_estimate,0.045
1657065628.928422,1.2_update_frames_state_copy,0.014
1657065628.928422,1.2_update_frames_sigma_p,0.036
1657065628.928422,1.2_update_frames_icp_quality,0.250
1657065628.928422,1.2_update_frames,0.476
1657065628.904426,2.1_gnss_araim,0.775
1657065628.928422,2.2_lidar_araim,0.020
1657065628.928422,2.3_dynamic_al,0.000
1657065628.928422,2.3_state_machine,0.018
1657065628.928422,2.3_integrity_total,0.879
1657065628.928422,1.2_odom_insert_frame,6.060
1657065629.028375,1.1_pointcloud_extract,0.004
1657065629.028375,1.1_cloud_preprocess,0.176
1657065629.028375,1.1_ros_callback_total,0.219
1657065629.028375,1.2_imu_integration,0.074
1657065629.028375,1.2_pointcloud_deskew,0.011
1657065629.028375,1.2_covariance_estimation,0.154
1657065629.028375,1.2_create_factors,0.300
1657065629.028375,1.2_smoother_update,25.666
1657065629.028375,1.3_gnss_injection,0.616
1657065629.028375,1.2_update_frames_calculate_estimate,0.079
1657065629.028375,1.2_update_frames_state_copy,0.021
1657065629.028375,1.2_update_frames_sigma_p,0.031
1657065629.028375,1.2_update_frames_icp_quality,0.427
1657065629.028375,1.2_update_frames,0.737
1657065629.004445,2.1_gnss_araim,0.824
1657065629.028375,2.2_lidar_araim,0.015
1657065629.028375,2.3_dynamic_al,0.000
1657065629.028375,2.3_state_machine,0.014
1657065629.028375,2.3_integrity_total,0.909
1657065629.028375,1.2_odom_insert_frame,30.390
1657065624.028440,1.4_sub_map_insert,1.617
1657065629.128442,1.1_pointcloud_extract,0.005
1657065629.128442,1.1_cloud_preprocess,0.191
1657065629.128442,1.1_ros_callback_total,0.243
1657065629.128442,1.2_imu_integration,0.093
1657065629.128442,1.2_pointcloud_deskew,0.010
1657065629.128442,1.2_covariance_estimation,0.227
1657065629.128442,1.2_create_factors,0.405
1657065629.128442,1.2_smoother_update,26.945
1657065629.128442,1.3_gnss_injection,0.686
1657065629.128442,1.2_update_frames_calculate_estimate,0.115
1657065629.128442,1.2_update_frames_state_copy,0.021
1657065629.128442,1.2_update_frames_sigma_p,0.050
1657065629.128442,1.2_update_frames_icp_quality,0.609
1657065629.128442,1.2_update_frames,0.993
1657065629.104367,2.1_gnss_araim,0.666
1657065629.128442,2.2_lidar_araim,0.021
1657065629.128442,2.3_dynamic_al,0.000
1657065629.128442,2.3_state_machine,0.018
1657065629.128442,2.3_integrity_total,0.774
1657065629.128442,1.2_odom_insert_frame,32.742
1657065624.128393,1.4_sub_map_insert,3.011
1657065629.228429,1.1_pointcloud_extract,0.004
1657065629.228429,1.1_cloud_preprocess,0.189
1657065629.228429,1.1_ros_callback_total,0.246
1657065629.228429,1.2_imu_integration,0.091
1657065629.228429,1.2_pointcloud_deskew,0.010
1657065629.228429,1.2_covariance_estimation,0.197
1657065629.228429,1.2_create_factors,0.325
1657065629.228429,1.2_smoother_update,26.466
1657065629.228429,1.3_gnss_injection,0.680
1657065629.228429,1.2_update_frames_calculate_estimate,0.107
1657065629.228429,1.2_update_frames_state_copy,0.021
1657065629.228429,1.2_update_frames_sigma_p,0.041
1657065629.228429,1.2_update_frames_icp_quality,0.394
1657065629.228429,1.2_update_frames,0.752
1657065629.204436,2.1_gnss_araim,0.685
1657065629.228429,2.2_lidar_araim,0.022
1657065629.228429,2.3_dynamic_al,0.000
1657065629.228429,2.3_state_machine,0.016
1657065629.228429,2.3_integrity_total,0.794
1657065629.228429,1.2_odom_insert_frame,31.547
1657065624.328378,1.4_sub_map_insert,1.687
1657065629.328374,1.1_pointcloud_extract,0.005
1657065629.328374,1.1_cloud_preprocess,0.196
1657065629.328374,1.1_ros_callback_total,0.245
1657065629.328374,1.2_imu_integration,0.079
1657065629.328374,1.2_pointcloud_deskew,0.011
1657065629.328374,1.2_covariance_estimation,0.138
1657065629.328374,1.2_create_factors,0.477
1657065629.328374,1.2_smoother_update,2.679
1657065629.328374,1.3_gnss_injection,0.639
1657065629.328374,1.2_update_frames_calculate_estimate,0.107
1657065629.328374,1.2_update_frames_state_copy,0.021
1657065629.328374,1.2_update_frames_sigma_p,0.050
1657065629.328374,1.2_update_frames_icp_quality,0.304
1657065629.328374,1.2_update_frames,0.659
1657065629.304438,2.1_gnss_araim,0.749
1657065629.328374,2.2_lidar_araim,0.020
1657065629.328374,2.3_dynamic_al,0.000
1657065629.328374,2.3_state_machine,0.020
1657065629.328374,2.3_integrity_total,0.869
1657065629.328374,1.2_odom_insert_frame,7.769
1657065629.428428,1.1_pointcloud_extract,0.005
1657065629.428428,1.1_cloud_preprocess,0.192
1657065629.428428,1.1_ros_callback_total,0.244
1657065629.428428,1.2_imu_integration,0.076
1657065629.428428,1.2_pointcloud_deskew,0.011
1657065629.428428,1.2_covariance_estimation,0.167
1657065629.428428,1.2_create_factors,0.248
1657065629.428428,1.2_smoother_update,20.309
1657065629.428428,1.3_gnss_injection,0.304
1657065629.428428,1.2_update_frames_calculate_estimate,0.044
1657065629.428428,1.2_update_frames_state_copy,0.015
1657065629.428428,1.2_update_frames_sigma_p,0.023
1657065629.428428,1.2_update_frames_icp_quality,0.266
1657065629.428428,1.2_update_frames,0.489
1657065629.404403,2.1_gnss_araim,0.926
1657065629.428428,2.2_lidar_araim,0.019
1657065629.428428,2.3_dynamic_al,0.000
1657065629.428428,2.3_state_machine,0.017
1657065629.428428,2.3_integrity_total,1.030
1657065629.428428,1.2_odom_insert_frame,24.202
1657065624.428430,1.4_sub_map_insert,3.048
1657065629.528420,1.1_pointcloud_extract,0.004
1657065629.528420,1.1_cloud_preprocess,0.174
1657065629.528420,1.1_ros_callback_total,0.230
1657065629.528420,1.2_imu_integration,0.074
1657065629.528420,1.2_pointcloud_deskew,0.011
1657065629.528420,1.2_covariance_estimation,0.226
1657065629.528420,1.2_create_factors,0.395
1657065629.528420,1.2_smoother_update,26.256
1657065629.528420,1.3_gnss_injection,0.629
1657065629.528420,1.2_update_frames_calculate_estimate,0.101
1657065629.528420,1.2_update_frames_state_copy,0.020
1657065629.528420,1.2_update_frames_sigma_p,0.032
1657065629.528420,1.2_update_frames_icp_quality,0.391
1657065629.528420,1.2_update_frames,0.722
1657065629.504424,2.1_gnss_araim,0.934
1657065629.528420,2.2_lidar_araim,0.016
1657065629.528420,2.3_dynamic_al,0.000
1657065629.528420,2.3_state_machine,0.014
1657065629.528420,2.3_integrity_total,1.036
1657065629.528420,1.2_odom_insert_frame,31.340
1657065624.628374,1.4_sub_map_insert,1.631
1657065629.628454,1.1_pointcloud_extract,0.006
1657065629.628454,1.1_cloud_preprocess,0.193
1657065629.628454,1.1_ros_callback_total,0.257
1657065629.628454,1.2_imu_integration,0.092
1657065629.628454,1.2_pointcloud_deskew,0.010
1657065629.628454,1.2_covariance_estimation,0.122
1657065629.628454,1.2_create_factors,0.324
1657065629.628454,1.2_smoother_update,27.552
1657065629.628454,1.3_gnss_injection,0.683
1657065629.628454,1.2_update_frames_calculate_estimate,0.110
1657065629.628454,1.2_update_frames_state_copy,0.021
1657065629.628454,1.2_update_frames_sigma_p,0.050
1657065629.628454,1.2_update_frames_icp_quality,0.378
1657065629.628454,1.2_update_frames,0.800
1657065629.604366,2.1_gnss_araim,0.695
1657065629.628454,2.2_lidar_araim,0.021
1657065629.628454,2.3_dynamic_al,0.000
1657065629.628454,2.3_state_machine,0.015
1657065629.628454,2.3_integrity_total,0.805
1657065629.628454,1.2_odom_insert_frame,32.773
1657065624.728382,1.4_sub_map_insert,1.673
1657065629.728386,1.1_pointcloud_extract,0.005
1657065629.728386,1.1_cloud_preprocess,0.191
1657065629.728386,1.1_ros_callback_total,0.253
1657065629.728386,1.2_imu_integration,0.073
1657065629.728386,1.2_pointcloud_deskew,0.011
1657065629.728386,1.2_covariance_estimation,0.110
1657065629.728386,1.2_create_factors,0.421
1657065629.728386,1.2_smoother_update,19.244
1657065629.728386,1.3_gnss_injection,0.469
1657065629.728386,1.2_update_frames_calculate_estimate,0.052
1657065629.728386,1.2_update_frames_state_copy,0.015
1657065629.728386,1.2_update_frames_sigma_p,0.024
1657065629.728386,1.2_update_frames_icp_quality,0.269
1657065629.728386,1.2_update_frames,0.507
1657065629.704433,2.1_gnss_araim,0.699
1657065629.728386,2.2_lidar_araim,0.020
1657065629.728386,2.3_dynamic_al,0.000
1657065629.728386,2.3_state_machine,0.016
1657065629.728386,2.3_integrity_total,0.803
1657065629.728386,1.2_odom_insert_frame,23.314
1657065629.828453,1.1_pointcloud_extract,0.005
1657065629.828453,1.1_cloud_preprocess,0.190
1657065629.828453,1.1_ros_callback_total,0.257
1657065629.828453,1.2_imu_integration,0.090
1657065629.828453,1.2_pointcloud_deskew,0.010
1657065629.828453,1.2_covariance_estimation,0.199
1657065629.828453,1.2_create_factors,0.416
1657065629.828453,1.2_smoother_update,25.838
1657065629.828453,1.3_gnss_injection,0.653
1657065629.828453,1.2_update_frames_calculate_estimate,0.119
1657065629.828453,1.2_update_frames_state_copy,0.022
1657065629.828453,1.2_update_frames_sigma_p,0.045
1657065629.828453,1.2_update_frames_icp_quality,0.421
1657065629.828453,1.2_update_frames,0.808
1657065629.804425,2.1_gnss_araim,0.726
1657065629.828453,2.2_lidar_araim,0.020
1657065629.828453,2.3_dynamic_al,0.000
1657065629.828453,2.3_state_machine,0.017
1657065629.828453,2.3_integrity_total,0.842
1657065629.828453,1.2_odom_insert_frame,31.165
1657065624.828437,1.4_sub_map_insert,2.931
1657065629.928380,1.1_pointcloud_extract,0.005
1657065629.928380,1.1_cloud_preprocess,0.185
1657065629.928380,1.1_ros_callback_total,0.235
1657065629.928380,1.2_imu_integration,0.079
1657065629.928380,1.2_pointcloud_deskew,0.010
1657065629.928380,1.2_covariance_estimation,0.089
1657065629.928380,1.2_create_factors,0.254
1657065629.928380,1.2_smoother_update,2.164
1657065629.928380,1.3_gnss_injection,0.283
1657065629.928380,1.2_update_frames_calculate_estimate,0.045
1657065629.928380,1.2_update_frames_state_copy,0.014
1657065629.928380,1.2_update_frames_sigma_p,0.038
1657065629.928380,1.2_update_frames_icp_quality,0.242
1657065629.928380,1.2_update_frames,0.471
1657065629.904441,2.1_gnss_araim,0.817
1657065629.928380,2.2_lidar_araim,0.019
1657065629.928380,2.3_dynamic_al,0.000
1657065629.928380,2.3_state_machine,0.016
1657065629.928380,2.3_integrity_total,0.923
1657065629.928380,1.2_odom_insert_frame,5.742
1657065625.028377,1.4_sub_map_insert,1.759
1657065630.028434,1.1_pointcloud_extract,0.005
1657065630.028434,1.1_cloud_preprocess,0.191
1657065630.028434,1.1_ros_callback_total,0.252
1657065630.028434,1.2_imu_integration,0.074
1657065630.028434,1.2_pointcloud_deskew,0.010
1657065630.028434,1.2_covariance_estimation,0.125
1657065630.028434,1.2_create_factors,0.251
1657065630.028434,1.2_smoother_update,19.655
1657065630.028434,1.3_gnss_injection,0.413
1657065630.028434,1.2_update_frames_calculate_estimate,0.046
1657065630.028434,1.2_update_frames_state_copy,0.014
1657065630.028434,1.2_update_frames_sigma_p,0.022
1657065630.028434,1.2_update_frames_icp_quality,0.264
1657065630.028434,1.2_update_frames,0.492
1657065630.004367,2.1_gnss_araim,0.916
1657065630.028434,2.2_lidar_araim,0.016
1657065630.028434,2.3_dynamic_al,0.000
1657065630.028434,2.3_state_machine,0.016
1657065630.028434,2.3_integrity_total,1.003
1657065630.028434,1.2_odom_insert_frame,23.345
1657065630.128423,1.1_pointcloud_extract,0.004
1657065630.128423,1.1_cloud_preprocess,0.183
1657065630.128423,1.1_ros_callback_total,0.244
1657065630.128423,1.2_imu_integration,0.077
1657065630.128423,1.2_pointcloud_deskew,0.012
1657065630.128423,1.2_covariance_estimation,0.228
1657065630.128423,1.2_create_factors,0.521
1657065630.128423,1.2_smoother_update,2.019
1657065630.128423,1.3_gnss_injection,0.455
1657065630.128423,1.2_update_frames_calculate_estimate,0.047
1657065630.128423,1.2_update_frames_state_copy,0.014
1657065630.128423,1.2_update_frames_sigma_p,0.036
1657065630.128423,1.2_update_frames_icp_quality,0.249
1657065630.128423,1.2_update_frames,0.484
1657065630.104421,2.1_gnss_araim,0.679
1657065630.128423,2.2_lidar_araim,0.021
1657065630.128423,2.3_dynamic_al,0.000
1657065630.128423,2.3_state_machine,0.018
1657065630.128423,2.3_integrity_total,0.794
1657065630.128423,1.2_odom_insert_frame,6.156
1657065625.128440,1.4_sub_map_insert,2.858
1657065630.228389,1.1_pointcloud_extract,0.005
1657065630.228389,1.1_cloud_preprocess,0.196
1657065630.228389,1.1_ros_callback_total,0.247
1657065630.228389,1.2_imu_integration,0.089
1657065630.228389,1.2_pointcloud_deskew,0.011
1657065630.228389,1.2_covariance_estimation,0.263
1657065630.228389,1.2_create_factors,0.267
1657065630.228389,1.2_smoother_update,19.581
1657065630.228389,1.3_gnss_injection,0.447
1657065630.228389,1.2_update_frames_calculate_estimate,0.047
1657065630.228389,1.2_update_frames_state_copy,0.015
1657065630.228389,1.2_update_frames_sigma_p,0.023
1657065630.228389,1.2_update_frames_icp_quality,0.262
1657065630.228389,1.2_update_frames,0.495
1657065630.204431,2.1_gnss_araim,0.795
1657065630.228389,2.2_lidar_araim,0.013
1657065630.228389,2.3_dynamic_al,0.000
1657065630.228389,2.3_state_machine,0.014
1657065630.228389,2.3_integrity_total,0.866
1657065630.228389,1.2_odom_insert_frame,23.447
1657065630.328434,1.1_pointcloud_extract,0.004
1657065630.328434,1.1_cloud_preprocess,0.181
1657065630.328434,1.1_ros_callback_total,0.220
1657065630.328434,1.2_imu_integration,0.092
1657065630.328434,1.2_pointcloud_deskew,0.010
1657065630.328434,1.2_covariance_estimation,0.127
1657065630.328434,1.2_create_factors,0.320
1657065630.328434,1.2_smoother_update,2.778
1657065630.328434,1.3_gnss_injection,0.667
1657065630.328434,1.2_update_frames_calculate_estimate,0.091
1657065630.328434,1.2_update_frames_state_copy,0.020
1657065630.328434,1.2_update_frames_sigma_p,0.051
1657065630.328434,1.2_update_frames_icp_quality,0.309
1657065630.328434,1.2_update_frames,0.655
1657065630.304428,2.1_gnss_araim,0.704
1657065630.328434,2.2_lidar_araim,0.019
1657065630.328434,2.3_dynamic_al,0.000
1657065630.328434,2.3_state_machine,0.020
1657065630.328434,2.3_integrity_total,0.815
1657065630.328434,1.2_odom_insert_frame,7.876
1657065625.328434,1.4_sub_map_insert,3.684
1657065630.428431,1.1_pointcloud_extract,0.004
1657065630.428431,1.1_cloud_preprocess,0.184
1657065630.428431,1.1_ros_callback_total,0.236
1657065630.428431,1.2_imu_integration,0.074
1657065630.428431,1.2_pointcloud_deskew,0.011
1657065630.428431,1.2_covariance_estimation,0.137
1657065630.428431,1.2_create_factors,0.256
1657065630.428431,1.2_smoother_update,19.777
1657065630.428431,1.3_gnss_injection,0.306
1657065630.428431,1.2_update_frames_calculate_estimate,0.041
1657065630.428431,1.2_update_frames_state_copy,0.014
1657065630.428431,1.2_update_frames_sigma_p,0.023
1657065630.428431,1.2_update_frames_icp_quality,0.723
1657065630.428431,1.2_update_frames,0.943
1657065630.404449,2.1_gnss_araim,1.054
1657065630.428431,2.2_lidar_araim,0.018
1657065630.428431,2.3_dynamic_al,0.000
1657065630.428431,2.3_state_machine,0.017
1657065630.428431,2.3_integrity_total,1.152
1657065630.428431,1.2_odom_insert_frame,24.068
1657065625.528421,1.4_sub_map_insert,1.982
1657065630.528426,1.1_pointcloud_extract,0.006
1657065630.528426,1.1_cloud_preprocess,0.194
1657065630.528426,1.1_ros_callback_total,0.250
1657065630.528426,1.2_imu_integration,0.074
1657065630.528426,1.2_pointcloud_deskew,0.010
1657065630.528426,1.2_covariance_estimation,0.129
1657065630.528426,1.2_create_factors,0.261
1657065630.528426,1.2_smoother_update,19.372
1657065630.528426,1.3_gnss_injection,0.460
1657065630.528426,1.2_update_frames_calculate_estimate,0.048
1657065630.528426,1.2_update_frames_state_copy,0.014
1657065630.528426,1.2_update_frames_sigma_p,0.022
1657065630.528426,1.2_update_frames_icp_quality,0.264
1657065630.528426,1.2_update_frames,0.496
1657065630.504380,2.1_gnss_araim,0.751
1657065630.528426,2.2_lidar_araim,0.019
1657065630.528426,2.3_dynamic_al,0.000
1657065630.528426,2.3_state_machine,0.010
1657065630.528426,2.3_integrity_total,0.858
1657065630.528426,1.2_odom_insert_frame,23.098
1657065630.628373,1.1_pointcloud_extract,0.006
1657065630.628373,1.1_cloud_preprocess,0.262
1657065630.628373,1.1_ros_callback_total,0.318
1657065630.628373,1.2_imu_integration,0.091
1657065630.628373,1.2_pointcloud_deskew,0.011
1657065630.628373,1.2_covariance_estimation,0.270
1657065630.628373,1.2_create_factors,0.696
1657065630.628373,1.2_smoother_update,2.819
1657065630.628373,1.3_gnss_injection,0.606
1657065630.628373,1.2_update_frames_calculate_estimate,0.092
1657065630.628373,1.2_update_frames_state_copy,0.020
1657065630.628373,1.2_update_frames_sigma_p,0.053
1657065630.628373,1.2_update_frames_icp_quality,0.296
1657065630.628373,1.2_update_frames,0.629
1657065630.604436,2.1_gnss_araim,0.812
1657065630.628373,2.2_lidar_araim,0.020
1657065630.628373,2.3_dynamic_al,0.000
1657065630.628373,2.3_state_machine,0.017
1657065630.628373,2.3_integrity_total,0.924
1657065630.628373,1.2_odom_insert_frame,8.403
1657065625.628442,1.4_sub_map_insert,1.683
1657065630.728393,1.1_pointcloud_extract,0.005
1657065630.728393,1.1_cloud_preprocess,0.186
1657065630.728393,1.1_ros_callback_total,0.238
1657065630.728393,1.2_imu_integration,0.091
1657065630.728393,1.2_pointcloud_deskew,0.010
1657065630.728393,1.2_covariance_estimation,0.139
1657065630.728393,1.2_create_factors,0.289
1657065630.728393,1.2_smoother_update,25.568
1657065630.728393,1.3_gnss_injection,0.650
1657065630.728393,1.2_update_frames_calculate_estimate,0.102
1657065630.728393,1.2_update_frames_state_copy,0.021
1657065630.728393,1.2_update_frames_sigma_p,0.039
1657065630.728393,1.2_update_frames_icp_quality,0.621
1657065630.728393,1.2_update_frames,0.978
1657065630.704379,2.1_gnss_araim,1.257
1657065630.728393,2.2_lidar_araim,0.020
1657065630.728393,2.3_dynamic_al,0.000
1657065630.728393,2.3_state_machine,0.016
1657065630.728393,2.3_integrity_total,1.365
1657065630.728393,1.2_odom_insert_frame,31.398
1657065625.728440,1.4_sub_map_insert,1.635
1657065630.828431,1.1_pointcloud_extract,0.005
1657065630.828431,1.1_cloud_preprocess,0.202
1657065630.828431,1.1_ros_callback_total,0.243
1657065630.828431,1.2_imu_integration,0.091
1657065630.828431,1.2_pointcloud_deskew,0.012
1657065630.828431,1.2_covariance_estimation,0.208
1657065630.828431,1.2_create_factors,0.316
1657065630.828431,1.2_smoother_update,25.849
1657065630.828431,1.3_gnss_injection,0.620
1657065630.828431,1.2_update_frames_calculate_estimate,0.128
1657065630.828431,1.2_update_frames_state_copy,0.021
1657065630.828431,1.2_update_frames_sigma_p,0.050
1657065630.828431,1.2_update_frames_icp_quality,0.510
1657065630.828431,1.2_update_frames,0.889
1657065630.804427,2.1_gnss_araim,0.664
1657065630.828431,2.2_lidar_araim,0.020
1657065630.828431,2.3_dynamic_al,0.000
1657065630.828431,2.3_state_machine,0.016
1657065630.828431,2.3_integrity_total,0.777
1657065630.828431,1.2_odom_insert_frame,30.999
1657065625.828458,1.4_sub_map_insert,2.952
1657065630.928439,1.1_pointcloud_extract,0.005
1657065630.928439,1.1_cloud_preprocess,0.189
1657065630.928439,1.1_ros_callback_total,0.238
1657065630.928439,1.2_imu_integration,0.075
1657065630.928439,1.2_pointcloud_deskew,0.010
1657065630.928439,1.2_covariance_estimation,0.132
1657065630.928439,1.2_create_factors,0.375
1657065630.928439,1.2_smoother_update,19.762
1657065630.928439,1.3_gnss_injection,0.308
1657065630.928439,1.2_update_frames_calculate_estimate,0.045
1657065630.928439,1.2_update_frames_state_copy,0.014
1657065630.928439,1.2_update_frames_sigma_p,0.022
1657065630.928439,1.2_update_frames_icp_quality,0.335
1657065630.928439,1.2_update_frames,0.621
1657065630.904428,2.1_gnss_araim,0.856
1657065630.928439,2.2_lidar_araim,0.014
1657065630.928439,2.3_dynamic_al,0.000
1657065630.928439,2.3_state_machine,0.015
1657065630.928439,2.3_integrity_total,0.945
1657065630.928439,1.2_odom_insert_frame,23.678
1657065626.028369,1.4_sub_map_insert,1.625
1657065631.028370,1.1_pointcloud_extract,0.005
1657065631.028370,1.1_cloud_preprocess,0.187
1657065631.028370,1.1_ros_callback_total,0.254
1657065631.028370,1.2_imu_integration,0.095
1657065631.028370,1.2_pointcloud_deskew,0.011
1657065631.028370,1.2_covariance_estimation,0.227
1657065631.028370,1.2_create_factors,0.297
1657065631.028370,1.2_smoother_update,25.668
1657065631.028370,1.3_gnss_injection,0.708
1657065631.028370,1.2_update_frames_calculate_estimate,0.106
1657065631.028370,1.2_update_frames_state_copy,0.021
1657065631.028370,1.2_update_frames_sigma_p,0.039
1657065631.028370,1.2_update_frames_icp_quality,0.509
1657065631.028370,1.2_update_frames,0.900
1657065631.004397,2.1_gnss_araim,0.758
1657065631.028370,2.2_lidar_araim,0.023
1657065631.028370,2.3_dynamic_al,0.001
1657065631.028370,2.3_state_machine,0.020
1657065631.028370,2.3_integrity_total,0.872
1657065631.028370,1.2_odom_insert_frame,30.975
1657065631.128449,1.1_pointcloud_extract,0.005
1657065631.128449,1.1_cloud_preprocess,0.197
1657065631.128449,1.1_ros_callback_total,0.249
1657065631.128449,1.2_imu_integration,0.092
1657065631.128449,1.2_pointcloud_deskew,0.012
1657065631.128449,1.2_covariance_estimation,0.167
1657065631.128449,1.2_create_factors,0.633
1657065631.128449,1.2_smoother_update,2.644
1657065631.128449,1.3_gnss_injection,0.621
1657065631.128449,1.2_update_frames_calculate_estimate,0.086
1657065631.128449,1.2_update_frames_state_copy,0.020
1657065631.128449,1.2_update_frames_sigma_p,0.050
1657065631.128449,1.2_update_frames_icp_quality,0.328
1657065631.128449,1.2_update_frames,0.654
1657065631.104385,2.1_gnss_araim,0.725
1657065631.128449,2.2_lidar_araim,0.039
1657065631.128449,2.3_dynamic_al,0.000
1657065631.128449,2.3_state_machine,0.021
1657065631.128449,2.3_integrity_total,0.905
1657065631.128449,1.2_odom_insert_frame,7.937
1657065626.128468,1.4_sub_map_insert,2.908
1657065631.228367,1.1_pointcloud_extract,0.005
1657065631.228367,1.1_cloud_preprocess,0.211
1657065631.228367,1.1_ros_callback_total,0.278
1657065631.228367,1.2_imu_integration,0.090
1657065631.228367,1.2_pointcloud_deskew,0.010
1657065631.228367,1.2_covariance_estimation,0.218
1657065631.228367,1.2_create_factors,0.299
1657065631.228367,1.2_smoother_update,26.318
1657065631.228367,1.3_gnss_injection,0.650
1657065631.228367,1.2_update_frames_calculate_estimate,0.098
1657065631.228367,1.2_update_frames_state_copy,0.022
1657065631.228367,1.2_update_frames_sigma_p,0.034
1657065631.228367,1.2_update_frames_icp_quality,0.330
1657065631.228367,1.2_update_frames,0.664
1657065631.204387,2.1_gnss_araim,1.006
1657065631.228367,2.2_lidar_araim,0.019
1657065631.228367,2.3_dynamic_al,0.000
1657065631.228367,2.3_state_machine,0.016
1657065631.228367,2.3_integrity_total,1.117
1657065631.228367,1.2_odom_insert_frame,31.654
1657065631.328459,1.1_pointcloud_extract,0.004
1657065631.328459,1.1_cloud_preprocess,0.263
1657065631.328459,1.1_ros_callback_total,0.330
1657065631.328459,1.2_imu_integration,0.091
1657065631.328459,1.2_pointcloud_deskew,0.011
1657065631.328459,1.2_covariance_estimation,0.253
1657065631.328459,1.2_create_factors,0.451
1657065631.328459,1.2_smoother_update,26.297
1657065631.328459,1.3_gnss_injection,0.635
1657065631.328459,1.2_update_frames_calculate_estimate,0.112
1657065631.328459,1.2_update_frames_state_copy,0.022
1657065631.328459,1.2_update_frames_sigma_p,0.043
1657065631.328459,1.2_update_frames_icp_quality,0.591
1657065631.328459,1.2_update_frames,0.973
1657065631.304439,2.1_gnss_araim,0.757
1657065631.328459,2.2_lidar_araim,0.020
1657065631.328459,2.3_dynamic_al,0.000
1657065631.328459,2.3_state_machine,0.019
1657065631.328459,2.3_integrity_total,0.874
1657065631.328459,1.2_odom_insert_frame,31.910
1657065626.328375,1.4_sub_map_insert,3.596
1657065631.428382,1.1_pointcloud_extract,0.005
1657065631.428382,1.1_cloud_preprocess,0.196
1657065631.428382,1.1_ros_callback_total,0.258
1657065631.428382,1.2_imu_integration,0.080
1657065631.428382,1.2_pointcloud_deskew,0.011
1657065631.428382,1.2_covariance_estimation,0.133
1657065631.428382,1.2_create_factors,0.253
1657065631.428382,1.2_smoother_update,2.350
1657065631.428382,1.3_gnss_injection,0.292
1657065631.428382,1.2_update_frames_calculate_estimate,0.046
1657065631.428382,1.2_update_frames_state_copy,0.014
1657065631.428382,1.2_update_frames_sigma_p,0.041
1657065631.428382,1.2_update_frames_icp_quality,0.332
1657065631.428382,1.2_update_frames,0.568
1657065631.404466,2.1_gnss_araim,0.663
1657065631.428382,2.2_lidar_araim,0.015
1657065631.428382,2.3_dynamic_al,0.000
1657065631.428382,2.3_state_machine,0.014
1657065631.428382,2.3_integrity_total,0.751
1657065631.428382,1.2_odom_insert_frame,6.079
1657065626.528367,1.4_sub_map_insert,2.052
1657065631.528422,1.1_pointcloud_extract,0.006
1657065631.528422,1.1_cloud_preprocess,0.211
1657065631.528422,1.1_ros_callback_total,0.282
1657065631.528422,1.2_imu_integration,0.090
1657065631.528422,1.2_pointcloud_deskew,0.009
1657065631.528422,1.2_covariance_estimation,0.236
1657065631.528422,1.2_create_factors,0.305
1657065631.528422,1.2_smoother_update,26.552
1657065631.528422,1.3_gnss_injection,0.691
1657065631.528422,1.2_update_frames_calculate_estimate,0.098
1657065631.528422,1.2_update_frames_state_copy,0.021
1657065631.528422,1.2_update_frames_sigma_p,0.035
1657065631.528422,1.2_update_frames_icp_quality,0.357
1657065631.528422,1.2_update_frames,0.694
1657065631.504379,2.1_gnss_araim,0.820
1657065631.528422,2.2_lidar_araim,0.016
1657065631.528422,2.3_dynamic_al,0.000
1657065631.528422,2.3_state_machine,0.014
1657065631.528422,2.3_integrity_total,0.912
1657065631.528422,1.2_odom_insert_frame,31.543
1657065631.628448,1.1_pointcloud_extract,0.005
1657065631.628448,1.1_cloud_preprocess,0.181
1657065631.628448,1.1_ros_callback_total,0.223
1657065631.628448,1.2_imu_integration,0.091
1657065631.628448,1.2_pointcloud_deskew,0.010
1657065631.628448,1.2_covariance_estimation,0.217
1657065631.628448,1.2_create_factors,0.312
1657065631.628448,1.2_smoother_update,2.694
1657065631.628448,1.3_gnss_injection,0.644
1657065631.628448,1.2_update_frames_calculate_estimate,0.095
1657065631.628448,1.2_update_frames_state_copy,0.021
1657065631.628448,1.2_update_frames_sigma_p,0.052
1657065631.628448,1.2_update_frames_icp_quality,0.321
1657065631.628448,1.2_update_frames,0.657
1657065631.604421,2.1_gnss_araim,1.004
1657065631.628448,2.2_lidar_araim,0.021
1657065631.628448,2.3_dynamic_al,0.000
1657065631.628448,2.3_state_machine,0.017
1657065631.628448,2.3_integrity_total,1.119
1657065631.628448,1.2_odom_insert_frame,8.023
1657065626.628452,1.4_sub_map_insert,2.987
1657065631.728382,1.1_pointcloud_extract,0.005
1657065631.728382,1.1_cloud_preprocess,0.203
1657065631.728382,1.1_ros_callback_total,0.272
1657065631.728382,1.2_imu_integration,0.089
1657065631.728382,1.2_pointcloud_deskew,0.010
1657065631.728382,1.2_covariance_estimation,0.228
1657065631.728382,1.2_create_factors,0.300
1657065631.728382,1.2_smoother_update,26.330
1657065631.728382,1.3_gnss_injection,0.648
1657065631.728382,1.2_update_frames_calculate_estimate,0.091
1657065631.728382,1.2_update_frames_state_copy,0.021
1657065631.728382,1.2_update_frames_sigma_p,0.034
1657065631.728382,1.2_update_frames_icp_quality,0.320
1657065631.728382,1.2_update_frames,0.644
1657065631.704441,2.1_gnss_araim,0.770
1657065631.728382,2.2_lidar_araim,0.020
1657065631.728382,2.3_dynamic_al,0.000
1657065631.728382,2.3_state_machine,0.012
1657065631.728382,2.3_integrity_total,0.882
1657065631.728382,1.2_odom_insert_frame,31.549
1657065631.828446,1.1_pointcloud_extract,0.004
1657065631.828446,1.1_cloud_preprocess,0.179
1657065631.828446,1.1_ros_callback_total,0.219
1657065631.828446,1.2_imu_integration,0.091
1657065631.828446,1.2_pointcloud_deskew,0.010
1657065631.828446,1.2_covariance_estimation,0.191
1657065631.828446,1.2_create_factors,0.296
1657065631.828446,1.2_smoother_update,25.573
1657065631.828446,1.3_gnss_injection,0.627
1657065631.828446,1.2_update_frames_calculate_estimate,0.098
1657065631.828446,1.2_update_frames_state_copy,0.021
1657065631.828446,1.2_update_frames_sigma_p,0.036
1657065631.828446,1.2_update_frames_icp_quality,0.506
1657065631.828446,1.2_update_frames,0.844
1657065631.804425,2.1_gnss_araim,0.705
1657065631.828446,2.2_lidar_araim,0.020
1657065631.828446,2.3_dynamic_al,0.000
1657065631.828446,2.3_state_machine,0.017
1657065631.828446,2.3_integrity_total,0.818
1657065631.828446,1.2_odom_insert_frame,30.607
1657065626.828422,1.4_sub_map_insert,3.596
1657065631.928449,1.1_pointcloud_extract,0.005
1657065631.928449,1.1_cloud_preprocess,0.190
1657065631.928449,1.1_ros_callback_total,0.249
1657065631.928449,1.2_imu_integration,0.092
1657065631.928449,1.2_pointcloud_deskew,0.011
1657065631.928449,1.2_covariance_estimation,0.197
1657065631.928449,1.2_create_factors,0.419
1657065631.928449,1.2_smoother_update,26.090
1657065631.928449,1.3_gnss_injection,0.457
1657065631.928449,1.2_update_frames_calculate_estimate,0.098
1657065631.928449,1.2_update_frames_state_copy,0.021
1657065631.928449,1.2_update_frames_sigma_p,0.039
1657065631.928449,1.2_update_frames_icp_quality,0.447
1657065631.928449,1.2_update_frames,0.798
1657065631.904418,2.1_gnss_araim,0.859
1657065631.928449,2.2_lidar_araim,0.020
1657065631.928449,2.3_dynamic_al,0.000
1657065631.928449,2.3_state_machine,0.015
1657065631.928449,2.3_integrity_total,0.953
1657065631.928449,1.2_odom_insert_frame,31.123
1657065627.028445,1.4_sub_map_insert,1.964
1657065632.028368,1.1_pointcloud_extract,0.005
1657065632.028368,1.1_cloud_preprocess,0.184
1657065632.028368,1.1_ros_callback_total,0.249
1657065632.028368,1.2_imu_integration,0.077
1657065632.028368,1.2_pointcloud_deskew,0.011
1657065632.028368,1.2_covariance_estimation,0.208
1657065632.028368,1.2_create_factors,0.262
1657065632.028368,1.2_smoother_update,1.998
1657065632.028368,1.3_gnss_injection,0.439
1657065632.028368,1.2_update_frames_calculate_estimate,0.049
1657065632.028368,1.2_update_frames_state_copy,0.014
1657065632.028368,1.2_update_frames_sigma_p,0.039
1657065632.028368,1.2_update_frames_icp_quality,0.252
1657065632.028368,1.2_update_frames,0.493
1657065632.004373,2.1_gnss_araim,0.686
1657065632.028368,2.2_lidar_araim,0.014
1657065632.028368,2.3_dynamic_al,0.000
1657065632.028368,2.3_state_machine,0.014
1657065632.028368,2.3_integrity_total,0.756
1657065632.028368,1.2_odom_insert_frame,5.651
1657065632.128430,1.1_pointcloud_extract,0.005
1657065632.128430,1.1_cloud_preprocess,0.208
1657065632.128430,1.1_ros_callback_total,0.269
1657065632.128430,1.2_imu_integration,0.080
1657065632.128430,1.2_pointcloud_deskew,0.012
1657065632.128430,1.2_covariance_estimation,0.116
1657065632.128430,1.2_create_factors,0.266
1657065632.128430,1.2_smoother_update,20.130
1657065632.128430,1.3_gnss_injection,0.495
1657065632.128430,1.2_update_frames_calculate_estimate,0.056
1657065632.128430,1.2_update_frames_state_copy,0.015
1657065632.128430,1.2_update_frames_sigma_p,0.024
1657065632.128430,1.2_update_frames_icp_quality,0.390
1657065632.128430,1.2_update_frames,0.632
1657065632.104372,2.1_gnss_araim,0.783
1657065632.128430,2.2_lidar_araim,0.014
1657065632.128430,2.3_dynamic_al,0.000
1657065632.128430,2.3_state_machine,0.020
1657065632.128430,2.3_integrity_total,0.862
1657065632.128430,1.2_odom_insert_frame,24.255
1657065627.128383,1.4_sub_map_insert,2.163
1657065632.228441,1.1_pointcloud_extract,0.013
1657065632.228441,1.1_cloud_preprocess,0.183
1657065632.228441,1.1_ros_callback_total,0.258
1657065632.228441,1.2_imu_integration,0.090
1657065632.228441,1.2_pointcloud_deskew,0.010
1657065632.228441,1.2_covariance_estimation,0.177
1657065632.228441,1.2_create_factors,0.296
1657065632.228441,1.2_smoother_update,2.662
1657065632.228441,1.3_gnss_injection,0.679
1657065632.228441,1.2_update_frames_calculate_estimate,0.099
1657065632.228441,1.2_update_frames_state_copy,0.021
1657065632.228441,1.2_update_frames_sigma_p,0.051
1657065632.228441,1.2_update_frames_icp_quality,0.396
1657065632.228441,1.2_update_frames,0.732
1657065632.204427,2.1_gnss_araim,0.703
1657065632.228441,2.2_lidar_araim,0.019
1657065632.228441,2.3_dynamic_al,0.000
1657065632.228441,2.3_state_machine,0.015
1657065632.228441,2.3_integrity_total,0.812
1657065632.228441,1.2_odom_insert_frame,7.704
1657065627.228445,1.4_sub_map_insert,2.119
1657065632.328450,1.1_pointcloud_extract,0.005
1657065632.328450,1.1_cloud_preprocess,0.186
1657065632.328450,1.1_ros_callback_total,0.239
1657065632.328450,1.2_imu_integration,0.090
1657065632.328450,1.2_pointcloud_deskew,0.009
1657065632.328450,1.2_covariance_estimation,0.236
1657065632.328450,1.2_create_factors,0.305
1657065632.328450,1.2_smoother_update,26.660
1657065632.328450,1.3_gnss_injection,0.646
1657065632.328450,1.2_update_frames_calculate_estimate,0.108
1657065632.328450,1.2_update_frames_state_copy,0.021
1657065632.328450,1.2_update_frames_sigma_p,0.037
1657065632.328450,1.2_update_frames_icp_quality,0.322
1657065632.328450,1.2_update_frames,0.678
1657065632.304421,2.1_gnss_araim,0.945
1657065632.328450,2.2_lidar_araim,0.020
1657065632.328450,2.3_dynamic_al,0.000
1657065632.328450,2.3_state_machine,0.019
1657065632.328450,2.3_integrity_total,1.055
1657065632.328450,1.2_odom_insert_frame,32.057
1657065627.328503,1.4_sub_map_insert,3.584
1657065632.428430,1.1_pointcloud_extract,0.004
1657065632.428430,1.1_cloud_preprocess,0.175
1657065632.428430,1.1_ros_callback_total,0.211
1657065632.428430,1.2_imu_integration,0.093
1657065632.428430,1.2_pointcloud_deskew,0.011
1657065632.428430,1.2_covariance_estimation,0.179
1657065632.428430,1.2_create_factors,0.613
1657065632.428430,1.2_smoother_update,26.618
1657065632.428430,1.3_gnss_injection,0.437
1657065632.428430,1.2_update_frames_calculate_estimate,0.098
1657065632.428430,1.2_update_frames_state_copy,0.022
1657065632.428430,1.2_update_frames_sigma_p,0.037
1657065632.428430,1.2_update_frames_icp_quality,0.317
1657065632.428430,1.2_update_frames,0.656
1657065632.404436,2.1_gnss_araim,0.779
1657065632.428430,2.2_lidar_araim,0.020
1657065632.428430,2.3_dynamic_al,0.000
1657065632.428430,2.3_state_machine,0.017
1657065632.428430,2.3_integrity_total,0.890
1657065632.428430,1.2_odom_insert_frame,31.833
1657065632.528436,1.1_pointcloud_extract,0.005
1657065632.528436,1.1_cloud_preprocess,0.202
1657065632.528436,1.1_ros_callback_total,0.262
1657065632.528436,1.2_imu_integration,0.071
1657065632.528436,1.2_pointcloud_deskew,0.011
1657065632.528436,1.2_covariance_estimation,0.197
1657065632.528436,1.2_create_factors,0.315
1657065632.528436,1.2_smoother_update,26.855
1657065632.528436,1.3_gnss_injection,0.667
1657065632.528436,1.2_update_frames_calculate_estimate,0.108
1657065632.528436,1.2_update_frames_state_copy,0.021
1657065632.528436,1.2_update_frames_sigma_p,0.038
1657065632.528436,1.2_update_frames_icp_quality,0.333
1657065632.528436,1.2_update_frames,0.686
1657065632.504423,2.1_gnss_araim,0.816
1657065632.528436,2.2_lidar_araim,0.028
1657065632.528436,2.3_dynamic_al,0.000
1657065632.528436,2.3_state_machine,0.016
1657065632.528436,2.3_integrity_total,0.920
1657065632.528436,1.2_odom_insert_frame,31.994
1657065627.528530,1.4_sub_map_insert,3.497
1657065632.628463,1.1_pointcloud_extract,0.006
1657065632.628463,1.1_cloud_preprocess,0.192
1657065632.628463,1.1_ros_callback_total,0.252
1657065632.628463,1.2_imu_integration,0.089
1657065632.628463,1.2_pointcloud_deskew,0.011
1657065632.628463,1.2_covariance_estimation,0.225
1657065632.628463,1.2_create_factors,0.308
1657065632.628463,1.2_smoother_update,27.523
1657065632.628463,1.3_gnss_injection,0.739
1657065632.628463,1.2_update_frames_calculate_estimate,0.130
1657065632.628463,1.2_update_frames_state_copy,0.021
1657065632.628463,1.2_update_frames_sigma_p,0.055
1657065632.628463,1.2_update_frames_icp_quality,0.335
1657065632.628463,1.2_update_frames,0.738
1657065632.604427,2.1_gnss_araim,0.681
1657065632.628463,2.2_lidar_araim,0.023
1657065632.628463,2.3_dynamic_al,0.000
1657065632.628463,2.3_state_machine,0.018
1657065632.628463,2.3_integrity_total,0.806
1657065632.628463,1.2_odom_insert_frame,32.845
1657065627.728375,1.4_sub_map_insert,2.005
1657065632.728470,1.1_pointcloud_extract,0.004
1657065632.728470,1.1_cloud_preprocess,0.252
1657065632.728470,1.1_ros_callback_total,0.318
1657065632.728470,1.2_imu_integration,0.109
1657065632.728470,1.2_pointcloud_deskew,0.014
1657065632.728470,1.2_covariance_estimation,0.134
1657065632.728470,1.2_create_factors,0.297
1657065632.728470,1.2_smoother_update,27.705
1657065632.728470,1.3_gnss_injection,0.724
1657065632.728470,1.2_update_frames_calculate_estimate,0.156
1657065632.728470,1.2_update_frames_state_copy,0.021
1657065632.728470,1.2_update_frames_sigma_p,0.046
1657065632.728470,1.2_update_frames_icp_quality,0.389
1657065632.728470,1.2_update_frames,0.801
1657065632.704458,2.1_gnss_araim,0.868
1657065632.728470,2.2_lidar_araim,0.022
1657065632.728470,2.3_dynamic_al,0.000
1657065632.728470,2.3_state_machine,0.017
1657065632.728470,2.3_integrity_total,0.977
1657065632.728470,1.2_odom_insert_frame,33.042
1657065627.828398,1.4_sub_map_insert,2.070
1657065632.828526,1.1_pointcloud_extract,0.006
1657065632.828526,1.1_cloud_preprocess,0.184
1657065632.828526,1.1_ros_callback_total,0.246
1657065632.828526,1.2_imu_integration,0.090
1657065632.828526,1.2_pointcloud_deskew,0.011
1657065632.828526,1.2_covariance_estimation,0.292
1657065632.828526,1.2_create_factors,0.312
1657065632.828526,1.2_smoother_update,26.374
1657065632.828526,1.3_gnss_injection,0.733
1657065632.828526,1.2_update_frames_calculate_estimate,0.140
1657065632.828526,1.2_update_frames_state_copy,0.022
1657065632.828526,1.2_update_frames_sigma_p,0.063
1657065632.828526,1.2_update_frames_icp_quality,0.360
1657065632.828526,1.2_update_frames,0.778
1657065632.804527,2.1_gnss_araim,0.703
1657065632.828526,2.2_lidar_araim,0.021
1657065632.828526,2.3_dynamic_al,0.000
1657065632.828526,2.3_state_machine,0.018
1657065632.828526,2.3_integrity_total,0.811
1657065632.828526,1.2_odom_insert_frame,31.900
1657065627.928425,1.4_sub_map_insert,1.995
1657065632.928516,1.1_pointcloud_extract,0.005
1657065632.928516,1.1_cloud_preprocess,0.216
1657065632.928516,1.1_ros_callback_total,0.285
1657065632.928516,1.2_imu_integration,0.090
1657065632.928516,1.2_pointcloud_deskew,0.009
1657065632.928516,1.2_covariance_estimation,0.314
1657065632.928516,1.2_create_factors,0.360
1657065632.928516,1.2_smoother_update,20.012
1657065632.928516,1.3_gnss_injection,0.341
1657065632.928516,1.2_update_frames_calculate_estimate,0.057
1657065632.928516,1.2_update_frames_state_copy,0.015
1657065632.928516,1.2_update_frames_sigma_p,0.030
1657065632.928516,1.2_update_frames_icp_quality,0.279
1657065632.928516,1.2_update_frames,0.571
1657065632.904541,2.1_gnss_araim,0.807
1657065632.928516,2.2_lidar_araim,0.015
1657065632.928516,2.3_dynamic_al,0.000
1657065632.928516,2.3_state_machine,0.014
1657065632.928516,2.3_integrity_total,0.895
1657065632.928516,1.2_odom_insert_frame,24.213
1657065628.028422,1.4_sub_map_insert,1.725
1657065633.028477,1.1_pointcloud_extract,0.006
1657065633.028477,1.1_cloud_preprocess,0.191
1657065633.028477,1.1_ros_callback_total,0.264
1657065633.028477,1.2_imu_integration,0.093
1657065633.028477,1.2_pointcloud_deskew,0.010
1657065633.028477,1.2_covariance_estimation,0.200
1657065633.028477,1.2_create_factors,0.296
1657065633.028477,1.2_smoother_update,26.199
1657065633.028477,1.3_gnss_injection,0.678
1657065633.028477,1.2_update_frames_calculate_estimate,0.091
1657065633.028477,1.2_update_frames_state_copy,0.021
1657065633.028477,1.2_update_frames_sigma_p,0.035
1657065633.028477,1.2_update_frames_icp_quality,0.321
1657065633.028477,1.2_update_frames,0.652
1657065633.004489,2.1_gnss_araim,0.851
1657065633.028477,2.2_lidar_araim,0.022
1657065633.028477,2.3_dynamic_al,0.000
1657065633.028477,2.3_state_machine,0.018
1657065633.028477,2.3_integrity_total,0.980
1657065633.028477,1.2_odom_insert_frame,31.224
1657065628.128438,1.4_sub_map_insert,2.035
1657065633.128460,1.1_pointcloud_extract,0.005
1657065633.128460,1.1_cloud_preprocess,0.192
1657065633.128460,1.1_ros_callback_total,0.236
1657065633.128460,1.2_imu_integration,0.096
1657065633.128460,1.2_pointcloud_deskew,0.011
1657065633.128460,1.2_covariance_estimation,0.164
1657065633.128460,1.2_create_factors,0.305
1657065633.128460,1.2_smoother_update,26.960
1657065633.128460,1.3_gnss_injection,0.734
1657065633.128460,1.2_update_frames_calculate_estimate,0.146
1657065633.128460,1.2_update_frames_state_copy,0.024
1657065633.128460,1.2_update_frames_sigma_p,0.074
1657065633.128460,1.2_update_frames_icp_quality,0.634
1657065633.128460,1.2_update_frames,1.096
1657065633.104468,2.1_gnss_araim,0.798
1657065633.128460,2.2_lidar_araim,0.023
1657065633.128460,2.3_dynamic_al,0.000
1657065633.128460,2.3_state_machine,0.017
1657065633.128460,2.3_integrity_total,0.922
1657065633.128460,1.2_odom_insert_frame,32.885
1657065628.228426,1.4_sub_map_insert,1.729
1657065633.228531,1.1_pointcloud_extract,0.004
1657065633.228531,1.1_cloud_preprocess,0.196
1657065633.228531,1.1_ros_callback_total,0.254
1657065633.228531,1.2_imu_integration,0.089
1657065633.228531,1.2_pointcloud_deskew,0.010
1657065633.228531,1.2_covariance_estimation,0.220
1657065633.228531,1.2_create_factors,0.299
1657065633.228531,1.2_smoother_update,26.124
1657065633.228531,1.3_gnss_injection,0.681
1657065633.228531,1.2_update_frames_calculate_estimate,0.101
1657065633.228531,1.2_update_frames_state_copy,0.021
1657065633.228531,1.2_update_frames_sigma_p,0.037
1657065633.228531,1.2_update_frames_icp_quality,0.341
1657065633.228531,1.2_update_frames,0.693
1657065633.204545,2.1_gnss_araim,0.715
1657065633.228531,2.2_lidar_araim,0.018
1657065633.228531,2.3_dynamic_al,0.000
1657065633.228531,2.3_state_machine,0.025
1657065633.228531,2.3_integrity_total,0.826
1657065633.228531,1.2_odom_insert_frame,31.038
1657065628.328401,1.4_sub_map_insert,1.686
1657065633.328556,1.1_pointcloud_extract,0.004
1657065633.328556,1.1_cloud_preprocess,0.206
1657065633.328556,1.1_ros_callback_total,0.250
1657065633.328556,1.2_imu_integration,0.093
1657065633.328556,1.2_pointcloud_deskew,0.014
1657065633.328556,1.2_covariance_estimation,0.140
1657065633.328556,1.2_create_factors,0.310
1657065633.328556,1.2_smoother_update,27.450
1657065633.328556,1.3_gnss_injection,0.773
1657065633.328556,1.2_update_frames_calculate_estimate,0.119
1657065633.328556,1.2_update_frames_state_copy,0.021
1657065633.328556,1.2_update_frames_sigma_p,0.042
1657065633.328556,1.2_update_frames_icp_quality,0.597
1657065633.328556,1.2_update_frames,0.965
1657065633.304537,2.1_gnss_araim,0.814
1657065633.328556,2.2_lidar_araim,0.021
1657065633.328556,2.3_dynamic_al,0.000
1657065633.328556,2.3_state_machine,0.019
1657065633.328556,2.3_integrity_total,0.933
1657065633.328556,1.2_odom_insert_frame,32.955
1657065628.428430,1.4_sub_map_insert,1.668
1657065633.428519,1.1_pointcloud_extract,0.004
1657065633.428519,1.1_cloud_preprocess,0.220
1657065633.428519,1.1_ros_callback_total,0.285
1657065633.428519,1.2_imu_integration,0.091
1657065633.428519,1.2_pointcloud_deskew,0.010
1657065633.428519,1.2_covariance_estimation,0.236
1657065633.428519,1.2_create_factors,0.603
1657065633.428519,1.2_smoother_update,26.249
1657065633.428519,1.3_gnss_injection,0.442
1657065633.428519,1.2_update_frames_calculate_estimate,0.093
1657065633.428519,1.2_update_frames_state_copy,0.021
1657065633.428519,1.2_update_frames_sigma_p,0.038
1657065633.428519,1.2_update_frames_icp_quality,0.327
1657065633.428519,1.2_update_frames,0.666
1657065633.404546,2.1_gnss_araim,0.780
1657065633.428519,2.2_lidar_araim,0.023
1657065633.428519,2.3_dynamic_al,0.000
1657065633.428519,2.3_state_machine,0.014
1657065633.428519,2.3_integrity_total,0.899
1657065633.428519,1.2_odom_insert_frame,31.439
1657065628.528435,1.4_sub_map_insert,1.734
1657065633.528512,1.1_pointcloud_extract,0.005
1657065633.528512,1.1_cloud_preprocess,0.198
1657065633.528512,1.1_ros_callback_total,0.270
1657065633.528512,1.2_imu_integration,0.094
1657065633.528512,1.2_pointcloud_deskew,0.011
1657065633.528512,1.2_covariance_estimation,0.269
1657065633.528512,1.2_create_factors,0.267
1657065633.528512,1.2_smoother_update,20.029
1657065633.528512,1.3_gnss_injection,0.476
1657065633.528512,1.2_update_frames_calculate_estimate,0.063
1657065633.528512,1.2_update_frames_state_copy,0.017
1657065633.528512,1.2_update_frames_sigma_p,0.029
1657065633.528512,1.2_update_frames_icp_quality,0.372
1657065633.528512,1.2_update_frames,0.648
1657065633.504524,2.1_gnss_araim,0.731
1657065633.528512,2.2_lidar_araim,0.016
1657065633.528512,2.3_dynamic_al,0.001
1657065633.528512,2.3_state_machine,0.015
1657065633.528512,2.3_integrity_total,0.820
1657065633.528512,1.2_odom_insert_frame,24.206
1657065633.628575,1.1_pointcloud_extract,0.006
1657065633.628575,1.1_cloud_preprocess,0.217
1657065633.628575,1.1_ros_callback_total,0.271
1657065633.628575,1.2_imu_integration,0.074
1657065633.628575,1.2_pointcloud_deskew,0.010
1657065633.628575,1.2_covariance_estimation,0.142
1657065633.628575,1.2_create_factors,0.618
1657065633.628575,1.2_smoother_update,2.247
1657065633.628575,1.3_gnss_injection,0.497
1657065633.628575,1.2_update_frames_calculate_estimate,0.051
1657065633.628575,1.2_update_frames_state_copy,0.015
1657065633.628575,1.2_update_frames_sigma_p,0.039
1657065633.628575,1.2_update_frames_icp_quality,0.381
1657065633.628575,1.2_update_frames,0.639
1657065633.604538,2.1_gnss_araim,0.863
1657065633.628575,2.2_lidar_araim,0.016
1657065633.628575,2.3_dynamic_al,0.000
1657065633.628575,2.3_state_machine,0.016
1657065633.628575,2.3_integrity_total,0.970
1657065633.628575,1.2_odom_insert_frame,6.696
1657065628.628595,1.4_sub_map_insert,3.101
1657065633.728534,1.1_pointcloud_extract,0.005
1657065633.728534,1.1_cloud_preprocess,0.209
1657065633.728534,1.1_ros_callback_total,0.281
1657065633.728534,1.2_imu_integration,0.090
1657065633.728534,1.2_pointcloud_deskew,0.010
1657065633.728534,1.2_covariance_estimation,0.226
1657065633.728534,1.2_create_factors,0.300
1657065633.728534,1.2_smoother_update,27.335
1657065633.728534,1.3_gnss_injection,0.683
1657065633.728534,1.2_update_frames_calculate_estimate,0.122
1657065633.728534,1.2_update_frames_state_copy,0.023
1657065633.728534,1.2_update_frames_sigma_p,0.052
1657065633.728534,1.2_update_frames_icp_quality,0.410
1657065633.728534,1.2_update_frames,0.863
1657065633.704533,2.1_gnss_araim,0.926
1657065633.728534,2.2_lidar_araim,0.022
1657065633.728534,2.3_dynamic_al,0.000
1657065633.728534,2.3_state_machine,0.016
1657065633.728534,2.3_integrity_total,1.032
1657065633.728534,1.2_odom_insert_frame,32.848
1657065633.828568,1.1_pointcloud_extract,0.005
1657065633.828568,1.1_cloud_preprocess,0.183
1657065633.828568,1.1_ros_callback_total,0.231
1657065633.828568,1.2_imu_integration,0.090
1657065633.828568,1.2_pointcloud_deskew,0.011
1657065633.828568,1.2_covariance_estimation,0.137
1657065633.828568,1.2_create_factors,0.523
1657065633.828568,1.2_smoother_update,2.858
1657065633.828568,1.3_gnss_injection,0.675
1657065633.828568,1.2_update_frames_calculate_estimate,0.107
1657065633.828568,1.2_update_frames_state_copy,0.020
1657065633.828568,1.2_update_frames_sigma_p,0.054
1657065633.828568,1.2_update_frames_icp_quality,0.336
1657065633.828568,1.2_update_frames,0.713
1657065633.804530,2.1_gnss_araim,0.721
1657065633.828568,2.2_lidar_araim,0.022
1657065633.828568,2.3_dynamic_al,0.000
1657065633.828568,2.3_state_machine,0.016
1657065633.828568,2.3_integrity_total,0.818
1657065633.828568,1.2_odom_insert_frame,8.173
1657065628.828597,1.4_sub_map_insert,3.783
1657065633.928537,1.1_pointcloud_extract,0.006
1657065633.928537,1.1_cloud_preprocess,0.192
1657065633.928537,1.1_ros_callback_total,0.310
1657065633.928537,1.2_imu_integration,0.081
1657065633.928537,1.2_pointcloud_deskew,0.012
1657065633.928537,1.2_covariance_estimation,0.130
1657065633.928537,1.2_create_factors,0.631
1657065633.928537,1.2_smoother_update,20.878
1657065633.928537,1.3_gnss_injection,0.342
1657065633.928537,1.2_update_frames_calculate_estimate,0.049
1657065633.928537,1.2_update_frames_state_copy,0.015
1657065633.928537,1.2_update_frames_sigma_p,0.026
1657065633.928537,1.2_update_frames_icp_quality,0.276
1657065633.928537,1.2_update_frames,0.516
1657065633.904473,2.1_gnss_araim,1.423
1657065633.928537,2.2_lidar_araim,0.023
1657065633.928537,2.3_dynamic_al,0.000
1657065633.928537,2.3_state_machine,0.017
1657065633.928537,2.3_integrity_total,1.554
1657065633.928537,1.2_odom_insert_frame,26.424
1657065629.028375,1.4_sub_map_insert,2.205
1657065634.028512,1.1_pointcloud_extract,0.005
1657065634.028512,1.1_cloud_preprocess,0.175
1657065634.028512,1.1_ros_callback_total,0.225
1657065634.028512,1.2_imu_integration,0.075
1657065634.028512,1.2_pointcloud_deskew,0.011
1657065634.028512,1.2_covariance_estimation,0.300
1657065634.028512,1.2_create_factors,0.258
1657065634.028512,1.2_smoother_update,19.923
1657065634.028512,1.3_gnss_injection,0.464
1657065634.028512,1.2_update_frames_calculate_estimate,0.051
1657065634.028512,1.2_update_frames_state_copy,0.015
1657065634.028512,1.2_update_frames_sigma_p,0.026
1657065634.028512,1.2_update_frames_icp_quality,0.268
1657065634.028512,1.2_update_frames,0.513
1657065634.004547,2.1_gnss_araim,2.472
1657065634.028512,2.2_lidar_araim,0.041
1657065634.028512,2.3_dynamic_al,0.000
1657065634.028512,2.3_state_machine,0.023
1657065634.028512,2.3_integrity_total,2.671
1657065634.028512,1.2_odom_insert_frame,25.671
1657065629.128442,1.4_sub_map_insert,1.980
1657065634.128529,1.1_pointcloud_extract,0.006
1657065634.128529,1.1_cloud_preprocess,0.198
1657065634.128529,1.1_ros_callback_total,0.273
1657065634.128529,1.2_imu_integration,0.093
1657065634.128529,1.2_pointcloud_deskew,0.013
1657065634.128529,1.2_covariance_estimation,0.182
1657065634.128529,1.2_create_factors,0.689
1657065634.128529,1.2_smoother_update,26.288
1657065634.128529,1.3_gnss_injection,0.775
1657065634.128529,1.2_update_frames_calculate_estimate,0.132
1657065634.128529,1.2_update_frames_state_copy,0.021
1657065634.128529,1.2_update_frames_sigma_p,0.060
1657065634.128529,1.2_update_frames_icp_quality,0.789
1657065634.128529,1.2_update_frames,1.202
1657065634.104511,2.1_gnss_araim,0.723
1657065634.128529,2.2_lidar_araim,0.021
1657065634.128529,2.3_dynamic_al,0.000
1657065634.128529,2.3_state_machine,0.019
1657065634.128529,2.3_integrity_total,0.849
1657065634.128529,1.2_odom_insert_frame,32.514
1657065629.228429,1.4_sub_map_insert,2.112
1657065634.228468,1.1_pointcloud_extract,0.006
1657065634.228468,1.1_cloud_preprocess,0.188
1657065634.228468,1.1_ros_callback_total,0.247
1657065634.228468,1.2_imu_integration,0.082
1657065634.228468,1.2_pointcloud_deskew,0.011
1657065634.228468,1.2_covariance_estimation,0.239
1657065634.228468,1.2_create_factors,0.297
1657065634.228468,1.2_smoother_update,27.068
1657065634.228468,1.3_gnss_injection,0.736
1657065634.228468,1.2_update_frames_calculate_estimate,0.122
1657065634.228468,1.2_update_frames_state_copy,0.024
1657065634.228468,1.2_update_frames_sigma_p,0.053
1657065634.228468,1.2_update_frames_icp_quality,0.353
1657065634.228468,1.2_update_frames,0.753
1657065634.204469,2.1_gnss_araim,1.418
1657065634.228468,2.2_lidar_araim,0.024
1657065634.228468,2.3_dynamic_al,0.000
1657065634.228468,2.3_state_machine,0.021
1657065634.228468,2.3_integrity_total,1.570
1657065634.228468,1.2_odom_insert_frame,33.236
1657065629.328374,1.4_sub_map_insert,2.021
1657065634.328494,1.1_pointcloud_extract,0.005
1657065634.328494,1.1_cloud_preprocess,0.182
1657065634.328494,1.1_ros_callback_total,0.237
1657065634.328494,1.2_imu_integration,0.090
1657065634.328494,1.2_pointcloud_deskew,0.013
1657065634.328494,1.2_covariance_estimation,0.324
1657065634.328494,1.2_create_factors,0.322
1657065634.328494,1.2_smoother_update,26.661
1657065634.328494,1.3_gnss_injection,0.698
1657065634.328494,1.2_update_frames_calculate_estimate,0.125
1657065634.328494,1.2_update_frames_state_copy,0.021
1657065634.328494,1.2_update_frames_sigma_p,0.047
1657065634.328494,1.2_update_frames_icp_quality,0.350
1657065634.328494,1.2_update_frames,0.737
1657065634.304545,2.1_gnss_araim,1.730
1657065634.328494,2.2_lidar_araim,0.017
1657065634.328494,2.3_dynamic_al,0.000
1657065634.328494,2.3_state_machine,0.014
1657065634.328494,2.3_integrity_total,1.820
1657065634.328494,1.2_odom_insert_frame,33.023
1657065629.428428,1.4_sub_map_insert,2.188
1657065634.428532,1.1_pointcloud_extract,0.005
1657065634.428532,1.1_cloud_preprocess,0.250
1657065634.428532,1.1_ros_callback_total,0.329
1657065634.428532,1.2_imu_integration,0.077
1657065634.428532,1.2_pointcloud_deskew,0.010
1657065634.428532,1.2_covariance_estimation,0.121
1657065634.428532,1.2_create_factors,0.260
1657065634.428532,1.2_smoother_update,20.071
1657065634.428532,1.3_gnss_injection,0.327
1657065634.428532,1.2_update_frames_calculate_estimate,0.050
1657065634.428532,1.2_update_frames_state_copy,0.015
1657065634.428532,1.2_update_frames_sigma_p,0.027
1657065634.428532,1.2_update_frames_icp_quality,0.273
1657065634.428532,1.2_update_frames,0.511
1657065634.404544,2.1_gnss_araim,0.752
1657065634.428532,2.2_lidar_araim,0.020
1657065634.428532,2.3_dynamic_al,0.000
1657065634.428532,2.3_state_machine,0.017
1657065634.428532,2.3_integrity_total,0.865
1657065634.428532,1.2_odom_insert_frame,24.266
1657065629.528420,1.4_sub_map_insert,2.098
1657065634.528492,1.1_pointcloud_extract,0.006
1657065634.528492,1.1_cloud_preprocess,0.184
1657065634.528492,1.1_ros_callback_total,0.230
1657065634.528492,1.2_imu_integration,0.074
1657065634.528492,1.2_pointcloud_deskew,0.010
1657065634.528492,1.2_covariance_estimation,0.142
1657065634.528492,1.2_create_factors,0.539
1657065634.528492,1.2_smoother_update,19.948
1657065634.528492,1.3_gnss_injection,0.483
1657065634.528492,1.2_update_frames_calculate_estimate,0.061
1657065634.528492,1.2_update_frames_state_copy,0.016
1657065634.528492,1.2_update_frames_sigma_p,0.028
1657065634.528492,1.2_update_frames_icp_quality,0.286
1657065634.528492,1.2_update_frames,0.556
1657065634.504515,2.1_gnss_araim,1.378
1657065634.528492,2.2_lidar_araim,0.022
1657065634.528492,2.3_dynamic_al,0.000
1657065634.528492,2.3_state_machine,0.019
1657065634.528492,2.3_integrity_total,1.516
1657065634.528492,1.2_odom_insert_frame,24.915
1657065629.628454,1.4_sub_map_insert,1.987
1657065634.628537,1.1_pointcloud_extract,0.007
1657065634.628537,1.1_cloud_preprocess,0.191
1657065634.628537,1.1_ros_callback_total,0.267
1657065634.628537,1.2_imu_integration,0.079
1657065634.628537,1.2_pointcloud_deskew,0.011
1657065634.628537,1.2_covariance_estimation,0.125
1657065634.628537,1.2_create_factors,0.485
1657065634.628537,1.2_smoother_update,20.065
1657065634.628537,1.3_gnss_injection,0.510
1657065634.628537,1.2_update_frames_calculate_estimate,0.055
1657065634.628537,1.2_update_frames_state_copy,0.015
1657065634.628537,1.2_update_frames_sigma_p,0.026
1657065634.628537,1.2_update_frames_icp_quality,0.271
1657065634.628537,1.2_update_frames,0.514
1657065634.604466,2.1_gnss_araim,0.688
1657065634.628537,2.2_lidar_araim,0.015
1657065634.628537,2.3_dynamic_al,0.000
1657065634.628537,2.3_state_machine,0.015
1657065634.628537,2.3_integrity_total,0.770
1657065634.628537,1.2_odom_insert_frame,24.341
1657065629.728386,1.4_sub_map_insert,2.182
1657065634.728527,1.1_pointcloud_extract,0.005
1657065634.728527,1.1_cloud_preprocess,0.208
1657065634.728527,1.1_ros_callback_total,0.286
1657065634.728527,1.2_imu_integration,0.090
1657065634.728527,1.2_pointcloud_deskew,0.010
1657065634.728527,1.2_covariance_estimation,0.204
1657065634.728527,1.2_create_factors,0.305
1657065634.728527,1.2_smoother_update,25.716
1657065634.728527,1.3_gnss_injection,0.654
1657065634.728527,1.2_update_frames_calculate_estimate,0.121
1657065634.728527,1.2_update_frames_state_copy,0.021
1657065634.728527,1.2_update_frames_sigma_p,0.053
1657065634.728527,1.2_update_frames_icp_quality,0.454
1657065634.728527,1.2_update_frames,0.853
1657065634.704514,2.1_gnss_araim,0.708
1657065634.728527,2.2_lidar_araim,0.021
1657065634.728527,2.3_dynamic_al,0.000
1657065634.728527,2.3_state_machine,0.019
1657065634.728527,2.3_integrity_total,0.820
1657065634.728527,1.2_odom_insert_frame,30.875
1657065629.828453,1.4_sub_map_insert,2.058
1657065634.828538,1.1_pointcloud_extract,0.004
1657065634.828538,1.1_cloud_preprocess,0.180
1657065634.828538,1.1_ros_callback_total,0.222
1657065634.828538,1.2_imu_integration,0.092
1657065634.828538,1.2_pointcloud_deskew,0.012
1657065634.828538,1.2_covariance_estimation,0.120
1657065634.828538,1.2_create_factors,0.307
1657065634.828538,1.2_smoother_update,25.854
1657065634.828538,1.3_gnss_injection,0.651
1657065634.828538,1.2_update_frames_calculate_estimate,0.124
1657065634.828538,1.2_update_frames_state_copy,0.021
1657065634.828538,1.2_update_frames_sigma_p,0.049
1657065634.828538,1.2_update_frames_icp_quality,0.567
1657065634.828538,1.2_update_frames,0.959
1657065634.804517,2.1_gnss_araim,0.684
1657065634.828538,2.2_lidar_araim,0.020
1657065634.828538,2.3_dynamic_al,0.000
1657065634.828538,2.3_state_machine,0.017
1657065634.828538,2.3_integrity_total,0.795
1657065634.828538,1.2_odom_insert_frame,31.228
1657065629.928380,1.4_sub_map_insert,1.714
1657065634.928514,1.1_pointcloud_extract,0.004
1657065634.928514,1.1_cloud_preprocess,0.173
1657065634.928514,1.1_ros_callback_total,0.225
1657065634.928514,1.2_imu_integration,0.091
1657065634.928514,1.2_pointcloud_deskew,0.010
1657065634.928514,1.2_covariance_estimation,0.107
1657065634.928514,1.2_create_factors,0.305
1657065634.928514,1.2_smoother_update,25.632
1657065634.928514,1.3_gnss_injection,0.453
1657065634.928514,1.2_update_frames_calculate_estimate,0.116
1657065634.928514,1.2_update_frames_state_copy,0.023
1657065634.928514,1.2_update_frames_sigma_p,0.048
1657065634.928514,1.2_update_frames_icp_quality,0.750
1657065634.928514,1.2_update_frames,1.116
1657065634.904547,2.1_gnss_araim,0.830
1657065634.928514,2.2_lidar_araim,0.019
1657065634.928514,2.3_dynamic_al,0.000
1657065634.928514,2.3_state_machine,0.015
1657065634.928514,2.3_integrity_total,0.936
1657065634.928514,1.2_odom_insert_frame,30.825
1657065630.028434,1.4_sub_map_insert,1.738
1657065635.028534,1.1_pointcloud_extract,0.004
1657065635.028534,1.1_cloud_preprocess,0.178
1657065635.028534,1.1_ros_callback_total,0.226
1657065635.028534,1.2_imu_integration,0.091
1657065635.028534,1.2_pointcloud_deskew,0.025
1657065635.028534,1.2_covariance_estimation,0.248
1657065635.028534,1.2_create_factors,0.538
1657065635.028534,1.2_smoother_update,25.747
1657065635.028534,1.3_gnss_injection,0.709
1657065635.028534,1.2_update_frames_calculate_estimate,0.117
1657065635.028534,1.2_update_frames_state_copy,0.022
1657065635.028534,1.2_update_frames_sigma_p,0.044
1657065635.028534,1.2_update_frames_icp_quality,0.545
1657065635.028534,1.2_update_frames,0.919
1657065635.004617,2.1_gnss_araim,0.697
1657065635.028534,2.2_lidar_araim,0.016
1657065635.028534,2.3_dynamic_al,0.000
1657065635.028534,2.3_state_machine,0.015
1657065635.028534,2.3_integrity_total,0.794
1657065635.028534,1.2_odom_insert_frame,31.310
1657065630.128423,1.4_sub_map_insert,1.653
1657065635.128482,1.1_pointcloud_extract,0.005
1657065635.128482,1.1_cloud_preprocess,0.181
1657065635.128482,1.1_ros_callback_total,0.239
1657065635.128482,1.2_imu_integration,0.082
1657065635.128482,1.2_pointcloud_deskew,0.011
1657065635.128482,1.2_covariance_estimation,0.138
1657065635.128482,1.2_create_factors,0.272
1657065635.128482,1.2_smoother_update,19.924
1657065635.128482,1.3_gnss_injection,0.468
1657065635.128482,1.2_update_frames_calculate_estimate,0.052
1657065635.128482,1.2_update_frames_state_copy,0.014
1657065635.128482,1.2_update_frames_sigma_p,0.023
1657065635.128482,1.2_update_frames_icp_quality,0.274
1657065635.128482,1.2_update_frames,0.510
1657065635.104453,2.1_gnss_araim,0.695
1657065635.128482,2.2_lidar_araim,0.018
1657065635.128482,2.3_dynamic_al,0.000
1657065635.128482,2.3_state_machine,0.016
1657065635.128482,2.3_integrity_total,0.799
1657065635.128482,1.2_odom_insert_frame,23.807
1657065630.228389,1.4_sub_map_insert,2.214
1657065635.228454,1.1_pointcloud_extract,0.005
1657065635.228454,1.1_cloud_preprocess,0.186
1657065635.228454,1.1_ros_callback_total,0.251
1657065635.228454,1.2_imu_integration,0.090
1657065635.228454,1.2_pointcloud_deskew,0.010
1657065635.228454,1.2_covariance_estimation,0.113
1657065635.228454,1.2_create_factors,0.310
1657065635.228454,1.2_smoother_update,25.723
1657065635.228454,1.3_gnss_injection,0.713
1657065635.228454,1.2_update_frames_calculate_estimate,0.115
1657065635.228454,1.2_update_frames_state_copy,0.021
1657065635.228454,1.2_update_frames_sigma_p,0.040
1657065635.228454,1.2_update_frames_icp_quality,0.332
1657065635.228454,1.2_update_frames,0.687
1657065635.204456,2.1_gnss_araim,0.796
1657065635.228454,2.2_lidar_araim,0.021
1657065635.228454,2.3_dynamic_al,0.000
1657065635.228454,2.3_state_machine,0.017
1657065635.228454,2.3_integrity_total,0.903
1657065635.228454,1.2_odom_insert_frame,30.778
1657065630.328434,1.4_sub_map_insert,2.139
1657065635.328542,1.1_pointcloud_extract,0.005
1657065635.328542,1.1_cloud_preprocess,0.186
1657065635.328542,1.1_ros_callback_total,0.228
1657065635.328542,1.2_imu_integration,0.092
1657065635.328542,1.2_pointcloud_deskew,0.010
1657065635.328542,1.2_covariance_estimation,0.200
1657065635.328542,1.2_create_factors,0.304
1657065635.328542,1.2_smoother_update,25.734
1657065635.328542,1.3_gnss_injection,0.674
1657065635.328542,1.2_update_frames_calculate_estimate,0.112
1657065635.328542,1.2_update_frames_state_copy,0.022
1657065635.328542,1.2_update_frames_sigma_p,0.043
1657065635.328542,1.2_update_frames_icp_quality,0.405
1657065635.328542,1.2_update_frames,0.914
1657065635.304465,2.1_gnss_araim,0.736
1657065635.328542,2.2_lidar_araim,0.020
1657065635.328542,2.3_dynamic_al,0.000
1657065635.328542,2.3_state_machine,0.020
1657065635.328542,2.3_integrity_total,0.843
1657065635.328542,1.2_odom_insert_frame,30.907
1657065630.428431,1.4_sub_map_insert,1.660
1657065635.428467,1.1_pointcloud_extract,0.005
1657065635.428467,1.1_cloud_preprocess,0.181
1657065635.428467,1.1_ros_callback_total,0.237
1657065635.428467,1.2_imu_integration,0.074
1657065635.428467,1.2_pointcloud_deskew,0.010
1657065635.428467,1.2_covariance_estimation,0.261
1657065635.428467,1.2_create_factors,0.298
1657065635.428467,1.2_smoother_update,25.716
1657065635.428467,1.3_gnss_injection,0.427
1657065635.428467,1.2_update_frames_calculate_estimate,0.088
1657065635.428467,1.2_update_frames_state_copy,0.020
1657065635.428467,1.2_update_frames_sigma_p,0.032
1657065635.428467,1.2_update_frames_icp_quality,0.316
1657065635.428467,1.2_update_frames,0.629
1657065635.404681,2.1_gnss_araim,2.187
1657065635.428467,2.2_lidar_araim,0.019
1657065635.428467,2.3_dynamic_al,0.000
1657065635.428467,2.3_state_machine,0.015
1657065635.428467,2.3_integrity_total,2.294
1657065635.428467,1.2_odom_insert_frame,31.731
1657065630.528426,1.4_sub_map_insert,1.678
1657065635.528463,1.1_pointcloud_extract,0.005
1657065635.528463,1.1_cloud_preprocess,0.194
1657065635.528463,1.1_ros_callback_total,0.251
1657065635.528463,1.2_imu_integration,0.094
1657065635.528463,1.2_pointcloud_deskew,0.010
1657065635.528463,1.2_covariance_estimation,0.124
1657065635.528463,1.2_create_factors,0.310
1657065635.528463,1.2_smoother_update,25.436
1657065635.528463,1.3_gnss_injection,0.629
1657065635.528463,1.2_update_frames_calculate_estimate,0.095
1657065635.528463,1.2_update_frames_state_copy,0.020
1657065635.528463,1.2_update_frames_sigma_p,0.035
1657065635.528463,1.2_update_frames_icp_quality,0.332
1657065635.528463,1.2_update_frames,0.665
1657065635.504460,2.1_gnss_araim,0.698
1657065635.528463,2.2_lidar_araim,0.019
1657065635.528463,2.3_dynamic_al,0.000
1657065635.528463,2.3_state_machine,0.017
1657065635.528463,2.3_integrity_total,0.814
1657065635.528463,1.2_odom_insert_frame,30.433
1657065630.628373,1.4_sub_map_insert,1.600
1657065635.628463,1.1_pointcloud_extract,0.005
1657065635.628463,1.1_cloud_preprocess,0.203
1657065635.628463,1.1_ros_callback_total,0.261
1657065635.628463,1.2_imu_integration,0.090
1657065635.628463,1.2_pointcloud_deskew,0.010
1657065635.628463,1.2_covariance_estimation,0.140
1657065635.628463,1.2_create_factors,0.301
1657065635.628463,1.2_smoother_update,25.769
1657065635.628463,1.3_gnss_injection,0.686
1657065635.628463,1.2_update_frames_calculate_estimate,0.104
1657065635.628463,1.2_update_frames_state_copy,0.021
1657065635.628463,1.2_update_frames_sigma_p,0.037
1657065635.628463,1.2_update_frames_icp_quality,0.325
1657065635.628463,1.2_update_frames,0.668
1657065635.604462,2.1_gnss_araim,0.827
1657065635.628463,2.2_lidar_araim,0.019
1657065635.628463,2.3_dynamic_al,0.000
1657065635.628463,2.3_state_machine,0.015
1657065635.628463,2.3_integrity_total,0.935
1657065635.628463,1.2_odom_insert_frame,30.797
1657065630.728393,1.4_sub_map_insert,2.005
1657065635.728464,1.1_pointcloud_extract,0.004
1657065635.728464,1.1_cloud_preprocess,0.187
1657065635.728464,1.1_ros_callback_total,0.236
1657065635.728464,1.2_imu_integration,0.091
1657065635.728464,1.2_pointcloud_deskew,0.010
1657065635.728464,1.2_covariance_estimation,0.227
1657065635.728464,1.2_create_factors,0.315
1657065635.728464,1.2_smoother_update,26.326
1657065635.728464,1.3_gnss_injection,0.656
1657065635.728464,1.2_update_frames_calculate_estimate,0.097
1657065635.728464,1.2_update_frames_state_copy,0.021
1657065635.728464,1.2_update_frames_sigma_p,0.037
1657065635.728464,1.2_update_frames_icp_quality,0.329
1657065635.728464,1.2_update_frames,0.670
1657065635.704535,2.1_gnss_araim,0.922
1657065635.728464,2.2_lidar_araim,0.017
1657065635.728464,2.3_dynamic_al,0.000
1657065635.728464,2.3_state_machine,0.017
1657065635.728464,2.3_integrity_total,1.019
1657065635.728464,1.2_odom_insert_frame,31.426
1657065630.828431,1.4_sub_map_insert,2.108
1657065635.828552,1.1_pointcloud_extract,0.005
1657065635.828552,1.1_cloud_preprocess,0.185
1657065635.828552,1.1_ros_callback_total,0.230
1657065635.828552,1.2_imu_integration,0.092
1657065635.828552,1.2_pointcloud_deskew,0.010
1657065635.828552,1.2_covariance_estimation,0.251
1657065635.828552,1.2_create_factors,0.328
1657065635.828552,1.2_smoother_update,25.950
1657065635.828552,1.3_gnss_injection,0.618
1657065635.828552,1.2_update_frames_calculate_estimate,0.092
1657065635.828552,1.2_update_frames_state_copy,0.021
1657065635.828552,1.2_update_frames_sigma_p,0.035
1657065635.828552,1.2_update_frames_icp_quality,0.324
1657065635.828552,1.2_update_frames,0.643
1657065635.804465,2.1_gnss_araim,0.832
1657065635.828552,2.2_lidar_araim,0.020
1657065635.828552,2.3_dynamic_al,0.000
1657065635.828552,2.3_state_machine,0.018
1657065635.828552,2.3_integrity_total,0.944
1657065635.828552,1.2_odom_insert_frame,30.914
1657065630.928439,1.4_sub_map_insert,2.191
1657065635.928524,1.1_pointcloud_extract,0.005
1657065635.928524,1.1_cloud_preprocess,0.174
1657065635.928524,1.1_ros_callback_total,0.214
1657065635.928524,1.2_imu_integration,0.078
1657065635.928524,1.2_pointcloud_deskew,0.011
1657065635.928524,1.2_covariance_estimation,0.169
1657065635.928524,1.2_create_factors,0.266
1657065635.928524,1.2_smoother_update,19.892
1657065635.928524,1.3_gnss_injection,0.309
1657065635.928524,1.2_update_frames_calculate_estimate,0.045
1657065635.928524,1.2_update_frames_state_copy,0.013
1657065635.928524,1.2_update_frames_sigma_p,0.024
1657065635.928524,1.2_update_frames_icp_quality,0.266
1657065635.928524,1.2_update_frames,0.492
1657065635.904525,2.1_gnss_araim,0.648
1657065635.928524,2.2_lidar_araim,0.019
1657065635.928524,2.3_dynamic_al,0.000
1657065635.928524,2.3_state_machine,0.017
1657065635.928524,2.3_integrity_total,0.754
1657065635.928524,1.2_odom_insert_frame,23.343
1657065631.028370,1.4_sub_map_insert,2.066
1657065636.028473,1.1_pointcloud_extract,0.005
1657065636.028473,1.1_cloud_preprocess,0.282
1657065636.028473,1.1_ros_callback_total,0.335
1657065636.028473,1.2_imu_integration,0.145
1657065636.028473,1.2_pointcloud_deskew,0.012
1657065636.028473,1.2_covariance_estimation,0.087
1657065636.028473,1.2_create_factors,0.335
1657065636.028473,1.2_smoother_update,19.157
1657065636.028473,1.3_gnss_injection,0.420
1657065636.028473,1.2_update_frames_calculate_estimate,0.053
1657065636.028473,1.2_update_frames_state_copy,0.014
1657065636.028473,1.2_update_frames_sigma_p,0.025
1657065636.028473,1.2_update_frames_icp_quality,0.462
1657065636.028473,1.2_update_frames,0.700
1657065636.004472,2.1_gnss_araim,0.657
1657065636.028473,2.2_lidar_araim,0.014
1657065636.028473,2.3_dynamic_al,0.000
1657065636.028473,2.3_state_machine,0.020
1657065636.028473,2.3_integrity_total,0.744
1657065636.028473,1.2_odom_insert_frame,23.129
1657065631.128449,1.4_sub_map_insert,1.929
1657065636.128469,1.1_pointcloud_extract,0.006
1657065636.128469,1.1_cloud_preprocess,0.196
1657065636.128469,1.1_ros_callback_total,0.254
1657065636.128469,1.2_imu_integration,0.093
1657065636.128469,1.2_pointcloud_deskew,0.012
1657065636.128469,1.2_covariance_estimation,0.103
1657065636.128469,1.2_create_factors,0.306
1657065636.128469,1.2_smoother_update,26.559
1657065636.128469,1.3_gnss_injection,0.665
1657065636.128469,1.2_update_frames_calculate_estimate,0.107
1657065636.128469,1.2_update_frames_state_copy,0.022
1657065636.128469,1.2_update_frames_sigma_p,0.036
1657065636.128469,1.2_update_frames_icp_quality,0.350
1657065636.128469,1.2_update_frames,0.691
1657065636.104469,2.1_gnss_araim,1.005
1657065636.128469,2.2_lidar_araim,0.020
1657065636.128469,2.3_dynamic_al,0.000
1657065636.128469,2.3_state_machine,0.015
1657065636.128469,2.3_integrity_total,1.114
1657065636.128469,1.2_odom_insert_frame,31.680
1657065631.228367,1.4_sub_map_insert,2.086
1657065636.228529,1.1_pointcloud_extract,0.005
1657065636.228529,1.1_cloud_preprocess,0.178
1657065636.228529,1.1_ros_callback_total,0.237
1657065636.228529,1.2_imu_integration,0.074
1657065636.228529,1.2_pointcloud_deskew,0.011
1657065636.228529,1.2_covariance_estimation,0.187
1657065636.228529,1.2_create_factors,0.310
1657065636.228529,1.2_smoother_update,26.148
1657065636.228529,1.3_gnss_injection,0.669
1657065636.228529,1.2_update_frames_calculate_estimate,0.091
1657065636.228529,1.2_update_frames_state_copy,0.020
1657065636.228529,1.2_update_frames_sigma_p,0.032
1657065636.228529,1.2_update_frames_icp_quality,0.410
1657065636.228529,1.2_update_frames,0.728
1657065636.204528,2.1_gnss_araim,0.687
1657065636.228529,2.2_lidar_araim,0.020
1657065636.228529,2.3_dynamic_al,0.000
1657065636.228529,2.3_state_machine,0.018
1657065636.228529,2.3_integrity_total,0.802
1657065636.228529,1.2_odom_insert_frame,31.033
1657065631.328459,1.4_sub_map_insert,1.708
1657065636.328542,1.1_pointcloud_extract,0.005
1657065636.328542,1.1_cloud_preprocess,0.194
1657065636.328542,1.1_ros_callback_total,0.245
1657065636.328542,1.2_imu_integration,0.091
1657065636.328542,1.2_pointcloud_deskew,0.010
1657065636.328542,1.2_covariance_estimation,0.232
1657065636.328542,1.2_create_factors,0.467
1657065636.328542,1.2_smoother_update,25.661
1657065636.328542,1.3_gnss_injection,0.617
1657065636.328542,1.2_update_frames_calculate_estimate,0.101
1657065636.328542,1.2_update_frames_state_copy,0.021
1657065636.328542,1.2_update_frames_sigma_p,0.038
1657065636.328542,1.2_update_frames_icp_quality,0.338
1657065636.328542,1.2_update_frames,0.680
1657065636.304463,2.1_gnss_araim,0.790
1657065636.328542,2.2_lidar_araim,0.019
1657065636.328542,2.3_dynamic_al,0.000
1657065636.328542,2.3_state_machine,0.018
1657065636.328542,2.3_integrity_total,0.903
1657065636.328542,1.2_odom_insert_frame,30.759
1657065631.428382,1.4_sub_map_insert,2.226
1657065636.428521,1.1_pointcloud_extract,0.006
1657065636.428521,1.1_cloud_preprocess,0.187
1657065636.428521,1.1_ros_callback_total,0.252
1657065636.428521,1.2_imu_integration,0.090
1657065636.428521,1.2_pointcloud_deskew,0.010
1657065636.428521,1.2_covariance_estimation,0.254
1657065636.428521,1.2_create_factors,0.258
1657065636.428521,1.2_smoother_update,20.146
1657065636.428521,1.3_gnss_injection,0.313
1657065636.428521,1.2_update_frames_calculate_estimate,0.045
1657065636.428521,1.2_update_frames_state_copy,0.014
1657065636.428521,1.2_update_frames_sigma_p,0.024
1657065636.428521,1.2_update_frames_icp_quality,0.262
1657065636.428521,1.2_update_frames,0.486
1657065636.404578,2.1_gnss_araim,0.640
1657065636.428521,2.2_lidar_araim,0.019
1657065636.428521,2.3_dynamic_al,0.000
1657065636.428521,2.3_state_machine,0.015
1657065636.428521,2.3_integrity_total,0.745
1657065636.428521,1.2_odom_insert_frame,23.815
1657065631.528422,1.4_sub_map_insert,1.941
1657065636.528685,1.1_pointcloud_extract,0.005
1657065636.528685,1.1_cloud_preprocess,0.192
1657065636.528685,1.1_ros_callback_total,0.253
1657065636.528685,1.2_imu_integration,0.090
1657065636.528685,1.2_pointcloud_deskew,0.012
1657065636.528685,1.2_covariance_estimation,0.141
1657065636.528685,1.2_create_factors,0.435
1657065636.528685,1.2_smoother_update,25.483
1657065636.528685,1.3_gnss_injection,0.612
1657065636.528685,1.2_update_frames_calculate_estimate,0.101
1657065636.528685,1.2_update_frames_state_copy,0.020
1657065636.528685,1.2_update_frames_sigma_p,0.039
1657065636.528685,1.2_update_frames_icp_quality,0.464
1657065636.528685,1.2_update_frames,0.809
1657065636.504522,2.1_gnss_araim,0.779
1657065636.528685,2.2_lidar_araim,0.019
1657065636.528685,2.3_dynamic_al,0.000
1657065636.528685,2.3_state_machine,0.018
1657065636.528685,2.3_integrity_total,0.896
1657065636.528685,1.2_odom_insert_frame,31.011
1657065631.628448,1.4_sub_map_insert,2.144
1657065636.628540,1.1_pointcloud_extract,0.007
1657065636.628540,1.1_cloud_preprocess,0.194
1657065636.628540,1.1_ros_callback_total,0.274
1657065636.628540,1.2_imu_integration,0.091
1657065636.628540,1.2_pointcloud_deskew,0.011
1657065636.628540,1.2_covariance_estimation,0.200
1657065636.628540,1.2_create_factors,0.317
1657065636.628540,1.2_smoother_update,26.623
1657065636.628540,1.3_gnss_injection,0.696
1657065636.628540,1.2_update_frames_calculate_estimate,0.104
1657065636.628540,1.2_update_frames_state_copy,0.020
1657065636.628540,1.2_update_frames_sigma_p,0.037
1657065636.628540,1.2_update_frames_icp_quality,0.321
1657065636.628540,1.2_update_frames,0.662
1657065636.604456,2.1_gnss_araim,0.963
1657065636.628540,2.2_lidar_araim,0.017
1657065636.628540,2.3_dynamic_al,0.000
1657065636.628540,2.3_state_machine,0.017
1657065636.628540,2.3_integrity_total,1.063
1657065636.628540,1.2_odom_insert_frame,31.798
1657065631.728382,1.4_sub_map_insert,2.075
1657065636.728467,1.1_pointcloud_extract,0.005
1657065636.728467,1.1_cloud_preprocess,0.210
1657065636.728467,1.1_ros_callback_total,0.281
1657065636.728467,1.2_imu_integration,0.093
1657065636.728467,1.2_pointcloud_deskew,0.010
1657065636.728467,1.2_covariance_estimation,0.143
1657065636.728467,1.2_create_factors,0.301
1657065636.728467,1.2_smoother_update,25.515
1657065636.728467,1.3_gnss_injection,0.632
1657065636.728467,1.2_update_frames_calculate_estimate,0.098
1657065636.728467,1.2_update_frames_state_copy,0.020
1657065636.728467,1.2_update_frames_sigma_p,0.033
1657065636.728467,1.2_update_frames_icp_quality,0.310
1657065636.728467,1.2_update_frames,0.631
1657065636.704588,2.1_gnss_araim,0.818
1657065636.728467,2.2_lidar_araim,0.020
1657065636.728467,2.3_dynamic_al,0.000
1657065636.728467,2.3_state_machine,0.012
1657065636.728467,2.3_integrity_total,0.922
1657065636.728467,1.2_odom_insert_frame,30.462
1657065631.828446,1.4_sub_map_insert,2.137
1657065636.828652,1.1_pointcloud_extract,0.025
1657065636.828652,1.1_cloud_preprocess,0.185
1657065636.828652,1.1_ros_callback_total,0.264
1657065636.828652,1.2_imu_integration,0.092
1657065636.828652,1.2_pointcloud_deskew,0.012
1657065636.828652,1.2_covariance_estimation,0.245
1657065636.828652,1.2_create_factors,0.324
1657065636.828652,1.2_smoother_update,25.929
1657065636.828652,1.3_gnss_injection,0.626
1657065636.828652,1.2_update_frames_calculate_estimate,0.116
1657065636.828652,1.2_update_frames_state_copy,0.021
1657065636.828652,1.2_update_frames_sigma_p,0.046
1657065636.828652,1.2_update_frames_icp_quality,0.348
1657065636.828652,1.2_update_frames,0.726
1657065636.804466,2.1_gnss_araim,0.789
1657065636.828652,2.2_lidar_araim,0.020
1657065636.828652,2.3_dynamic_al,0.000
1657065636.828652,2.3_state_machine,0.017
1657065636.828652,2.3_integrity_total,0.899
1657065636.828652,1.2_odom_insert_frame,31.129
1657065631.928449,1.4_sub_map_insert,1.994
1657065636.928519,1.1_pointcloud_extract,0.004
1657065636.928519,1.1_cloud_preprocess,0.175
1657065636.928519,1.1_ros_callback_total,0.216
1657065636.928519,1.2_imu_integration,0.073
1657065636.928519,1.2_pointcloud_deskew,0.010
1657065636.928519,1.2_covariance_estimation,0.131
1657065636.928519,1.2_create_factors,0.270
1657065636.928519,1.2_smoother_update,19.666
1657065636.928519,1.3_gnss_injection,0.308
1657065636.928519,1.2_update_frames_calculate_estimate,0.044
1657065636.928519,1.2_update_frames_state_copy,0.014
1657065636.928519,1.2_update_frames_sigma_p,0.023
1657065636.928519,1.2_update_frames_icp_quality,0.265
1657065636.928519,1.2_update_frames,0.489
1657065636.904514,2.1_gnss_araim,0.801
1657065636.928519,2.2_lidar_araim,0.017
1657065636.928519,2.3_dynamic_al,0.000
1657065636.928519,2.3_state_machine,0.015
1657065636.928519,2.3_integrity_total,0.898
1657065636.928519,1.2_odom_insert_frame,23.225
1657065632.028368,1.4_sub_map_insert,2.269
1657065637.028458,1.1_pointcloud_extract,0.005
1657065637.028458,1.1_cloud_preprocess,0.212
1657065637.028458,1.1_ros_callback_total,0.263
1657065637.028458,1.2_imu_integration,0.075
1657065637.028458,1.2_pointcloud_deskew,0.010
1657065637.028458,1.2_covariance_estimation,0.186
1657065637.028458,1.2_create_factors,0.337
1657065637.028458,1.2_smoother_update,19.178
1657065637.028458,1.3_gnss_injection,0.436
1657065637.028458,1.2_update_frames_calculate_estimate,0.052
1657065637.028458,1.2_update_frames_state_copy,0.014
1657065637.028458,1.2_update_frames_sigma_p,0.023
1657065637.028458,1.2_update_frames_icp_quality,0.265
1657065637.028458,1.2_update_frames,0.498
1657065637.004525,2.1_gnss_araim,0.676
1657065637.028458,2.2_lidar_araim,0.016
1657065637.028458,2.3_dynamic_al,0.000
1657065637.028458,2.3_state_machine,0.014
1657065637.028458,2.3_integrity_total,0.764
1657065637.028458,1.2_odom_insert_frame,23.209
1657065632.128430,1.4_sub_map_insert,2.034
1657065637.128519,1.1_pointcloud_extract,0.005
1657065637.128519,1.1_cloud_preprocess,0.202
1657065637.128519,1.1_ros_callback_total,0.250
1657065637.128519,1.2_imu_integration,0.094
1657065637.128519,1.2_pointcloud_deskew,0.018
1657065637.128519,1.2_covariance_estimation,0.158
1657065637.128519,1.2_create_factors,0.316
1657065637.128519,1.2_smoother_update,26.607
1657065637.128519,1.3_gnss_injection,0.698
1657065637.128519,1.2_update_frames_calculate_estimate,0.116
1657065637.128519,1.2_update_frames_state_copy,0.021
1657065637.128519,1.2_update_frames_sigma_p,0.042
1657065637.128519,1.2_update_frames_icp_quality,0.471
1657065637.128519,1.2_update_frames,0.893
1657065637.104462,2.1_gnss_araim,0.814
1657065637.128519,2.2_lidar_araim,0.016
1657065637.128519,2.3_dynamic_al,0.000
1657065637.128519,2.3_state_machine,0.023
1657065637.128519,2.3_integrity_total,0.915
1657065637.128519,1.2_odom_insert_frame,32.257
1657065632.228441,1.4_sub_map_insert,2.067
1657065637.228454,1.1_pointcloud_extract,0.005
1657065637.228454,1.1_cloud_preprocess,0.184
1657065637.228454,1.1_ros_callback_total,0.231
1657065637.228454,1.2_imu_integration,0.092
1657065637.228454,1.2_pointcloud_deskew,0.010
1657065637.228454,1.2_covariance_estimation,0.161
1657065637.228454,1.2_create_factors,0.296
1657065637.228454,1.2_smoother_update,25.485
1657065637.228454,1.3_gnss_injection,0.671
1657065637.228454,1.2_update_frames_calculate_estimate,0.113
1657065637.228454,1.2_update_frames_state_copy,0.021
1657065637.228454,1.2_update_frames_sigma_p,0.042
1657065637.228454,1.2_update_frames_icp_quality,0.800
1657065637.228454,1.2_update_frames,1.162
1657065637.204530,2.1_gnss_araim,0.712
1657065637.228454,2.2_lidar_araim,0.021
1657065637.228454,2.3_dynamic_al,0.000
1657065637.228454,2.3_state_machine,0.011
1657065637.228454,2.3_integrity_total,0.834
1657065637.228454,1.2_odom_insert_frame,30.941
1657065632.328450,1.4_sub_map_insert,2.100
1657065637.328483,1.1_pointcloud_extract,0.005
1657065637.328483,1.1_cloud_preprocess,0.190
1657065637.328483,1.1_ros_callback_total,0.240
1657065637.328483,1.2_imu_integration,0.090
1657065637.328483,1.2_pointcloud_deskew,0.010
1657065637.328483,1.2_covariance_estimation,0.253
1657065637.328483,1.2_create_factors,0.305
1657065637.328483,1.2_smoother_update,25.982
1657065637.328483,1.3_gnss_injection,0.714
1657065637.328483,1.2_update_frames_calculate_estimate,0.120
1657065637.328483,1.2_update_frames_state_copy,0.021
1657065637.328483,1.2_update_frames_sigma_p,0.049
1657065637.328483,1.2_update_frames_icp_quality,0.589
1657065637.328483,1.2_update_frames,1.094
1657065637.304458,2.1_gnss_araim,0.793
1657065637.328483,2.2_lidar_araim,0.019
1657065637.328483,2.3_dynamic_al,0.000
1657065637.328483,2.3_state_machine,0.019
1657065637.328483,2.3_integrity_total,0.912
1657065637.328483,1.2_odom_insert_frame,31.872
1657065632.428430,1.4_sub_map_insert,2.217
1657065637.428512,1.1_pointcloud_extract,0.005
1657065637.428512,1.1_cloud_preprocess,0.179
1657065637.428512,1.1_ros_callback_total,0.234
1657065637.428512,1.2_imu_integration,0.096
1657065637.428512,1.2_pointcloud_deskew,0.010
1657065637.428512,1.2_covariance_estimation,0.294
1657065637.428512,1.2_create_factors,0.312
1657065637.428512,1.2_smoother_update,25.742
1657065637.428512,1.3_gnss_injection,0.445
1657065637.428512,1.2_update_frames_calculate_estimate,0.102
1657065637.428512,1.2_update_frames_state_copy,0.020
1657065637.428512,1.2_update_frames_sigma_p,0.040
1657065637.428512,1.2_update_frames_icp_quality,0.318
1657065637.428512,1.2_update_frames,0.666
1657065637.404540,2.1_gnss_araim,0.879
1657065637.428512,2.2_lidar_araim,0.015
1657065637.428512,2.3_dynamic_al,0.000
1657065637.428512,2.3_state_machine,0.013
1657065637.428512,2.3_integrity_total,0.969
1657065637.428512,1.2_odom_insert_frame,30.665
1657065632.528436,1.4_sub_map_insert,1.952
1657065637.528467,1.1_pointcloud_extract,0.005
1657065637.528467,1.1_cloud_preprocess,0.192
1657065637.528467,1.1_ros_callback_total,0.266
1657065637.528467,1.2_imu_integration,0.092
1657065637.528467,1.2_pointcloud_deskew,0.010
1657065637.528467,1.2_covariance_estimation,0.142
1657065637.528467,1.2_create_factors,0.619
1657065637.528467,1.2_smoother_update,25.500
1657065637.528467,1.3_gnss_injection,0.617
1657065637.528467,1.2_update_frames_calculate_estimate,0.100
1657065637.528467,1.2_update_frames_state_copy,0.020
1657065637.528467,1.2_update_frames_sigma_p,0.034
1657065637.528467,1.2_update_frames_icp_quality,0.316
1657065637.528467,1.2_update_frames,0.639
1657065637.504527,2.1_gnss_araim,0.769
1657065637.528467,2.2_lidar_araim,0.014
1657065637.528467,2.3_dynamic_al,0.000
1657065637.528467,2.3_state_machine,0.013
1657065637.528467,2.3_integrity_total,0.854
1657065637.528467,1.2_odom_insert_frame,30.783
1657065632.628463,1.4_sub_map_insert,2.027
1657065637.628658,1.1_pointcloud_extract,0.006
1657065637.628658,1.1_cloud_preprocess,0.197
1657065637.628658,1.1_ros_callback_total,0.266
1657065637.628658,1.2_imu_integration,0.082
1657065637.628658,1.2_pointcloud_deskew,0.013
1657065637.628658,1.2_covariance_estimation,0.121
1657065637.628658,1.2_create_factors,0.260
1657065637.628658,1.2_smoother_update,19.500
1657065637.628658,1.3_gnss_injection,0.480
1657065637.628658,1.2_update_frames_calculate_estimate,0.057
1657065637.628658,1.2_update_frames_state_copy,0.015
1657065637.628658,1.2_update_frames_sigma_p,0.023
1657065637.628658,1.2_update_frames_icp_quality,0.268
1657065637.628658,1.2_update_frames,0.514
1657065637.604484,2.1_gnss_araim,1.098
1657065637.628658,2.2_lidar_araim,0.016
1657065637.628658,2.3_dynamic_al,0.000
1657065637.628658,2.3_state_machine,0.016
1657065637.628658,2.3_integrity_total,1.194
1657065637.628658,1.2_odom_insert_frame,23.984
1657065632.728470,1.4_sub_map_insert,2.082
1657065637.728516,1.1_pointcloud_extract,0.005
1657065637.728516,1.1_cloud_preprocess,0.184
1657065637.728516,1.1_ros_callback_total,0.241
1657065637.728516,1.2_imu_integration,0.087
1657065637.728516,1.2_pointcloud_deskew,0.012
1657065637.728516,1.2_covariance_estimation,0.221
1657065637.728516,1.2_create_factors,0.272
1657065637.728516,1.2_smoother_update,19.935
1657065637.728516,1.3_gnss_injection,0.470
1657065637.728516,1.2_update_frames_calculate_estimate,0.058
1657065637.728516,1.2_update_frames_state_copy,0.016
1657065637.728516,1.2_update_frames_sigma_p,0.027
1657065637.728516,1.2_update_frames_icp_quality,0.290
1657065637.728516,1.2_update_frames,0.546
1657065637.704466,2.1_gnss_araim,1.304
1657065637.728516,2.2_lidar_araim,0.022
1657065637.728516,2.3_dynamic_al,0.000
1657065637.728516,2.3_state_machine,0.019
1657065637.728516,2.3_integrity_total,1.443
1657065637.728516,1.2_odom_insert_frame,24.528
1657065637.828527,1.1_pointcloud_extract,0.005
1657065637.828527,1.1_cloud_preprocess,0.190
1657065637.828527,1.1_ros_callback_total,0.259
1657065637.828527,1.2_imu_integration,0.091
1657065637.828527,1.2_pointcloud_deskew,0.010
1657065637.828527,1.2_covariance_estimation,0.208
1657065637.828527,1.2_create_factors,0.324
1657065637.828527,1.2_smoother_update,26.899
1657065637.828527,1.3_gnss_injection,0.732
1657065637.828527,1.2_update_frames_calculate_estimate,0.135
1657065637.828527,1.2_update_frames_state_copy,0.025
1657065637.828527,1.2_update_frames_sigma_p,0.057
1657065637.828527,1.2_update_frames_icp_quality,0.326
1657065637.828527,1.2_update_frames,0.747
1657065637.804511,2.1_gnss_araim,0.760
1657065637.828527,2.2_lidar_araim,0.016
1657065637.828527,2.3_dynamic_al,0.000
1657065637.828527,2.3_state_machine,0.015
1657065637.828527,2.3_integrity_total,0.854
1657065637.828527,1.2_odom_insert_frame,32.407
1657065632.828526,1.4_sub_map_insert,2.949
1657065637.928521,1.1_pointcloud_extract,0.004
1657065637.928521,1.1_cloud_preprocess,0.189
1657065637.928521,1.1_ros_callback_total,0.243
1657065637.928521,1.2_imu_integration,0.085
1657065637.928521,1.2_pointcloud_deskew,0.011
1657065637.928521,1.2_covariance_estimation,0.097
1657065637.928521,1.2_create_factors,0.258
1657065637.928521,1.2_smoother_update,20.053
1657065637.928521,1.3_gnss_injection,0.332
1657065637.928521,1.2_update_frames_calculate_estimate,0.055
1657065637.928521,1.2_update_frames_state_copy,0.015
1657065637.928521,1.2_update_frames_sigma_p,0.027
1657065637.928521,1.2_update_frames_icp_quality,0.278
1657065637.928521,1.2_update_frames,0.530
1657065637.904555,2.1_gnss_araim,0.851
1657065637.928521,2.2_lidar_araim,0.016
1657065637.928521,2.3_dynamic_al,0.000
1657065637.928521,2.3_state_machine,0.014
1657065637.928521,2.3_integrity_total,0.946
1657065637.928521,1.2_odom_insert_frame,23.896
1657065633.028477,1.4_sub_map_insert,1.661
1657065638.028557,1.1_pointcloud_extract,0.004
1657065638.028557,1.1_cloud_preprocess,0.190
1657065638.028557,1.1_ros_callback_total,0.253
1657065638.028557,1.2_imu_integration,0.089
1657065638.028557,1.2_pointcloud_deskew,0.010
1657065638.028557,1.2_covariance_estimation,0.189
1657065638.028557,1.2_create_factors,0.329
1657065638.028557,1.2_smoother_update,26.357
1657065638.028557,1.3_gnss_injection,0.697
1657065638.028557,1.2_update_frames_calculate_estimate,0.148
1657065638.028557,1.2_update_frames_state_copy,0.023
1657065638.028557,1.2_update_frames_sigma_p,0.058
1657065638.028557,1.2_update_frames_icp_quality,0.344
1657065638.028557,1.2_update_frames,0.825
1657065638.004521,2.1_gnss_araim,0.959
1657065638.028557,2.2_lidar_araim,0.023
1657065638.028557,2.3_dynamic_al,0.000
1657065638.028557,2.3_state_machine,0.017
1657065638.028557,2.3_integrity_total,1.091
1657065638.028557,1.2_odom_insert_frame,32.478
1657065633.128460,1.4_sub_map_insert,1.717
1657065638.128519,1.1_pointcloud_extract,0.006
1657065638.128519,1.1_cloud_preprocess,0.191
1657065638.128519,1.1_ros_callback_total,0.250
1657065638.128519,1.2_imu_integration,0.080
1657065638.128519,1.2_pointcloud_deskew,0.012
1657065638.128519,1.2_covariance_estimation,0.137
1657065638.128519,1.2_create_factors,0.431
1657065638.128519,1.2_smoother_update,20.338
1657065638.128519,1.3_gnss_injection,0.500
1657065638.128519,1.2_update_frames_calculate_estimate,0.070
1657065638.128519,1.2_update_frames_state_copy,0.017
1657065638.128519,1.2_update_frames_sigma_p,0.028
1657065638.128519,1.2_update_frames_icp_quality,0.285
1657065638.128519,1.2_update_frames,0.557
1657065638.104539,2.1_gnss_araim,0.850
1657065638.128519,2.2_lidar_araim,0.021
1657065638.128519,2.3_dynamic_al,0.000
1657065638.128519,2.3_state_machine,0.018
1657065638.128519,2.3_integrity_total,0.967
1657065638.128519,1.2_odom_insert_frame,25.147
1657065638.228470,1.1_pointcloud_extract,0.005
1657065638.228470,1.1_cloud_preprocess,0.192
1657065638.228470,1.1_ros_callback_total,0.266
1657065638.228470,1.2_imu_integration,0.091
1657065638.228470,1.2_pointcloud_deskew,0.014
1657065638.228470,1.2_covariance_estimation,0.136
1657065638.228470,1.2_create_factors,0.293
1657065638.228470,1.2_smoother_update,3.182
1657065638.228470,1.3_gnss_injection,0.744
1657065638.228470,1.2_update_frames_calculate_estimate,0.130
1657065638.228470,1.2_update_frames_state_copy,0.022
1657065638.228470,1.2_update_frames_sigma_p,0.066
1657065638.228470,1.2_update_frames_icp_quality,0.361
1657065638.228470,1.2_update_frames,0.777
1657065638.204534,2.1_gnss_araim,0.703
1657065638.228470,2.2_lidar_araim,0.021
1657065638.228470,2.3_dynamic_al,0.000
1657065638.228470,2.3_state_machine,0.028
1657065638.228470,2.3_integrity_total,0.834
1657065638.228470,1.2_odom_insert_frame,8.424
1657065633.228531,1.4_sub_map_insert,2.117
1657065638.328535,1.1_pointcloud_extract,0.005
1657065638.328535,1.1_cloud_preprocess,0.191
1657065638.328535,1.1_ros_callback_total,0.270
1657065638.328535,1.2_imu_integration,0.091
1657065638.328535,1.2_pointcloud_deskew,0.009
1657065638.328535,1.2_covariance_estimation,0.248
1657065638.328535,1.2_create_factors,0.326
1657065638.328535,1.2_smoother_update,27.467
1657065638.328535,1.3_gnss_injection,0.803
1657065638.328535,1.2_update_frames_calculate_estimate,0.146
1657065638.328535,1.2_update_frames_state_copy,0.022
1657065638.328535,1.2_update_frames_sigma_p,0.061
1657065638.328535,1.2_update_frames_icp_quality,0.336
1657065638.328535,1.2_update_frames,0.755
1657065638.304527,2.1_gnss_araim,0.700
1657065638.328535,2.2_lidar_araim,0.021
1657065638.328535,2.3_dynamic_al,0.000
1657065638.328535,2.3_state_machine,0.021
1657065638.328535,2.3_integrity_total,0.822
1657065638.328535,1.2_odom_insert_frame,32.985
1657065633.328556,1.4_sub_map_insert,3.827
1657065638.428518,1.1_pointcloud_extract,0.005
1657065638.428518,1.1_cloud_preprocess,0.182
1657065638.428518,1.1_ros_callback_total,0.227
1657065638.428518,1.2_imu_integration,0.091
1657065638.428518,1.2_pointcloud_deskew,0.010
1657065638.428518,1.2_covariance_estimation,0.181
1657065638.428518,1.2_create_factors,0.309
1657065638.428518,1.2_smoother_update,27.595
1657065638.428518,1.3_gnss_injection,0.472
1657065638.428518,1.2_update_frames_calculate_estimate,0.132
1657065638.428518,1.2_update_frames_state_copy,0.022
1657065638.428518,1.2_update_frames_sigma_p,0.054
1657065638.428518,1.2_update_frames_icp_quality,0.339
1657065638.428518,1.2_update_frames,0.740
1657065638.404542,2.1_gnss_araim,0.893
1657065638.428518,2.2_lidar_araim,0.021
1657065638.428518,2.3_dynamic_al,0.000
1657065638.428518,2.3_state_machine,0.016
1657065638.428518,2.3_integrity_total,1.020
1657065638.428518,1.2_odom_insert_frame,32.689
1657065633.528512,1.4_sub_map_insert,2.139
1657065638.528526,1.1_pointcloud_extract,0.005
1657065638.528526,1.1_cloud_preprocess,0.200
1657065638.528526,1.1_ros_callback_total,0.263
1657065638.528526,1.2_imu_integration,0.090
1657065638.528526,1.2_pointcloud_deskew,0.009
1657065638.528526,1.2_covariance_estimation,0.187
1657065638.528526,1.2_create_factors,0.306
1657065638.528526,1.2_smoother_update,26.620
1657065638.528526,1.3_gnss_injection,0.668
1657065638.528526,1.2_update_frames_calculate_estimate,0.133
1657065638.528526,1.2_update_frames_state_copy,0.023
1657065638.528526,1.2_update_frames_sigma_p,0.052
1657065638.528526,1.2_update_frames_icp_quality,0.579
1657065638.528526,1.2_update_frames,1.020
1657065638.504551,2.1_gnss_araim,0.673
1657065638.528526,2.2_lidar_araim,0.018
1657065638.528526,2.3_dynamic_al,0.000
1657065638.528526,2.3_state_machine,0.014
1657065638.528526,2.3_integrity_total,0.780
1657065638.528526,1.2_odom_insert_frame,31.934
1657065638.628469,1.1_pointcloud_extract,0.005
1657065638.628469,1.1_cloud_preprocess,0.187
1657065638.628469,1.1_ros_callback_total,0.243
1657065638.628469,1.2_imu_integration,0.074
1657065638.628469,1.2_pointcloud_deskew,0.012
1657065638.628469,1.2_covariance_estimation,0.134
1657065638.628469,1.2_create_factors,0.276
1657065638.628469,1.2_smoother_update,2.065
1657065638.628469,1.3_gnss_injection,0.467
1657065638.628469,1.2_update_frames_calculate_estimate,0.049
1657065638.628469,1.2_update_frames_state_copy,0.015
1657065638.628469,1.2_update_frames_sigma_p,0.039
1657065638.628469,1.2_update_frames_icp_quality,0.257
1657065638.628469,1.2_update_frames,0.464
1657065638.604521,2.1_gnss_araim,0.691
1657065638.628469,2.2_lidar_araim,0.015
1657065638.628469,2.3_dynamic_al,0.000
1657065638.628469,2.3_state_machine,0.016
1657065638.628469,2.3_integrity_total,0.771
1657065638.628469,1.2_odom_insert_frame,6.403
1657065633.628575,1.4_sub_map_insert,2.122
1657065638.728518,1.1_pointcloud_extract,0.004
1657065638.728518,1.1_cloud_preprocess,0.181
1657065638.728518,1.1_ros_callback_total,0.247
1657065638.728518,1.2_imu_integration,0.090
1657065638.728518,1.2_pointcloud_deskew,0.016
1657065638.728518,1.2_covariance_estimation,0.294
1657065638.728518,1.2_create_factors,0.293
1657065638.728518,1.2_smoother_update,26.891
1657065638.728518,1.3_gnss_injection,0.716
1657065638.728518,1.2_update_frames_calculate_estimate,0.115
1657065638.728518,1.2_update_frames_state_copy,0.021
1657065638.728518,1.2_update_frames_sigma_p,0.041
1657065638.728518,1.2_update_frames_icp_quality,0.452
1657065638.728518,1.2_update_frames,0.823
1657065638.704536,2.1_gnss_araim,0.990
1657065638.728518,2.2_lidar_araim,0.022
1657065638.728518,2.3_dynamic_al,0.000
1657065638.728518,2.3_state_machine,0.017
1657065638.728518,2.3_integrity_total,1.100
1657065638.728518,1.2_odom_insert_frame,32.502
1657065633.728534,1.4_sub_map_insert,1.980
1657065638.828473,1.1_pointcloud_extract,0.006
1657065638.828473,1.1_cloud_preprocess,0.195
1657065638.828473,1.1_ros_callback_total,0.275
1657065638.828473,1.2_imu_integration,0.090
1657065638.828473,1.2_pointcloud_deskew,0.010
1657065638.828473,1.2_covariance_estimation,0.155
1657065638.828473,1.2_create_factors,0.294
1657065638.828473,1.2_smoother_update,26.221
1657065638.828473,1.3_gnss_injection,0.631
1657065638.828473,1.2_update_frames_calculate_estimate,0.121
1657065638.828473,1.2_update_frames_state_copy,0.021
1657065638.828473,1.2_update_frames_sigma_p,0.046
1657065638.828473,1.2_update_frames_icp_quality,0.379
1657065638.828473,1.2_update_frames,0.756
1657065638.804518,2.1_gnss_araim,0.827
1657065638.828473,2.2_lidar_araim,0.021
1657065638.828473,2.3_dynamic_al,0.000
1657065638.828473,2.3_state_machine,0.016
1657065638.828473,2.3_integrity_total,0.975
1657065638.828473,1.2_odom_insert_frame,31.323
1657065633.828568,1.4_sub_map_insert,2.006
1657065638.928523,1.1_pointcloud_extract,0.004
1657065638.928523,1.1_cloud_preprocess,0.170
1657065638.928523,1.1_ros_callback_total,0.213
1657065638.928523,1.2_imu_integration,0.091
1657065638.928523,1.2_pointcloud_deskew,0.009
1657065638.928523,1.2_covariance_estimation,0.136
1657065638.928523,1.2_create_factors,0.299
1657065638.928523,1.2_smoother_update,25.929
1657065638.928523,1.3_gnss_injection,0.447
1657065638.928523,1.2_update_frames_calculate_estimate,0.089
1657065638.928523,1.2_update_frames_state_copy,0.019
1657065638.928523,1.2_update_frames_sigma_p,0.032
1657065638.928523,1.2_update_frames_icp_quality,0.320
1657065638.928523,1.2_update_frames,0.639
1657065638.904541,2.1_gnss_araim,1.396
1657065638.928523,2.2_lidar_araim,0.020
1657065638.928523,2.3_dynamic_al,0.000
1657065638.928523,2.3_state_machine,0.016
1657065638.928523,2.3_integrity_total,1.501
1657065638.928523,1.2_odom_insert_frame,31.098
1657065633.928537,1.4_sub_map_insert,2.908
1657065639.028477,1.1_pointcloud_extract,0.005
1657065639.028477,1.1_cloud_preprocess,0.272
1657065639.028477,1.1_ros_callback_total,0.335
1657065639.028477,1.2_imu_integration,0.091
1657065639.028477,1.2_pointcloud_deskew,0.009
1657065639.028477,1.2_covariance_estimation,0.198
1657065639.028477,1.2_create_factors,0.294
1657065639.028477,1.2_smoother_update,26.169
1657065639.028477,1.3_gnss_injection,0.649
1657065639.028477,1.2_update_frames_calculate_estimate,0.093
1657065639.028477,1.2_update_frames_state_copy,0.021
1657065639.028477,1.2_update_frames_sigma_p,0.033
1657065639.028477,1.2_update_frames_icp_quality,0.321
1657065639.028477,1.2_update_frames,0.643
1657065639.004460,2.1_gnss_araim,0.892
1657065639.028477,2.2_lidar_araim,0.020
1657065639.028477,2.3_dynamic_al,0.000
1657065639.028477,2.3_state_machine,0.017
1657065639.028477,2.3_integrity_total,1.012
1657065639.028477,1.2_odom_insert_frame,31.128
1657065639.128475,1.1_pointcloud_extract,0.006
1657065639.128475,1.1_cloud_preprocess,0.232
1657065639.128475,1.1_ros_callback_total,0.317
1657065639.128475,1.2_imu_integration,0.093
1657065639.128475,1.2_pointcloud_deskew,0.011
1657065639.128475,1.2_covariance_estimation,0.137
1657065639.128475,1.2_create_factors,0.586
1657065639.128475,1.2_smoother_update,27.298
1657065639.128475,1.3_gnss_injection,0.710
1657065639.128475,1.2_update_frames_calculate_estimate,0.119
1657065639.128475,1.2_update_frames_state_copy,0.021
1657065639.128475,1.2_update_frames_sigma_p,0.046
1657065639.128475,1.2_update_frames_icp_quality,0.377
1657065639.128475,1.2_update_frames,0.749
1657065639.104467,2.1_gnss_araim,1.267
1657065639.128475,2.2_lidar_araim,0.022
1657065639.128475,2.3_dynamic_al,0.000
1657065639.128475,2.3_state_machine,0.017
1657065639.128475,2.3_integrity_total,1.384
1657065639.128475,1.2_odom_insert_frame,33.555
1657065634.128529,1.4_sub_map_insert,3.132
1657065639.228522,1.1_pointcloud_extract,0.005
1657065639.228522,1.1_cloud_preprocess,0.191
1657065639.228522,1.1_ros_callback_total,0.246
1657065639.228522,1.2_imu_integration,0.090
1657065639.228522,1.2_pointcloud_deskew,0.010
1657065639.228522,1.2_covariance_estimation,0.201
1657065639.228522,1.2_create_factors,0.292
1657065639.228522,1.2_smoother_update,27.139
1657065639.228522,1.3_gnss_injection,0.663
1657065639.228522,1.2_update_frames_calculate_estimate,0.110
1657065639.228522,1.2_update_frames_state_copy,0.023
1657065639.228522,1.2_update_frames_sigma_p,0.038
1657065639.228522,1.2_update_frames_icp_quality,0.356
1657065639.228522,1.2_update_frames,0.706
1657065639.204476,2.1_gnss_araim,1.147
1657065639.228522,2.2_lidar_araim,0.021
1657065639.228522,2.3_dynamic_al,0.000
1657065639.228522,2.3_state_machine,0.016
1657065639.228522,2.3_integrity_total,1.255
1657065639.228522,1.2_odom_insert_frame,32.500
1657065634.328494,1.4_sub_map_insert,2.070
1657065639.328545,1.1_pointcloud_extract,0.005
1657065639.328545,1.1_cloud_preprocess,0.189
1657065639.328545,1.1_ros_callback_total,0.259
1657065639.328545,1.2_imu_integration,0.094
1657065639.328545,1.2_pointcloud_deskew,0.010
1657065639.328545,1.2_covariance_estimation,0.292
1657065639.328545,1.2_create_factors,0.320
1657065639.328545,1.2_smoother_update,27.700
1657065639.328545,1.3_gnss_injection,0.784
1657065639.328545,1.2_update_frames_calculate_estimate,0.118
1657065639.328545,1.2_update_frames_state_copy,0.021
1657065639.328545,1.2_update_frames_sigma_p,0.041
1657065639.328545,1.2_update_frames_icp_quality,0.344
1657065639.328545,1.2_update_frames,0.712
1657065639.304494,2.1_gnss_araim,0.655
1657065639.328545,2.2_lidar_araim,0.020
1657065639.328545,2.3_dynamic_al,0.000
1657065639.328545,2.3_state_machine,0.029
1657065639.328545,2.3_integrity_total,0.772
1657065639.328545,1.2_odom_insert_frame,33.203
1657065634.428532,1.4_sub_map_insert,2.101
1657065639.428511,1.1_pointcloud_extract,0.004
1657065639.428511,1.1_cloud_preprocess,0.178
1657065639.428511,1.1_ros_callback_total,0.218
1657065639.428511,1.2_imu_integration,0.076
1657065639.428511,1.2_pointcloud_deskew,0.011
1657065639.428511,1.2_covariance_estimation,0.391
1657065639.428511,1.2_create_factors,0.261
1657065639.428511,1.2_smoother_update,2.152
1657065639.428511,1.3_gnss_injection,0.288
1657065639.428511,1.2_update_frames_calculate_estimate,0.052
1657065639.428511,1.2_update_frames_state_copy,0.014
1657065639.428511,1.2_update_frames_sigma_p,0.039
1657065639.428511,1.2_update_frames_icp_quality,0.505
1657065639.428511,1.2_update_frames,0.754
1657065639.404518,2.1_gnss_araim,0.694
1657065639.428511,2.2_lidar_araim,0.020
1657065639.428511,2.3_dynamic_al,0.000
1657065639.428511,2.3_state_machine,0.014
1657065639.428511,2.3_integrity_total,0.797
1657065639.428511,1.2_odom_insert_frame,6.159
1657065634.528492,1.4_sub_map_insert,1.948
1657065639.528470,1.1_pointcloud_extract,0.005
1657065639.528470,1.1_cloud_preprocess,0.190
1657065639.528470,1.1_ros_callback_total,0.248
1657065639.528470,1.2_imu_integration,0.090
1657065639.528470,1.2_pointcloud_deskew,0.010
1657065639.528470,1.2_covariance_estimation,0.216
1657065639.528470,1.2_create_factors,0.318
1657065639.528470,1.2_smoother_update,25.859
1657065639.528470,1.3_gnss_injection,0.640
1657065639.528470,1.2_update_frames_calculate_estimate,0.099
1657065639.528470,1.2_update_frames_state_copy,0.021
1657065639.528470,1.2_update_frames_sigma_p,0.034
1657065639.528470,1.2_update_frames_icp_quality,0.351
1657065639.528470,1.2_update_frames,0.685
1657065639.504457,2.1_gnss_araim,0.810
1657065639.528470,2.2_lidar_araim,0.016
1657065639.528470,2.3_dynamic_al,0.000
1657065639.528470,2.3_state_machine,0.014
1657065639.528470,2.3_integrity_total,0.909
1657065639.528470,1.2_odom_insert_frame,30.838
1657065639.628552,1.1_pointcloud_extract,0.007
1657065639.628552,1.1_cloud_preprocess,0.182
1657065639.628552,1.1_ros_callback_total,0.231
1657065639.628552,1.2_imu_integration,0.074
1657065639.628552,1.2_pointcloud_deskew,0.010
1657065639.628552,1.2_covariance_estimation,0.117
1657065639.628552,1.2_create_factors,0.519
1657065639.628552,1.2_smoother_update,20.174
1657065639.628552,1.3_gnss_injection,0.467
1657065639.628552,1.2_update_frames_calculate_estimate,0.057
1657065639.628552,1.2_update_frames_state_copy,0.014
1657065639.628552,1.2_update_frames_sigma_p,0.023
1657065639.628552,1.2_update_frames_icp_quality,0.274
1657065639.628552,1.2_update_frames,0.515
1657065639.604512,2.1_gnss_araim,0.677
1657065639.628552,2.2_lidar_araim,0.019
1657065639.628552,2.3_dynamic_al,0.000
1657065639.628552,2.3_state_machine,0.017
1657065639.628552,2.3_integrity_total,0.785
1657065639.628552,1.2_odom_insert_frame,24.272
1657065634.628537,1.4_sub_map_insert,2.956
1657065639.728462,1.1_pointcloud_extract,0.005
1657065639.728462,1.1_cloud_preprocess,0.189
1657065639.728462,1.1_ros_callback_total,0.255
1657065639.728462,1.2_imu_integration,0.092
1657065639.728462,1.2_pointcloud_deskew,0.009
1657065639.728462,1.2_covariance_estimation,0.459
1657065639.728462,1.2_create_factors,0.627
1657065639.728462,1.2_smoother_update,2.622
1657065639.728462,1.3_gnss_injection,0.644
1657065639.728462,1.2_update_frames_calculate_estimate,0.093
1657065639.728462,1.2_update_frames_state_copy,0.019
1657065639.728462,1.2_update_frames_sigma_p,0.053
1657065639.728462,1.2_update_frames_icp_quality,0.319
1657065639.728462,1.2_update_frames,0.652
1657065639.704543,2.1_gnss_araim,0.650
1657065639.728462,2.2_lidar_araim,0.041
1657065639.728462,2.3_dynamic_al,0.000
1657065639.728462,2.3_state_machine,0.015
1657065639.728462,2.3_integrity_total,0.771
1657065639.728462,1.2_odom_insert_frame,7.990
1657065639.828517,1.1_pointcloud_extract,0.005
1657065639.828517,1.1_cloud_preprocess,0.191
1657065639.828517,1.1_ros_callback_total,0.240
1657065639.828517,1.2_imu_integration,0.091
1657065639.828517,1.2_pointcloud_deskew,0.010
1657065639.828517,1.2_covariance_estimation,0.306
1657065639.828517,1.2_create_factors,0.328
1657065639.828517,1.2_smoother_update,26.989
1657065639.828517,1.3_gnss_injection,0.686
1657065639.828517,1.2_update_frames_calculate_estimate,0.118
1657065639.828517,1.2_update_frames_state_copy,0.021
1657065639.828517,1.2_update_frames_sigma_p,0.040
1657065639.828517,1.2_update_frames_icp_quality,0.346
1657065639.828517,1.2_update_frames,0.719
1657065639.804510,2.1_gnss_araim,0.940
1657065639.828517,2.2_lidar_araim,0.016
1657065639.828517,2.3_dynamic_al,0.000
1657065639.828517,2.3_state_machine,0.012
1657065639.828517,2.3_integrity_total,1.025
1657065639.828517,1.2_odom_insert_frame,32.370
1657065634.828538,1.4_sub_map_insert,3.646
1657065639.928476,1.1_pointcloud_extract,0.004
1657065639.928476,1.1_cloud_preprocess,0.190
1657065639.928476,1.1_ros_callback_total,0.241
1657065639.928476,1.2_imu_integration,0.097
1657065639.928476,1.2_pointcloud_deskew,0.010
1657065639.928476,1.2_covariance_estimation,0.175
1657065639.928476,1.2_create_factors,0.307
1657065639.928476,1.2_smoother_update,25.834
1657065639.928476,1.3_gnss_injection,0.446
1657065639.928476,1.2_update_frames_calculate_estimate,0.085
1657065639.928476,1.2_update_frames_state_copy,0.020
1657065639.928476,1.2_update_frames_sigma_p,0.031
1657065639.928476,1.2_update_frames_icp_quality,0.317
1657065639.928476,1.2_update_frames,0.625
1657065639.904598,2.1_gnss_araim,0.927
1657065639.928476,2.2_lidar_araim,0.019
1657065639.928476,2.3_dynamic_al,0.000
1657065639.928476,2.3_state_machine,0.016
1657065639.928476,2.3_integrity_total,1.026
1657065639.928476,1.2_odom_insert_frame,30.533
1657065640.028463,1.1_pointcloud_extract,0.005
1657065640.028463,1.1_cloud_preprocess,0.188
1657065640.028463,1.1_ros_callback_total,0.247
1657065640.028463,1.2_imu_integration,0.076
1657065640.028463,1.2_pointcloud_deskew,0.011
1657065640.028463,1.2_covariance_estimation,0.099
1657065640.028463,1.2_create_factors,0.256
1657065640.028463,1.2_smoother_update,20.145
1657065640.028463,1.3_gnss_injection,0.480
1657065640.028463,1.2_update_frames_calculate_estimate,0.059
1657065640.028463,1.2_update_frames_state_copy,0.015
1657065640.028463,1.2_update_frames_sigma_p,0.024
1657065640.028463,1.2_update_frames_icp_quality,0.275
1657065640.028463,1.2_update_frames,0.517
1657065640.004462,2.1_gnss_araim,1.619
1657065640.028463,2.2_lidar_araim,0.016
1657065640.028463,2.3_dynamic_al,0.000
1657065640.028463,2.3_state_machine,0.015
1657065640.028463,2.3_integrity_total,1.722
1657065640.028463,1.2_odom_insert_frame,24.858
1657065635.028534,1.4_sub_map_insert,1.654
1657065640.128519,1.1_pointcloud_extract,0.004
1657065640.128519,1.1_cloud_preprocess,0.187
1657065640.128519,1.1_ros_callback_total,0.237
1657065640.128519,1.2_imu_integration,0.077
1657065640.128519,1.2_pointcloud_deskew,0.011
1657065640.128519,1.2_covariance_estimation,0.092
1657065640.128519,1.2_create_factors,0.721
1657065640.128519,1.2_smoother_update,20.219
1657065640.128519,1.3_gnss_injection,0.488
1657065640.128519,1.2_update_frames_calculate_estimate,0.055
1657065640.128519,1.2_update_frames_state_copy,0.015
1657065640.128519,1.2_update_frames_sigma_p,0.023
1657065640.128519,1.2_update_frames_icp_quality,0.269
1657065640.128519,1.2_update_frames,0.509
1657065640.104461,2.1_gnss_araim,0.764
1657065640.128519,2.2_lidar_araim,0.018
1657065640.128519,2.3_dynamic_al,0.000
1657065640.128519,2.3_state_machine,0.015
1657065640.128519,2.3_integrity_total,0.909
1657065640.128519,1.2_odom_insert_frame,24.642
1657065635.128482,1.4_sub_map_insert,2.915
1657065640.228530,1.1_pointcloud_extract,0.006
1657065640.228530,1.1_cloud_preprocess,0.192
1657065640.228530,1.1_ros_callback_total,0.242
1657065640.228530,1.2_imu_integration,0.091
1657065640.228530,1.2_pointcloud_deskew,0.011
1657065640.228530,1.2_covariance_estimation,0.165
1657065640.228530,1.2_create_factors,0.297
1657065640.228530,1.2_smoother_update,27.158
1657065640.228530,1.3_gnss_injection,0.695
1657065640.228530,1.2_update_frames_calculate_estimate,0.123
1657065640.228530,1.2_update_frames_state_copy,0.021
1657065640.228530,1.2_update_frames_sigma_p,0.044
1657065640.228530,1.2_update_frames_icp_quality,0.448
1657065640.228530,1.2_update_frames,0.824
1657065640.204643,2.1_gnss_araim,0.802
1657065640.228530,2.2_lidar_araim,0.021
1657065640.228530,2.3_dynamic_al,0.000
1657065640.228530,2.3_state_machine,0.018
1657065640.228530,2.3_integrity_total,0.921
1657065640.228530,1.2_odom_insert_frame,32.375
1657065640.328522,1.1_pointcloud_extract,0.004
1657065640.328522,1.1_cloud_preprocess,0.174
1657065640.328522,1.1_ros_callback_total,0.225
1657065640.328522,1.2_imu_integration,0.091
1657065640.328522,1.2_pointcloud_deskew,0.011
1657065640.328522,1.2_covariance_estimation,0.135
1657065640.328522,1.2_create_factors,0.292
1657065640.328522,1.2_smoother_update,2.634
1657065640.328522,1.3_gnss_injection,0.624
1657065640.328522,1.2_update_frames_calculate_estimate,0.078
1657065640.328522,1.2_update_frames_state_copy,0.018
1657065640.328522,1.2_update_frames_sigma_p,0.049
1657065640.328522,1.2_update_frames_icp_quality,0.307
1657065640.328522,1.2_update_frames,0.608
1657065640.304511,2.1_gnss_araim,0.846
1657065640.328522,2.2_lidar_araim,0.022
1657065640.328522,2.3_dynamic_al,0.000
1657065640.328522,2.3_state_machine,0.019
1657065640.328522,2.3_integrity_total,0.965
1657065640.328522,1.2_odom_insert_frame,7.379
1657065635.328542,1.4_sub_map_insert,3.830
1657065640.428515,1.1_pointcloud_extract,0.005
1657065640.428515,1.1_cloud_preprocess,0.191
1657065640.428515,1.1_ros_callback_total,0.260
1657065640.428515,1.2_imu_integration,0.080
1657065640.428515,1.2_pointcloud_deskew,0.020
1657065640.428515,1.2_covariance_estimation,0.381
1657065640.428515,1.2_create_factors,0.255
1657065640.428515,1.2_smoother_update,19.664
1657065640.428515,1.3_gnss_injection,0.329
1657065640.428515,1.2_update_frames_calculate_estimate,0.046
1657065640.428515,1.2_update_frames_state_copy,0.014
1657065640.428515,1.2_update_frames_sigma_p,0.023
1657065640.428515,1.2_update_frames_icp_quality,0.266
1657065640.428515,1.2_update_frames,0.494
1657065640.404539,2.1_gnss_araim,0.846
1657065640.428515,2.2_lidar_araim,0.018
1657065640.428515,2.3_dynamic_al,0.000
1657065640.428515,2.3_state_machine,0.016
1657065640.428515,2.3_integrity_total,0.948
1657065640.428515,1.2_odom_insert_frame,23.603
1657065635.528463,1.4_sub_map_insert,2.066
1657065640.528435,1.1_pointcloud_extract,0.005
1657065640.528435,1.1_cloud_preprocess,0.186
1657065640.528435,1.1_ros_callback_total,0.231
1657065640.528435,1.2_imu_integration,0.078
1657065640.528435,1.2_pointcloud_deskew,0.011
1657065640.528435,1.2_covariance_estimation,0.251
1657065640.528435,1.2_create_factors,0.291
1657065640.528435,1.2_smoother_update,2.589
1657065640.528435,1.3_gnss_injection,0.620
1657065640.528435,1.2_update_frames_calculate_estimate,0.102
1657065640.528435,1.2_update_frames_state_copy,0.021
1657065640.528435,1.2_update_frames_sigma_p,0.053
1657065640.528435,1.2_update_frames_icp_quality,0.315
1657065640.528435,1.2_update_frames,0.667
1657065640.504481,2.1_gnss_araim,0.652
1657065640.528435,2.2_lidar_araim,0.021
1657065640.528435,2.3_dynamic_al,0.000
1657065640.528435,2.3_state_machine,0.015
1657065640.528435,2.3_integrity_total,0.756
1657065640.528435,1.2_odom_insert_frame,7.319
1657065640.587451,1.1_pointcloud_extract,0.006
1657065640.587451,1.1_cloud_preprocess,0.198
1657065640.587451,1.1_ros_callback_total,0.269
1657065640.587451,1.2_imu_integration,0.060
1657065640.587451,1.2_pointcloud_deskew,0.010
1657065640.587451,1.2_covariance_estimation,0.243
1657065640.587451,1.2_create_factors,0.308
1657065640.587451,1.2_smoother_update,26.927
1657065640.587451,1.3_gnss_injection,0.688
1657065640.587451,1.2_update_frames_calculate_estimate,0.093
1657065640.587451,1.2_update_frames_state_copy,0.024
1657065640.587451,1.2_update_frames_sigma_p,0.037
1657065640.587451,1.2_update_frames_icp_quality,0.322
1657065640.587451,1.2_update_frames,0.647
1657065640.604465,2.1_gnss_araim,0.773
1657065640.587451,2.2_lidar_araim,0.014
1657065640.587451,2.3_dynamic_al,0.000
1657065640.587451,2.3_state_machine,0.013
1657065640.587451,2.3_integrity_total,0.852
1657065640.587451,1.2_odom_insert_frame,32.562
1657065635.628463,1.4_sub_map_insert,1.665
1657065640.728526,1.1_pointcloud_extract,0.005
1657065640.728526,1.1_cloud_preprocess,0.188
1657065640.728526,1.1_ros_callback_total,0.237
1657065640.728526,1.2_imu_integration,0.128
1657065640.728526,1.2_pointcloud_deskew,0.011
1657065640.728526,1.2_covariance_estimation,0.216
1657065640.728526,1.2_create_factors,0.301
1657065640.728526,1.2_smoother_update,26.772
1657065640.728526,1.3_gnss_injection,0.623
1657065640.728526,1.2_update_frames_calculate_estimate,0.109
1657065640.728526,1.2_update_frames_state_copy,0.021
1657065640.728526,1.2_update_frames_sigma_p,0.038
1657065640.728526,1.2_update_frames_icp_quality,0.313
1657065640.728526,1.2_update_frames,0.658
1657065640.704532,2.1_gnss_araim,0.775
1657065640.728526,2.2_lidar_araim,0.021
1657065640.728526,2.3_dynamic_al,0.000
1657065640.728526,2.3_state_machine,0.015
1657065640.728526,2.3_integrity_total,0.883
1657065640.728526,1.2_odom_insert_frame,31.896
1657065635.728464,1.4_sub_map_insert,1.717
1657065640.828527,1.1_pointcloud_extract,0.005
1657065640.828527,1.1_cloud_preprocess,0.190
1657065640.828527,1.1_ros_callback_total,0.242
1657065640.828527,1.2_imu_integration,0.081
1657065640.828527,1.2_pointcloud_deskew,0.012
1657065640.828527,1.2_covariance_estimation,0.248
1657065640.828527,1.2_create_factors,0.588
1657065640.828527,1.2_smoother_update,2.008
1657065640.828527,1.3_gnss_injection,0.481
1657065640.828527,1.2_update_frames_calculate_estimate,0.046
1657065640.828527,1.2_update_frames_state_copy,0.014
1657065640.828527,1.2_update_frames_sigma_p,0.036
1657065640.828527,1.2_update_frames_icp_quality,0.245
1657065640.828527,1.2_update_frames,0.474
1657065640.804487,2.1_gnss_araim,0.654
1657065640.828527,2.2_lidar_araim,0.019
1657065640.828527,2.3_dynamic_al,0.000
1657065640.828527,2.3_state_machine,0.017
1657065640.828527,2.3_integrity_total,0.755
1657065640.828527,1.2_odom_insert_frame,5.982
1657065635.828552,1.4_sub_map_insert,3.039
1657065640.928519,1.1_pointcloud_extract,0.005
1657065640.928519,1.1_cloud_preprocess,0.190
1657065640.928519,1.1_ros_callback_total,0.246
1657065640.928519,1.2_imu_integration,0.090
1657065640.928519,1.2_pointcloud_deskew,0.010
1657065640.928519,1.2_covariance_estimation,0.230
1657065640.928519,1.2_create_factors,0.295
1657065640.928519,1.2_smoother_update,26.685
1657065640.928519,1.3_gnss_injection,0.462
1657065640.928519,1.2_update_frames_calculate_estimate,0.084
1657065640.928519,1.2_update_frames_state_copy,0.020
1657065640.928519,1.2_update_frames_sigma_p,0.033
1657065640.928519,1.2_update_frames_icp_quality,0.313
1657065640.928519,1.2_update_frames,0.629
1657065640.904555,2.1_gnss_araim,0.790
1657065640.928519,2.2_lidar_araim,0.015
1657065640.928519,2.3_dynamic_al,0.000
1657065640.928519,2.3_state_machine,0.010
1657065640.928519,2.3_integrity_total,0.875
1657065640.928519,1.2_odom_insert_frame,31.308
1657065636.028473,1.4_sub_map_insert,1.642
1657065641.028502,1.1_pointcloud_extract,0.004
1657065641.028502,1.1_cloud_preprocess,0.186
1657065641.028502,1.1_ros_callback_total,0.226
1657065641.028502,1.2_imu_integration,0.090
1657065641.028502,1.2_pointcloud_deskew,0.011
1657065641.028502,1.2_covariance_estimation,0.191
1657065641.028502,1.2_create_factors,0.302
1657065641.028502,1.2_smoother_update,25.938
1657065641.028502,1.3_gnss_injection,0.629
1657065641.028502,1.2_update_frames_calculate_estimate,0.083
1657065641.028502,1.2_update_frames_state_copy,0.020
1657065641.028502,1.2_update_frames_sigma_p,0.033
1657065641.028502,1.2_update_frames_icp_quality,0.323
1657065641.028502,1.2_update_frames,0.631
1657065641.004472,2.1_gnss_araim,0.860
1657065641.028502,2.2_lidar_araim,0.020
1657065641.028502,2.3_dynamic_al,0.000
1657065641.028502,2.3_state_machine,0.024
1657065641.028502,2.3_integrity_total,0.964
1657065641.028502,1.2_odom_insert_frame,30.825
1657065636.128469,1.4_sub_map_insert,1.672
1657065641.128458,1.1_pointcloud_extract,0.006
1657065641.128458,1.1_cloud_preprocess,0.197
1657065641.128458,1.1_ros_callback_total,0.275
1657065641.128458,1.2_imu_integration,0.091
1657065641.128458,1.2_pointcloud_deskew,0.012
1657065641.128458,1.2_covariance_estimation,0.143
1657065641.128458,1.2_create_factors,0.305
1657065641.128458,1.2_smoother_update,2.738
1657065641.128458,1.3_gnss_injection,0.673
1657065641.128458,1.2_update_frames_calculate_estimate,0.117
1657065641.128458,1.2_update_frames_state_copy,0.022
1657065641.128458,1.2_update_frames_sigma_p,0.057
1657065641.128458,1.2_update_frames_icp_quality,0.413
1657065641.128458,1.2_update_frames,0.800
1657065641.104473,2.1_gnss_araim,0.702
1657065641.128458,2.2_lidar_araim,0.020
1657065641.128458,2.3_dynamic_al,0.000
1657065641.128458,2.3_state_machine,0.016
1657065641.128458,2.3_integrity_total,0.814
1657065641.128458,1.2_odom_insert_frame,8.427
1657065641.228460,1.1_pointcloud_extract,0.005
1657065641.228460,1.1_cloud_preprocess,0.187
1657065641.228460,1.1_ros_callback_total,0.238
1657065641.228460,1.2_imu_integration,0.093
1657065641.228460,1.2_pointcloud_deskew,0.010
1657065641.228460,1.2_covariance_estimation,0.142
1657065641.228460,1.2_create_factors,0.311
1657065641.228460,1.2_smoother_update,26.777
1657065641.228460,1.3_gnss_injection,0.638
1657065641.228460,1.2_update_frames_calculate_estimate,0.093
1657065641.228460,1.2_update_frames_state_copy,0.021
1657065641.228460,1.2_update_frames_sigma_p,0.037
1657065641.228460,1.2_update_frames_icp_quality,0.373
1657065641.228460,1.2_update_frames,0.710
1657065641.204469,2.1_gnss_araim,0.897
1657065641.228460,2.2_lidar_araim,0.022
1657065641.228460,2.3_dynamic_al,0.000
1657065641.228460,2.3_state_machine,0.012
1657065641.228460,2.3_integrity_total,1.017
1657065641.228460,1.2_odom_insert_frame,31.825
1657065636.228529,1.4_sub_map_insert,1.999
1657065641.328538,1.1_pointcloud_extract,0.005
1657065641.328538,1.1_cloud_preprocess,0.181
1657065641.328538,1.1_ros_callback_total,0.233
1657065641.328538,1.2_imu_integration,0.090
1657065641.328538,1.2_pointcloud_deskew,0.011
1657065641.328538,1.2_covariance_estimation,0.280
1657065641.328538,1.2_create_factors,0.369
1657065641.328538,1.2_smoother_update,26.114
1657065641.328538,1.3_gnss_injection,0.680
1657065641.328538,1.2_update_frames_calculate_estimate,0.116
1657065641.328538,1.2_update_frames_state_copy,0.021
1657065641.328538,1.2_update_frames_sigma_p,0.037
1657065641.328538,1.2_update_frames_icp_quality,0.642
1657065641.328538,1.2_update_frames,1.051
1657065641.304537,2.1_gnss_araim,0.823
1657065641.328538,2.2_lidar_araim,0.020
1657065641.328538,2.3_dynamic_al,0.000
1657065641.328538,2.3_state_machine,0.019
1657065641.328538,2.3_integrity_total,0.931
1657065641.328538,1.2_odom_insert_frame,31.955
1657065636.328542,1.4_sub_map_insert,2.881
1657065641.428512,1.1_pointcloud_extract,0.005
1657065641.428512,1.1_cloud_preprocess,0.200
1657065641.428512,1.1_ros_callback_total,0.261
1657065641.428512,1.2_imu_integration,0.074
1657065641.428512,1.2_pointcloud_deskew,0.011
1657065641.428512,1.2_covariance_estimation,0.099
1657065641.428512,1.2_create_factors,0.256
1657065641.428512,1.2_smoother_update,19.917
1657065641.428512,1.3_gnss_injection,0.305
1657065641.428512,1.2_update_frames_calculate_estimate,0.048
1657065641.428512,1.2_update_frames_state_copy,0.015
1657065641.428512,1.2_update_frames_sigma_p,0.024
1657065641.428512,1.2_update_frames_icp_quality,0.270
1657065641.428512,1.2_update_frames,0.504
1657065641.404546,2.1_gnss_araim,0.643
1657065641.428512,2.2_lidar_araim,0.013
1657065641.428512,2.3_dynamic_al,0.000
1657065641.428512,2.3_state_machine,0.013
1657065641.428512,2.3_integrity_total,0.724
1657065641.428512,1.2_odom_insert_frame,23.440
1657065641.528510,1.1_pointcloud_extract,0.005
1657065641.528510,1.1_cloud_preprocess,0.193
1657065641.528510,1.1_ros_callback_total,0.248
1657065641.528510,1.2_imu_integration,0.089
1657065641.528510,1.2_pointcloud_deskew,0.010
1657065641.528510,1.2_covariance_estimation,0.198
1657065641.528510,1.2_create_factors,0.259
1657065641.528510,1.2_smoother_update,20.182
1657065641.528510,1.3_gnss_injection,0.464
1657065641.528510,1.2_update_frames_calculate_estimate,0.057
1657065641.528510,1.2_update_frames_state_copy,0.015
1657065641.528510,1.2_update_frames_sigma_p,0.025
1657065641.528510,1.2_update_frames_icp_quality,0.280
1657065641.528510,1.2_update_frames,0.602
1657065641.504511,2.1_gnss_araim,0.653
1657065641.528510,2.2_lidar_araim,0.019
1657065641.528510,2.3_dynamic_al,0.000
1657065641.528510,2.3_state_machine,0.016
1657065641.528510,2.3_integrity_total,0.768
1657065641.528510,1.2_odom_insert_frame,24.110
1657065636.528685,1.4_sub_map_insert,1.945
1657065641.628465,1.1_pointcloud_extract,0.006
1657065641.628465,1.1_cloud_preprocess,0.197
1657065641.628465,1.1_ros_callback_total,0.266
1657065641.628465,1.2_imu_integration,0.092
1657065641.628465,1.2_pointcloud_deskew,0.010
1657065641.628465,1.2_covariance_estimation,0.123
1657065641.628465,1.2_create_factors,0.303
1657065641.628465,1.2_smoother_update,27.122
1657065641.628465,1.3_gnss_injection,0.682
1657065641.628465,1.2_update_frames_calculate_estimate,0.099
1657065641.628465,1.2_update_frames_state_copy,0.020
1657065641.628465,1.2_update_frames_sigma_p,0.035
1657065641.628465,1.2_update_frames_icp_quality,0.313
1657065641.628465,1.2_update_frames,0.645
1657065641.604475,2.1_gnss_araim,0.646
1657065641.628465,2.2_lidar_araim,0.019
1657065641.628465,2.3_dynamic_al,0.000
1657065641.628465,2.3_state_machine,0.017
1657065641.628465,2.3_integrity_total,0.737
1657065641.628465,1.2_odom_insert_frame,32.503
1657065636.628540,1.4_sub_map_insert,2.239
1657065641.728524,1.1_pointcloud_extract,0.005
1657065641.728524,1.1_cloud_preprocess,0.189
1657065641.728524,1.1_ros_callback_total,0.235
1657065641.728524,1.2_imu_integration,0.093
1657065641.728524,1.2_pointcloud_deskew,0.010
1657065641.728524,1.2_covariance_estimation,0.263
1657065641.728524,1.2_create_factors,0.311
1657065641.728524,1.2_smoother_update,26.455
1657065641.728524,1.3_gnss_injection,0.646
1657065641.728524,1.2_update_frames_calculate_estimate,0.084
1657065641.728524,1.2_update_frames_state_copy,0.021
1657065641.728524,1.2_update_frames_sigma_p,0.031
1657065641.728524,1.2_update_frames_icp_quality,0.321
1657065641.728524,1.2_update_frames,0.634
1657065641.704454,2.1_gnss_araim,0.734
1657065641.728524,2.2_lidar_araim,0.021
1657065641.728524,2.3_dynamic_al,0.000
1657065641.728524,2.3_state_machine,0.008
1657065641.728524,2.3_integrity_total,0.837
1657065641.728524,1.2_odom_insert_frame,31.234
1657065636.728467,1.4_sub_map_insert,2.042
1657065641.828515,1.1_pointcloud_extract,0.005
1657065641.828515,1.1_cloud_preprocess,0.192
1657065641.828515,1.1_ros_callback_total,0.256
1657065641.828515,1.2_imu_integration,0.094
1657065641.828515,1.2_pointcloud_deskew,0.011
1657065641.828515,1.2_covariance_estimation,0.311
1657065641.828515,1.2_create_factors,0.305
1657065641.828515,1.2_smoother_update,2.812
1657065641.828515,1.3_gnss_injection,0.621
1657065641.828515,1.2_update_frames_calculate_estimate,0.105
1657065641.828515,1.2_update_frames_state_copy,0.021
1657065641.828515,1.2_update_frames_sigma_p,0.056
1657065641.828515,1.2_update_frames_icp_quality,0.382
1657065641.828515,1.2_update_frames,0.747
1657065641.804539,2.1_gnss_araim,0.695
1657065641.828515,2.2_lidar_araim,0.024
1657065641.828515,2.3_dynamic_al,0.000
1657065641.828515,2.3_state_machine,0.015
1657065641.828515,2.3_integrity_total,0.806
1657065641.828515,1.2_odom_insert_frame,8.210
1657065636.828652,1.4_sub_map_insert,2.142
1657065641.928466,1.1_pointcloud_extract,0.005
1657065641.928466,1.1_cloud_preprocess,0.193
1657065641.928466,1.1_ros_callback_total,0.243
1657065641.928466,1.2_imu_integration,0.089
1657065641.928466,1.2_pointcloud_deskew,0.010
1657065641.928466,1.2_covariance_estimation,0.184
1657065641.928466,1.2_create_factors,0.315
1657065641.928466,1.2_smoother_update,26.713
1657065641.928466,1.3_gnss_injection,0.437
1657065641.928466,1.2_update_frames_calculate_estimate,0.096
1657065641.928466,1.2_update_frames_state_copy,0.020
1657065641.928466,1.2_update_frames_sigma_p,0.036
1657065641.928466,1.2_update_frames_icp_quality,0.331
1657065641.928466,1.2_update_frames,0.662
1657065641.904480,2.1_gnss_araim,0.693
1657065641.928466,2.2_lidar_araim,0.020
1657065641.928466,2.3_dynamic_al,0.000
1657065641.928466,2.3_state_machine,0.016
1657065641.928466,2.3_integrity_total,0.804
1657065641.928466,1.2_odom_insert_frame,31.305
1657065636.928519,1.4_sub_map_insert,3.828
1657065642.028515,1.1_pointcloud_extract,0.005
1657065642.028515,1.1_cloud_preprocess,0.195
1657065642.028515,1.1_ros_callback_total,0.243
1657065642.028515,1.2_imu_integration,0.091
1657065642.028515,1.2_pointcloud_deskew,0.009
1657065642.028515,1.2_covariance_estimation,0.112
1657065642.028515,1.2_create_factors,0.306
1657065642.028515,1.2_smoother_update,26.131
1657065642.028515,1.3_gnss_injection,0.606
1657065642.028515,1.2_update_frames_calculate_estimate,0.101
1657065642.028515,1.2_update_frames_state_copy,0.022
1657065642.028515,1.2_update_frames_sigma_p,0.037
1657065642.028515,1.2_update_frames_icp_quality,0.421
1657065642.028515,1.2_update_frames,0.760
1657065642.004522,2.1_gnss_araim,0.884
1657065642.028515,2.2_lidar_araim,0.019
1657065642.028515,2.3_dynamic_al,0.000
1657065642.028515,2.3_state_machine,0.017
1657065642.028515,2.3_integrity_total,1.002
1657065642.028515,1.2_odom_insert_frame,31.065
1657065642.128462,1.1_pointcloud_extract,0.006
1657065642.128462,1.1_cloud_preprocess,0.192
1657065642.128462,1.1_ros_callback_total,0.261
1657065642.128462,1.2_imu_integration,0.090
1657065642.128462,1.2_pointcloud_deskew,0.013
1657065642.128462,1.2_covariance_estimation,0.139
1657065642.128462,1.2_create_factors,0.711
1657065642.128462,1.2_smoother_update,2.851
1657065642.128462,1.3_gnss_injection,0.660
1657065642.128462,1.2_update_frames_calculate_estimate,0.117
1657065642.128462,1.2_update_frames_state_copy,0.021
1657065642.128462,1.2_update_frames_sigma_p,0.066
1657065642.128462,1.2_update_frames_icp_quality,0.457
1657065642.128462,1.2_update_frames,0.848
1657065642.104459,2.1_gnss_araim,0.733
1657065642.128462,2.2_lidar_araim,0.021
1657065642.128462,2.3_dynamic_al,0.000
1657065642.128462,2.3_state_machine,0.016
1657065642.128462,2.3_integrity_total,0.842
1657065642.128462,1.2_odom_insert_frame,8.681
1657065637.128519,1.4_sub_map_insert,3.041
1657065642.228512,1.1_pointcloud_extract,0.004
1657065642.228512,1.1_cloud_preprocess,0.173
1657065642.228512,1.1_ros_callback_total,0.212
1657065642.228512,1.2_imu_integration,0.090
1657065642.228512,1.2_pointcloud_deskew,0.015
1657065642.228512,1.2_covariance_estimation,0.502
1657065642.228512,1.2_create_factors,0.300
1657065642.228512,1.2_smoother_update,26.506
1657065642.228512,1.3_gnss_injection,0.637
1657065642.228512,1.2_update_frames_calculate_estimate,0.101
1657065642.228512,1.2_update_frames_state_copy,0.025
1657065642.228512,1.2_update_frames_sigma_p,0.039
1657065642.228512,1.2_update_frames_icp_quality,0.333
1657065642.228512,1.2_update_frames,0.681
1657065642.204452,2.1_gnss_araim,0.777
1657065642.228512,2.2_lidar_araim,0.020
1657065642.228512,2.3_dynamic_al,0.000
1657065642.228512,2.3_state_machine,0.015
1657065642.228512,2.3_integrity_total,0.893
1657065642.228512,1.2_odom_insert_frame,31.731
1657065637.328483,1.4_sub_map_insert,1.738
1657065642.328536,1.1_pointcloud_extract,0.005
1657065642.328536,1.1_cloud_preprocess,0.189
1657065642.328536,1.1_ros_callback_total,0.242
1657065642.328536,1.2_imu_integration,0.089
1657065642.328536,1.2_pointcloud_deskew,0.011
1657065642.328536,1.2_covariance_estimation,0.244
1657065642.328536,1.2_create_factors,0.331
1657065642.328536,1.2_smoother_update,26.510
1657065642.328536,1.3_gnss_injection,0.675
1657065642.328536,1.2_update_frames_calculate_estimate,0.117
1657065642.328536,1.2_update_frames_state_copy,0.022
1657065642.328536,1.2_update_frames_sigma_p,0.044
1657065642.328536,1.2_update_frames_icp_quality,0.381
1657065642.328536,1.2_update_frames,0.746
1657065642.304510,2.1_gnss_araim,0.729
1657065642.328536,2.2_lidar_araim,0.022
1657065642.328536,2.3_dynamic_al,0.000
1657065642.328536,2.3_state_machine,0.021
1657065642.328536,2.3_integrity_total,0.834
1657065642.328536,1.2_odom_insert_frame,31.594
1657065637.428512,1.4_sub_map_insert,1.747
1657065642.428457,1.1_pointcloud_extract,0.005
1657065642.428457,1.1_cloud_preprocess,0.213
1657065642.428457,1.1_ros_callback_total,0.275
1657065642.428457,1.2_imu_integration,0.074
1657065642.428457,1.2_pointcloud_deskew,0.011
1657065642.428457,1.2_covariance_estimation,0.274
1657065642.428457,1.2_create_factors,0.289
1657065642.428457,1.2_smoother_update,2.693
1657065642.428457,1.3_gnss_injection,0.413
1657065642.428457,1.2_update_frames_calculate_estimate,0.119
1657065642.428457,1.2_update_frames_state_copy,0.021
1657065642.428457,1.2_update_frames_sigma_p,0.059
1657065642.428457,1.2_update_frames_icp_quality,0.323
1657065642.428457,1.2_update_frames,0.709
1657065642.404526,2.1_gnss_araim,0.826
1657065642.428457,2.2_lidar_araim,0.022
1657065642.428457,2.3_dynamic_al,0.000
1657065642.428457,2.3_state_machine,0.018
1657065642.428457,2.3_integrity_total,0.943
1657065642.428457,1.2_odom_insert_frame,7.570
1657065642.528471,1.1_pointcloud_extract,0.004
1657065642.528471,1.1_cloud_preprocess,0.179
1657065642.528471,1.1_ros_callback_total,0.221
1657065642.528471,1.2_imu_integration,0.078
1657065642.528471,1.2_pointcloud_deskew,0.012
1657065642.528471,1.2_covariance_estimation,0.212
1657065642.528471,1.2_create_factors,0.285
1657065642.528471,1.2_smoother_update,26.126
1657065642.528471,1.3_gnss_injection,0.642
1657065642.528471,1.2_update_frames_calculate_estimate,0.093
1657065642.528471,1.2_update_frames_state_copy,0.021
1657065642.528471,1.2_update_frames_sigma_p,0.034
1657065642.528471,1.2_update_frames_icp_quality,0.334
1657065642.528471,1.2_update_frames,0.652
1657065642.504463,2.1_gnss_araim,0.884
1657065642.528471,2.2_lidar_araim,0.020
1657065642.528471,2.3_dynamic_al,0.000
1657065642.528471,2.3_state_machine,0.016
1657065642.528471,2.3_integrity_total,0.993
1657065642.528471,1.2_odom_insert_frame,31.033
1657065637.528467,1.4_sub_map_insert,2.057
1657065642.628468,1.1_pointcloud_extract,0.004
1657065642.628468,1.1_cloud_preprocess,0.184
1657065642.628468,1.1_ros_callback_total,0.233
1657065642.628468,1.2_imu_integration,0.081
1657065642.628468,1.2_pointcloud_deskew,0.013
1657065642.628468,1.2_covariance_estimation,0.133
1657065642.628468,1.2_create_factors,0.258
1657065642.628468,1.2_smoother_update,2.024
1657065642.628468,1.3_gnss_injection,0.447
1657065642.628468,1.2_update_frames_calculate_estimate,0.051
1657065642.628468,1.2_update_frames_state_copy,0.015
1657065642.628468,1.2_update_frames_sigma_p,0.040
1657065642.628468,1.2_update_frames_icp_quality,0.269
1657065642.628468,1.2_update_frames,0.477
1657065642.604472,2.1_gnss_araim,0.748
1657065642.628468,2.2_lidar_araim,0.016
1657065642.628468,2.3_dynamic_al,0.000
1657065642.628468,2.3_state_machine,0.017
1657065642.628468,2.3_integrity_total,0.851
1657065642.628468,1.2_odom_insert_frame,6.185
1657065637.628658,1.4_sub_map_insert,2.055
1657065642.728529,1.1_pointcloud_extract,0.004
1657065642.728529,1.1_cloud_preprocess,0.176
1657065642.728529,1.1_ros_callback_total,0.223
1657065642.728529,1.2_imu_integration,0.090
1657065642.728529,1.2_pointcloud_deskew,0.011
1657065642.728529,1.2_covariance_estimation,0.227
1657065642.728529,1.2_create_factors,0.309
1657065642.728529,1.2_smoother_update,26.082
1657065642.728529,1.3_gnss_injection,0.609
1657065642.728529,1.2_update_frames_calculate_estimate,0.092
1657065642.728529,1.2_update_frames_state_copy,0.020
1657065642.728529,1.2_update_frames_sigma_p,0.033
1657065642.728529,1.2_update_frames_icp_quality,0.318
1657065642.728529,1.2_update_frames,0.635
1657065642.704525,2.1_gnss_araim,0.878
1657065642.728529,2.2_lidar_araim,0.022
1657065642.728529,2.3_dynamic_al,0.000
1657065642.728529,2.3_state_machine,0.018
1657065642.728529,2.3_integrity_total,0.992
1657065642.728529,1.2_odom_insert_frame,30.917
1657065637.728516,1.4_sub_map_insert,3.004
1657065642.828488,1.1_pointcloud_extract,0.005
1657065642.828488,1.1_cloud_preprocess,0.185
1657065642.828488,1.1_ros_callback_total,0.227
1657065642.828488,1.2_imu_integration,0.090
1657065642.828488,1.2_pointcloud_deskew,0.010
1657065642.828488,1.2_covariance_estimation,0.271
1657065642.828488,1.2_create_factors,0.304
1657065642.828488,1.2_smoother_update,2.653
1657065642.828488,1.3_gnss_injection,0.686
1657065642.828488,1.2_update_frames_calculate_estimate,0.120
1657065642.828488,1.2_update_frames_state_copy,0.021
1657065642.828488,1.2_update_frames_sigma_p,0.062
1657065642.828488,1.2_update_frames_icp_quality,0.445
1657065642.828488,1.2_update_frames,0.835
1657065642.804459,2.1_gnss_araim,0.735
1657065642.828488,2.2_lidar_araim,0.021
1657065642.828488,2.3_dynamic_al,0.000
1657065642.828488,2.3_state_machine,0.018
1657065642.828488,2.3_integrity_total,0.850
1657065642.828488,1.2_odom_insert_frame,8.327
1657065642.928514,1.1_pointcloud_extract,0.005
1657065642.928514,1.1_cloud_preprocess,0.186
1657065642.928514,1.1_ros_callback_total,0.237
1657065642.928514,1.2_imu_integration,0.080
1657065642.928514,1.2_pointcloud_deskew,0.011
1657065642.928514,1.2_covariance_estimation,0.113
1657065642.928514,1.2_create_factors,0.257
1657065642.928514,1.2_smoother_update,19.879
1657065642.928514,1.3_gnss_injection,0.311
1657065642.928514,1.2_update_frames_calculate_estimate,0.045
1657065642.928514,1.2_update_frames_state_copy,0.015
1657065642.928514,1.2_update_frames_sigma_p,0.024
1657065642.928514,1.2_update_frames_icp_quality,0.267
1657065642.928514,1.2_update_frames,0.492
1657065642.904536,2.1_gnss_araim,0.966
1657065642.928514,2.2_lidar_araim,0.014
1657065642.928514,2.3_dynamic_al,0.000
1657065642.928514,2.3_state_machine,0.015
1657065642.928514,2.3_integrity_total,1.054
1657065642.928514,1.2_odom_insert_frame,23.919
1657065637.928521,1.4_sub_map_insert,2.085
1657065643.028516,1.1_pointcloud_extract,0.005
1657065643.028516,1.1_cloud_preprocess,0.188
1657065643.028516,1.1_ros_callback_total,0.247
1657065643.028516,1.2_imu_integration,0.090
1657065643.028516,1.2_pointcloud_deskew,0.011
1657065643.028516,1.2_covariance_estimation,0.272
1657065643.028516,1.2_create_factors,0.349
1657065643.028516,1.2_smoother_update,27.015
1657065643.028516,1.3_gnss_injection,0.698
1657065643.028516,1.2_update_frames_calculate_estimate,0.104
1657065643.028516,1.2_update_frames_state_copy,0.021
1657065643.028516,1.2_update_frames_sigma_p,0.045
1657065643.028516,1.2_update_frames_icp_quality,0.328
1657065643.028516,1.2_update_frames,0.687
1657065643.004531,2.1_gnss_araim,0.737
1657065643.028516,2.2_lidar_araim,0.020
1657065643.028516,2.3_dynamic_al,0.000
1657065643.028516,2.3_state_machine,0.017
1657065643.028516,2.3_integrity_total,0.846
1657065643.028516,1.2_odom_insert_frame,32.190
1657065638.028557,1.4_sub_map_insert,1.975
1657065643.128458,1.1_pointcloud_extract,0.005
1657065643.128458,1.1_cloud_preprocess,0.182
1657065643.128458,1.1_ros_callback_total,0.229
1657065643.128458,1.2_imu_integration,0.075
1657065643.128458,1.2_pointcloud_deskew,0.019
1657065643.128458,1.2_covariance_estimation,0.127
1657065643.128458,1.2_create_factors,0.268
1657065643.128458,1.2_smoother_update,20.183
1657065643.128458,1.3_gnss_injection,0.464
1657065643.128458,1.2_update_frames_calculate_estimate,0.055
1657065643.128458,1.2_update_frames_state_copy,0.015
1657065643.128458,1.2_update_frames_sigma_p,0.023
1657065643.128458,1.2_update_frames_icp_quality,0.566
1657065643.128458,1.2_update_frames,0.798
1657065643.104510,2.1_gnss_araim,0.695
1657065643.128458,2.2_lidar_araim,0.014
1657065643.128458,2.3_dynamic_al,0.000
1657065643.128458,2.3_state_machine,0.015
1657065643.128458,2.3_integrity_total,0.765
1657065643.128458,1.2_odom_insert_frame,24.203
1657065638.128519,1.4_sub_map_insert,1.743
1657065643.228521,1.1_pointcloud_extract,0.005
1657065643.228521,1.1_cloud_preprocess,0.185
1657065643.228521,1.1_ros_callback_total,0.247
1657065643.228521,1.2_imu_integration,0.090
1657065643.228521,1.2_pointcloud_deskew,0.009
1657065643.228521,1.2_covariance_estimation,0.267
1657065643.228521,1.2_create_factors,0.294
1657065643.228521,1.2_smoother_update,27.051
1657065643.228521,1.3_gnss_injection,0.668
1657065643.228521,1.2_update_frames_calculate_estimate,0.104
1657065643.228521,1.2_update_frames_state_copy,0.022
1657065643.228521,1.2_update_frames_sigma_p,0.038
1657065643.228521,1.2_update_frames_icp_quality,0.393
1657065643.228521,1.2_update_frames,0.743
1657065643.204526,2.1_gnss_araim,0.798
1657065643.228521,2.2_lidar_araim,0.019
1657065643.228521,2.3_dynamic_al,0.000
1657065643.228521,2.3_state_machine,0.026
1657065643.228521,2.3_integrity_total,0.916
1657065643.228521,1.2_odom_insert_frame,32.067
1657065638.228470,1.4_sub_map_insert,1.721
1657065643.328534,1.1_pointcloud_extract,0.004
1657065643.328534,1.1_cloud_preprocess,0.188
1657065643.328534,1.1_ros_callback_total,0.229
1657065643.328534,1.2_imu_integration,0.091
1657065643.328534,1.2_pointcloud_deskew,0.010
1657065643.328534,1.2_covariance_estimation,0.318
1657065643.328534,1.2_create_factors,0.300
1657065643.328534,1.2_smoother_update,2.780
1657065643.328534,1.3_gnss_injection,0.644
1657065643.328534,1.2_update_frames_calculate_estimate,0.106
1657065643.328534,1.2_update_frames_state_copy,0.020
1657065643.328534,1.2_update_frames_sigma_p,0.055
1657065643.328534,1.2_update_frames_icp_quality,0.325
1657065643.328534,1.2_update_frames,0.693
1657065643.304513,2.1_gnss_araim,0.672
1657065643.328534,2.2_lidar_araim,0.016
1657065643.328534,2.3_dynamic_al,0.000
1657065643.328534,2.3_state_machine,0.017
1657065643.328534,2.3_integrity_total,0.766
1657065643.328534,1.2_odom_insert_frame,8.036
1657065638.328535,1.4_sub_map_insert,3.534
1657065643.428542,1.1_pointcloud_extract,0.004
1657065643.428542,1.1_cloud_preprocess,0.176
1657065643.428542,1.1_ros_callback_total,0.215
1657065643.428542,1.2_imu_integration,0.090
1657065643.428542,1.2_pointcloud_deskew,0.027
1657065643.428542,1.2_covariance_estimation,0.940
1657065643.428542,1.2_create_factors,0.312
1657065643.428542,1.2_smoother_update,26.463
1657065643.428542,1.3_gnss_injection,0.414
1657065643.428542,1.2_update_frames_calculate_estimate,0.095
1657065643.428542,1.2_update_frames_state_copy,0.020
1657065643.428542,1.2_update_frames_sigma_p,0.032
1657065643.428542,1.2_update_frames_icp_quality,0.312
1657065643.428542,1.2_update_frames,0.630
1657065643.404540,2.1_gnss_araim,0.876
1657065643.428542,2.2_lidar_araim,0.019
1657065643.428542,2.3_dynamic_al,0.000
1657065643.428542,2.3_state_machine,0.015
1657065643.428542,2.3_integrity_total,0.981
1657065643.428542,1.2_odom_insert_frame,31.882
1657065638.528526,1.4_sub_map_insert,2.092
1657065643.528533,1.1_pointcloud_extract,0.005
1657065643.528533,1.1_cloud_preprocess,0.193
1657065643.528533,1.1_ros_callback_total,0.258
1657065643.528533,1.2_imu_integration,0.138
1657065643.528533,1.2_pointcloud_deskew,0.010
1657065643.528533,1.2_covariance_estimation,0.130
1657065643.528533,1.2_create_factors,0.268
1657065643.528533,1.2_smoother_update,19.802
1657065643.528533,1.3_gnss_injection,0.453
1657065643.528533,1.2_update_frames_calculate_estimate,0.050
1657065643.528533,1.2_update_frames_state_copy,0.015
1657065643.528533,1.2_update_frames_sigma_p,0.024
1657065643.528533,1.2_update_frames_icp_quality,0.281
1657065643.528533,1.2_update_frames,0.514
1657065643.504532,2.1_gnss_araim,0.874
1657065643.528533,2.2_lidar_araim,0.015
1657065643.528533,2.3_dynamic_al,0.000
1657065643.528533,2.3_state_machine,0.014
1657065643.528533,2.3_integrity_total,0.957
1657065643.528533,1.2_odom_insert_frame,23.716
1657065638.628469,1.4_sub_map_insert,2.119
1657065643.628483,1.1_pointcloud_extract,0.005
1657065643.628483,1.1_cloud_preprocess,0.191
1657065643.628483,1.1_ros_callback_total,0.245
1657065643.628483,1.2_imu_integration,0.092
1657065643.628483,1.2_pointcloud_deskew,0.010
1657065643.628483,1.2_covariance_estimation,0.188
1657065643.628483,1.2_create_factors,0.619
1657065643.628483,1.2_smoother_update,26.545
1657065643.628483,1.3_gnss_injection,0.667
1657065643.628483,1.2_update_frames_calculate_estimate,0.106
1657065643.628483,1.2_update_frames_state_copy,0.020
1657065643.628483,1.2_update_frames_sigma_p,0.037
1657065643.628483,1.2_update_frames_icp_quality,0.357
1657065643.628483,1.2_update_frames,0.703
1657065643.604461,2.1_gnss_araim,1.041
1657065643.628483,2.2_lidar_araim,0.020
1657065643.628483,2.3_dynamic_al,0.000
1657065643.628483,2.3_state_machine,0.017
1657065643.628483,2.3_integrity_total,1.146
1657065643.628483,1.2_odom_insert_frame,32.055
1657065643.728472,1.1_pointcloud_extract,0.005
1657065643.728472,1.1_cloud_preprocess,0.189
1657065643.728472,1.1_ros_callback_total,0.254
1657065643.728472,1.2_imu_integration,0.090
1657065643.728472,1.2_pointcloud_deskew,0.010
1657065643.728472,1.2_covariance_estimation,0.218
1657065643.728472,1.2_create_factors,0.313
1657065643.728472,1.2_smoother_update,2.850
1657065643.728472,1.3_gnss_injection,0.674
1657065643.728472,1.2_update_frames_calculate_estimate,0.105
1657065643.728472,1.2_update_frames_state_copy,0.021
1657065643.728472,1.2_update_frames_sigma_p,0.057
1657065643.728472,1.2_update_frames_icp_quality,0.545
1657065643.728472,1.2_update_frames,0.927
1657065643.704458,2.1_gnss_araim,0.923
1657065643.728472,2.2_lidar_araim,0.021
1657065643.728472,2.3_dynamic_al,0.000
1657065643.728472,2.3_state_machine,0.016
1657065643.728472,2.3_integrity_total,1.033
1657065643.728472,1.2_odom_insert_frame,8.272
1657065638.728518,1.4_sub_map_insert,2.131
1657065643.828520,1.1_pointcloud_extract,0.004
1657065643.828520,1.1_cloud_preprocess,0.186
1657065643.828520,1.1_ros_callback_total,0.235
1657065643.828520,1.2_imu_integration,0.091
1657065643.828520,1.2_pointcloud_deskew,0.010
1657065643.828520,1.2_covariance_estimation,0.264
1657065643.828520,1.2_create_factors,0.308
1657065643.828520,1.2_smoother_update,26.043
1657065643.828520,1.3_gnss_injection,0.619
1657065643.828520,1.2_update_frames_calculate_estimate,0.096
1657065643.828520,1.2_update_frames_state_copy,0.021
1657065643.828520,1.2_update_frames_sigma_p,0.039
1657065643.828520,1.2_update_frames_icp_quality,0.410
1657065643.828520,1.2_update_frames,0.737
1657065643.804518,2.1_gnss_araim,0.825
1657065643.828520,2.2_lidar_araim,0.019
1657065643.828520,2.3_dynamic_al,0.000
1657065643.828520,2.3_state_machine,0.017
1657065643.828520,2.3_integrity_total,0.919
1657065643.828520,1.2_odom_insert_frame,31.420
1657065638.828473,1.4_sub_map_insert,2.163
1657065643.928514,1.1_pointcloud_extract,0.005
1657065643.928514,1.1_cloud_preprocess,0.185
1657065643.928514,1.1_ros_callback_total,0.233
1657065643.928514,1.2_imu_integration,0.090
1657065643.928514,1.2_pointcloud_deskew,0.009
1657065643.928514,1.2_covariance_estimation,0.291
1657065643.928514,1.2_create_factors,0.265
1657065643.928514,1.2_smoother_update,2.136
1657065643.928514,1.3_gnss_injection,0.320
1657065643.928514,1.2_update_frames_calculate_estimate,0.050
1657065643.928514,1.2_update_frames_state_copy,0.015
1657065643.928514,1.2_update_frames_sigma_p,0.039
1657065643.928514,1.2_update_frames_icp_quality,0.269
1657065643.928514,1.2_update_frames,0.518
1657065643.904524,2.1_gnss_araim,0.688
1657065643.928514,2.2_lidar_araim,0.014
1657065643.928514,2.3_dynamic_al,0.000
1657065643.928514,2.3_state_machine,0.015
1657065643.928514,2.3_integrity_total,0.769
1657065643.928514,1.2_odom_insert_frame,5.829
1657065638.928523,1.4_sub_map_insert,3.716
1657065644.028491,1.1_pointcloud_extract,0.005
1657065644.028491,1.1_cloud_preprocess,0.188
1657065644.028491,1.1_ros_callback_total,0.254
1657065644.028491,1.2_imu_integration,0.085
1657065644.028491,1.2_pointcloud_deskew,0.012
1657065644.028491,1.2_covariance_estimation,0.114
1657065644.028491,1.2_create_factors,0.262
1657065644.028491,1.2_smoother_update,19.996
1657065644.028491,1.3_gnss_injection,0.458
1657065644.028491,1.2_update_frames_calculate_estimate,0.052
1657065644.028491,1.2_update_frames_state_copy,0.014
1657065644.028491,1.2_update_frames_sigma_p,0.025
1657065644.028491,1.2_update_frames_icp_quality,0.271
1657065644.028491,1.2_update_frames,0.509
1657065644.004461,2.1_gnss_araim,0.685
1657065644.028491,2.2_lidar_araim,0.013
1657065644.028491,2.3_dynamic_al,0.000
1657065644.028491,2.3_state_machine,0.016
1657065644.028491,2.3_integrity_total,0.757
1657065644.028491,1.2_odom_insert_frame,23.590
1657065639.128475,1.4_sub_map_insert,1.982
1657065644.128462,1.1_pointcloud_extract,0.004
1657065644.128462,1.1_cloud_preprocess,0.171
1657065644.128462,1.1_ros_callback_total,0.209
1657065644.128462,1.2_imu_integration,0.090
1657065644.128462,1.2_pointcloud_deskew,0.010
1657065644.128462,1.2_covariance_estimation,0.197
1657065644.128462,1.2_create_factors,0.376
1657065644.128462,1.2_smoother_update,2.549
1657065644.128462,1.3_gnss_injection,0.616
1657065644.128462,1.2_update_frames_calculate_estimate,0.119
1657065644.128462,1.2_update_frames_state_copy,0.021
1657065644.128462,1.2_update_frames_sigma_p,0.062
1657065644.128462,1.2_update_frames_icp_quality,0.594
1657065644.128462,1.2_update_frames,0.994
1657065644.104461,2.1_gnss_araim,0.676
1657065644.128462,2.2_lidar_araim,0.020
1657065644.128462,2.3_dynamic_al,0.000
1657065644.128462,2.3_state_machine,0.018
1657065644.128462,2.3_integrity_total,0.779
1657065644.128462,1.2_odom_insert_frame,8.203
1657065644.228456,1.1_pointcloud_extract,0.006
1657065644.228456,1.1_cloud_preprocess,0.190
1657065644.228456,1.1_ros_callback_total,0.245
1657065644.228456,1.2_imu_integration,0.090
1657065644.228456,1.2_pointcloud_deskew,0.010
1657065644.228456,1.2_covariance_estimation,0.241
1657065644.228456,1.2_create_factors,0.411
1657065644.228456,1.2_smoother_update,26.558
1657065644.228456,1.3_gnss_injection,0.658
1657065644.228456,1.2_update_frames_calculate_estimate,0.106
1657065644.228456,1.2_update_frames_state_copy,0.021
1657065644.228456,1.2_update_frames_sigma_p,0.036
1657065644.228456,1.2_update_frames_icp_quality,0.359
1657065644.228456,1.2_update_frames,0.704
1657065644.204460,2.1_gnss_araim,0.891
1657065644.228456,2.2_lidar_araim,0.021
1657065644.228456,2.3_dynamic_al,0.000
1657065644.228456,2.3_state_machine,0.017
1657065644.228456,2.3_integrity_total,1.005
1657065644.228456,1.2_odom_insert_frame,31.856
1657065639.228522,1.4_sub_map_insert,2.061
1657065644.328562,1.1_pointcloud_extract,0.005
1657065644.328562,1.1_cloud_preprocess,0.194
1657065644.328562,1.1_ros_callback_total,0.260
1657065644.328562,1.2_imu_integration,0.091
1657065644.328562,1.2_pointcloud_deskew,0.010
1657065644.328562,1.2_covariance_estimation,0.351
1657065644.328562,1.2_create_factors,0.315
1657065644.328562,1.2_smoother_update,26.096
1657065644.328562,1.3_gnss_injection,0.628
1657065644.328562,1.2_update_frames_calculate_estimate,0.112
1657065644.328562,1.2_update_frames_state_copy,0.022
1657065644.328562,1.2_update_frames_sigma_p,0.041
1657065644.328562,1.2_update_frames_icp_quality,0.330
1657065644.328562,1.2_update_frames,0.725
1657065644.304511,2.1_gnss_araim,0.787
1657065644.328562,2.2_lidar_araim,0.015
1657065644.328562,2.3_dynamic_al,0.000
1657065644.328562,2.3_state_machine,0.025
1657065644.328562,2.3_integrity_total,0.891
1657065644.328562,1.2_odom_insert_frame,31.315
