stamp,module,elapsed_ms
1657065600.526275,1.1_pointcloud_extract,0.036
1657065600.526275,1.1_cloud_preprocess,1.543
1657065600.526275,1.1_ros_callback_total,1.705
1657065600.526275,1.2_odom_insert_frame,1.409
1657065600.626284,1.1_pointcloud_extract,0.045
1657065600.626284,1.1_cloud_preprocess,1.516
1657065600.626284,1.1_ros_callback_total,1.632
1657065600.626284,1.2_odom_insert_frame,4.911
1657065600.726276,1.1_pointcloud_extract,0.031
1657065600.726276,1.1_cloud_preprocess,1.479
1657065600.726276,1.1_ros_callback_total,1.596
1657065600.726276,1.2_odom_insert_frame,4.519
1657065600.826307,1.1_pointcloud_extract,0.010
1657065600.826307,1.1_cloud_preprocess,1.301
1657065600.826307,1.1_ros_callback_total,1.380
1657065600.826307,1.2_odom_insert_frame,3.715
1657065600.926276,1.1_pointcloud_extract,0.012
1657065600.926276,1.1_cloud_preprocess,1.171
1657065600.926276,1.1_ros_callback_total,1.241
1657065600.926276,1.2_odom_insert_frame,4.459
1657065601.026402,1.1_pointcloud_extract,0.011
1657065601.026402,1.1_cloud_preprocess,1.291
1657065601.026402,1.1_ros_callback_total,1.363
1657065601.026402,1.2_odom_insert_frame,5.326
1657065601.126254,1.1_pointcloud_extract,0.010
1657065601.126254,1.1_cloud_preprocess,1.248
1657065601.126254,1.1_ros_callback_total,1.325
1657065601.126254,1.2_odom_insert_frame,3.446
1657065601.226251,1.1_pointcloud_extract,0.031
1657065601.226251,1.1_cloud_preprocess,1.501
1657065601.226251,1.1_ros_callback_total,1.613
1657065601.226251,1.2_odom_insert_frame,4.294
1657065601.326340,1.1_pointcloud_extract,0.011
1657065601.326340,1.1_cloud_preprocess,1.321
1657065601.326340,1.1_ros_callback_total,1.406
1657065601.326340,1.2_odom_insert_frame,4.495
1657065601.426259,1.1_pointcloud_extract,0.010
1657065601.426259,1.1_cloud_preprocess,1.304
1657065601.426259,1.1_ros_callback_total,1.400
1657065601.426259,1.2_odom_insert_frame,3.665
1657065601.526330,1.1_pointcloud_extract,0.011
1657065601.526330,1.1_cloud_preprocess,1.305
1657065601.526330,1.1_ros_callback_total,1.393
1657065601.526330,1.2_odom_insert_frame,3.884
1657065601.626249,1.1_pointcloud_extract,0.011
1657065601.626249,1.1_cloud_preprocess,1.290
1657065601.626249,1.1_ros_callback_total,1.377
1657065601.626249,1.2_odom_insert_frame,3.693
1657065601.726293,1.1_pointcloud_extract,0.010
1657065601.726293,1.1_cloud_preprocess,1.319
1657065601.726293,1.1_ros_callback_total,1.400
1657065601.726293,1.2_odom_insert_frame,3.410
1657065601.826291,1.1_pointcloud_extract,0.010
1657065601.826291,1.1_cloud_preprocess,1.320
1657065601.826291,1.1_ros_callback_total,1.397
1657065601.826291,1.2_odom_insert_frame,5.165
1657065601.926275,1.1_pointcloud_extract,0.011
1657065601.926275,1.1_cloud_preprocess,1.296
1657065601.926275,1.1_ros_callback_total,1.378
1657065601.926275,1.2_odom_insert_frame,5.314
1657065602.026274,1.1_pointcloud_extract,0.010
1657065602.026274,1.1_cloud_preprocess,1.218
1657065602.026274,1.1_ros_callback_total,1.277
1657065602.026274,1.2_odom_insert_frame,5.342
1657065602.126274,1.1_pointcloud_extract,0.011
1657065602.126274,1.1_cloud_preprocess,1.318
1657065602.126274,1.1_ros_callback_total,1.417
1657065602.126274,1.2_odom_insert_frame,5.324
1657065602.226279,1.1_pointcloud_extract,0.011
1657065602.226279,1.1_cloud_preprocess,1.296
1657065602.226279,1.1_ros_callback_total,1.381
1657065602.226279,1.2_odom_insert_frame,4.243
1657065602.326274,1.1_pointcloud_extract,0.011
1657065602.326274,1.1_cloud_preprocess,1.368
1657065602.326274,1.1_ros_callback_total,1.466
1657065602.326274,1.2_odom_insert_frame,4.465
1657065602.426277,1.1_pointcloud_extract,0.012
1657065602.426277,1.1_cloud_preprocess,1.308
1657065602.426277,1.1_ros_callback_total,1.411
1657065602.426277,1.2_odom_insert_frame,2.514
1657065602.526289,1.1_pointcloud_extract,0.011
1657065602.526289,1.1_cloud_preprocess,1.280
1657065602.526289,1.1_ros_callback_total,1.379
1657065602.526289,1.2_odom_insert_frame,2.893
1657065602.626277,1.1_pointcloud_extract,0.008
1657065602.626277,1.1_cloud_preprocess,1.249
1657065602.626277,1.1_ros_callback_total,1.317
1657065602.626277,1.2_odom_insert_frame,3.372
1657065602.726281,1.1_pointcloud_extract,0.010
1657065602.726281,1.1_cloud_preprocess,1.346
1657065602.726281,1.1_ros_callback_total,1.445
1657065602.726281,1.2_odom_insert_frame,5.250
1657065602.826275,1.1_pointcloud_extract,0.009
1657065602.826275,1.1_cloud_preprocess,1.164
1657065602.826275,1.1_ros_callback_total,1.230
1657065602.826275,1.2_odom_insert_frame,5.263
1657065602.926276,1.1_pointcloud_extract,0.011
1657065602.926276,1.1_cloud_preprocess,1.305
1657065602.926276,1.1_ros_callback_total,1.392
1657065602.926276,1.2_odom_insert_frame,5.355
1657065603.026274,1.1_pointcloud_extract,0.009
1657065603.026274,1.1_cloud_preprocess,1.205
1657065603.026274,1.1_ros_callback_total,1.265
1657065603.026274,1.2_odom_insert_frame,5.255
1657065603.126348,1.1_pointcloud_extract,0.010
1657065603.126348,1.1_cloud_preprocess,1.332
1657065603.126348,1.1_ros_callback_total,3.354
1657065603.126348,1.2_odom_insert_frame,3.198
1657065603.226288,1.1_pointcloud_extract,0.011
1657065603.226288,1.1_cloud_preprocess,1.302
1657065603.226288,1.1_ros_callback_total,1.390
1657065603.226288,1.2_odom_insert_frame,6.180
1657065603.326277,1.1_pointcloud_extract,0.010
1657065603.326277,1.1_cloud_preprocess,1.299
1657065603.326277,1.1_ros_callback_total,1.383
1657065603.326277,1.2_odom_insert_frame,3.571
1657065603.426277,1.1_pointcloud_extract,0.009
1657065603.426277,1.1_cloud_preprocess,1.185
1657065603.426277,1.1_ros_callback_total,1.247
1657065603.426277,1.2_odom_insert_frame,4.894
1657065603.526274,1.1_pointcloud_extract,0.009
1657065603.526274,1.1_cloud_preprocess,1.188
1657065603.526274,1.1_ros_callback_total,1.250
1657065603.526274,1.2_odom_insert_frame,4.087
1657065603.626276,1.1_pointcloud_extract,0.011
1657065603.626276,1.1_cloud_preprocess,1.295
1657065603.626276,1.1_ros_callback_total,1.378
1657065603.626276,1.2_covariance_estimation,0.522
1657065603.626276,1.2_create_factors,0.003
1657065603.626276,1.2_smoother_update,0.141
1657065603.626276,1.2_update_frames_calculate_estimate,0.007
1657065603.626276,1.2_update_frames_state_copy,0.012
1657065603.626276,1.2_update_frames_sigma_p,0.033
1657065603.626276,1.2_update_frames,0.072
1657065603.626276,1.2_odom_insert_frame,10.139
1657065603.726276,1.1_pointcloud_extract,0.011
1657065603.726276,1.1_cloud_preprocess,1.284
1657065603.726276,1.1_ros_callback_total,1.367
1657065603.726276,1.2_imu_integration,0.110
1657065603.726276,1.2_pointcloud_deskew,0.039
1657065603.726276,1.2_covariance_estimation,0.526
1657065603.726276,1.2_create_factors,0.019
1657065603.726276,1.2_smoother_update,0.872
1657065603.726276,1.3_gnss_injection,0.324
1657065603.726276,1.2_update_frames_calculate_estimate,0.003
1657065603.726276,1.2_update_frames_state_copy,0.002
1657065603.726276,1.2_update_frames_sigma_p,0.019
1657065603.726276,1.2_update_frames,0.046
1657065603.699281,2.1_gnss_araim,1.040
1657065603.726276,2.3_dynamic_al,0.001
1657065603.726276,2.3_state_machine,0.001
1657065603.726276,2.3_integrity_total,1.121
1657065603.726276,1.2_odom_insert_frame,3.837
1657065603.826366,1.1_pointcloud_extract,0.011
1657065603.826366,1.1_cloud_preprocess,1.344
1657065603.826366,1.1_ros_callback_total,1.416
1657065603.826366,1.2_imu_integration,0.088
1657065603.826366,1.2_pointcloud_deskew,0.037
1657065603.826366,1.2_covariance_estimation,0.861
1657065603.826366,1.2_create_factors,0.018
1657065603.826366,1.2_smoother_update,1.622
1657065603.826366,1.3_gnss_injection,0.301
1657065603.826366,1.2_update_frames_calculate_estimate,0.004
1657065603.826366,1.2_update_frames_state_copy,0.002
1657065603.826366,1.2_update_frames_sigma_p,0.033
1657065603.826366,1.2_update_frames,0.060
1657065603.799315,2.1_gnss_araim,0.649
1657065603.826366,2.3_dynamic_al,0.000
1657065603.826366,2.3_state_machine,0.000
1657065603.826366,2.3_integrity_total,0.711
1657065603.826366,1.2_odom_insert_frame,4.228
1657065603.926301,1.1_pointcloud_extract,0.011
1657065603.926301,1.1_cloud_preprocess,1.363
1657065603.926301,1.1_ros_callback_total,1.441
1657065603.926301,1.2_imu_integration,0.105
1657065603.926301,1.2_pointcloud_deskew,0.037
1657065603.926301,1.2_covariance_estimation,0.642
1657065603.926301,1.2_create_factors,0.014
1657065603.926301,1.2_smoother_update,1.612
1657065603.926301,1.3_gnss_injection,0.293
1657065603.926301,1.2_update_frames_calculate_estimate,0.005
1657065603.926301,1.2_update_frames_state_copy,0.002
1657065603.926301,1.2_update_frames_sigma_p,0.021
1657065603.926301,1.2_update_frames,0.049
1657065603.899288,2.1_gnss_araim,0.624
1657065603.926301,2.3_dynamic_al,0.000
1657065603.926301,2.3_state_machine,0.000
1657065603.926301,2.3_integrity_total,0.684
1657065603.926301,1.2_odom_insert_frame,3.895
1657065604.026353,1.1_pointcloud_extract,0.011
1657065604.026353,1.1_cloud_preprocess,1.377
1657065604.026353,1.1_ros_callback_total,1.454
1657065604.026353,1.2_imu_integration,0.091
1657065604.026353,1.2_pointcloud_deskew,0.037
1657065604.026353,1.2_covariance_estimation,0.696
1657065604.026353,1.2_create_factors,0.013
1657065604.026353,1.2_smoother_update,2.112
1657065604.026353,1.3_gnss_injection,0.301
1657065604.026353,1.2_update_frames_calculate_estimate,0.006
1657065604.026353,1.2_update_frames_state_copy,0.003
1657065604.026353,1.2_update_frames_sigma_p,0.056
1657065604.026353,1.2_update_frames,0.088
1657065603.999278,2.1_gnss_araim,0.599
1657065604.026353,2.3_dynamic_al,0.000
1657065604.026353,2.3_state_machine,0.000
1657065604.026353,2.3_integrity_total,0.648
1657065604.026353,1.2_odom_insert_frame,4.629
1657065604.126289,1.1_pointcloud_extract,0.011
1657065604.126289,1.1_cloud_preprocess,1.354
1657065604.126289,1.1_ros_callback_total,1.434
1657065604.126289,1.2_imu_integration,0.089
1657065604.126289,1.2_pointcloud_deskew,0.037
1657065604.126289,1.2_covariance_estimation,0.917
1657065604.126289,1.2_create_factors,0.016
1657065604.126289,1.2_smoother_update,3.496
1657065604.126289,1.3_gnss_injection,0.302
1657065604.126289,1.2_update_frames_calculate_estimate,0.007
1657065604.126289,1.2_update_frames_state_copy,0.003
1657065604.126289,1.2_update_frames_sigma_p,0.075
1657065604.126289,1.2_update_frames,0.110
1657065604.099274,2.1_gnss_araim,0.768
1657065604.126289,2.3_dynamic_al,0.000
1657065604.126289,2.3_state_machine,0.000
1657065604.126289,2.3_integrity_total,0.824
1657065604.126289,1.2_odom_insert_frame,6.502
1657065604.226275,1.1_pointcloud_extract,0.011
1657065604.226275,1.1_cloud_preprocess,1.284
1657065604.226275,1.1_ros_callback_total,1.372
1657065604.226275,1.2_imu_integration,0.088
1657065604.226275,1.2_pointcloud_deskew,0.038
1657065604.226275,1.2_covariance_estimation,0.908
1657065604.226275,1.2_create_factors,0.014
1657065604.226275,1.2_smoother_update,4.124
1657065604.226275,1.3_gnss_injection,0.321
1657065604.226275,1.2_update_frames_calculate_estimate,0.008
1657065604.226275,1.2_update_frames_state_copy,0.004
1657065604.226275,1.2_update_frames_sigma_p,0.099
1657065604.226275,1.2_update_frames,0.136
1657065604.199279,2.1_gnss_araim,0.768
1657065604.226275,2.3_dynamic_al,0.000
1657065604.226275,2.3_state_machine,0.000
1657065604.226275,2.3_integrity_total,0.831
1657065604.226275,1.2_odom_insert_frame,7.371
1657065604.326276,1.1_pointcloud_extract,0.011
1657065604.326276,1.1_cloud_preprocess,1.381
1657065604.326276,1.1_ros_callback_total,1.458
1657065604.326276,1.2_imu_integration,0.090
1657065604.326276,1.2_pointcloud_deskew,0.037
1657065604.326276,1.2_covariance_estimation,0.893
1657065604.326276,1.2_create_factors,0.017
1657065604.326276,1.2_smoother_update,4.984
1657065604.326276,1.3_gnss_injection,0.323
1657065604.326276,1.2_update_frames_calculate_estimate,0.008
1657065604.326276,1.2_update_frames_state_copy,0.004
1657065604.326276,1.2_update_frames_sigma_p,0.021
1657065604.326276,1.2_update_frames,0.057
1657065604.299278,2.1_gnss_araim,0.843
1657065604.326276,2.3_dynamic_al,0.000
1657065604.326276,2.3_state_machine,0.000
1657065604.326276,2.3_integrity_total,0.906
1657065604.326276,1.2_odom_insert_frame,7.850
1657065604.426254,1.1_pointcloud_extract,0.011
1657065604.426254,1.1_cloud_preprocess,1.382
1657065604.426254,1.1_ros_callback_total,1.472
1657065604.426254,1.2_imu_integration,0.092
1657065604.426254,1.2_pointcloud_deskew,0.039
1657065604.426254,1.2_covariance_estimation,0.864
1657065604.426254,1.2_create_factors,0.016
1657065604.426254,1.2_smoother_update,5.420
1657065604.426254,1.3_gnss_injection,0.330
1657065604.426254,1.2_update_frames_calculate_estimate,0.009
1657065604.426254,1.2_update_frames_state_copy,0.004
1657065604.426254,1.2_update_frames_sigma_p,0.021
1657065604.426254,1.2_update_frames,0.057
1657065604.399277,2.1_gnss_araim,0.807
1657065604.426254,2.3_dynamic_al,0.000
1657065604.426254,2.3_state_machine,0.000
1657065604.426254,2.3_integrity_total,0.860
1657065604.426254,1.2_odom_insert_frame,8.238
1657065604.526244,1.1_pointcloud_extract,0.011
1657065604.526244,1.1_cloud_preprocess,1.351
1657065604.526244,1.1_ros_callback_total,1.436
1657065604.526244,1.2_imu_integration,0.090
1657065604.526244,1.2_pointcloud_deskew,0.037
1657065604.526244,1.2_covariance_estimation,0.770
1657065604.526244,1.2_create_factors,0.016
1657065604.526244,1.2_smoother_update,6.139
1657065604.526244,1.3_gnss_injection,0.325
1657065604.526244,1.2_update_frames_calculate_estimate,0.012
1657065604.526244,1.2_update_frames_state_copy,0.005
1657065604.526244,1.2_update_frames_sigma_p,0.212
1657065604.526244,1.2_update_frames,0.255
1657065604.499220,2.1_gnss_araim,0.785
1657065604.526244,2.3_dynamic_al,0.000
1657065604.526244,2.3_state_machine,0.000
1657065604.526244,2.3_integrity_total,0.850
1657065604.526244,1.2_odom_insert_frame,10.051
1657065604.626282,1.1_pointcloud_extract,0.012
1657065604.626282,1.1_cloud_preprocess,1.371
1657065604.626282,1.1_ros_callback_total,1.461
1657065604.626282,1.2_imu_integration,0.159
1657065604.626282,1.2_pointcloud_deskew,0.038
1657065604.626282,1.2_covariance_estimation,0.686
1657065604.626282,1.2_create_factors,0.017
1657065604.626282,1.2_smoother_update,6.844
1657065604.626282,1.3_gnss_injection,0.348
1657065604.626282,1.2_update_frames_calculate_estimate,0.013
1657065604.626282,1.2_update_frames_state_copy,0.005
1657065604.626282,1.2_update_frames_sigma_p,0.021
1657065604.626282,1.2_update_frames,0.062
1657065604.599369,2.1_gnss_araim,0.807
1657065604.626282,2.3_dynamic_al,0.000
1657065604.626282,2.3_state_machine,0.000
1657065604.626282,2.3_integrity_total,0.869
1657065604.626282,1.2_odom_insert_frame,9.709
1657065604.726248,1.1_pointcloud_extract,0.011
1657065604.726248,1.1_cloud_preprocess,1.344
1657065604.726248,1.1_ros_callback_total,1.437
1657065604.726248,1.2_imu_integration,0.090
1657065604.726248,1.2_pointcloud_deskew,0.038
1657065604.726248,1.2_covariance_estimation,0.722
1657065604.726248,1.2_create_factors,0.017
1657065604.726248,1.2_smoother_update,7.581
1657065604.726248,1.3_gnss_injection,0.337
1657065604.726248,1.2_update_frames_calculate_estimate,0.013
1657065604.726248,1.2_update_frames_state_copy,0.005
1657065604.726248,1.2_update_frames_sigma_p,0.066
1657065604.726248,1.2_update_frames,0.109
1657065604.699228,2.1_gnss_araim,0.801
1657065604.726248,2.3_dynamic_al,0.000
1657065604.726248,2.3_state_machine,0.000
1657065604.726248,2.3_integrity_total,0.862
1657065604.726248,1.2_odom_insert_frame,10.570
1657065604.826281,1.1_pointcloud_extract,0.016
1657065604.826281,1.1_cloud_preprocess,1.289
1657065604.826281,1.1_ros_callback_total,1.396
1657065604.826281,1.2_imu_integration,0.088
1657065604.826281,1.2_pointcloud_deskew,0.037
1657065604.826281,1.2_covariance_estimation,0.723
1657065604.826281,1.2_create_factors,0.016
1657065604.826281,1.2_smoother_update,4.440
1657065604.826281,1.3_gnss_injection,0.311
1657065604.826281,1.2_update_frames_calculate_estimate,0.014
1657065604.826281,1.2_update_frames_state_copy,0.005
1657065604.826281,1.2_update_frames_sigma_p,0.032
1657065604.826281,1.2_update_frames,0.075
1657065604.799288,2.1_gnss_araim,0.637
1657065604.826281,2.3_dynamic_al,0.000
1657065604.826281,2.3_state_machine,0.000
1657065604.826281,2.3_integrity_total,0.701
1657065604.826281,1.2_odom_insert_frame,7.058
1657065604.926293,1.1_pointcloud_extract,0.011
1657065604.926293,1.1_cloud_preprocess,1.343
1657065604.926293,1.1_ros_callback_total,1.406
1657065604.926293,1.2_imu_integration,0.091
1657065604.926293,1.2_pointcloud_deskew,0.038
1657065604.926293,1.2_covariance_estimation,0.981
1657065604.926293,1.2_create_factors,0.016
1657065604.926293,1.2_smoother_update,5.153
1657065604.926293,1.3_gnss_injection,0.367
1657065604.926293,1.2_update_frames_calculate_estimate,0.017
1657065604.926293,1.2_update_frames_state_copy,0.006
1657065604.926293,1.2_update_frames_sigma_p,0.116
1657065604.926293,1.2_update_frames,0.170
1657065604.899292,2.1_gnss_araim,0.774
1657065604.926293,2.3_dynamic_al,0.000
1657065604.926293,2.3_state_machine,0.000
1657065604.926293,2.3_integrity_total,0.821
1657065604.926293,1.2_odom_insert_frame,8.767
1657065605.026281,1.1_pointcloud_extract,0.011
1657065605.026281,1.1_cloud_preprocess,1.352
1657065605.026281,1.1_ros_callback_total,1.426
1657065605.026281,1.2_imu_integration,0.074
1657065605.026281,1.2_pointcloud_deskew,0.048
1657065605.026281,1.2_covariance_estimation,0.573
1657065605.026281,1.2_create_factors,0.011
1657065605.026281,1.2_smoother_update,3.874
1657065605.026281,1.3_gnss_injection,0.236
1657065605.026281,1.2_update_frames_calculate_estimate,0.012
1657065605.026281,1.2_update_frames_state_copy,0.005
1657065605.026281,1.2_update_frames_sigma_p,0.028
1657065605.026281,1.2_update_frames,0.061
1657065604.999277,2.1_gnss_araim,0.663
1657065605.026281,2.3_dynamic_al,0.000
1657065605.026281,2.3_state_machine,0.000
1657065605.026281,2.3_integrity_total,0.720
1657065605.026281,1.2_odom_insert_frame,6.217
1657065605.126297,1.1_pointcloud_extract,0.011
1657065605.126297,1.1_cloud_preprocess,1.370
1657065605.126297,1.1_ros_callback_total,1.447
1657065605.126297,1.2_imu_integration,0.089
1657065605.126297,1.2_pointcloud_deskew,0.037
1657065605.126297,1.2_covariance_estimation,1.023
1657065605.126297,1.2_create_factors,0.015
1657065605.126297,1.2_smoother_update,4.511
1657065605.126297,1.3_gnss_injection,0.269
1657065605.126297,1.2_update_frames_calculate_estimate,0.013
1657065605.126297,1.2_update_frames_state_copy,0.005
1657065605.126297,1.2_update_frames_sigma_p,0.019
1657065605.126297,1.2_update_frames,0.053
1657065605.099277,2.1_gnss_araim,0.659
1657065605.126297,2.3_dynamic_al,0.000
1657065605.126297,2.3_state_machine,0.000
1657065605.126297,2.3_integrity_total,0.730
1657065605.126297,1.2_odom_insert_frame,7.336
1657065605.226275,1.1_pointcloud_extract,0.008
1657065605.226275,1.1_cloud_preprocess,1.295
1657065605.226275,1.1_ros_callback_total,1.352
1657065605.226275,1.2_imu_integration,0.089
1657065605.226275,1.2_pointcloud_deskew,0.037
1657065605.226275,1.2_covariance_estimation,0.821
1657065605.226275,1.2_create_factors,0.016
1657065605.226275,1.2_smoother_update,11.133
1657065605.226275,1.3_gnss_injection,0.366
1657065605.226275,1.2_update_frames_calculate_estimate,0.018
1657065605.226275,1.2_update_frames_state_copy,0.006
1657065605.226275,1.2_update_frames_sigma_p,0.146
1657065605.226275,1.2_update_frames,0.199
1657065605.199279,2.1_gnss_araim,0.647
1657065605.226275,2.3_dynamic_al,0.000
1657065605.226275,2.3_state_machine,0.000
1657065605.226275,2.3_integrity_total,0.706
1657065605.226275,1.2_odom_insert_frame,14.529
1657065605.326279,1.1_pointcloud_extract,0.011
1657065605.326279,1.1_cloud_preprocess,1.366
1657065605.326279,1.1_ros_callback_total,1.445
1657065605.326279,1.2_imu_integration,0.090
1657065605.326279,1.2_pointcloud_deskew,0.040
1657065605.326279,1.2_covariance_estimation,0.982
1657065605.326279,1.2_create_factors,0.017
1657065605.326279,1.2_smoother_update,6.419
1657065605.326279,1.3_gnss_injection,0.326
1657065605.326279,1.2_update_frames_calculate_estimate,0.018
1657065605.326279,1.2_update_frames_state_copy,0.007
1657065605.326279,1.2_update_frames_sigma_p,0.033
1657065605.326279,1.2_update_frames,0.083
1657065605.299319,2.1_gnss_araim,0.652
1657065605.326279,2.3_dynamic_al,0.000
1657065605.326279,2.3_state_machine,0.000
1657065605.326279,2.3_integrity_total,0.713
1657065605.326279,1.2_odom_insert_frame,9.348
1657065605.426276,1.1_pointcloud_extract,0.011
1657065605.426276,1.1_cloud_preprocess,1.346
1657065605.426276,1.1_ros_callback_total,1.408
1657065605.426276,1.2_imu_integration,0.090
1657065605.426276,1.2_pointcloud_deskew,0.038
1657065605.426276,1.2_covariance_estimation,0.733
1657065605.426276,1.2_create_factors,0.018
1657065605.426276,1.2_smoother_update,1.049
1657065605.426276,1.3_gnss_injection,0.309
1657065605.426276,1.2_update_frames_calculate_estimate,0.018
1657065605.426276,1.2_update_frames_state_copy,0.007
1657065605.426276,1.2_update_frames_sigma_p,0.032
1657065605.426276,1.2_update_frames,0.082
1657065605.399278,2.1_gnss_araim,0.690
1657065605.426276,2.3_dynamic_al,0.000
1657065605.426276,2.3_state_machine,0.000
1657065605.426276,2.3_integrity_total,0.771
1657065605.426276,1.2_odom_insert_frame,3.823
1657065605.526301,1.1_pointcloud_extract,0.011
1657065605.526301,1.1_cloud_preprocess,1.340
1657065605.526301,1.1_ros_callback_total,1.414
1657065605.526301,1.2_imu_integration,0.090
1657065605.526301,1.2_pointcloud_deskew,0.037
1657065605.526301,1.2_covariance_estimation,0.724
1657065605.526301,1.2_create_factors,0.016
1657065605.526301,1.2_smoother_update,7.756
1657065605.526301,1.3_gnss_injection,0.396
1657065605.526301,1.2_update_frames_calculate_estimate,0.023
1657065605.526301,1.2_update_frames_state_copy,0.008
1657065605.526301,1.2_update_frames_sigma_p,0.422
1657065605.526301,1.2_update_frames,0.490
1657065605.499276,2.1_gnss_araim,0.809
1657065605.526301,2.3_dynamic_al,0.000
1657065605.526301,2.3_state_machine,0.000
1657065605.526301,2.3_integrity_total,0.859
1657065605.526301,1.2_odom_insert_frame,13.117
1657065605.626277,1.1_pointcloud_extract,0.011
1657065605.626277,1.1_cloud_preprocess,1.382
1657065605.626277,1.1_ros_callback_total,1.455
1657065605.626277,1.2_imu_integration,0.128
1657065605.626277,1.2_pointcloud_deskew,0.049
1657065605.626277,1.2_covariance_estimation,0.615
1657065605.626277,1.2_create_factors,0.014
1657065605.626277,1.2_smoother_update,5.841
1657065605.626277,1.3_gnss_injection,0.243
1657065605.626277,1.2_update_frames_calculate_estimate,0.017
1657065605.626277,1.2_update_frames_state_copy,0.006
1657065605.626277,1.2_update_frames_sigma_p,0.029
1657065605.626277,1.2_update_frames,0.068
1657065605.599283,2.1_gnss_araim,0.769
1657065605.626277,2.3_dynamic_al,0.000
1657065605.626277,2.3_state_machine,0.000
1657065605.626277,2.3_integrity_total,0.825
1657065605.626277,1.2_odom_insert_frame,8.315
1657065605.726275,1.1_pointcloud_extract,0.011
1657065605.726275,1.1_cloud_preprocess,1.344
1657065605.726275,1.1_ros_callback_total,1.427
1657065605.726275,1.2_imu_integration,0.090
1657065605.726275,1.2_pointcloud_deskew,0.039
1657065605.726275,1.2_covariance_estimation,0.921
1657065605.726275,1.2_create_factors,0.016
1657065605.726275,1.2_smoother_update,1.110
1657065605.726275,1.3_gnss_injection,0.311
1657065605.726275,1.2_update_frames_calculate_estimate,0.020
1657065605.726275,1.2_update_frames_state_copy,0.008
1657065605.726275,1.2_update_frames_sigma_p,0.035
1657065605.726275,1.2_update_frames,0.088
1657065605.699277,2.1_gnss_araim,0.622
1657065605.726275,2.3_dynamic_al,0.000
1657065605.726275,2.3_state_machine,0.000
1657065605.726275,2.3_integrity_total,0.675
1657065605.726275,1.2_odom_insert_frame,3.997
1657065605.826288,1.1_pointcloud_extract,0.011
1657065605.826288,1.1_cloud_preprocess,1.345
1657065605.826288,1.1_ros_callback_total,1.412
1657065605.826288,1.2_imu_integration,0.091
1657065605.826288,1.2_pointcloud_deskew,0.037
1657065605.826288,1.2_covariance_estimation,0.995
1657065605.826288,1.2_create_factors,0.016
1657065605.826288,1.2_smoother_update,8.962
1657065605.826288,1.3_gnss_injection,0.415
1657065605.826288,1.2_update_frames_calculate_estimate,0.022
1657065605.826288,1.2_update_frames_state_copy,0.008
1657065605.826288,1.2_update_frames_sigma_p,0.022
1657065605.826288,1.2_update_frames,0.078
1657065605.799291,2.1_gnss_araim,0.752
1657065605.826288,2.3_dynamic_al,0.000
1657065605.826288,2.3_state_machine,0.000
1657065605.826288,2.3_integrity_total,0.810
1657065605.826288,1.2_odom_insert_frame,12.066
1657065605.926275,1.1_pointcloud_extract,0.011
1657065605.926275,1.1_cloud_preprocess,1.258
1657065605.926275,1.1_ros_callback_total,1.328
1657065605.926275,1.2_imu_integration,0.090
1657065605.926275,1.2_pointcloud_deskew,0.037
1657065605.926275,1.2_covariance_estimation,0.847
1657065605.926275,1.2_create_factors,0.016
1657065605.926275,1.2_smoother_update,6.706
1657065605.926275,1.3_gnss_injection,0.239
1657065605.926275,1.2_update_frames_calculate_estimate,0.019
1657065605.926275,1.2_update_frames_state_copy,0.007
1657065605.926275,1.2_update_frames_sigma_p,0.029
1657065605.926275,1.2_update_frames,0.073
1657065605.899292,2.1_gnss_araim,0.642
1657065605.926275,2.3_dynamic_al,0.000
1657065605.926275,2.3_state_machine,0.000
1657065605.926275,2.3_integrity_total,0.699
1657065605.926275,1.2_odom_insert_frame,9.293
1657065606.026369,1.1_pointcloud_extract,0.011
1657065606.026369,1.1_cloud_preprocess,1.410
1657065606.026369,1.1_ros_callback_total,1.511
1657065606.026369,1.2_imu_integration,0.074
1657065606.026369,1.2_pointcloud_deskew,0.048
1657065606.026369,1.2_covariance_estimation,0.474
1657065606.026369,1.2_create_factors,0.014
1657065606.026369,1.2_smoother_update,1.002
1657065606.026369,1.3_gnss_injection,0.252
1657065606.026369,1.2_update_frames_calculate_estimate,0.019
1657065606.026369,1.2_update_frames_state_copy,0.007
1657065606.026369,1.2_update_frames_sigma_p,0.030
1657065606.026369,1.2_update_frames,0.077
1657065605.999249,2.1_gnss_araim,1.140
1657065606.026369,2.3_dynamic_al,0.000
1657065606.026369,2.3_state_machine,0.000
1657065606.026369,2.3_integrity_total,1.212
1657065606.026369,1.2_odom_insert_frame,3.768
1657065606.126266,1.1_pointcloud_extract,0.011
1657065606.126266,1.1_cloud_preprocess,1.346
1657065606.126266,1.1_ros_callback_total,1.420
1657065606.126266,1.2_imu_integration,0.091
1657065606.126266,1.2_pointcloud_deskew,0.037
1657065606.126266,1.2_covariance_estimation,0.687
1657065606.126266,1.2_create_factors,0.015
1657065606.126266,1.2_smoother_update,1.223
1657065606.126266,1.3_gnss_injection,0.329
1657065606.126266,1.2_update_frames_calculate_estimate,0.023
1657065606.126266,1.2_update_frames_state_copy,0.009
1657065606.126266,1.2_update_frames_sigma_p,0.033
1657065606.126266,1.2_update_frames,0.091
1657065606.099254,2.1_gnss_araim,0.620
1657065606.126266,2.3_dynamic_al,0.000
1657065606.126266,2.3_state_machine,0.000
1657065606.126266,2.3_integrity_total,0.672
1657065606.126266,1.2_odom_insert_frame,3.952
1657065606.226276,1.1_pointcloud_extract,0.012
1657065606.226276,1.1_cloud_preprocess,1.360
1657065606.226276,1.1_ros_callback_total,1.429
1657065606.226276,1.2_imu_integration,0.089
1657065606.226276,1.2_pointcloud_deskew,0.038
1657065606.226276,1.2_covariance_estimation,0.669
1657065606.226276,1.2_create_factors,0.014
1657065606.226276,1.2_smoother_update,1.225
1657065606.226276,1.3_gnss_injection,0.319
1657065606.226276,1.2_update_frames_calculate_estimate,0.023
1657065606.226276,1.2_update_frames_state_copy,0.009
1657065606.226276,1.2_update_frames_sigma_p,0.033
1657065606.226276,1.2_update_frames,0.091
1657065606.199280,2.1_gnss_araim,0.646
1657065606.226276,2.3_dynamic_al,0.000
1657065606.226276,2.3_state_machine,0.000
1657065606.226276,2.3_integrity_total,0.740
1657065606.226276,1.2_odom_insert_frame,3.915
1657065606.326284,1.1_pointcloud_extract,0.012
1657065606.326284,1.1_cloud_preprocess,1.361
1657065606.326284,1.1_ros_callback_total,1.438
1657065606.326284,1.2_imu_integration,0.090
1657065606.326284,1.2_pointcloud_deskew,0.036
1657065606.326284,1.2_covariance_estimation,0.902
1657065606.326284,1.2_create_factors,0.016
1657065606.326284,1.2_smoother_update,1.250
1657065606.326284,1.3_gnss_injection,0.331
1657065606.326284,1.2_update_frames_calculate_estimate,0.024
1657065606.326284,1.2_update_frames_state_copy,0.009
1657065606.326284,1.2_update_frames_sigma_p,0.033
1657065606.326284,1.2_update_frames,0.093
1657065606.299299,2.1_gnss_araim,0.647
1657065606.326284,2.3_dynamic_al,0.000
1657065606.326284,2.3_state_machine,0.000
1657065606.326284,2.3_integrity_total,0.704
1657065606.326284,1.2_odom_insert_frame,4.314
1657065606.426274,1.1_pointcloud_extract,0.011
1657065606.426274,1.1_cloud_preprocess,1.322
1657065606.426274,1.1_ros_callback_total,1.403
1657065606.426274,1.2_imu_integration,0.077
1657065606.426274,1.2_pointcloud_deskew,0.048
1657065606.426274,1.2_covariance_estimation,0.576
1657065606.426274,1.2_create_factors,0.010
1657065606.426274,1.2_smoother_update,1.039
1657065606.426274,1.3_gnss_injection,0.239
1657065606.426274,1.2_update_frames_calculate_estimate,0.021
1657065606.426274,1.2_update_frames_state_copy,0.008
1657065606.426274,1.2_update_frames_sigma_p,0.029
1657065606.426274,1.2_update_frames,0.074
1657065606.399282,2.1_gnss_araim,0.824
1657065606.426274,2.3_dynamic_al,0.000
1657065606.426274,2.3_state_machine,0.000
1657065606.426274,2.3_integrity_total,0.858
1657065606.426274,1.2_odom_insert_frame,3.489
1657065606.526275,1.1_pointcloud_extract,0.013
1657065606.526275,1.1_cloud_preprocess,1.287
1657065606.526275,1.1_ros_callback_total,1.364
1657065606.526275,1.2_imu_integration,0.071
1657065606.526275,1.2_pointcloud_deskew,0.051
1657065606.526275,1.2_covariance_estimation,0.606
1657065606.526275,1.2_create_factors,0.013
1657065606.526275,1.2_smoother_update,1.087
1657065606.526275,1.3_gnss_injection,0.250
1657065606.526275,1.2_update_frames_calculate_estimate,0.022
1657065606.526275,1.2_update_frames_state_copy,0.008
1657065606.526275,1.2_update_frames_sigma_p,0.030
1657065606.526275,1.2_update_frames,0.077
1657065606.499276,2.1_gnss_araim,0.665
1657065606.526275,2.3_dynamic_al,0.000
1657065606.526275,2.3_state_machine,0.000
1657065606.526275,2.3_integrity_total,0.721
1657065606.526275,1.2_odom_insert_frame,3.641
1657065606.626275,1.1_pointcloud_extract,0.011
1657065606.626275,1.1_cloud_preprocess,1.343
1657065606.626275,1.1_ros_callback_total,1.411
1657065606.626275,1.2_imu_integration,0.091
1657065606.626275,1.2_pointcloud_deskew,0.038
1657065606.626275,1.2_covariance_estimation,0.929
1657065606.626275,1.2_create_factors,0.015
1657065606.626275,1.2_smoother_update,1.341
1657065606.626275,1.3_gnss_injection,0.376
1657065606.626275,1.2_update_frames_calculate_estimate,0.031
1657065606.626275,1.2_update_frames_state_copy,0.010
1657065606.626275,1.2_update_frames_sigma_p,0.034
1657065606.626275,1.2_update_frames,0.103
1657065606.599276,2.1_gnss_araim,0.633
1657065606.626275,2.3_dynamic_al,0.000
1657065606.626275,2.3_state_machine,0.000
1657065606.626275,2.3_integrity_total,0.691
1657065606.626275,1.2_odom_insert_frame,4.445
1657065606.726225,1.1_pointcloud_extract,0.011
1657065606.726225,1.1_cloud_preprocess,1.361
1657065606.726225,1.1_ros_callback_total,1.435
1657065606.726225,1.2_imu_integration,0.089
1657065606.726225,1.2_pointcloud_deskew,0.039
1657065606.726225,1.2_covariance_estimation,0.707
1657065606.726225,1.2_create_factors,0.014
1657065606.726225,1.2_smoother_update,14.380
1657065606.726225,1.3_gnss_injection,0.512
1657065606.726225,1.2_update_frames_calculate_estimate,0.042
1657065606.726225,1.2_update_frames_state_copy,0.013
1657065606.726225,1.2_update_frames_sigma_p,0.027
1657065606.726225,1.2_update_frames,0.114
1657065606.699281,2.1_gnss_araim,0.737
1657065606.726225,2.3_dynamic_al,0.000
1657065606.726225,2.3_state_machine,0.000
1657065606.726225,2.3_integrity_total,0.802
1657065606.726225,1.2_odom_insert_frame,17.657
1657065606.826379,1.1_pointcloud_extract,0.011
1657065606.826379,1.1_cloud_preprocess,1.327
1657065606.826379,1.1_ros_callback_total,1.392
1657065606.826379,1.2_imu_integration,0.089
1657065606.826379,1.2_pointcloud_deskew,0.037
1657065606.826379,1.2_covariance_estimation,0.864
1657065606.826379,1.2_create_factors,0.016
1657065606.826379,1.2_smoother_update,13.249
1657065606.826379,1.3_gnss_injection,0.354
1657065606.826379,1.2_update_frames_calculate_estimate,0.034
1657065606.826379,1.2_update_frames_state_copy,0.012
1657065606.826379,1.2_update_frames_sigma_p,0.034
1657065606.826379,1.2_update_frames,0.108
1657065606.799238,2.1_gnss_araim,0.831
1657065606.826379,2.3_dynamic_al,0.000
1657065606.826379,2.3_state_machine,0.000
1657065606.826379,2.3_integrity_total,0.887
1657065606.826379,1.2_odom_insert_frame,16.504
1657065606.926238,1.1_pointcloud_extract,0.011
1657065606.926238,1.1_cloud_preprocess,1.344
1657065606.926238,1.1_ros_callback_total,1.417
1657065606.926238,1.2_imu_integration,0.090
1657065606.926238,1.2_pointcloud_deskew,0.038
1657065606.926238,1.2_covariance_estimation,0.941
1657065606.926238,1.2_create_factors,0.016
1657065606.926238,1.2_smoother_update,1.444
1657065606.926238,1.3_gnss_injection,0.340
1657065606.926238,1.2_update_frames_calculate_estimate,0.033
1657065606.926238,1.2_update_frames_state_copy,0.011
1657065606.926238,1.2_update_frames_sigma_p,0.034
1657065606.926238,1.2_update_frames,0.106
1657065606.899225,2.1_gnss_araim,0.843
1657065606.926238,2.3_dynamic_al,0.000
1657065606.926238,2.3_state_machine,0.000
1657065606.926238,2.3_integrity_total,0.899
1657065606.926238,1.2_odom_insert_frame,4.731
1657065607.026338,1.1_pointcloud_extract,0.009
1657065607.026338,1.1_cloud_preprocess,1.269
1657065607.026338,1.1_ros_callback_total,1.328
1657065607.026338,1.2_imu_integration,0.091
1657065607.026338,1.2_pointcloud_deskew,0.051
1657065607.026338,1.2_covariance_estimation,0.869
1657065607.026338,1.2_create_factors,0.016
1657065607.026338,1.2_smoother_update,1.452
1657065607.026338,1.3_gnss_injection,0.327
1657065607.026338,1.2_update_frames_calculate_estimate,0.030
1657065607.026338,1.2_update_frames_state_copy,0.011
1657065607.026338,1.2_update_frames_sigma_p,0.034
1657065607.026338,1.2_update_frames,0.103
1657065606.999433,2.1_gnss_araim,0.633
1657065607.026338,2.3_dynamic_al,0.000
1657065607.026338,2.3_state_machine,0.000
1657065607.026338,2.3_integrity_total,0.694
1657065607.026338,1.2_odom_insert_frame,4.607
1657065607.126387,1.1_pointcloud_extract,0.011
1657065607.126387,1.1_cloud_preprocess,1.356
1657065607.126387,1.1_ros_callback_total,1.419
1657065607.126387,1.2_imu_integration,0.110
1657065607.126387,1.2_pointcloud_deskew,0.047
1657065607.126387,1.2_covariance_estimation,0.477
1657065607.126387,1.2_create_factors,0.011
1657065607.126387,1.2_smoother_update,1.164
1657065607.126387,1.3_gnss_injection,0.247
1657065607.126387,1.2_update_frames_calculate_estimate,0.026
1657065607.126387,1.2_update_frames_state_copy,0.009
1657065607.126387,1.2_update_frames_sigma_p,0.030
1657065607.126387,1.2_update_frames,0.084
1657065607.099384,2.1_gnss_araim,0.797
1657065607.126387,2.3_dynamic_al,0.000
1657065607.126387,2.3_state_machine,0.000
1657065607.126387,2.3_integrity_total,0.855
1657065607.126387,1.2_odom_insert_frame,3.596
1657065607.226239,1.1_pointcloud_extract,0.011
1657065607.226239,1.1_cloud_preprocess,1.370
1657065607.226239,1.1_ros_callback_total,1.440
1657065607.226239,1.2_imu_integration,0.090
1657065607.226239,1.2_pointcloud_deskew,0.037
1657065607.226239,1.2_covariance_estimation,0.689
1657065607.226239,1.2_create_factors,0.014
1657065607.226239,1.2_smoother_update,1.460
1657065607.226239,1.3_gnss_injection,0.337
1657065607.226239,1.2_update_frames_calculate_estimate,0.035
1657065607.226239,1.2_update_frames_state_copy,0.012
1657065607.226239,1.2_update_frames_sigma_p,0.035
1657065607.226239,1.2_update_frames,0.115
1657065607.199263,2.1_gnss_araim,0.633
1657065607.226239,2.3_dynamic_al,0.000
1657065607.226239,2.3_state_machine,0.000
1657065607.226239,2.3_integrity_total,0.686
1657065607.226239,1.2_odom_insert_frame,4.398
1657065607.326229,1.1_pointcloud_extract,0.011
1657065607.326229,1.1_cloud_preprocess,1.338
1657065607.326229,1.1_ros_callback_total,1.412
1657065607.326229,1.2_imu_integration,0.089
1657065607.326229,1.2_pointcloud_deskew,0.037
1657065607.326229,1.2_covariance_estimation,0.926
1657065607.326229,1.2_create_factors,0.017
1657065607.326229,1.2_smoother_update,18.003
1657065607.326229,1.3_gnss_injection,0.537
1657065607.326229,1.2_update_frames_calculate_estimate,0.045
1657065607.326229,1.2_update_frames_state_copy,0.014
1657065607.326229,1.2_update_frames_sigma_p,0.025
1657065607.326229,1.2_update_frames,0.118
1657065607.299402,2.1_gnss_araim,0.638
1657065607.326229,2.3_dynamic_al,0.000
1657065607.326229,2.3_state_machine,0.000
1657065607.326229,2.3_integrity_total,0.693
1657065607.326229,1.2_odom_insert_frame,21.450
1657065607.426232,1.1_pointcloud_extract,0.010
1657065607.426232,1.1_cloud_preprocess,1.304
1657065607.426232,1.1_ros_callback_total,1.386
1657065607.426232,1.2_imu_integration,0.091
1657065607.426232,1.2_pointcloud_deskew,0.039
1657065607.426232,1.2_covariance_estimation,0.524
1657065607.426232,1.2_create_factors,0.018
1657065607.426232,1.2_smoother_update,17.577
1657065607.426232,1.3_gnss_injection,0.389
1657065607.426232,1.2_update_frames_calculate_estimate,0.054
1657065607.426232,1.2_update_frames_state_copy,0.015
1657065607.426232,1.2_update_frames_sigma_p,0.040
1657065607.426232,1.2_update_frames,0.146
1657065607.399224,2.1_gnss_araim,0.675
1657065607.426232,2.3_dynamic_al,0.000
1657065607.426232,2.3_state_machine,0.000
1657065607.426232,2.3_integrity_total,0.743
1657065607.426232,1.2_odom_insert_frame,20.665
1657065607.526276,1.1_pointcloud_extract,0.012
1657065607.526276,1.1_cloud_preprocess,1.376
1657065607.526276,1.1_ros_callback_total,1.458
1657065607.526276,1.2_imu_integration,0.075
1657065607.526276,1.2_pointcloud_deskew,0.049
1657065607.526276,1.2_covariance_estimation,0.569
1657065607.526276,1.2_create_factors,0.014
1657065607.526276,1.2_smoother_update,1.355
1657065607.526276,1.3_gnss_injection,0.284
1657065607.526276,1.2_update_frames_calculate_estimate,0.032
1657065607.526276,1.2_update_frames_state_copy,0.010
1657065607.526276,1.2_update_frames_sigma_p,0.032
1657065607.526276,1.2_update_frames,0.095
1657065607.499294,2.1_gnss_araim,0.666
1657065607.526276,2.3_dynamic_al,0.000
1657065607.526276,2.3_state_machine,0.000
1657065607.526276,2.3_integrity_total,0.735
1657065607.526276,1.2_odom_insert_frame,3.946
1657065607.626245,1.1_pointcloud_extract,0.011
1657065607.626245,1.1_cloud_preprocess,1.468
1657065607.626245,1.1_ros_callback_total,1.535
1657065607.626245,1.2_imu_integration,0.094
1657065607.626245,1.2_pointcloud_deskew,0.039
1657065607.626245,1.2_covariance_estimation,0.608
1657065607.626245,1.2_create_factors,0.017
1657065607.626245,1.2_smoother_update,1.612
1657065607.626245,1.3_gnss_injection,0.344
1657065607.626245,1.2_update_frames_calculate_estimate,0.042
1657065607.626245,1.2_update_frames_state_copy,0.014
1657065607.626245,1.2_update_frames_sigma_p,0.038
1657065607.626245,1.2_update_frames,0.127
1657065607.599282,2.1_gnss_araim,0.777
1657065607.626245,2.3_dynamic_al,0.000
1657065607.626245,2.3_state_machine,0.000
1657065607.626245,2.3_integrity_total,0.838
1657065607.626245,1.2_odom_insert_frame,4.688
1657065607.726286,1.1_pointcloud_extract,0.011
1657065607.726286,1.1_cloud_preprocess,1.421
1657065607.726286,1.1_ros_callback_total,1.498
1657065607.726286,1.2_imu_integration,0.093
1657065607.726286,1.2_pointcloud_deskew,0.037
1657065607.726286,1.2_covariance_estimation,1.042
1657065607.726286,1.2_create_factors,0.015
1657065607.726286,1.2_smoother_update,1.682
1657065607.726286,1.3_gnss_injection,0.358
1657065607.726286,1.2_update_frames_calculate_estimate,0.043
1657065607.726286,1.2_update_frames_state_copy,0.015
1657065607.726286,1.2_update_frames_sigma_p,0.039
1657065607.726286,1.2_update_frames,0.131
1657065607.699300,2.1_gnss_araim,0.836
1657065607.726286,2.3_dynamic_al,0.000
1657065607.726286,2.3_state_machine,0.000
1657065607.726286,2.3_integrity_total,0.938
1657065607.726286,1.2_odom_insert_frame,5.301
1657065607.826277,1.1_pointcloud_extract,0.023
1657065607.826277,1.1_cloud_preprocess,1.314
1657065607.826277,1.1_ros_callback_total,1.418
1657065607.826277,1.2_imu_integration,0.090
1657065607.826277,1.2_pointcloud_deskew,0.037
1657065607.826277,1.2_covariance_estimation,0.713
1657065607.826277,1.2_create_factors,0.016
1657065607.826277,1.2_smoother_update,1.610
1657065607.826277,1.3_gnss_injection,0.347
1657065607.826277,1.2_update_frames_calculate_estimate,0.037
1657065607.826277,1.2_update_frames_state_copy,0.014
1657065607.826277,1.2_update_frames_sigma_p,0.038
1657065607.826277,1.2_update_frames,0.119
1657065607.799276,2.1_gnss_araim,0.609
1657065607.826277,2.3_dynamic_al,0.000
1657065607.826277,2.3_state_machine,0.000
1657065607.826277,2.3_integrity_total,0.667
1657065607.826277,1.2_odom_insert_frame,4.600
1657065607.926281,1.1_pointcloud_extract,0.010
1657065607.926281,1.1_cloud_preprocess,1.383
1657065607.926281,1.1_ros_callback_total,1.464
1657065607.926281,1.2_imu_integration,0.078
1657065607.926281,1.2_pointcloud_deskew,0.052
1657065607.926281,1.2_covariance_estimation,0.836
1657065607.926281,1.2_create_factors,0.010
1657065607.926281,1.2_smoother_update,17.743
1657065607.926281,1.3_gnss_injection,0.421
1657065607.926281,1.2_update_frames_calculate_estimate,0.036
1657065607.926281,1.2_update_frames_state_copy,0.012
1657065607.926281,1.2_update_frames_sigma_p,0.340
1657065607.926281,1.2_update_frames,0.416
1657065607.899279,2.1_gnss_araim,0.808
1657065607.926281,2.3_dynamic_al,0.000
1657065607.926281,2.3_state_machine,0.000
1657065607.926281,2.3_integrity_total,0.866
1657065607.926281,1.2_odom_insert_frame,23.192
1657065608.026274,1.1_pointcloud_extract,0.012
1657065608.026274,1.1_cloud_preprocess,1.347
1657065608.026274,1.1_ros_callback_total,1.427
1657065608.026274,1.2_imu_integration,0.142
1657065608.026274,1.2_pointcloud_deskew,0.048
1657065608.026274,1.2_covariance_estimation,0.385
1657065608.026274,1.2_create_factors,0.011
1657065608.026274,1.2_smoother_update,15.810
1657065608.026274,1.3_gnss_injection,0.282
1657065608.026274,1.2_update_frames_calculate_estimate,0.035
1657065608.026274,1.2_update_frames_state_copy,0.012
1657065608.026274,1.2_update_frames_sigma_p,0.029
1657065608.026274,1.2_update_frames,0.099
1657065607.999279,2.1_gnss_araim,0.696
1657065608.026274,2.3_dynamic_al,0.000
1657065608.026274,2.3_state_machine,0.000
1657065608.026274,2.3_integrity_total,0.732
1657065608.026274,1.2_odom_insert_frame,18.323
1657065608.126283,1.1_pointcloud_extract,0.011
1657065608.126283,1.1_cloud_preprocess,1.369
1657065608.126283,1.1_ros_callback_total,1.451
1657065608.126283,1.2_imu_integration,0.076
1657065608.126283,1.2_pointcloud_deskew,0.050
1657065608.126283,1.2_covariance_estimation,0.396
1657065608.126283,1.2_create_factors,0.013
1657065608.126283,1.2_smoother_update,1.435
1657065608.126283,1.3_gnss_injection,0.259
1657065608.126283,1.2_update_frames_calculate_estimate,0.034
1657065608.126283,1.2_update_frames_state_copy,0.011
1657065608.126283,1.2_update_frames_sigma_p,0.030
1657065608.126283,1.2_update_frames,0.095
1657065608.099281,2.1_gnss_araim,0.657
1657065608.126283,2.3_dynamic_al,0.000
1657065608.126283,2.3_state_machine,0.000
1657065608.126283,2.3_integrity_total,0.703
1657065608.126283,1.2_odom_insert_frame,3.731
1657065608.226277,1.1_pointcloud_extract,0.009
1657065608.226277,1.1_cloud_preprocess,1.264
1657065608.226277,1.1_ros_callback_total,1.326
1657065608.226277,1.2_imu_integration,0.090
1657065608.226277,1.2_pointcloud_deskew,0.037
1657065608.226277,1.2_covariance_estimation,0.732
1657065608.226277,1.2_create_factors,0.015
1657065608.226277,1.2_smoother_update,1.752
1657065608.226277,1.3_gnss_injection,0.354
1657065608.226277,1.2_update_frames_calculate_estimate,0.041
1657065608.226277,1.2_update_frames_state_copy,0.015
1657065608.226277,1.2_update_frames_sigma_p,0.036
1657065608.226277,1.2_update_frames,0.122
1657065608.199276,2.1_gnss_araim,0.651
1657065608.226277,2.3_dynamic_al,0.000
1657065608.226277,2.3_state_machine,0.000
1657065608.226277,2.3_integrity_total,0.697
1657065608.226277,1.2_odom_insert_frame,4.813
1657065608.326228,1.1_pointcloud_extract,0.009
1657065608.326228,1.1_cloud_preprocess,1.238
1657065608.326228,1.1_ros_callback_total,1.291
1657065608.326228,1.2_imu_integration,0.093
1657065608.326228,1.2_pointcloud_deskew,0.049
1657065608.326228,1.2_covariance_estimation,0.760
1657065608.326228,1.2_create_factors,0.018
1657065608.326228,1.2_smoother_update,1.796
1657065608.326228,1.3_gnss_injection,0.358
1657065608.326228,1.2_update_frames_calculate_estimate,0.049
1657065608.326228,1.2_update_frames_state_copy,0.016
1657065608.326228,1.2_update_frames_sigma_p,0.038
1657065608.326228,1.2_update_frames,0.136
1657065608.299284,2.1_gnss_araim,0.649
1657065608.326228,2.3_dynamic_al,0.000
1657065608.326228,2.3_state_machine,0.000
1657065608.326228,2.3_integrity_total,0.694
1657065608.326228,1.2_odom_insert_frame,5.138
1657065608.426248,1.1_pointcloud_extract,0.012
1657065608.426248,1.1_cloud_preprocess,1.350
1657065608.426248,1.1_ros_callback_total,1.441
1657065608.426248,1.2_imu_integration,0.090
1657065608.426248,1.2_pointcloud_deskew,0.038
1657065608.426248,1.2_covariance_estimation,0.934
1657065608.426248,1.2_create_factors,0.018
1657065608.426248,1.2_smoother_update,1.788
1657065608.426248,1.3_gnss_injection,0.356
1657065608.426248,1.2_update_frames_calculate_estimate,0.046
1657065608.426248,1.2_update_frames_state_copy,0.016
1657065608.426248,1.2_update_frames_sigma_p,0.038
1657065608.426248,1.2_update_frames,0.131
1657065608.399223,2.1_gnss_araim,0.927
1657065608.426248,2.3_dynamic_al,0.000
1657065608.426248,2.3_state_machine,0.000
1657065608.426248,2.3_integrity_total,0.975
1657065608.426248,1.2_odom_insert_frame,5.473
1657065608.526265,1.1_pointcloud_extract,0.011
1657065608.526265,1.1_cloud_preprocess,1.387
1657065608.526265,1.1_ros_callback_total,1.472
1657065608.526265,1.2_imu_integration,0.089
1657065608.526265,1.2_pointcloud_deskew,0.039
1657065608.526265,1.2_covariance_estimation,0.873
1657065608.526265,1.2_create_factors,0.017
1657065608.526265,1.2_smoother_update,1.918
1657065608.526265,1.3_gnss_injection,0.360
1657065608.526265,1.2_update_frames_calculate_estimate,0.049
1657065608.526265,1.2_update_frames_state_copy,0.017
1657065608.526265,1.2_update_frames_sigma_p,0.041
1657065608.526265,1.2_update_frames,0.141
1657065608.499381,2.1_gnss_araim,0.595
1657065608.526265,2.3_dynamic_al,0.000
1657065608.526265,2.3_state_machine,0.000
1657065608.526265,2.3_integrity_total,0.658
1657065608.526265,1.2_odom_insert_frame,5.357
1657065608.626342,1.1_pointcloud_extract,0.011
1657065608.626342,1.1_cloud_preprocess,1.344
1657065608.626342,1.1_ros_callback_total,1.427
1657065608.626342,1.2_imu_integration,0.092
1657065608.626342,1.2_pointcloud_deskew,0.038
1657065608.626342,1.2_covariance_estimation,0.794
1657065608.626342,1.2_create_factors,0.016
1657065608.626342,1.2_smoother_update,23.395
1657065608.626342,1.3_gnss_injection,0.504
1657065608.626342,1.2_update_frames_calculate_estimate,0.047
1657065608.626342,1.2_update_frames_state_copy,0.013
1657065608.626342,1.2_update_frames_sigma_p,0.961
1657065608.626342,1.2_update_frames,1.061
1657065608.599221,2.1_gnss_araim,0.915
1657065608.626342,2.3_dynamic_al,0.000
1657065608.626342,2.3_state_machine,0.000
1657065608.626342,2.3_integrity_total,0.951
1657065608.626342,1.2_odom_insert_frame,34.553
1657065603.626276,1.4_sub_map_insert,3.031
1657065608.726361,1.1_pointcloud_extract,0.012
1657065608.726361,1.1_cloud_preprocess,1.333
1657065608.726361,1.1_ros_callback_total,1.419
1657065608.726361,1.2_imu_integration,0.076
1657065608.726361,1.2_pointcloud_deskew,0.047
1657065608.726361,1.2_covariance_estimation,0.597
1657065608.726361,1.2_create_factors,0.016
1657065608.726361,1.2_smoother_update,18.395
1657065608.726361,1.3_gnss_injection,0.354
1657065608.726361,1.2_update_frames_calculate_estimate,0.057
1657065608.726361,1.2_update_frames_state_copy,0.018
1657065608.726361,1.2_update_frames_sigma_p,0.029
1657065608.726361,1.2_update_frames,0.140
1657065608.699360,2.1_gnss_araim,0.795
1657065608.726361,2.3_dynamic_al,0.000
1657065608.726361,2.3_state_machine,0.000
1657065608.726361,2.3_integrity_total,0.852
1657065608.726361,1.2_odom_insert_frame,21.726
1657065608.826336,1.1_pointcloud_extract,0.011
1657065608.826336,1.1_cloud_preprocess,1.366
1657065608.826336,1.1_ros_callback_total,1.442
1657065608.826336,1.2_imu_integration,0.089
1657065608.826336,1.2_pointcloud_deskew,0.040
1657065608.826336,1.2_covariance_estimation,0.621
1657065608.826336,1.2_create_factors,0.018
1657065608.826336,1.2_smoother_update,1.984
1657065608.826336,1.3_gnss_injection,0.391
1657065608.826336,1.2_update_frames_calculate_estimate,0.058
1657065608.826336,1.2_update_frames_state_copy,0.016
1657065608.826336,1.2_update_frames_sigma_p,0.042
1657065608.826336,1.2_update_frames,0.150
1657065608.799369,2.1_gnss_araim,0.647
1657065608.826336,2.3_dynamic_al,0.000
1657065608.826336,2.3_state_machine,0.000
1657065608.826336,2.3_integrity_total,0.708
1657065608.826336,1.2_odom_insert_frame,5.241
1657065603.826366,1.4_sub_map_insert,2.965
1657065608.926275,1.1_pointcloud_extract,0.009
1657065608.926275,1.1_cloud_preprocess,1.282
1657065608.926275,1.1_ros_callback_total,1.338
1657065608.926275,1.2_imu_integration,0.089
1657065608.926275,1.2_pointcloud_deskew,0.050
1657065608.926275,1.2_covariance_estimation,0.671
1657065608.926275,1.2_create_factors,0.035
1657065608.926275,1.2_smoother_update,18.719
1657065608.926275,1.3_gnss_injection,0.350
1657065608.926275,1.2_update_frames_calculate_estimate,0.051
1657065608.926275,1.2_update_frames_state_copy,0.018
1657065608.926275,1.2_update_frames_sigma_p,0.026
1657065608.926275,1.2_update_frames,0.128
1657065608.899283,2.1_gnss_araim,0.860
1657065608.926275,2.3_dynamic_al,0.000
1657065608.926275,2.3_state_machine,0.000
1657065608.926275,2.3_integrity_total,0.925
1657065608.926275,1.2_odom_insert_frame,22.209
1657065609.026216,1.1_pointcloud_extract,0.011
1657065609.026216,1.1_cloud_preprocess,1.356
1657065609.026216,1.1_ros_callback_total,1.435
1657065609.026216,1.2_imu_integration,0.099
1657065609.026216,1.2_pointcloud_deskew,0.040
1657065609.026216,1.2_covariance_estimation,0.653
1657065609.026216,1.2_create_factors,0.018
1657065609.026216,1.2_smoother_update,18.505
1657065609.026216,1.3_gnss_injection,0.341
1657065609.026216,1.2_update_frames_calculate_estimate,0.053
1657065609.026216,1.2_update_frames_state_copy,0.018
1657065609.026216,1.2_update_frames_sigma_p,0.028
1657065609.026216,1.2_update_frames,0.133
1657065608.999218,2.1_gnss_araim,0.648
1657065609.026216,2.3_dynamic_al,0.000
1657065609.026216,2.3_state_machine,0.000
1657065609.026216,2.3_integrity_total,0.711
1657065609.026216,1.2_odom_insert_frame,21.761
1657065604.026353,1.4_sub_map_insert,1.524
1657065609.126326,1.1_pointcloud_extract,0.012
1657065609.126326,1.1_cloud_preprocess,1.376
1657065609.126326,1.1_ros_callback_total,1.456
1657065609.126326,1.2_imu_integration,0.090
1657065609.126326,1.2_pointcloud_deskew,0.039
1657065609.126326,1.2_covariance_estimation,0.504
1657065609.126326,1.2_create_factors,0.016
1657065609.126326,1.2_smoother_update,2.308
1657065609.126326,1.3_gnss_injection,0.382
1657065609.126326,1.2_update_frames_calculate_estimate,0.059
1657065609.126326,1.2_update_frames_state_copy,0.017
1657065609.126326,1.2_update_frames_sigma_p,0.058
1657065609.126326,1.2_update_frames,0.170
1657065609.099365,2.1_gnss_araim,0.633
1657065609.126326,2.3_dynamic_al,0.000
1657065609.126326,2.3_state_machine,0.000
1657065609.126326,2.3_integrity_total,0.694
1657065609.126326,1.2_odom_insert_frame,5.527
1657065604.126289,1.4_sub_map_insert,2.953
1657065609.226307,1.1_pointcloud_extract,0.011
1657065609.226307,1.1_cloud_preprocess,1.383
1657065609.226307,1.1_ros_callback_total,1.467
1657065609.226307,1.2_imu_integration,0.090
1657065609.226307,1.2_pointcloud_deskew,0.043
1657065609.226307,1.2_covariance_estimation,0.475
1657065609.226307,1.2_create_factors,0.019
1657065609.226307,1.2_smoother_update,18.380
1657065609.226307,1.3_gnss_injection,0.353
1657065609.226307,1.2_update_frames_calculate_estimate,0.054
1657065609.226307,1.2_update_frames_state_copy,0.018
1657065609.226307,1.2_update_frames_sigma_p,0.028
1657065609.226307,1.2_update_frames,0.136
1657065609.199347,2.1_gnss_araim,0.854
1657065609.226307,2.3_dynamic_al,0.000
1657065609.226307,2.3_state_machine,0.000
1657065609.226307,2.3_integrity_total,0.917
1657065609.226307,1.2_odom_insert_frame,21.635
1657065604.326276,1.4_sub_map_insert,1.585
1657065609.326277,1.1_pointcloud_extract,0.011
1657065609.326277,1.1_cloud_preprocess,1.342
1657065609.326277,1.1_ros_callback_total,1.427
1657065609.326277,1.2_imu_integration,0.089
1657065609.326277,1.2_pointcloud_deskew,0.042
1657065609.326277,1.2_covariance_estimation,0.487
1657065609.326277,1.2_create_factors,0.015
1657065609.326277,1.2_smoother_update,18.205
1657065609.326277,1.3_gnss_injection,0.346
1657065609.326277,1.2_update_frames_calculate_estimate,0.049
1657065609.326277,1.2_update_frames_state_copy,0.017
1657065609.326277,1.2_update_frames_sigma_p,0.027
1657065609.326277,1.2_update_frames,0.130
1657065609.299278,2.1_gnss_araim,0.805
1657065609.326277,2.3_dynamic_al,0.000
1657065609.326277,2.3_state_machine,0.000
1657065609.326277,2.3_integrity_total,0.866
1657065609.326277,1.2_odom_insert_frame,21.368
1657065604.426254,1.4_sub_map_insert,1.639
1657065609.426284,1.1_pointcloud_extract,0.011
1657065609.426284,1.1_cloud_preprocess,1.268
1657065609.426284,1.1_ros_callback_total,1.347
1657065609.426284,1.2_imu_integration,0.089
1657065609.426284,1.2_pointcloud_deskew,0.042
1657065609.426284,1.2_covariance_estimation,0.503
1657065609.426284,1.2_create_factors,0.018
1657065609.426284,1.2_smoother_update,18.528
1657065609.426284,1.3_gnss_injection,0.357
1657065609.426284,1.2_update_frames_calculate_estimate,0.054
1657065609.426284,1.2_update_frames_state_copy,0.018
1657065609.426284,1.2_update_frames_sigma_p,0.026
1657065609.426284,1.2_update_frames,0.131
1657065609.399298,2.1_gnss_araim,0.794
1657065609.426284,2.3_dynamic_al,0.000
1657065609.426284,2.3_state_machine,0.000
1657065609.426284,2.3_integrity_total,0.852
1657065609.426284,1.2_odom_insert_frame,21.785
1657065604.526244,1.4_sub_map_insert,2.420
1657065609.526274,1.1_pointcloud_extract,0.011
1657065609.526274,1.1_cloud_preprocess,1.370
1657065609.526274,1.1_ros_callback_total,1.447
1657065609.526274,1.2_imu_integration,0.089
1657065609.526274,1.2_pointcloud_deskew,0.040
1657065609.526274,1.2_covariance_estimation,0.492
1657065609.526274,1.2_create_factors,0.017
1657065609.526274,1.2_smoother_update,18.728
1657065609.526274,1.3_gnss_injection,0.379
1657065609.526274,1.2_update_frames_calculate_estimate,0.061
1657065609.526274,1.2_update_frames_state_copy,0.019
1657065609.526274,1.2_update_frames_sigma_p,0.028
1657065609.526274,1.2_update_frames,0.144
1657065609.499283,2.1_gnss_araim,0.954
1657065609.526274,2.3_dynamic_al,0.000
1657065609.526274,2.3_state_machine,0.000
1657065609.526274,2.3_integrity_total,1.012
1657065609.526274,1.2_odom_insert_frame,22.250
1657065609.626276,1.1_pointcloud_extract,0.011
1657065609.626276,1.1_cloud_preprocess,1.404
1657065609.626276,1.1_ros_callback_total,1.482
1657065609.626276,1.2_imu_integration,0.076
1657065609.626276,1.2_pointcloud_deskew,0.049
1657065609.626276,1.2_covariance_estimation,0.380
1657065609.626276,1.2_create_factors,0.011
1657065609.626276,1.2_smoother_update,1.576
1657065609.626276,1.3_gnss_injection,0.269
1657065609.626276,1.2_update_frames_calculate_estimate,0.042
1657065609.626276,1.2_update_frames_state_copy,0.013
1657065609.626276,1.2_update_frames_sigma_p,0.031
1657065609.626276,1.2_update_frames,0.109
1657065609.599281,2.1_gnss_araim,0.640
1657065609.626276,2.3_dynamic_al,0.000
1657065609.626276,2.3_state_machine,0.000
1657065609.626276,2.3_integrity_total,0.700
1657065609.626276,1.2_odom_insert_frame,4.053
1657065604.626282,1.4_sub_map_insert,2.544
1657065609.726279,1.1_pointcloud_extract,0.011
1657065609.726279,1.1_cloud_preprocess,1.442
1657065609.726279,1.1_ros_callback_total,1.537
1657065609.726279,1.2_imu_integration,0.089
1657065609.726279,1.2_pointcloud_deskew,0.039
1657065609.726279,1.2_covariance_estimation,0.502
1657065609.726279,1.2_create_factors,0.014
1657065609.726279,1.2_smoother_update,2.139
1657065609.726279,1.3_gnss_injection,0.365
1657065609.726279,1.2_update_frames_calculate_estimate,0.056
1657065609.726279,1.2_update_frames_state_copy,0.016
1657065609.726279,1.2_update_frames_sigma_p,0.041
1657065609.726279,1.2_update_frames,0.147
1657065609.699284,2.1_gnss_araim,0.733
1657065609.726279,2.3_dynamic_al,0.000
1657065609.726279,2.3_state_machine,0.000
1657065609.726279,2.3_integrity_total,0.786
1657065609.726279,1.2_odom_insert_frame,5.351
1657065609.826348,1.1_pointcloud_extract,0.011
1657065609.826348,1.1_cloud_preprocess,1.295
1657065609.826348,1.1_ros_callback_total,1.368
1657065609.826348,1.2_imu_integration,0.091
1657065609.826348,1.2_pointcloud_deskew,0.039
1657065609.826348,1.2_covariance_estimation,0.497
1657065609.826348,1.2_create_factors,0.016
1657065609.826348,1.2_smoother_update,18.813
1657065609.826348,1.3_gnss_injection,0.372
1657065609.826348,1.2_update_frames_calculate_estimate,0.064
1657065609.826348,1.2_update_frames_state_copy,0.019
1657065609.826348,1.2_update_frames_sigma_p,0.030
1657065609.826348,1.2_update_frames,0.152
1657065609.799281,2.1_gnss_araim,0.794
1657065609.826348,2.3_dynamic_al,0.000
1657065609.826348,2.3_state_machine,0.000
1657065609.826348,2.3_integrity_total,0.842
1657065609.826348,1.2_odom_insert_frame,22.186
1657065604.826281,1.4_sub_map_insert,2.543
1657065609.926219,1.1_pointcloud_extract,0.011
1657065609.926219,1.1_cloud_preprocess,1.269
1657065609.926219,1.1_ros_callback_total,1.335
1657065609.926219,1.2_imu_integration,0.090
1657065609.926219,1.2_pointcloud_deskew,0.040
1657065609.926219,1.2_covariance_estimation,0.512
1657065609.926219,1.2_create_factors,0.020
1657065609.926219,1.2_smoother_update,1.961
1657065609.926219,1.3_gnss_injection,0.380
1657065609.926219,1.2_update_frames_calculate_estimate,0.060
1657065609.926219,1.2_update_frames_state_copy,0.017
1657065609.926219,1.2_update_frames_sigma_p,0.036
1657065609.926219,1.2_update_frames,0.151
1657065609.899242,2.1_gnss_araim,0.636
1657065609.926219,2.3_dynamic_al,0.000
1657065609.926219,2.3_state_machine,0.000
1657065609.926219,2.3_integrity_total,0.698
1657065609.926219,1.2_odom_insert_frame,5.165
1657065610.026241,1.1_pointcloud_extract,0.012
1657065610.026241,1.1_cloud_preprocess,1.299
1657065610.026241,1.1_ros_callback_total,1.378
1657065610.026241,1.2_imu_integration,0.075
1657065610.026241,1.2_pointcloud_deskew,0.050
1657065610.026241,1.2_covariance_estimation,0.606
1657065610.026241,1.2_create_factors,0.012
1657065610.026241,1.2_smoother_update,14.537
1657065610.026241,1.3_gnss_injection,0.278
1657065610.026241,1.2_update_frames_calculate_estimate,0.040
1657065610.026241,1.2_update_frames_state_copy,0.014
1657065610.026241,1.2_update_frames_sigma_p,0.023
1657065610.026241,1.2_update_frames,0.100
1657065609.999421,2.1_gnss_araim,0.691
1657065610.026241,2.3_dynamic_al,0.000
1657065610.026241,2.3_state_machine,0.000
1657065610.026241,2.3_integrity_total,0.728
1657065610.026241,1.2_odom_insert_frame,17.312
1657065605.026281,1.4_sub_map_insert,1.358
1657065610.124359,1.1_pointcloud_extract,0.010
1657065610.124359,1.1_cloud_preprocess,1.309
1657065610.124359,1.1_ros_callback_total,1.373
1657065610.124359,1.2_imu_integration,0.079
1657065610.124359,1.2_pointcloud_deskew,0.048
1657065610.124359,1.2_covariance_estimation,0.628
1657065610.124359,1.2_create_factors,0.017
1657065610.124359,1.2_smoother_update,14.244
1657065610.124359,1.3_gnss_injection,0.277
1657065610.124359,1.2_update_frames_calculate_estimate,0.039
1657065610.124359,1.2_update_frames_state_copy,0.014
1657065610.124359,1.2_update_frames_sigma_p,0.022
1657065610.124359,1.2_update_frames,0.097
1657065610.099258,2.1_gnss_araim,0.637
1657065610.124359,2.3_dynamic_al,0.000
1657065610.124359,2.3_state_machine,0.000
1657065610.124359,2.3_integrity_total,0.672
1657065610.124359,1.2_odom_insert_frame,16.992
1657065605.126297,1.4_sub_map_insert,1.351
1657065610.226358,1.1_pointcloud_extract,0.011
1657065610.226358,1.1_cloud_preprocess,1.270
1657065610.226358,1.1_ros_callback_total,1.348
1657065610.226358,1.2_imu_integration,0.080
1657065610.226358,1.2_pointcloud_deskew,0.048
1657065610.226358,1.2_covariance_estimation,0.302
1657065610.226358,1.2_create_factors,0.013
1657065610.226358,1.2_smoother_update,1.832
1657065610.226358,1.3_gnss_injection,0.269
1657065610.226358,1.2_update_frames_calculate_estimate,0.042
1657065610.226358,1.2_update_frames_state_copy,0.012
1657065610.226358,1.2_update_frames_sigma_p,0.045
1657065610.226358,1.2_update_frames,0.124
1657065610.199351,2.1_gnss_araim,0.842
1657065610.226358,2.3_dynamic_al,0.000
1657065610.226358,2.3_state_machine,0.000
1657065610.226358,2.3_integrity_total,0.909
1657065610.226358,1.2_odom_insert_frame,4.558
1657065605.226275,1.4_sub_map_insert,2.625
1657065610.326353,1.1_pointcloud_extract,0.011
1657065610.326353,1.1_cloud_preprocess,1.343
1657065610.326353,1.1_ros_callback_total,1.427
1657065610.326353,1.2_imu_integration,0.091
1657065610.326353,1.2_pointcloud_deskew,0.039
1657065610.326353,1.2_covariance_estimation,0.479
1657065610.326353,1.2_create_factors,0.020
1657065610.326353,1.2_smoother_update,18.461
1657065610.326353,1.3_gnss_injection,0.347
1657065610.326353,1.2_update_frames_calculate_estimate,0.053
1657065610.326353,1.2_update_frames_state_copy,0.018
1657065610.326353,1.2_update_frames_sigma_p,0.027
1657065610.326353,1.2_update_frames,0.133
1657065610.299340,2.1_gnss_araim,0.654
1657065610.326353,2.3_dynamic_al,0.000
1657065610.326353,2.3_state_machine,0.000
1657065610.326353,2.3_integrity_total,0.714
1657065610.326353,1.2_odom_insert_frame,21.509
1657065605.426276,1.4_sub_map_insert,1.408
1657065610.426355,1.1_pointcloud_extract,0.008
1657065610.426355,1.1_cloud_preprocess,1.199
1657065610.426355,1.1_ros_callback_total,1.264
1657065610.426355,1.2_imu_integration,0.074
1657065610.426355,1.2_pointcloud_deskew,0.048
1657065610.426355,1.2_covariance_estimation,0.559
1657065610.426355,1.2_create_factors,0.014
1657065610.426355,1.2_smoother_update,13.836
1657065610.426355,1.3_gnss_injection,0.256
1657065610.426355,1.2_update_frames_calculate_estimate,0.038
1657065610.426355,1.2_update_frames_state_copy,0.014
1657065610.426355,1.2_update_frames_sigma_p,0.022
1657065610.426355,1.2_update_frames,0.097
1657065610.399340,2.1_gnss_araim,0.730
1657065610.426355,2.3_dynamic_al,0.000
1657065610.426355,2.3_state_machine,0.000
1657065610.426355,2.3_integrity_total,0.791
1657065610.426355,1.2_odom_insert_frame,16.475
1657065605.526301,1.4_sub_map_insert,1.425
1657065610.526282,1.1_pointcloud_extract,0.009
1657065610.526282,1.1_cloud_preprocess,1.295
1657065610.526282,1.1_ros_callback_total,1.362
1657065610.526282,1.2_imu_integration,0.089
1657065610.526282,1.2_pointcloud_deskew,0.051
1657065610.526282,1.2_covariance_estimation,0.497
1657065610.526282,1.2_create_factors,0.016
1657065610.526282,1.2_smoother_update,1.926
1657065610.526282,1.3_gnss_injection,0.368
1657065610.526282,1.2_update_frames_calculate_estimate,0.059
1657065610.526282,1.2_update_frames_state_copy,0.016
1657065610.526282,1.2_update_frames_sigma_p,0.037
1657065610.526282,1.2_update_frames,0.146
1657065610.499291,2.1_gnss_araim,0.684
1657065610.526282,2.3_dynamic_al,0.000
1657065610.526282,2.3_state_machine,0.000
1657065610.526282,2.3_integrity_total,0.771
1657065610.526282,1.2_odom_insert_frame,5.174
1657065605.626277,1.4_sub_map_insert,1.474
1657065610.626438,1.1_pointcloud_extract,0.010
1657065610.626438,1.1_cloud_preprocess,1.260
1657065610.626438,1.1_ros_callback_total,1.348
1657065610.626438,1.2_imu_integration,0.090
1657065610.626438,1.2_pointcloud_deskew,0.038
1657065610.626438,1.2_covariance_estimation,0.495
1657065610.626438,1.2_create_factors,0.016
1657065610.626438,1.2_smoother_update,2.173
1657065610.626438,1.3_gnss_injection,0.367
1657065610.626438,1.2_update_frames_calculate_estimate,0.051
1657065610.626438,1.2_update_frames_state_copy,0.016
1657065610.626438,1.2_update_frames_sigma_p,0.042
1657065610.626438,1.2_update_frames,0.143
1657065610.599288,2.1_gnss_araim,0.652
1657065610.626438,2.3_dynamic_al,0.000
1657065610.626438,2.3_state_machine,0.000
1657065610.626438,2.3_integrity_total,0.719
1657065610.626438,1.2_odom_insert_frame,5.301
1657065605.726275,1.4_sub_map_insert,1.425
1657065610.727312,1.1_pointcloud_extract,0.011
1657065610.727312,1.1_cloud_preprocess,1.293
1657065610.727312,1.1_ros_callback_total,1.364
1657065610.727312,1.2_imu_integration,0.076
1657065610.727312,1.2_pointcloud_deskew,0.048
1657065610.727312,1.2_covariance_estimation,0.381
1657065610.727312,1.2_create_factors,0.016
1657065610.727312,1.2_smoother_update,13.834
1657065610.727312,1.3_gnss_injection,0.261
1657065610.727312,1.2_update_frames_calculate_estimate,0.038
1657065610.727312,1.2_update_frames_state_copy,0.013
1657065610.727312,1.2_update_frames_sigma_p,0.022
1657065610.727312,1.2_update_frames,0.095
1657065610.699406,2.1_gnss_araim,0.654
1657065610.727312,2.3_dynamic_al,0.000
1657065610.727312,2.3_state_machine,0.000
1657065610.727312,2.3_integrity_total,0.712
1657065610.727312,1.2_odom_insert_frame,16.215
1657065605.826288,1.4_sub_map_insert,1.380
1657065610.826282,1.1_pointcloud_extract,0.011
1657065610.826282,1.1_cloud_preprocess,1.304
1657065610.826282,1.1_ros_callback_total,1.401
1657065610.826282,1.2_imu_integration,0.089
1657065610.826282,1.2_pointcloud_deskew,0.040
1657065610.826282,1.2_covariance_estimation,0.501
1657065610.826282,1.2_create_factors,0.016
1657065610.826282,1.2_smoother_update,1.919
1657065610.826282,1.3_gnss_injection,0.367
1657065610.826282,1.2_update_frames_calculate_estimate,0.060
1657065610.826282,1.2_update_frames_state_copy,0.017
1657065610.826282,1.2_update_frames_sigma_p,0.037
1657065610.826282,1.2_update_frames,0.149
1657065610.799406,2.1_gnss_araim,0.730
1657065610.826282,2.3_dynamic_al,0.000
1657065610.826282,2.3_state_machine,0.000
1657065610.826282,2.3_integrity_total,0.789
1657065610.826282,1.2_odom_insert_frame,5.156
1657065605.926275,1.4_sub_map_insert,1.392
1657065610.926326,1.1_pointcloud_extract,0.011
1657065610.926326,1.1_cloud_preprocess,1.333
1657065610.926326,1.1_ros_callback_total,1.421
1657065610.926326,1.2_imu_integration,0.090
1657065610.926326,1.2_pointcloud_deskew,0.039
1657065610.926326,1.2_covariance_estimation,0.501
1657065610.926326,1.2_create_factors,0.016
1657065610.926326,1.2_smoother_update,2.157
1657065610.926326,1.3_gnss_injection,0.361
1657065610.926326,1.2_update_frames_calculate_estimate,0.056
1657065610.926326,1.2_update_frames_state_copy,0.017
1657065610.926326,1.2_update_frames_sigma_p,0.042
1657065610.926326,1.2_update_frames,0.149
1657065610.899286,2.1_gnss_araim,0.640
1657065610.926326,2.3_dynamic_al,0.000
1657065610.926326,2.3_state_machine,0.000
1657065610.926326,2.3_integrity_total,0.691
1657065610.926326,1.2_odom_insert_frame,5.270
1657065611.026303,1.1_pointcloud_extract,0.011
1657065611.026303,1.1_cloud_preprocess,1.376
1657065611.026303,1.1_ros_callback_total,1.472
1657065611.026303,1.2_imu_integration,0.090
1657065611.026303,1.2_pointcloud_deskew,0.039
1657065611.026303,1.2_covariance_estimation,0.495
1657065611.026303,1.2_create_factors,0.017
1657065611.026303,1.2_smoother_update,1.991
1657065611.026303,1.3_gnss_injection,0.370
1657065611.026303,1.2_update_frames_calculate_estimate,0.054
1657065611.026303,1.2_update_frames_state_copy,0.016
1657065611.026303,1.2_update_frames_sigma_p,0.041
1657065611.026303,1.2_update_frames,0.145
1657065610.999443,2.1_gnss_araim,0.672
1657065611.026303,2.3_dynamic_al,0.000
1657065611.026303,2.3_state_machine,0.000
1657065611.026303,2.3_integrity_total,0.734
1657065611.026303,1.2_odom_insert_frame,5.161
1657065606.026369,1.4_sub_map_insert,3.074
1657065611.126342,1.1_pointcloud_extract,0.011
1657065611.126342,1.1_cloud_preprocess,1.268
1657065611.126342,1.1_ros_callback_total,1.337
1657065611.126342,1.2_imu_integration,0.091
1657065611.126342,1.2_pointcloud_deskew,0.038
1657065611.126342,1.2_covariance_estimation,0.493
1657065611.126342,1.2_create_factors,0.016
1657065611.126342,1.2_smoother_update,2.155
1657065611.126342,1.3_gnss_injection,0.360
1657065611.126342,1.2_update_frames_calculate_estimate,0.049
1657065611.126342,1.2_update_frames_state_copy,0.016
1657065611.126342,1.2_update_frames_sigma_p,0.043
1657065611.126342,1.2_update_frames,0.141
1657065611.099339,2.1_gnss_araim,0.672
1657065611.126342,2.3_dynamic_al,0.000
1657065611.126342,2.3_state_machine,0.000
1657065611.126342,2.3_integrity_total,0.734
1657065611.126342,1.2_odom_insert_frame,5.303
1657065606.226276,1.4_sub_map_insert,1.647
1657065611.226339,1.1_pointcloud_extract,0.011
1657065611.226339,1.1_cloud_preprocess,1.264
1657065611.226339,1.1_ros_callback_total,1.336
1657065611.226339,1.2_imu_integration,0.089
1657065611.226339,1.2_pointcloud_deskew,0.039
1657065611.226339,1.2_covariance_estimation,0.490
1657065611.226339,1.2_create_factors,0.017
1657065611.226339,1.2_smoother_update,18.594
1657065611.226339,1.3_gnss_injection,0.358
1657065611.226339,1.2_update_frames_calculate_estimate,0.065
1657065611.226339,1.2_update_frames_state_copy,0.019
1657065611.226339,1.2_update_frames_sigma_p,0.031
1657065611.226339,1.2_update_frames,0.158
1657065611.199341,2.1_gnss_araim,0.889
1657065611.226339,2.3_dynamic_al,0.000
1657065611.226339,2.3_state_machine,0.000
1657065611.226339,2.3_integrity_total,0.940
1657065611.226339,1.2_odom_insert_frame,21.962
1657065606.326284,1.4_sub_map_insert,1.671
1657065611.326336,1.1_pointcloud_extract,0.011
1657065611.326336,1.1_cloud_preprocess,1.285
1657065611.326336,1.1_ros_callback_total,1.370
1657065611.326336,1.2_imu_integration,0.090
1657065611.326336,1.2_pointcloud_deskew,0.037
1657065611.326336,1.2_covariance_estimation,0.477
1657065611.326336,1.2_create_factors,0.018
1657065611.326336,1.2_smoother_update,18.718
1657065611.326336,1.3_gnss_injection,0.356
1657065611.326336,1.2_update_frames_calculate_estimate,0.061
1657065611.326336,1.2_update_frames_state_copy,0.019
1657065611.326336,1.2_update_frames_sigma_p,0.029
1657065611.326336,1.2_update_frames,0.147
1657065611.299337,2.1_gnss_araim,0.827
1657065611.326336,2.3_dynamic_al,0.000
1657065611.326336,2.3_state_machine,0.000
1657065611.326336,2.3_integrity_total,0.880
1657065611.326336,1.2_odom_insert_frame,22.007
1657065606.426274,1.4_sub_map_insert,1.671
1657065611.426341,1.1_pointcloud_extract,0.011
1657065611.426341,1.1_cloud_preprocess,1.257
1657065611.426341,1.1_ros_callback_total,1.328
1657065611.426341,1.2_imu_integration,0.089
1657065611.426341,1.2_pointcloud_deskew,0.050
1657065611.426341,1.2_covariance_estimation,0.507
1657065611.426341,1.2_create_factors,0.017
1657065611.426341,1.2_smoother_update,19.028
1657065611.426341,1.3_gnss_injection,0.368
1657065611.426341,1.2_update_frames_calculate_estimate,0.068
1657065611.426341,1.2_update_frames_state_copy,0.018
1657065611.426341,1.2_update_frames_sigma_p,0.035
1657065611.426341,1.2_update_frames,0.167
1657065611.399340,2.1_gnss_araim,0.783
1657065611.426341,2.3_dynamic_al,0.000
1657065611.426341,2.3_state_machine,0.000
1657065611.426341,2.3_integrity_total,0.837
1657065611.426341,1.2_odom_insert_frame,22.470
1657065606.526275,1.4_sub_map_insert,1.627
1657065611.526338,1.1_pointcloud_extract,0.012
1657065611.526338,1.1_cloud_preprocess,1.274
1657065611.526338,1.1_ros_callback_total,1.355
1657065611.526338,1.2_imu_integration,0.090
1657065611.526338,1.2_pointcloud_deskew,0.038
1657065611.526338,1.2_covariance_estimation,0.491
1657065611.526338,1.2_create_factors,0.017
1657065611.526338,1.2_smoother_update,18.722
1657065611.526338,1.3_gnss_injection,0.360
1657065611.526338,1.2_update_frames_calculate_estimate,0.056
1657065611.526338,1.2_update_frames_state_copy,0.019
1657065611.526338,1.2_update_frames_sigma_p,0.027
1657065611.526338,1.2_update_frames,0.138
1657065611.499338,2.1_gnss_araim,1.067
1657065611.526338,2.3_dynamic_al,0.000
1657065611.526338,2.3_state_machine,0.000
1657065611.526338,2.3_integrity_total,1.127
1657065611.526338,1.2_odom_insert_frame,22.273
1657065606.626275,1.4_sub_map_insert,1.672
1657065611.626337,1.1_pointcloud_extract,0.010
1657065611.626337,1.1_cloud_preprocess,1.290
1657065611.626337,1.1_ros_callback_total,1.373
1657065611.626337,1.2_imu_integration,0.090
1657065611.626337,1.2_pointcloud_deskew,0.038
1657065611.626337,1.2_covariance_estimation,0.496
1657065611.626337,1.2_create_factors,0.018
1657065611.626337,1.2_smoother_update,18.994
1657065611.626337,1.3_gnss_injection,0.376
1657065611.626337,1.2_update_frames_calculate_estimate,0.066
1657065611.626337,1.2_update_frames_state_copy,0.018
1657065611.626337,1.2_update_frames_sigma_p,0.027
1657065611.626337,1.2_update_frames,0.152
1657065611.599336,2.1_gnss_araim,0.664
1657065611.626337,2.3_dynamic_al,0.000
1657065611.626337,2.3_state_machine,0.000
1657065611.626337,2.3_integrity_total,0.735
1657065611.626337,1.2_odom_insert_frame,22.239
1657065606.726225,1.4_sub_map_insert,1.800
1657065611.726442,1.1_pointcloud_extract,0.011
1657065611.726442,1.1_cloud_preprocess,1.272
1657065611.726442,1.1_ros_callback_total,1.333
1657065611.726442,1.2_imu_integration,0.091
1657065611.726442,1.2_pointcloud_deskew,0.038
1657065611.726442,1.2_covariance_estimation,0.492
1657065611.726442,1.2_create_factors,0.017
1657065611.726442,1.2_smoother_update,19.019
1657065611.726442,1.3_gnss_injection,0.378
1657065611.726442,1.2_update_frames_calculate_estimate,0.058
1657065611.726442,1.2_update_frames_state_copy,0.018
1657065611.726442,1.2_update_frames_sigma_p,0.028
1657065611.726442,1.2_update_frames,0.141
1657065611.699343,2.1_gnss_araim,0.810
1657065611.726442,2.3_dynamic_al,0.000
1657065611.726442,2.3_state_machine,0.000
1657065611.726442,2.3_integrity_total,0.875
1657065611.726442,1.2_odom_insert_frame,22.393
1657065606.826379,1.4_sub_map_insert,1.642
1657065611.826337,1.1_pointcloud_extract,0.011
1657065611.826337,1.1_cloud_preprocess,1.292
1657065611.826337,1.1_ros_callback_total,1.365
1657065611.826337,1.2_imu_integration,0.089
1657065611.826337,1.2_pointcloud_deskew,0.038
1657065611.826337,1.2_covariance_estimation,0.500
1657065611.826337,1.2_create_factors,0.016
1657065611.826337,1.2_smoother_update,1.989
1657065611.826337,1.3_gnss_injection,0.371
1657065611.826337,1.2_update_frames_calculate_estimate,0.058
1657065611.826337,1.2_update_frames_state_copy,0.016
1657065611.826337,1.2_update_frames_sigma_p,0.037
1657065611.826337,1.2_update_frames,0.146
1657065611.799338,2.1_gnss_araim,0.684
1657065611.826337,2.3_dynamic_al,0.000
1657065611.826337,2.3_state_machine,0.000
1657065611.826337,2.3_integrity_total,0.741
1657065611.826337,1.2_odom_insert_frame,5.147
1657065606.926238,1.4_sub_map_insert,1.618
1657065611.926338,1.1_pointcloud_extract,0.011
1657065611.926338,1.1_cloud_preprocess,1.262
1657065611.926338,1.1_ros_callback_total,1.346
1657065611.926338,1.2_imu_integration,0.091
1657065611.926338,1.2_pointcloud_deskew,0.038
1657065611.926338,1.2_covariance_estimation,0.492
1657065611.926338,1.2_create_factors,0.019
1657065611.926338,1.2_smoother_update,2.256
1657065611.926338,1.3_gnss_injection,0.368
1657065611.926338,1.2_update_frames_calculate_estimate,0.053
1657065611.926338,1.2_update_frames_state_copy,0.016
1657065611.926338,1.2_update_frames_sigma_p,0.041
1657065611.926338,1.2_update_frames,0.144
1657065611.899338,2.1_gnss_araim,0.670
1657065611.926338,2.3_dynamic_al,0.000
1657065611.926338,2.3_state_machine,0.000
1657065611.926338,2.3_integrity_total,0.718
1657065611.926338,1.2_odom_insert_frame,5.443
1657065612.026346,1.1_pointcloud_extract,0.011
1657065612.026346,1.1_cloud_preprocess,1.272
1657065612.026346,1.1_ros_callback_total,1.355
1657065612.026346,1.2_imu_integration,0.089
1657065612.026346,1.2_pointcloud_deskew,0.038
1657065612.026346,1.2_covariance_estimation,0.491
1657065612.026346,1.2_create_factors,0.018
1657065612.026346,1.2_smoother_update,18.811
1657065612.026346,1.3_gnss_injection,0.356
1657065612.026346,1.2_update_frames_calculate_estimate,0.059
1657065612.026346,1.2_update_frames_state_copy,0.019
1657065612.026346,1.2_update_frames_sigma_p,0.028
1657065612.026346,1.2_update_frames,0.142
1657065611.999337,2.1_gnss_araim,0.745
1657065612.026346,2.3_dynamic_al,0.000
1657065612.026346,2.3_state_machine,0.000
1657065612.026346,2.3_integrity_total,0.795
1657065612.026346,1.2_odom_insert_frame,21.995
1657065607.026338,1.4_sub_map_insert,1.429
1657065612.126341,1.1_pointcloud_extract,0.011
1657065612.126341,1.1_cloud_preprocess,1.276
1657065612.126341,1.1_ros_callback_total,1.356
1657065612.126341,1.2_imu_integration,0.074
1657065612.126341,1.2_pointcloud_deskew,0.046
1657065612.126341,1.2_covariance_estimation,0.379
1657065612.126341,1.2_create_factors,0.016
1657065612.126341,1.2_smoother_update,1.600
1657065612.126341,1.3_gnss_injection,0.274
1657065612.126341,1.2_update_frames_calculate_estimate,0.040
1657065612.126341,1.2_update_frames_state_copy,0.013
1657065612.126341,1.2_update_frames_sigma_p,0.031
1657065612.126341,1.2_update_frames,0.106
1657065612.099339,2.1_gnss_araim,0.635
1657065612.126341,2.3_dynamic_al,0.000
1657065612.126341,2.3_state_machine,0.000
1657065612.126341,2.3_integrity_total,0.669
1657065612.126341,1.2_odom_insert_frame,4.033
1657065607.126387,1.4_sub_map_insert,2.630
1657065612.226290,1.1_pointcloud_extract,0.011
1657065612.226290,1.1_cloud_preprocess,1.277
1657065612.226290,1.1_ros_callback_total,1.350
1657065612.226290,1.2_imu_integration,0.090
1657065612.226290,1.2_pointcloud_deskew,0.038
1657065612.226290,1.2_covariance_estimation,0.477
1657065612.226290,1.2_create_factors,0.025
1657065612.226290,1.2_smoother_update,2.209
1657065612.226290,1.3_gnss_injection,0.370
1657065612.226290,1.2_update_frames_calculate_estimate,0.059
1657065612.226290,1.2_update_frames_state_copy,0.017
1657065612.226290,1.2_update_frames_sigma_p,0.043
1657065612.226290,1.2_update_frames,0.156
1657065612.199338,2.1_gnss_araim,0.621
1657065612.226290,2.3_dynamic_al,0.000
1657065612.226290,2.3_state_machine,0.000
1657065612.226290,2.3_integrity_total,0.670
1657065612.226290,1.2_odom_insert_frame,5.366
1657065607.326229,1.4_sub_map_insert,1.379
1657065612.326328,1.1_pointcloud_extract,0.011
1657065612.326328,1.1_cloud_preprocess,1.296
1657065612.326328,1.1_ros_callback_total,1.383
1657065612.326328,1.2_imu_integration,0.090
1657065612.326328,1.2_pointcloud_deskew,0.037
1657065612.326328,1.2_covariance_estimation,0.482
1657065612.326328,1.2_create_factors,0.017
1657065612.326328,1.2_smoother_update,19.007
1657065612.326328,1.3_gnss_injection,0.367
1657065612.326328,1.2_update_frames_calculate_estimate,0.056
1657065612.326328,1.2_update_frames_state_copy,0.021
1657065612.326328,1.2_update_frames_sigma_p,0.027
1657065612.326328,1.2_update_frames,0.140
1657065612.299282,2.1_gnss_araim,0.753
1657065612.326328,2.3_dynamic_al,0.000
1657065612.326328,2.3_state_machine,0.000
1657065612.326328,2.3_integrity_total,0.803
1657065612.326328,1.2_odom_insert_frame,22.253
1657065607.426232,1.4_sub_map_insert,1.422
1657065612.426291,1.1_pointcloud_extract,0.011
1657065612.426291,1.1_cloud_preprocess,1.279
1657065612.426291,1.1_ros_callback_total,1.358
1657065612.426291,1.2_imu_integration,0.089
1657065612.426291,1.2_pointcloud_deskew,0.038
1657065612.426291,1.2_covariance_estimation,0.582
1657065612.426291,1.2_create_factors,0.018
1657065612.426291,1.2_smoother_update,19.027
1657065612.426291,1.3_gnss_injection,0.358
1657065612.426291,1.2_update_frames_calculate_estimate,0.059
1657065612.426291,1.2_update_frames_state_copy,0.018
1657065612.426291,1.2_update_frames_sigma_p,0.029
1657065612.426291,1.2_update_frames,0.145
1657065612.399292,2.1_gnss_araim,0.769
1657065612.426291,2.3_dynamic_al,0.000
1657065612.426291,2.3_state_machine,0.000
1657065612.426291,2.3_integrity_total,0.830
1657065612.426291,1.2_odom_insert_frame,22.389
1657065607.526276,1.4_sub_map_insert,1.676
1657065612.526344,1.1_pointcloud_extract,0.009
1657065612.526344,1.1_cloud_preprocess,1.179
1657065612.526344,1.1_ros_callback_total,1.238
1657065612.526344,1.2_imu_integration,0.089
1657065612.526344,1.2_pointcloud_deskew,0.050
1657065612.526344,1.2_covariance_estimation,0.504
1657065612.526344,1.2_create_factors,0.016
1657065612.526344,1.2_smoother_update,19.029
1657065612.526344,1.3_gnss_injection,0.369
1657065612.526344,1.2_update_frames_calculate_estimate,0.060
1657065612.526344,1.2_update_frames_state_copy,0.019
1657065612.526344,1.2_update_frames_sigma_p,0.028
1657065612.526344,1.2_update_frames,0.143
1657065612.499342,2.1_gnss_araim,0.799
1657065612.526344,2.3_dynamic_al,0.000
1657065612.526344,2.3_state_machine,0.000
1657065612.526344,2.3_integrity_total,0.867
1657065612.526344,1.2_odom_insert_frame,22.536
1657065607.626245,1.4_sub_map_insert,1.672
1657065612.626288,1.1_pointcloud_extract,0.008
1657065612.626288,1.1_cloud_preprocess,1.179
1657065612.626288,1.1_ros_callback_total,1.248
1657065612.626288,1.2_imu_integration,0.090
1657065612.626288,1.2_pointcloud_deskew,0.050
1657065612.626288,1.2_covariance_estimation,0.676
1657065612.626288,1.2_create_factors,0.018
1657065612.626288,1.2_smoother_update,19.023
1657065612.626288,1.3_gnss_injection,0.377
1657065612.626288,1.2_update_frames_calculate_estimate,0.060
1657065612.626288,1.2_update_frames_state_copy,0.018
1657065612.626288,1.2_update_frames_sigma_p,0.028
1657065612.626288,1.2_update_frames,0.143
1657065612.599339,2.1_gnss_araim,0.626
1657065612.626288,2.3_dynamic_al,0.000
1657065612.626288,2.3_state_machine,0.000
1657065612.626288,2.3_integrity_total,0.699
1657065612.626288,1.2_odom_insert_frame,22.488
1657065607.726286,1.4_sub_map_insert,3.163
1657065612.726438,1.1_pointcloud_extract,0.010
1657065612.726438,1.1_cloud_preprocess,1.216
1657065612.726438,1.1_ros_callback_total,1.283
1657065612.726438,1.2_imu_integration,0.079
1657065612.726438,1.2_pointcloud_deskew,0.048
1657065612.726438,1.2_covariance_estimation,0.394
1657065612.726438,1.2_create_factors,0.013
1657065612.726438,1.2_smoother_update,14.049
1657065612.726438,1.3_gnss_injection,0.270
1657065612.726438,1.2_update_frames_calculate_estimate,0.039
1657065612.726438,1.2_update_frames_state_copy,0.013
1657065612.726438,1.2_update_frames_sigma_p,0.021
1657065612.726438,1.2_update_frames,0.095
1657065612.699280,2.1_gnss_araim,0.772
1657065612.726438,2.3_dynamic_al,0.000
1657065612.726438,2.3_state_machine,0.000
1657065612.726438,2.3_integrity_total,0.806
1657065612.726438,1.2_odom_insert_frame,16.610
1657065607.826277,1.4_sub_map_insert,1.646
1657065612.826339,1.1_pointcloud_extract,0.012
1657065612.826339,1.1_cloud_preprocess,1.578
1657065612.826339,1.1_ros_callback_total,1.670
1657065612.826339,1.2_imu_integration,0.086
1657065612.826339,1.2_pointcloud_deskew,0.059
1657065612.826339,1.2_covariance_estimation,0.444
1657065612.826339,1.2_create_factors,0.012
1657065612.826339,1.2_smoother_update,14.562
1657065612.826339,1.3_gnss_injection,0.337
1657065612.826339,1.2_update_frames_calculate_estimate,0.039
1657065612.826339,1.2_update_frames_state_copy,0.014
1657065612.826339,1.2_update_frames_sigma_p,0.034
1657065612.826339,1.2_update_frames,0.113
1657065612.799346,2.1_gnss_araim,0.745
1657065612.826339,2.3_dynamic_al,0.000
1657065612.826339,2.3_state_machine,0.000
1657065612.826339,2.3_integrity_total,0.806
1657065612.826339,1.2_odom_insert_frame,17.380
1657065607.926281,1.4_sub_map_insert,1.640
1657065612.926337,1.1_pointcloud_extract,0.013
1657065612.926337,1.1_cloud_preprocess,1.496
1657065612.926337,1.1_ros_callback_total,1.580
1657065612.926337,1.2_imu_integration,0.092
1657065612.926337,1.2_pointcloud_deskew,0.043
1657065612.926337,1.2_covariance_estimation,0.673
1657065612.926337,1.2_create_factors,0.018
1657065612.926337,1.2_smoother_update,19.148
1657065612.926337,1.3_gnss_injection,0.382
1657065612.926337,1.2_update_frames_calculate_estimate,0.065
1657065612.926337,1.2_update_frames_state_copy,0.019
1657065612.926337,1.2_update_frames_sigma_p,0.031
1657065612.926337,1.2_update_frames,0.157
1657065612.899343,2.1_gnss_araim,0.788
1657065612.926337,2.3_dynamic_al,0.001
1657065612.926337,2.3_state_machine,0.000
1657065612.926337,2.3_integrity_total,0.856
1657065612.926337,1.2_odom_insert_frame,22.865
1657065608.026274,1.4_sub_map_insert,1.632
1657065613.026341,1.1_pointcloud_extract,0.011
1657065613.026341,1.1_cloud_preprocess,1.504
1657065613.026341,1.1_ros_callback_total,1.585
1657065613.026341,1.2_imu_integration,0.076
1657065613.026341,1.2_pointcloud_deskew,0.052
1657065613.026341,1.2_covariance_estimation,0.506
1657065613.026341,1.2_create_factors,0.014
1657065613.026341,1.2_smoother_update,14.150
1657065613.026341,1.3_gnss_injection,0.281
1657065613.026341,1.2_update_frames_calculate_estimate,0.040
1657065613.026341,1.2_update_frames_state_copy,0.013
1657065613.026341,1.2_update_frames_sigma_p,0.022
1657065613.026341,1.2_update_frames,0.098
1657065612.999336,2.1_gnss_araim,0.768
1657065613.026341,2.3_dynamic_al,0.000
1657065613.026341,2.3_state_machine,0.000
1657065613.026341,2.3_integrity_total,0.801
1657065613.026341,1.2_odom_insert_frame,16.889
1657065608.126283,1.4_sub_map_insert,1.693
1657065613.126338,1.1_pointcloud_extract,0.010
1657065613.126338,1.1_cloud_preprocess,1.360
1657065613.126338,1.1_ros_callback_total,1.411
1657065613.126338,1.2_imu_integration,0.093
1657065613.126338,1.2_pointcloud_deskew,0.040
1657065613.126338,1.2_covariance_estimation,0.526
1657065613.126338,1.2_create_factors,0.018
1657065613.126338,1.2_smoother_update,20.147
1657065613.126338,1.3_gnss_injection,0.450
1657065613.126338,1.2_update_frames_calculate_estimate,0.054
1657065613.126338,1.2_update_frames_state_copy,0.019
1657065613.126338,1.2_update_frames_sigma_p,0.040
1657065613.126338,1.2_update_frames,0.153
1657065613.099342,2.1_gnss_araim,0.852
1657065613.126338,2.3_dynamic_al,0.000
1657065613.126338,2.3_state_machine,0.000
1657065613.126338,2.3_integrity_total,0.920
1657065613.126338,1.2_odom_insert_frame,23.737
1657065608.226277,1.4_sub_map_insert,1.648
1657065613.226324,1.1_pointcloud_extract,0.009
1657065613.226324,1.1_cloud_preprocess,1.169
1657065613.226324,1.1_ros_callback_total,1.231
1657065613.226324,1.2_imu_integration,0.095
1657065613.226324,1.2_pointcloud_deskew,0.038
1657065613.226324,1.2_covariance_estimation,0.516
1657065613.226324,1.2_create_factors,0.020
1657065613.226324,1.2_smoother_update,19.422
1657065613.226324,1.3_gnss_injection,0.401
1657065613.226324,1.2_update_frames_calculate_estimate,0.061
1657065613.226324,1.2_update_frames_state_copy,0.019
1657065613.226324,1.2_update_frames_sigma_p,0.028
1657065613.226324,1.2_update_frames,0.146
1657065613.199402,2.1_gnss_araim,0.903
1657065613.226324,2.3_dynamic_al,0.000
1657065613.226324,2.3_state_machine,0.000
1657065613.226324,2.3_integrity_total,0.952
1657065613.226324,1.2_odom_insert_frame,23.043
1657065608.326228,1.4_sub_map_insert,1.740
1657065613.326338,1.1_pointcloud_extract,0.011
1657065613.326338,1.1_cloud_preprocess,1.270
1657065613.326338,1.1_ros_callback_total,1.340
1657065613.326338,1.2_imu_integration,0.094
1657065613.326338,1.2_pointcloud_deskew,0.037
1657065613.326338,1.2_covariance_estimation,0.487
1657065613.326338,1.2_create_factors,0.018
1657065613.326338,1.2_smoother_update,20.208
1657065613.326338,1.3_gnss_injection,0.464
1657065613.326338,1.2_update_frames_calculate_estimate,0.055
1657065613.326338,1.2_update_frames_state_copy,0.019
1657065613.326338,1.2_update_frames_sigma_p,0.041
1657065613.326338,1.2_update_frames,0.152
1657065613.299343,2.1_gnss_araim,0.812
1657065613.326338,2.3_dynamic_al,0.000
1657065613.326338,2.3_state_machine,0.000
1657065613.326338,2.3_integrity_total,0.875
1657065613.326338,1.2_odom_insert_frame,23.781
1657065608.426248,1.4_sub_map_insert,1.708
1657065613.426341,1.1_pointcloud_extract,0.008
1657065613.426341,1.1_cloud_preprocess,1.189
1657065613.426341,1.1_ros_callback_total,1.259
1657065613.426341,1.2_imu_integration,0.093
1657065613.426341,1.2_pointcloud_deskew,0.035
1657065613.426341,1.2_covariance_estimation,0.618
1657065613.426341,1.2_create_factors,0.020
1657065613.426341,1.2_smoother_update,20.597
1657065613.426341,1.3_gnss_injection,0.477
1657065613.426341,1.2_update_frames_calculate_estimate,0.056
1657065613.426341,1.2_update_frames_state_copy,0.019
1657065613.426341,1.2_update_frames_sigma_p,0.042
1657065613.426341,1.2_update_frames,0.159
1657065613.399338,2.1_gnss_araim,0.778
1657065613.426341,2.3_dynamic_al,0.001
1657065613.426341,2.3_state_machine,0.000
1657065613.426341,2.3_integrity_total,0.842
1657065613.426341,1.2_odom_insert_frame,24.225
1657065608.526265,1.4_sub_map_insert,1.727
1657065613.526375,1.1_pointcloud_extract,0.009
1657065613.526375,1.1_cloud_preprocess,1.043
1657065613.526375,1.1_ros_callback_total,1.102
1657065613.526375,1.2_imu_integration,0.091
1657065613.526375,1.2_pointcloud_deskew,0.046
1657065613.526375,1.2_covariance_estimation,0.451
1657065613.526375,1.2_create_factors,0.025
1657065613.526375,1.2_smoother_update,19.664
1657065613.526375,1.3_gnss_injection,0.380
1657065613.526375,1.2_update_frames_calculate_estimate,0.058
1657065613.526375,1.2_update_frames_state_copy,0.019
1657065613.526375,1.2_update_frames_sigma_p,0.028
1657065613.526375,1.2_update_frames,0.141
1657065613.499342,2.1_gnss_araim,0.794
1657065613.526375,2.3_dynamic_al,0.000
1657065613.526375,2.3_state_machine,0.000
1657065613.526375,2.3_integrity_total,0.859
1657065613.526375,1.2_odom_insert_frame,23.087
1657065608.626342,1.4_sub_map_insert,1.734
1657065613.626426,1.1_pointcloud_extract,0.010
1657065613.626426,1.1_cloud_preprocess,1.159
1657065613.626426,1.1_ros_callback_total,1.233
1657065613.626426,1.2_imu_integration,0.091
1657065613.626426,1.2_pointcloud_deskew,0.033
1657065613.626426,1.2_covariance_estimation,0.456
1657065613.626426,1.2_create_factors,0.020
1657065613.626426,1.2_smoother_update,19.662
1657065613.626426,1.3_gnss_injection,0.390
1657065613.626426,1.2_update_frames_calculate_estimate,0.065
1657065613.626426,1.2_update_frames_state_copy,0.019
1657065613.626426,1.2_update_frames_sigma_p,0.030
1657065613.626426,1.2_update_frames,0.153
1657065613.599351,2.1_gnss_araim,0.819
1657065613.626426,2.3_dynamic_al,0.000
1657065613.626426,2.3_state_machine,0.000
1657065613.626426,2.3_integrity_total,0.881
1657065613.626426,1.2_odom_insert_frame,23.152
1657065608.726361,1.4_sub_map_insert,1.696
1657065613.726346,1.1_pointcloud_extract,0.010
1657065613.726346,1.1_cloud_preprocess,1.314
1657065613.726346,1.1_ros_callback_total,1.404
1657065613.726346,1.2_imu_integration,0.092
1657065613.726346,1.2_pointcloud_deskew,0.035
1657065613.726346,1.2_covariance_estimation,0.453
1657065613.726346,1.2_create_factors,0.020
1657065613.726346,1.2_smoother_update,2.086
1657065613.726346,1.3_gnss_injection,0.385
1657065613.726346,1.2_update_frames_calculate_estimate,0.062
1657065613.726346,1.2_update_frames_state_copy,0.016
1657065613.726346,1.2_update_frames_sigma_p,0.038
1657065613.726346,1.2_update_frames,0.152
1657065613.699359,2.1_gnss_araim,0.638
1657065613.726346,2.3_dynamic_al,0.000
1657065613.726346,2.3_state_machine,0.000
1657065613.726346,2.3_integrity_total,0.697
1657065613.726346,1.2_odom_insert_frame,5.283
1657065608.826336,1.4_sub_map_insert,1.708
1657065613.826339,1.1_pointcloud_extract,0.009
1657065613.826339,1.1_cloud_preprocess,1.305
1657065613.826339,1.1_ros_callback_total,1.385
1657065613.826339,1.2_imu_integration,0.090
1657065613.826339,1.2_pointcloud_deskew,0.034
1657065613.826339,1.2_covariance_estimation,0.427
1657065613.826339,1.2_create_factors,0.022
1657065613.826339,1.2_smoother_update,2.428
1657065613.826339,1.3_gnss_injection,0.379
1657065613.826339,1.2_update_frames_calculate_estimate,0.055
1657065613.826339,1.2_update_frames_state_copy,0.019
1657065613.826339,1.2_update_frames_sigma_p,0.040
1657065613.826339,1.2_update_frames,0.148
1657065613.799339,2.1_gnss_araim,0.643
1657065613.826339,2.3_dynamic_al,0.000
1657065613.826339,2.3_state_machine,0.000
1657065613.826339,2.3_integrity_total,0.703
1657065613.826339,1.2_odom_insert_frame,5.625
1657065608.926275,1.4_sub_map_insert,1.756
1657065613.926311,1.1_pointcloud_extract,0.011
1657065613.926311,1.1_cloud_preprocess,1.177
1657065613.926311,1.1_ros_callback_total,1.260
1657065613.926311,1.2_imu_integration,0.091
1657065613.926311,1.2_pointcloud_deskew,0.034
1657065613.926311,1.2_covariance_estimation,0.449
1657065613.926311,1.2_create_factors,0.026
1657065613.926311,1.2_smoother_update,19.590
1657065613.926311,1.3_gnss_injection,0.377
1657065613.926311,1.2_update_frames_calculate_estimate,0.064
1657065613.926311,1.2_update_frames_state_copy,0.019
1657065613.926311,1.2_update_frames_sigma_p,0.030
1657065613.926311,1.2_update_frames,0.154
1657065613.899385,2.1_gnss_araim,0.836
1657065613.926311,2.3_dynamic_al,0.000
1657065613.926311,2.3_state_machine,0.000
1657065613.926311,2.3_integrity_total,0.899
1657065613.926311,1.2_odom_insert_frame,23.063
1657065609.026216,1.4_sub_map_insert,1.680
1657065614.026289,1.1_pointcloud_extract,0.010
1657065614.026289,1.1_cloud_preprocess,1.219
1657065614.026289,1.1_ros_callback_total,1.307
1657065614.026289,1.2_imu_integration,0.091
1657065614.026289,1.2_pointcloud_deskew,0.035
1657065614.026289,1.2_covariance_estimation,0.452
1657065614.026289,1.2_create_factors,0.023
1657065614.026289,1.2_smoother_update,19.288
1657065614.026289,1.3_gnss_injection,0.368
1657065614.026289,1.2_update_frames_calculate_estimate,0.061
1657065614.026289,1.2_update_frames_state_copy,0.020
1657065614.026289,1.2_update_frames_sigma_p,0.029
1657065614.026289,1.2_update_frames,0.151
1657065613.999328,2.1_gnss_araim,0.742
1657065614.026289,2.3_dynamic_al,0.000
1657065614.026289,2.3_state_machine,0.000
1657065614.026289,2.3_integrity_total,0.804
1657065614.026289,1.2_odom_insert_frame,22.587
1657065614.126314,1.1_pointcloud_extract,0.010
1657065614.126314,1.1_cloud_preprocess,1.204
1657065614.126314,1.1_ros_callback_total,1.284
1657065614.126314,1.2_imu_integration,0.093
1657065614.126314,1.2_pointcloud_deskew,0.036
1657065614.126314,1.2_covariance_estimation,0.466
1657065614.126314,1.2_create_factors,0.023
1657065614.126314,1.2_smoother_update,1.979
1657065614.126314,1.3_gnss_injection,0.377
1657065614.126314,1.2_update_frames_calculate_estimate,0.061
1657065614.126314,1.2_update_frames_state_copy,0.017
1657065614.126314,1.2_update_frames_sigma_p,0.037
1657065614.126314,1.2_update_frames,0.148
1657065614.099308,2.1_gnss_araim,0.639
1657065614.126314,2.3_dynamic_al,0.000
1657065614.126314,2.3_state_machine,0.000
1657065614.126314,2.3_integrity_total,0.703
1657065614.126314,1.2_odom_insert_frame,5.124
1657065609.126326,1.4_sub_map_insert,4.828
1657065614.226337,1.1_pointcloud_extract,0.011
1657065614.226337,1.1_cloud_preprocess,1.296
1657065614.226337,1.1_ros_callback_total,1.376
1657065614.226337,1.2_imu_integration,0.092
1657065614.226337,1.2_pointcloud_deskew,0.036
1657065614.226337,1.2_covariance_estimation,0.462
1657065614.226337,1.2_create_factors,0.024
1657065614.226337,1.2_smoother_update,2.425
1657065614.226337,1.3_gnss_injection,0.390
1657065614.226337,1.2_update_frames_calculate_estimate,0.067
1657065614.226337,1.2_update_frames_state_copy,0.017
1657065614.226337,1.2_update_frames_sigma_p,0.046
1657065614.226337,1.2_update_frames,0.169
1657065614.199337,2.1_gnss_araim,0.638
1657065614.226337,2.3_dynamic_al,0.001
1657065614.226337,2.3_state_machine,0.000
1657065614.226337,2.3_integrity_total,0.702
1657065614.226337,1.2_odom_insert_frame,5.799
1657065609.326277,1.4_sub_map_insert,3.160
1657065614.326351,1.1_pointcloud_extract,0.008
1657065614.326351,1.1_cloud_preprocess,1.126
1657065614.326351,1.1_ros_callback_total,1.176
1657065614.326351,1.2_imu_integration,0.092
1657065614.326351,1.2_pointcloud_deskew,0.049
1657065614.326351,1.2_covariance_estimation,0.484
1657065614.326351,1.2_create_factors,0.023
1657065614.326351,1.2_smoother_update,19.570
1657065614.326351,1.3_gnss_injection,0.363
1657065614.326351,1.2_update_frames_calculate_estimate,0.060
1657065614.326351,1.2_update_frames_state_copy,0.019
1657065614.326351,1.2_update_frames_sigma_p,0.029
1657065614.326351,1.2_update_frames,0.146
1657065614.299347,2.1_gnss_araim,0.808
1657065614.326351,2.3_dynamic_al,0.000
1657065614.326351,2.3_state_machine,0.000
1657065614.326351,2.3_integrity_total,0.875
1657065614.326351,1.2_odom_insert_frame,22.979
1657065609.426284,1.4_sub_map_insert,3.117
1657065614.426360,1.1_pointcloud_extract,0.008
1657065614.426360,1.1_cloud_preprocess,1.099
1657065614.426360,1.1_ros_callback_total,1.173
1657065614.426360,1.2_imu_integration,0.091
1657065614.426360,1.2_pointcloud_deskew,0.036
1657065614.426360,1.2_covariance_estimation,0.484
1657065614.426360,1.2_create_factors,0.022
1657065614.426360,1.2_smoother_update,19.442
1657065614.426360,1.3_gnss_injection,0.368
1657065614.426360,1.2_update_frames_calculate_estimate,0.055
1657065614.426360,1.2_update_frames_state_copy,0.019
1657065614.426360,1.2_update_frames_sigma_p,0.029
1657065614.426360,1.2_update_frames,0.139
1657065614.399341,2.1_gnss_araim,0.805
1657065614.426360,2.3_dynamic_al,0.000
1657065614.426360,2.3_state_machine,0.000
1657065614.426360,2.3_integrity_total,0.856
1657065614.426360,1.2_odom_insert_frame,22.810
1657065609.526274,1.4_sub_map_insert,3.049
1657065614.526355,1.1_pointcloud_extract,0.012
1657065614.526355,1.1_cloud_preprocess,1.234
1657065614.526355,1.1_ros_callback_total,1.316
1657065614.526355,1.2_imu_integration,0.083
1657065614.526355,1.2_pointcloud_deskew,0.049
1657065614.526355,1.2_covariance_estimation,0.524
1657065614.526355,1.2_create_factors,0.020
1657065614.526355,1.2_smoother_update,14.706
1657065614.526355,1.3_gnss_injection,0.283
1657065614.526355,1.2_update_frames_calculate_estimate,0.040
1657065614.526355,1.2_update_frames_state_copy,0.014
1657065614.526355,1.2_update_frames_sigma_p,0.022
1657065614.526355,1.2_update_frames,0.098
1657065614.499340,2.1_gnss_araim,0.710
1657065614.526355,2.3_dynamic_al,0.000
1657065614.526355,2.3_state_machine,0.000
1657065614.526355,2.3_integrity_total,0.765
1657065614.526355,1.2_odom_insert_frame,17.494
1657065609.626276,1.4_sub_map_insert,3.120
1657065614.626305,1.1_pointcloud_extract,0.011
1657065614.626305,1.1_cloud_preprocess,1.275
1657065614.626305,1.1_ros_callback_total,1.353
1657065614.626305,1.2_imu_integration,0.086
1657065614.626305,1.2_pointcloud_deskew,0.051
1657065614.626305,1.2_covariance_estimation,0.414
1657065614.626305,1.2_create_factors,0.020
1657065614.626305,1.2_smoother_update,14.637
1657065614.626305,1.3_gnss_injection,0.277
1657065614.626305,1.2_update_frames_calculate_estimate,0.039
1657065614.626305,1.2_update_frames_state_copy,0.013
1657065614.626305,1.2_update_frames_sigma_p,0.022
1657065614.626305,1.2_update_frames,0.097
1657065614.599349,2.1_gnss_araim,0.894
1657065614.626305,2.3_dynamic_al,0.000
1657065614.626305,2.3_state_machine,0.000
1657065614.626305,2.3_integrity_total,0.942
1657065614.626305,1.2_odom_insert_frame,17.502
1657065609.726279,1.4_sub_map_insert,2.431
1657065614.726394,1.1_pointcloud_extract,0.011
1657065614.726394,1.1_cloud_preprocess,1.376
1657065614.726394,1.1_ros_callback_total,1.445
1657065614.726394,1.2_imu_integration,0.093
1657065614.726394,1.2_pointcloud_deskew,0.041
1657065614.726394,1.2_covariance_estimation,0.492
1657065614.726394,1.2_create_factors,0.025
1657065614.726394,1.2_smoother_update,19.722
1657065614.726394,1.3_gnss_injection,0.397
1657065614.726394,1.2_update_frames_calculate_estimate,0.064
1657065614.726394,1.2_update_frames_state_copy,0.020
1657065614.726394,1.2_update_frames_sigma_p,0.029
1657065614.726394,1.2_update_frames,0.154
1657065614.699332,2.1_gnss_araim,0.887
1657065614.726394,2.3_dynamic_al,0.000
1657065614.726394,2.3_state_machine,0.000
1657065614.726394,2.3_integrity_total,0.945
1657065614.726394,1.2_odom_insert_frame,23.267
1657065609.826348,1.4_sub_map_insert,2.472
1657065614.826365,1.1_pointcloud_extract,0.012
1657065614.826365,1.1_cloud_preprocess,1.278
1657065614.826365,1.1_ros_callback_total,1.351
1657065614.826365,1.2_imu_integration,0.092
1657065614.826365,1.2_pointcloud_deskew,0.040
1657065614.826365,1.2_covariance_estimation,0.945
1657065614.826365,1.2_create_factors,0.025
1657065614.826365,1.2_smoother_update,20.151
1657065614.826365,1.3_gnss_injection,0.374
1657065614.826365,1.2_update_frames_calculate_estimate,0.064
1657065614.826365,1.2_update_frames_state_copy,0.018
1657065614.826365,1.2_update_frames_sigma_p,0.030
1657065614.826365,1.2_update_frames,0.151
1657065614.799285,2.1_gnss_araim,0.669
1657065614.826365,2.3_dynamic_al,0.000
1657065614.826365,2.3_state_machine,0.000
1657065614.826365,2.3_integrity_total,0.739
1657065614.826365,1.2_odom_insert_frame,23.959
1657065609.926219,1.4_sub_map_insert,1.416
1657065614.926354,1.1_pointcloud_extract,0.011
1657065614.926354,1.1_cloud_preprocess,1.261
1657065614.926354,1.1_ros_callback_total,1.342
1657065614.926354,1.2_imu_integration,0.075
1657065614.926354,1.2_pointcloud_deskew,0.047
1657065614.926354,1.2_covariance_estimation,0.386
1657065614.926354,1.2_create_factors,0.021
1657065614.926354,1.2_smoother_update,14.516
1657065614.926354,1.3_gnss_injection,0.292
1657065614.926354,1.2_update_frames_calculate_estimate,0.039
1657065614.926354,1.2_update_frames_state_copy,0.014
1657065614.926354,1.2_update_frames_sigma_p,0.022
1657065614.926354,1.2_update_frames,0.099
1657065614.899348,2.1_gnss_araim,0.686
1657065614.926354,2.3_dynamic_al,0.000
1657065614.926354,2.3_state_machine,0.000
1657065614.926354,2.3_integrity_total,0.719
1657065614.926354,1.2_odom_insert_frame,17.097
1657065610.026241,1.4_sub_map_insert,1.478
1657065615.026349,1.1_pointcloud_extract,0.011
1657065615.026349,1.1_cloud_preprocess,1.400
1657065615.026349,1.1_ros_callback_total,1.477
1657065615.026349,1.2_imu_integration,0.113
1657065615.026349,1.2_pointcloud_deskew,0.050
1657065615.026349,1.2_covariance_estimation,0.385
1657065615.026349,1.2_create_factors,0.021
1657065615.026349,1.2_smoother_update,14.608
1657065615.026349,1.3_gnss_injection,0.279
1657065615.026349,1.2_update_frames_calculate_estimate,0.039
1657065615.026349,1.2_update_frames_state_copy,0.014
1657065615.026349,1.2_update_frames_sigma_p,0.023
1657065615.026349,1.2_update_frames,0.099
1657065614.999344,2.1_gnss_araim,0.795
1657065615.026349,2.3_dynamic_al,0.000
1657065615.026349,2.3_state_machine,0.000
1657065615.026349,2.3_integrity_total,0.830
1657065615.026349,1.2_odom_insert_frame,17.327
1657065610.124359,1.4_sub_map_insert,1.385
1657065615.126342,1.1_pointcloud_extract,0.012
1657065615.126342,1.1_cloud_preprocess,1.394
1657065615.126342,1.1_ros_callback_total,1.480
1657065615.126342,1.2_imu_integration,0.092
1657065615.126342,1.2_pointcloud_deskew,0.038
1657065615.126342,1.2_covariance_estimation,0.509
1657065615.126342,1.2_create_factors,0.025
1657065615.126342,1.2_smoother_update,19.604
1657065615.126342,1.3_gnss_injection,0.379
1657065615.126342,1.2_update_frames_calculate_estimate,0.066
1657065615.126342,1.2_update_frames_state_copy,0.019
1657065615.126342,1.2_update_frames_sigma_p,0.029
1657065615.126342,1.2_update_frames,0.154
1657065615.099338,2.1_gnss_araim,0.833
1657065615.126342,2.3_dynamic_al,0.000
1657065615.126342,2.3_state_machine,0.000
1657065615.126342,2.3_integrity_total,0.898
1657065615.126342,1.2_odom_insert_frame,23.130
1657065615.226339,1.1_pointcloud_extract,0.009
1657065615.226339,1.1_cloud_preprocess,1.258
1657065615.226339,1.1_ros_callback_total,1.309
1657065615.226339,1.2_imu_integration,0.092
1657065615.226339,1.2_pointcloud_deskew,0.037
1657065615.226339,1.2_covariance_estimation,0.492
1657065615.226339,1.2_create_factors,0.024
1657065615.226339,1.2_smoother_update,2.025
1657065615.226339,1.3_gnss_injection,0.384
1657065615.226339,1.2_update_frames_calculate_estimate,0.059
1657065615.226339,1.2_update_frames_state_copy,0.016
1657065615.226339,1.2_update_frames_sigma_p,0.036
1657065615.226339,1.2_update_frames,0.145
1657065615.199339,2.1_gnss_araim,0.649
1657065615.226339,2.3_dynamic_al,0.000
1657065615.226339,2.3_state_machine,0.000
1657065615.226339,2.3_integrity_total,0.728
1657065615.226339,1.2_odom_insert_frame,5.256
1657065610.226358,1.4_sub_map_insert,1.703
1657065615.326341,1.1_pointcloud_extract,0.011
1657065615.326341,1.1_cloud_preprocess,1.288
1657065615.326341,1.1_ros_callback_total,1.368
1657065615.326341,1.2_imu_integration,0.090
1657065615.326341,1.2_pointcloud_deskew,0.039
1657065615.326341,1.2_covariance_estimation,0.486
1657065615.326341,1.2_create_factors,0.025
1657065615.326341,1.2_smoother_update,19.693
1657065615.326341,1.3_gnss_injection,0.358
1657065615.326341,1.2_update_frames_calculate_estimate,0.060
1657065615.326341,1.2_update_frames_state_copy,0.018
1657065615.326341,1.2_update_frames_sigma_p,0.028
1657065615.326341,1.2_update_frames,0.145
1657065615.299344,2.1_gnss_araim,0.789
1657065615.326341,2.3_dynamic_al,0.000
1657065615.326341,2.3_state_machine,0.000
1657065615.326341,2.3_integrity_total,0.857
1657065615.326341,1.2_odom_insert_frame,22.991
1657065610.326353,1.4_sub_map_insert,3.236
1657065615.426338,1.1_pointcloud_extract,0.010
1657065615.426338,1.1_cloud_preprocess,1.232
1657065615.426338,1.1_ros_callback_total,1.291
1657065615.426338,1.2_imu_integration,0.074
1657065615.426338,1.2_pointcloud_deskew,0.049
1657065615.426338,1.2_covariance_estimation,0.393
1657065615.426338,1.2_create_factors,0.025
1657065615.426338,1.2_smoother_update,14.723
1657065615.426338,1.3_gnss_injection,0.275
1657065615.426338,1.2_update_frames_calculate_estimate,0.039
1657065615.426338,1.2_update_frames_state_copy,0.014
1657065615.426338,1.2_update_frames_sigma_p,0.021
1657065615.426338,1.2_update_frames,0.096
1657065615.399350,2.1_gnss_araim,0.619
1657065615.426338,2.3_dynamic_al,0.000
1657065615.426338,2.3_state_machine,0.000
1657065615.426338,2.3_integrity_total,0.680
1657065615.426338,1.2_odom_insert_frame,17.254
1657065610.426355,1.4_sub_map_insert,6.053
1657065615.526500,1.1_pointcloud_extract,0.011
1657065615.526500,1.1_cloud_preprocess,1.348
1657065615.526500,1.1_ros_callback_total,1.423
1657065615.526500,1.2_imu_integration,0.090
1657065615.526500,1.2_pointcloud_deskew,0.038
1657065615.526500,1.2_covariance_estimation,0.492
1657065615.526500,1.2_create_factors,0.023
1657065615.526500,1.2_smoother_update,2.378
1657065615.526500,1.3_gnss_injection,0.366
1657065615.526500,1.2_update_frames_calculate_estimate,0.073
1657065615.526500,1.2_update_frames_state_copy,0.018
1657065615.526500,1.2_update_frames_sigma_p,0.063
1657065615.526500,1.2_update_frames,0.191
1657065615.499344,2.1_gnss_araim,0.655
1657065615.526500,2.3_dynamic_al,0.000
1657065615.526500,2.3_state_machine,0.000
1657065615.526500,2.3_integrity_total,0.718
1657065615.526500,1.2_odom_insert_frame,5.761
1657065610.626438,1.4_sub_map_insert,3.135
1657065615.626337,1.1_pointcloud_extract,0.011
1657065615.626337,1.1_cloud_preprocess,1.339
1657065615.626337,1.1_ros_callback_total,1.413
1657065615.626337,1.2_imu_integration,0.091
1657065615.626337,1.2_pointcloud_deskew,0.039
1657065615.626337,1.2_covariance_estimation,0.492
1657065615.626337,1.2_create_factors,0.025
1657065615.626337,1.2_smoother_update,2.314
1657065615.626337,1.3_gnss_injection,0.390
1657065615.626337,1.2_update_frames_calculate_estimate,0.073
1657065615.626337,1.2_update_frames_state_copy,0.017
1657065615.626337,1.2_update_frames_sigma_p,0.041
1657065615.626337,1.2_update_frames,0.171
1657065615.599345,2.1_gnss_araim,0.671
1657065615.626337,2.3_dynamic_al,0.000
1657065615.626337,2.3_state_machine,0.000
1657065615.626337,2.3_integrity_total,0.736
1657065615.626337,1.2_odom_insert_frame,5.748
1657065615.726341,1.1_pointcloud_extract,0.013
1657065615.726341,1.1_cloud_preprocess,1.223
1657065615.726341,1.1_ros_callback_total,1.297
1657065615.726341,1.2_imu_integration,0.092
1657065615.726341,1.2_pointcloud_deskew,0.038
1657065615.726341,1.2_covariance_estimation,0.484
1657065615.726341,1.2_create_factors,0.028
1657065615.726341,1.2_smoother_update,20.290
1657065615.726341,1.3_gnss_injection,0.382
1657065615.726341,1.2_update_frames_calculate_estimate,0.061
1657065615.726341,1.2_update_frames_state_copy,0.018
1657065615.726341,1.2_update_frames_sigma_p,0.028
1657065615.726341,1.2_update_frames,0.147
1657065615.699341,2.1_gnss_araim,0.856
1657065615.726341,2.3_dynamic_al,0.000
1657065615.726341,2.3_state_machine,0.000
1657065615.726341,2.3_integrity_total,0.910
1657065615.726341,1.2_odom_insert_frame,23.757
1657065610.727312,1.4_sub_map_insert,3.122
1657065615.826351,1.1_pointcloud_extract,0.009
1657065615.826351,1.1_cloud_preprocess,1.167
1657065615.826351,1.1_ros_callback_total,1.230
1657065615.826351,1.2_imu_integration,0.076
1657065615.826351,1.2_pointcloud_deskew,0.053
1657065615.826351,1.2_covariance_estimation,0.372
1657065615.826351,1.2_create_factors,0.024
1657065615.826351,1.2_smoother_update,1.870
1657065615.826351,1.3_gnss_injection,0.281
1657065615.826351,1.2_update_frames_calculate_estimate,0.042
1657065615.826351,1.2_update_frames_state_copy,0.013
1657065615.826351,1.2_update_frames_sigma_p,0.045
1657065615.826351,1.2_update_frames,0.124
1657065615.799342,2.1_gnss_araim,0.629
1657065615.826351,2.3_dynamic_al,0.000
1657065615.826351,2.3_state_machine,0.000
1657065615.826351,2.3_integrity_total,0.686
1657065615.826351,1.2_odom_insert_frame,4.468
1657065610.926326,1.4_sub_map_insert,1.704
1657065615.926331,1.1_pointcloud_extract,0.012
1657065615.926331,1.1_cloud_preprocess,1.332
1657065615.926331,1.1_ros_callback_total,1.400
1657065615.926331,1.2_imu_integration,0.091
1657065615.926331,1.2_pointcloud_deskew,0.038
1657065615.926331,1.2_covariance_estimation,0.502
1657065615.926331,1.2_create_factors,0.026
1657065615.926331,1.2_smoother_update,19.276
1657065615.926331,1.3_gnss_injection,0.367
1657065615.926331,1.2_update_frames_calculate_estimate,0.053
1657065615.926331,1.2_update_frames_state_copy,0.021
1657065615.926331,1.2_update_frames_sigma_p,0.026
1657065615.926331,1.2_update_frames,0.136
1657065615.899308,2.1_gnss_araim,0.791
1657065615.926331,2.3_dynamic_al,0.000
1657065615.926331,2.3_state_machine,0.000
1657065615.926331,2.3_integrity_total,0.840
1657065615.926331,1.2_odom_insert_frame,22.586
1657065611.026303,1.4_sub_map_insert,1.656
1657065616.026346,1.1_pointcloud_extract,0.010
1657065616.026346,1.1_cloud_preprocess,1.228
1657065616.026346,1.1_ros_callback_total,1.287
1657065616.026346,1.2_imu_integration,0.093
1657065616.026346,1.2_pointcloud_deskew,0.037
1657065616.026346,1.2_covariance_estimation,0.634
1657065616.026346,1.2_create_factors,0.027
1657065616.026346,1.2_smoother_update,19.726
1657065616.026346,1.3_gnss_injection,0.374
1657065616.026346,1.2_update_frames_calculate_estimate,0.055
1657065616.026346,1.2_update_frames_state_copy,0.019
1657065616.026346,1.2_update_frames_sigma_p,0.027
1657065616.026346,1.2_update_frames,0.136
1657065615.999294,2.1_gnss_araim,0.775
1657065616.026346,2.3_dynamic_al,0.000
1657065616.026346,2.3_state_machine,0.000
1657065616.026346,2.3_integrity_total,0.843
1657065616.026346,1.2_odom_insert_frame,23.187
1657065611.126342,1.4_sub_map_insert,1.659
1657065616.126356,1.1_pointcloud_extract,0.011
1657065616.126356,1.1_cloud_preprocess,1.355
1657065616.126356,1.1_ros_callback_total,1.432
1657065616.126356,1.2_imu_integration,0.092
1657065616.126356,1.2_pointcloud_deskew,0.038
1657065616.126356,1.2_covariance_estimation,0.487
1657065616.126356,1.2_create_factors,0.024
1657065616.126356,1.2_smoother_update,19.565
1657065616.126356,1.3_gnss_injection,0.361
1657065616.126356,1.2_update_frames_calculate_estimate,0.058
1657065616.126356,1.2_update_frames_state_copy,0.018
1657065616.126356,1.2_update_frames_sigma_p,0.028
1657065616.126356,1.2_update_frames,0.144
1657065616.099520,2.1_gnss_araim,0.829
1657065616.126356,2.3_dynamic_al,0.000
1657065616.126356,2.3_state_machine,0.000
1657065616.126356,2.3_integrity_total,0.933
1657065616.126356,1.2_odom_insert_frame,22.993
1657065611.226339,1.4_sub_map_insert,1.679
1657065616.226341,1.1_pointcloud_extract,0.009
1657065616.226341,1.1_cloud_preprocess,1.346
1657065616.226341,1.1_ros_callback_total,1.412
1657065616.226341,1.2_imu_integration,0.092
1657065616.226341,1.2_pointcloud_deskew,0.038
1657065616.226341,1.2_covariance_estimation,0.486
1657065616.226341,1.2_create_factors,0.027
1657065616.226341,1.2_smoother_update,19.818
1657065616.226341,1.3_gnss_injection,0.398
1657065616.226341,1.2_update_frames_calculate_estimate,0.066
1657065616.226341,1.2_update_frames_state_copy,0.019
1657065616.226341,1.2_update_frames_sigma_p,0.029
1657065616.226341,1.2_update_frames,0.151
1657065616.199341,2.1_gnss_araim,0.827
1657065616.226341,2.3_dynamic_al,0.000
1657065616.226341,2.3_state_machine,0.000
1657065616.226341,2.3_integrity_total,0.888
1657065616.226341,1.2_odom_insert_frame,23.377
1657065611.326336,1.4_sub_map_insert,1.704
1657065616.326283,1.1_pointcloud_extract,0.010
1657065616.326283,1.1_cloud_preprocess,1.333
1657065616.326283,1.1_ros_callback_total,1.409
1657065616.326283,1.2_imu_integration,0.093
1657065616.326283,1.2_pointcloud_deskew,0.038
1657065616.326283,1.2_covariance_estimation,0.475
1657065616.326283,1.2_create_factors,0.027
1657065616.326283,1.2_smoother_update,2.037
1657065616.326283,1.3_gnss_injection,0.384
1657065616.326283,1.2_update_frames_calculate_estimate,0.065
1657065616.326283,1.2_update_frames_state_copy,0.017
1657065616.326283,1.2_update_frames_sigma_p,0.038
1657065616.326283,1.2_update_frames,0.157
1657065616.299321,2.1_gnss_araim,0.629
1657065616.326283,2.3_dynamic_al,0.000
1657065616.326283,2.3_state_machine,0.000
1657065616.326283,2.3_integrity_total,0.688
1657065616.326283,1.2_odom_insert_frame,5.271
1657065616.426645,1.1_pointcloud_extract,0.012
1657065616.426645,1.1_cloud_preprocess,1.312
1657065616.426645,1.1_ros_callback_total,1.395
1657065616.426645,1.2_imu_integration,0.076
1657065616.426645,1.2_pointcloud_deskew,0.047
1657065616.426645,1.2_covariance_estimation,0.383
1657065616.426645,1.2_create_factors,0.019
1657065616.426645,1.2_smoother_update,1.787
1657065616.426645,1.3_gnss_injection,0.269
1657065616.426645,1.2_update_frames_calculate_estimate,0.040
1657065616.426645,1.2_update_frames_state_copy,0.013
1657065616.426645,1.2_update_frames_sigma_p,0.033
1657065616.426645,1.2_update_frames,0.110
1657065616.399286,2.1_gnss_araim,0.621
1657065616.426645,2.3_dynamic_al,0.000
1657065616.426645,2.3_state_machine,0.000
1657065616.426645,2.3_integrity_total,0.687
1657065616.426645,1.2_odom_insert_frame,4.324
1657065611.426341,1.4_sub_map_insert,3.235
1657065616.526367,1.1_pointcloud_extract,0.011
1657065616.526367,1.1_cloud_preprocess,1.301
1657065616.526367,1.1_ros_callback_total,1.381
1657065616.526367,1.2_imu_integration,0.091
1657065616.526367,1.2_pointcloud_deskew,0.038
1657065616.526367,1.2_covariance_estimation,0.490
1657065616.526367,1.2_create_factors,0.025
1657065616.526367,1.2_smoother_update,20.034
1657065616.526367,1.3_gnss_injection,0.372
1657065616.526367,1.2_update_frames_calculate_estimate,0.055
1657065616.526367,1.2_update_frames_state_copy,0.018
1657065616.526367,1.2_update_frames_sigma_p,0.027
1657065616.526367,1.2_update_frames,0.136
1657065616.499294,2.1_gnss_araim,0.837
1657065616.526367,2.3_dynamic_al,0.000
1657065616.526367,2.3_state_machine,0.000
1657065616.526367,2.3_integrity_total,0.903
1657065616.526367,1.2_odom_insert_frame,23.397
1657065611.626337,1.4_sub_map_insert,1.749
1657065616.626341,1.1_pointcloud_extract,0.012
1657065616.626341,1.1_cloud_preprocess,1.350
1657065616.626341,1.1_ros_callback_total,1.423
1657065616.626341,1.2_imu_integration,0.090
1657065616.626341,1.2_pointcloud_deskew,0.038
1657065616.626341,1.2_covariance_estimation,0.487
1657065616.626341,1.2_create_factors,0.026
1657065616.626341,1.2_smoother_update,19.778
1657065616.626341,1.3_gnss_injection,0.399
1657065616.626341,1.2_update_frames_calculate_estimate,0.068
1657065616.626341,1.2_update_frames_state_copy,0.019
1657065616.626341,1.2_update_frames_sigma_p,0.029
1657065616.626341,1.2_update_frames,0.155
1657065616.599370,2.1_gnss_araim,0.864
1657065616.626341,2.3_dynamic_al,0.000
1657065616.626341,2.3_state_machine,0.000
1657065616.626341,2.3_integrity_total,0.927
1657065616.626341,1.2_odom_insert_frame,23.353
1657065616.726341,1.1_pointcloud_extract,0.009
1657065616.726341,1.1_cloud_preprocess,1.240
1657065616.726341,1.1_ros_callback_total,1.290
1657065616.726341,1.2_imu_integration,0.090
1657065616.726341,1.2_pointcloud_deskew,0.037
1657065616.726341,1.2_covariance_estimation,0.614
1657065616.726341,1.2_create_factors,0.027
1657065616.726341,1.2_smoother_update,2.267
1657065616.726341,1.3_gnss_injection,0.401
1657065616.726341,1.2_update_frames_calculate_estimate,0.064
1657065616.726341,1.2_update_frames_state_copy,0.017
1657065616.726341,1.2_update_frames_sigma_p,0.039
1657065616.726341,1.2_update_frames,0.156
1657065616.699431,2.1_gnss_araim,0.761
1657065616.726341,2.3_dynamic_al,0.000
1657065616.726341,2.3_state_machine,0.000
1657065616.726341,2.3_integrity_total,0.827
1657065616.726341,1.2_odom_insert_frame,5.770
1657065611.726442,1.4_sub_map_insert,3.206
1657065616.826395,1.1_pointcloud_extract,0.011
1657065616.826395,1.1_cloud_preprocess,1.351
1657065616.826395,1.1_ros_callback_total,1.423
1657065616.826395,1.2_imu_integration,0.081
1657065616.826395,1.2_pointcloud_deskew,0.049
1657065616.826395,1.2_covariance_estimation,0.394
1657065616.826395,1.2_create_factors,0.021
1657065616.826395,1.2_smoother_update,1.778
1657065616.826395,1.3_gnss_injection,0.272
1657065616.826395,1.2_update_frames_calculate_estimate,0.042
1657065616.826395,1.2_update_frames_state_copy,0.013
1657065616.826395,1.2_update_frames_sigma_p,0.034
1657065616.826395,1.2_update_frames,0.113
1657065616.799341,2.1_gnss_araim,0.644
1657065616.826395,2.3_dynamic_al,0.000
1657065616.826395,2.3_state_machine,0.000
1657065616.826395,2.3_integrity_total,0.710
1657065616.826395,1.2_odom_insert_frame,4.387
1657065611.926338,1.4_sub_map_insert,1.750
1657065616.926354,1.1_pointcloud_extract,0.011
1657065616.926354,1.1_cloud_preprocess,1.287
1657065616.926354,1.1_ros_callback_total,1.370
1657065616.926354,1.2_imu_integration,0.091
1657065616.926354,1.2_pointcloud_deskew,0.040
1657065616.926354,1.2_covariance_estimation,0.507
1657065616.926354,1.2_create_factors,0.025
1657065616.926354,1.2_smoother_update,22.034
1657065616.926354,1.3_gnss_injection,0.451
1657065616.926354,1.2_update_frames_calculate_estimate,0.090
1657065616.926354,1.2_update_frames_state_copy,0.020
1657065616.926354,1.2_update_frames_sigma_p,0.043
1657065616.926354,1.2_update_frames,0.220
1657065616.899340,2.1_gnss_araim,1.529
1657065616.926354,2.3_dynamic_al,0.000
1657065616.926354,2.3_state_machine,0.000
1657065616.926354,2.3_integrity_total,1.602
1657065616.926354,1.2_odom_insert_frame,26.666
1657065612.026346,1.4_sub_map_insert,1.985
1657065617.026344,1.1_pointcloud_extract,0.012
1657065617.026344,1.1_cloud_preprocess,1.329
1657065617.026344,1.1_ros_callback_total,1.404
1657065617.026344,1.2_imu_integration,0.092
1657065617.026344,1.2_pointcloud_deskew,0.038
1657065617.026344,1.2_covariance_estimation,0.662
1657065617.026344,1.2_create_factors,0.027
1657065617.026344,1.2_smoother_update,2.165
1657065617.026344,1.3_gnss_injection,0.426
1657065617.026344,1.2_update_frames_calculate_estimate,0.079
1657065617.026344,1.2_update_frames_state_copy,0.018
1657065617.026344,1.2_update_frames_sigma_p,0.044
1657065617.026344,1.2_update_frames,0.187
1657065616.999401,2.1_gnss_araim,0.626
1657065617.026344,2.3_dynamic_al,0.000
1657065617.026344,2.3_state_machine,0.000
1657065617.026344,2.3_integrity_total,0.696
1657065617.026344,1.2_odom_insert_frame,5.841
1657065612.126341,1.4_sub_map_insert,1.769
1657065617.127278,1.1_pointcloud_extract,0.011
1657065617.127278,1.1_cloud_preprocess,1.458
1657065617.127278,1.1_ros_callback_total,1.539
1657065617.127278,1.2_imu_integration,0.090
1657065617.127278,1.2_pointcloud_deskew,0.039
1657065617.127278,1.2_covariance_estimation,0.503
1657065617.127278,1.2_create_factors,0.026
1657065617.127278,1.2_smoother_update,2.345
1657065617.127278,1.3_gnss_injection,0.384
1657065617.127278,1.2_update_frames_calculate_estimate,0.070
1657065617.127278,1.2_update_frames_state_copy,0.018
1657065617.127278,1.2_update_frames_sigma_p,0.049
1657065617.127278,1.2_update_frames,0.180
1657065617.099277,2.1_gnss_araim,0.651
1657065617.127278,2.3_dynamic_al,0.000
1657065617.127278,2.3_state_machine,0.000
1657065617.127278,2.3_integrity_total,0.703
1657065617.127278,1.2_odom_insert_frame,5.830
1657065612.226290,1.4_sub_map_insert,1.811
1657065617.226352,1.1_pointcloud_extract,0.011
1657065617.226352,1.1_cloud_preprocess,1.371
1657065617.226352,1.1_ros_callback_total,1.452
1657065617.226352,1.2_imu_integration,0.091
1657065617.226352,1.2_pointcloud_deskew,0.040
1657065617.226352,1.2_covariance_estimation,0.499
1657065617.226352,1.2_create_factors,0.024
1657065617.226352,1.2_smoother_update,19.536
1657065617.226352,1.3_gnss_injection,0.360
1657065617.226352,1.2_update_frames_calculate_estimate,0.059
1657065617.226352,1.2_update_frames_state_copy,0.018
1657065617.226352,1.2_update_frames_sigma_p,0.028
1657065617.226352,1.2_update_frames,0.142
1657065617.199344,2.1_gnss_araim,0.851
1657065617.226352,2.3_dynamic_al,0.000
1657065617.226352,2.3_state_machine,0.000
1657065617.226352,2.3_integrity_total,0.916
1657065617.226352,1.2_odom_insert_frame,22.879
1657065612.326328,1.4_sub_map_insert,1.738
1657065617.326338,1.1_pointcloud_extract,0.012
1657065617.326338,1.1_cloud_preprocess,1.339
1657065617.326338,1.1_ros_callback_total,1.413
1657065617.326338,1.2_imu_integration,0.089
1657065617.326338,1.2_pointcloud_deskew,0.039
1657065617.326338,1.2_covariance_estimation,0.499
1657065617.326338,1.2_create_factors,0.025
1657065617.326338,1.2_smoother_update,19.503
1657065617.326338,1.3_gnss_injection,0.365
1657065617.326338,1.2_update_frames_calculate_estimate,0.068
1657065617.326338,1.2_update_frames_state_copy,0.018
1657065617.326338,1.2_update_frames_sigma_p,0.030
1657065617.326338,1.2_update_frames,0.155
1657065617.299354,2.1_gnss_araim,0.745
1657065617.326338,2.3_dynamic_al,0.000
1657065617.326338,2.3_state_machine,0.000
1657065617.326338,2.3_integrity_total,0.852
1657065617.326338,1.2_odom_insert_frame,22.916
1657065612.426291,1.4_sub_map_insert,1.820
1657065617.426372,1.1_pointcloud_extract,0.009
1657065617.426372,1.1_cloud_preprocess,1.192
1657065617.426372,1.1_ros_callback_total,1.272
1657065617.426372,1.2_imu_integration,0.091
1657065617.426372,1.2_pointcloud_deskew,0.041
1657065617.426372,1.2_covariance_estimation,0.575
1657065617.426372,1.2_create_factors,0.029
1657065617.426372,1.2_smoother_update,19.802
1657065617.426372,1.3_gnss_injection,0.366
1657065617.426372,1.2_update_frames_calculate_estimate,0.063
1657065617.426372,1.2_update_frames_state_copy,0.019
1657065617.426372,1.2_update_frames_sigma_p,0.029
1657065617.426372,1.2_update_frames,0.151
1657065617.399346,2.1_gnss_araim,0.933
1657065617.426372,2.3_dynamic_al,0.000
1657065617.426372,2.3_state_machine,0.000
1657065617.426372,2.3_integrity_total,0.989
1657065617.426372,1.2_odom_insert_frame,23.459
1657065612.526344,1.4_sub_map_insert,1.481
1657065617.526338,1.1_pointcloud_extract,0.011
1657065617.526338,1.1_cloud_preprocess,1.331
1657065617.526338,1.1_ros_callback_total,1.399
1657065617.526338,1.2_imu_integration,0.092
1657065617.526338,1.2_pointcloud_deskew,0.040
1657065617.526338,1.2_covariance_estimation,0.612
1657065617.526338,1.2_create_factors,0.028
1657065617.526338,1.2_smoother_update,2.060
1657065617.526338,1.3_gnss_injection,0.382
1657065617.526338,1.2_update_frames_calculate_estimate,0.067
1657065617.526338,1.2_update_frames_state_copy,0.017
1657065617.526338,1.2_update_frames_sigma_p,0.039
1657065617.526338,1.2_update_frames,0.165
1657065617.499338,2.1_gnss_araim,0.805
1657065617.526338,2.3_dynamic_al,0.000
1657065617.526338,2.3_state_machine,0.000
1657065617.526338,2.3_integrity_total,0.868
1657065617.526338,1.2_odom_insert_frame,5.702
1657065612.626288,1.4_sub_map_insert,1.457
1657065617.626340,1.1_pointcloud_extract,0.011
1657065617.626340,1.1_cloud_preprocess,1.352
1657065617.626340,1.1_ros_callback_total,1.440
1657065617.626340,1.2_imu_integration,0.091
1657065617.626340,1.2_pointcloud_deskew,0.043
1657065617.626340,1.2_covariance_estimation,0.512
1657065617.626340,1.2_create_factors,0.025
1657065617.626340,1.2_smoother_update,2.296
1657065617.626340,1.3_gnss_injection,0.393
1657065617.626340,1.2_update_frames_calculate_estimate,0.059
1657065617.626340,1.2_update_frames_state_copy,0.017
1657065617.626340,1.2_update_frames_sigma_p,0.042
1657065617.626340,1.2_update_frames,0.153
1657065617.599339,2.1_gnss_araim,0.688
1657065617.626340,2.3_dynamic_al,0.000
1657065617.626340,2.3_state_machine,0.000
1657065617.626340,2.3_integrity_total,0.756
1657065617.626340,1.2_odom_insert_frame,5.687
1657065617.726329,1.1_pointcloud_extract,0.010
1657065617.726329,1.1_cloud_preprocess,1.207
1657065617.726329,1.1_ros_callback_total,1.273
1657065617.726329,1.2_imu_integration,0.075
1657065617.726329,1.2_pointcloud_deskew,0.049
1657065617.726329,1.2_covariance_estimation,0.517
1657065617.726329,1.2_create_factors,0.021
1657065617.726329,1.2_smoother_update,1.649
1657065617.726329,1.3_gnss_injection,0.277
1657065617.726329,1.2_update_frames_calculate_estimate,0.040
1657065617.726329,1.2_update_frames_state_copy,0.013
1657065617.726329,1.2_update_frames_sigma_p,0.030
1657065617.726329,1.2_update_frames,0.104
1657065617.699398,2.1_gnss_araim,0.610
1657065617.726329,2.3_dynamic_al,0.000
1657065617.726329,2.3_state_machine,0.000
1657065617.726329,2.3_integrity_total,0.658
1657065617.726329,1.2_odom_insert_frame,4.193
1657065612.726438,1.4_sub_map_insert,1.495
1657065617.826296,1.1_pointcloud_extract,0.011
1657065617.826296,1.1_cloud_preprocess,1.414
1657065617.826296,1.1_ros_callback_total,1.516
1657065617.826296,1.2_imu_integration,0.073
1657065617.826296,1.2_pointcloud_deskew,0.048
1657065617.826296,1.2_covariance_estimation,0.334
1657065617.826296,1.2_create_factors,0.018
1657065617.826296,1.2_smoother_update,14.434
1657065617.826296,1.3_gnss_injection,0.275
1657065617.826296,1.2_update_frames_calculate_estimate,0.043
1657065617.826296,1.2_update_frames_state_copy,0.013
1657065617.826296,1.2_update_frames_sigma_p,0.022
1657065617.826296,1.2_update_frames,0.101
1657065617.799277,2.1_gnss_araim,0.782
1657065617.826296,2.3_dynamic_al,0.000
1657065617.826296,2.3_state_machine,0.000
1657065617.826296,2.3_integrity_total,0.843
1657065617.826296,1.2_odom_insert_frame,16.969
1657065612.826339,1.4_sub_map_insert,1.520
1657065617.926340,1.1_pointcloud_extract,0.011
1657065617.926340,1.1_cloud_preprocess,1.360
1657065617.926340,1.1_ros_callback_total,1.458
1657065617.926340,1.2_imu_integration,0.090
1657065617.926340,1.2_pointcloud_deskew,0.041
1657065617.926340,1.2_covariance_estimation,0.669
1657065617.926340,1.2_create_factors,0.028
1657065617.926340,1.2_smoother_update,2.672
1657065617.926340,1.3_gnss_injection,0.391
1657065617.926340,1.2_update_frames_calculate_estimate,0.061
1657065617.926340,1.2_update_frames_state_copy,0.018
1657065617.926340,1.2_update_frames_sigma_p,0.059
1657065617.926340,1.2_update_frames,0.176
1657065617.899339,2.1_gnss_araim,0.643
1657065617.926340,2.3_dynamic_al,0.000
1657065617.926340,2.3_state_machine,0.000
1657065617.926340,2.3_integrity_total,0.698
1657065617.926340,1.2_odom_insert_frame,6.312
1657065612.926337,1.4_sub_map_insert,1.595
1657065618.026340,1.1_pointcloud_extract,0.012
1657065618.026340,1.1_cloud_preprocess,1.381
1657065618.026340,1.1_ros_callback_total,1.460
1657065618.026340,1.2_imu_integration,0.093
1657065618.026340,1.2_pointcloud_deskew,0.041
1657065618.026340,1.2_covariance_estimation,0.503
1657065618.026340,1.2_create_factors,0.025
1657065618.026340,1.2_smoother_update,2.212
1657065618.026340,1.3_gnss_injection,0.390
1657065618.026340,1.2_update_frames_calculate_estimate,0.061
1657065618.026340,1.2_update_frames_state_copy,0.016
1657065618.026340,1.2_update_frames_sigma_p,0.037
1657065618.026340,1.2_update_frames,0.149
1657065617.999339,2.1_gnss_araim,0.643
1657065618.026340,2.3_dynamic_al,0.000
1657065618.026340,2.3_state_machine,0.000
1657065618.026340,2.3_integrity_total,0.705
1657065618.026340,1.2_odom_insert_frame,5.539
1657065613.026341,1.4_sub_map_insert,8.424
1657065618.126347,1.1_pointcloud_extract,0.011
1657065618.126347,1.1_cloud_preprocess,1.266
1657065618.126347,1.1_ros_callback_total,1.343
1657065618.126347,1.2_imu_integration,0.116
1657065618.126347,1.2_pointcloud_deskew,0.041
1657065618.126347,1.2_covariance_estimation,0.499
1657065618.126347,1.2_create_factors,0.030
1657065618.126347,1.2_smoother_update,2.354
1657065618.126347,1.3_gnss_injection,0.373
1657065618.126347,1.2_update_frames_calculate_estimate,0.056
1657065618.126347,1.2_update_frames_state_copy,0.016
1657065618.126347,1.2_update_frames_sigma_p,0.043
1657065618.126347,1.2_update_frames,0.152
1657065618.099337,2.1_gnss_araim,0.649
1657065618.126347,2.3_dynamic_al,0.000
1657065618.126347,2.3_state_machine,0.000
1657065618.126347,2.3_integrity_total,0.713
1657065618.126347,1.2_odom_insert_frame,5.666
1657065613.226324,1.4_sub_map_insert,2.112
1657065618.226337,1.1_pointcloud_extract,0.009
1657065618.226337,1.1_cloud_preprocess,1.169
1657065618.226337,1.1_ros_callback_total,1.238
1657065618.226337,1.2_imu_integration,0.091
1657065618.226337,1.2_pointcloud_deskew,0.040
1657065618.226337,1.2_covariance_estimation,0.455
1657065618.226337,1.2_create_factors,0.025
1657065618.226337,1.2_smoother_update,14.189
1657065618.226337,1.3_gnss_injection,0.281
1657065618.226337,1.2_update_frames_calculate_estimate,0.039
1657065618.226337,1.2_update_frames_state_copy,0.014
1657065618.226337,1.2_update_frames_sigma_p,0.021
1657065618.226337,1.2_update_frames,0.097
1657065618.199358,2.1_gnss_araim,0.874
1657065618.226337,2.3_dynamic_al,0.000
1657065618.226337,2.3_state_machine,0.000
1657065618.226337,2.3_integrity_total,0.920
1657065618.226337,1.2_odom_insert_frame,16.977
1657065618.326347,1.1_pointcloud_extract,0.011
1657065618.326347,1.1_cloud_preprocess,1.280
1657065618.326347,1.1_ros_callback_total,1.364
1657065618.326347,1.2_imu_integration,0.092
1657065618.326347,1.2_pointcloud_deskew,0.040
1657065618.326347,1.2_covariance_estimation,0.500
1657065618.326347,1.2_create_factors,0.026
1657065618.326347,1.2_smoother_update,19.105
1657065618.326347,1.3_gnss_injection,0.363
1657065618.326347,1.2_update_frames_calculate_estimate,0.057
1657065618.326347,1.2_update_frames_state_copy,0.018
1657065618.326347,1.2_update_frames_sigma_p,0.029
1657065618.326347,1.2_update_frames,0.139
1657065618.299354,2.1_gnss_araim,0.799
1657065618.326347,2.3_dynamic_al,0.000
1657065618.326347,2.3_state_machine,0.000
1657065618.326347,2.3_integrity_total,0.851
1657065618.326347,1.2_odom_insert_frame,22.480
1657065613.326338,1.4_sub_map_insert,2.587
1657065618.426340,1.1_pointcloud_extract,0.009
1657065618.426340,1.1_cloud_preprocess,1.325
1657065618.426340,1.1_ros_callback_total,1.397
1657065618.426340,1.2_imu_integration,0.090
1657065618.426340,1.2_pointcloud_deskew,0.038
1657065618.426340,1.2_covariance_estimation,0.535
1657065618.426340,1.2_create_factors,0.027
1657065618.426340,1.2_smoother_update,2.131
1657065618.426340,1.3_gnss_injection,0.387
1657065618.426340,1.2_update_frames_calculate_estimate,0.064
1657065618.426340,1.2_update_frames_state_copy,0.017
1657065618.426340,1.2_update_frames_sigma_p,0.037
1657065618.426340,1.2_update_frames,0.152
1657065618.399344,2.1_gnss_araim,0.604
1657065618.426340,2.3_dynamic_al,0.000
1657065618.426340,2.3_state_machine,0.000
1657065618.426340,2.3_integrity_total,0.665
1657065618.426340,1.2_odom_insert_frame,5.373
1657065618.527314,1.1_pointcloud_extract,0.012
1657065618.527314,1.1_cloud_preprocess,1.309
1657065618.527314,1.1_ros_callback_total,1.398
1657065618.527314,1.2_imu_integration,0.091
1657065618.527314,1.2_pointcloud_deskew,0.041
1657065618.527314,1.2_covariance_estimation,0.959
1657065618.527314,1.2_create_factors,0.031
1657065618.527314,1.2_smoother_update,2.531
1657065618.527314,1.3_gnss_injection,0.398
1657065618.527314,1.2_update_frames_calculate_estimate,0.069
1657065618.527314,1.2_update_frames_state_copy,0.017
1657065618.527314,1.2_update_frames_sigma_p,0.047
1657065618.527314,1.2_update_frames,0.172
1657065618.499284,2.1_gnss_araim,0.622
1657065618.527314,2.3_dynamic_al,0.000
1657065618.527314,2.3_state_machine,0.000
1657065618.527314,2.3_integrity_total,0.696
1657065618.527314,1.2_odom_insert_frame,6.427
1657065613.526375,1.4_sub_map_insert,2.585
1657065618.626338,1.1_pointcloud_extract,0.009
1657065618.626338,1.1_cloud_preprocess,1.119
1657065618.626338,1.1_ros_callback_total,1.178
1657065618.626338,1.2_imu_integration,0.121
1657065618.626338,1.2_pointcloud_deskew,0.040
1657065618.626338,1.2_covariance_estimation,0.484
1657065618.626338,1.2_create_factors,0.023
1657065618.626338,1.2_smoother_update,2.116
1657065618.626338,1.3_gnss_injection,0.393
1657065618.626338,1.2_update_frames_calculate_estimate,0.065
1657065618.626338,1.2_update_frames_state_copy,0.017
1657065618.626338,1.2_update_frames_sigma_p,0.040
1657065618.626338,1.2_update_frames,0.156
1657065618.599301,2.1_gnss_araim,0.664
1657065618.626338,2.3_dynamic_al,0.000
1657065618.626338,2.3_state_machine,0.000
1657065618.626338,2.3_integrity_total,0.722
1657065618.626338,1.2_odom_insert_frame,5.485
1657065618.726348,1.1_pointcloud_extract,0.011
1657065618.726348,1.1_cloud_preprocess,1.267
1657065618.726348,1.1_ros_callback_total,1.341
1657065618.726348,1.2_imu_integration,0.091
1657065618.726348,1.2_pointcloud_deskew,0.039
1657065618.726348,1.2_covariance_estimation,0.491
1657065618.726348,1.2_create_factors,0.023
1657065618.726348,1.2_smoother_update,2.294
1657065618.726348,1.3_gnss_injection,0.368
1657065618.726348,1.2_update_frames_calculate_estimate,0.056
1657065618.726348,1.2_update_frames_state_copy,0.016
1657065618.726348,1.2_update_frames_sigma_p,0.041
1657065618.726348,1.2_update_frames,0.148
1657065618.699338,2.1_gnss_araim,0.640
1657065618.726348,2.3_dynamic_al,0.000
1657065618.726348,2.3_state_machine,0.000
1657065618.726348,2.3_integrity_total,0.700
1657065618.726348,1.2_odom_insert_frame,5.506
1657065613.726346,1.4_sub_map_insert,2.565
1657065618.826344,1.1_pointcloud_extract,0.011
1657065618.826344,1.1_cloud_preprocess,1.316
1657065618.826344,1.1_ros_callback_total,1.401
1657065618.826344,1.2_imu_integration,0.089
1657065618.826344,1.2_pointcloud_deskew,0.041
1657065618.826344,1.2_covariance_estimation,0.555
1657065618.826344,1.2_create_factors,0.028
1657065618.826344,1.2_smoother_update,18.997
1657065618.826344,1.3_gnss_injection,0.357
1657065618.826344,1.2_update_frames_calculate_estimate,0.052
1657065618.826344,1.2_update_frames_state_copy,0.018
1657065618.826344,1.2_update_frames_sigma_p,0.028
1657065618.826344,1.2_update_frames,0.137
1657065618.799341,2.1_gnss_araim,0.752
1657065618.826344,2.3_dynamic_al,0.000
1657065618.826344,2.3_state_machine,0.000
1657065618.826344,2.3_integrity_total,0.808
1657065618.826344,1.2_odom_insert_frame,22.280
1657065613.926311,1.4_sub_map_insert,2.107
1657065618.926338,1.1_pointcloud_extract,0.011
1657065618.926338,1.1_cloud_preprocess,1.330
1657065618.926338,1.1_ros_callback_total,1.414
1657065618.926338,1.2_imu_integration,0.089
1657065618.926338,1.2_pointcloud_deskew,0.039
1657065618.926338,1.2_covariance_estimation,0.494
1657065618.926338,1.2_create_factors,0.024
1657065618.926338,1.2_smoother_update,19.248
1657065618.926338,1.3_gnss_injection,0.364
1657065618.926338,1.2_update_frames_calculate_estimate,0.056
1657065618.926338,1.2_update_frames_state_copy,0.018
1657065618.926338,1.2_update_frames_sigma_p,0.028
1657065618.926338,1.2_update_frames,0.139
1657065618.899337,2.1_gnss_araim,0.832
1657065618.926338,2.3_dynamic_al,0.000
1657065618.926338,2.3_state_machine,0.000
1657065618.926338,2.3_integrity_total,0.902
1657065618.926338,1.2_odom_insert_frame,22.671
1657065614.026289,1.4_sub_map_insert,1.382
1657065619.026345,1.1_pointcloud_extract,0.011
1657065619.026345,1.1_cloud_preprocess,1.269
1657065619.026345,1.1_ros_callback_total,1.349
1657065619.026345,1.2_imu_integration,0.089
1657065619.026345,1.2_pointcloud_deskew,0.037
1657065619.026345,1.2_covariance_estimation,0.505
1657065619.026345,1.2_create_factors,0.027
1657065619.026345,1.2_smoother_update,19.374
1657065619.026345,1.3_gnss_injection,0.372
1657065619.026345,1.2_update_frames_calculate_estimate,0.059
1657065619.026345,1.2_update_frames_state_copy,0.018
1657065619.026345,1.2_update_frames_sigma_p,0.029
1657065619.026345,1.2_update_frames,0.145
1657065618.999341,2.1_gnss_araim,0.807
1657065619.026345,2.3_dynamic_al,0.000
1657065619.026345,2.3_state_machine,0.000
1657065619.026345,2.3_integrity_total,0.867
1657065619.026345,1.2_odom_insert_frame,22.795
1657065614.126314,1.4_sub_map_insert,1.405
1657065619.126343,1.1_pointcloud_extract,0.011
1657065619.126343,1.1_cloud_preprocess,1.288
1657065619.126343,1.1_ros_callback_total,1.380
1657065619.126343,1.2_imu_integration,0.089
1657065619.126343,1.2_pointcloud_deskew,0.039
1657065619.126343,1.2_covariance_estimation,0.502
1657065619.126343,1.2_create_factors,0.025
1657065619.126343,1.2_smoother_update,19.421
1657065619.126343,1.3_gnss_injection,0.369
1657065619.126343,1.2_update_frames_calculate_estimate,0.060
1657065619.126343,1.2_update_frames_state_copy,0.019
1657065619.126343,1.2_update_frames_sigma_p,0.030
1657065619.126343,1.2_update_frames,0.147
1657065619.099336,2.1_gnss_araim,0.807
1657065619.126343,2.3_dynamic_al,0.000
1657065619.126343,2.3_state_machine,0.000
1657065619.126343,2.3_integrity_total,0.869
1657065619.126343,1.2_odom_insert_frame,22.872
1657065614.226337,1.4_sub_map_insert,1.455
1657065619.226513,1.1_pointcloud_extract,0.011
1657065619.226513,1.1_cloud_preprocess,1.333
1657065619.226513,1.1_ros_callback_total,1.428
1657065619.226513,1.2_imu_integration,0.091
1657065619.226513,1.2_pointcloud_deskew,0.038
1657065619.226513,1.2_covariance_estimation,0.492
1657065619.226513,1.2_create_factors,0.025
1657065619.226513,1.2_smoother_update,19.002
1657065619.226513,1.3_gnss_injection,0.362
1657065619.226513,1.2_update_frames_calculate_estimate,0.064
1657065619.226513,1.2_update_frames_state_copy,0.019
1657065619.226513,1.2_update_frames_sigma_p,0.028
1657065619.226513,1.2_update_frames,0.148
1657065619.199338,2.1_gnss_araim,0.822
1657065619.226513,2.3_dynamic_al,0.000
1657065619.226513,2.3_state_machine,0.000
1657065619.226513,2.3_integrity_total,0.882
1657065619.226513,1.2_odom_insert_frame,22.357
1657065614.326351,1.4_sub_map_insert,1.380
1657065619.326417,1.1_pointcloud_extract,0.011
1657065619.326417,1.1_cloud_preprocess,1.294
1657065619.326417,1.1_ros_callback_total,1.378
1657065619.326417,1.2_imu_integration,0.090
1657065619.326417,1.2_pointcloud_deskew,0.038
1657065619.326417,1.2_covariance_estimation,0.489
1657065619.326417,1.2_create_factors,0.025
1657065619.326417,1.2_smoother_update,19.196
1657065619.326417,1.3_gnss_injection,0.367
1657065619.326417,1.2_update_frames_calculate_estimate,0.054
1657065619.326417,1.2_update_frames_state_copy,0.018
1657065619.326417,1.2_update_frames_sigma_p,0.026
1657065619.326417,1.2_update_frames,0.136
1657065619.299360,2.1_gnss_araim,0.644
1657065619.326417,2.3_dynamic_al,0.000
1657065619.326417,2.3_state_machine,0.000
1657065619.326417,2.3_integrity_total,0.707
1657065619.326417,1.2_odom_insert_frame,22.398
1657065614.426360,1.4_sub_map_insert,1.406
1657065619.426343,1.1_pointcloud_extract,0.009
1657065619.426343,1.1_cloud_preprocess,1.205
1657065619.426343,1.1_ros_callback_total,1.268
1657065619.426343,1.2_imu_integration,0.092
1657065619.426343,1.2_pointcloud_deskew,0.041
1657065619.426343,1.2_covariance_estimation,0.493
1657065619.426343,1.2_create_factors,0.025
1657065619.426343,1.2_smoother_update,2.052
1657065619.426343,1.3_gnss_injection,0.395
1657065619.426343,1.2_update_frames_calculate_estimate,0.060
1657065619.426343,1.2_update_frames_state_copy,0.017
1657065619.426343,1.2_update_frames_sigma_p,0.039
1657065619.426343,1.2_update_frames,0.150
1657065619.399341,2.1_gnss_araim,0.623
1657065619.426343,2.3_dynamic_al,0.000
1657065619.426343,2.3_state_machine,0.000
1657065619.426343,2.3_integrity_total,0.674
1657065619.426343,1.2_odom_insert_frame,5.300
1657065619.526381,1.1_pointcloud_extract,0.012
1657065619.526381,1.1_cloud_preprocess,1.372
1657065619.526381,1.1_ros_callback_total,1.465
1657065619.526381,1.2_imu_integration,0.089
1657065619.526381,1.2_pointcloud_deskew,0.042
1657065619.526381,1.2_covariance_estimation,0.498
1657065619.526381,1.2_create_factors,0.023
1657065619.526381,1.2_smoother_update,2.326
1657065619.526381,1.3_gnss_injection,0.376
1657065619.526381,1.2_update_frames_calculate_estimate,0.064
1657065619.526381,1.2_update_frames_state_copy,0.017
1657065619.526381,1.2_update_frames_sigma_p,0.044
1657065619.526381,1.2_update_frames,0.166
1657065619.499337,2.1_gnss_araim,0.625
1657065619.526381,2.3_dynamic_al,0.000
1657065619.526381,2.3_state_machine,0.000
1657065619.526381,2.3_integrity_total,0.677
1657065619.526381,1.2_odom_insert_frame,5.682
1657065614.526355,1.4_sub_map_insert,2.635
1657065619.626302,1.1_pointcloud_extract,0.011
1657065619.626302,1.1_cloud_preprocess,1.441
1657065619.626302,1.1_ros_callback_total,1.530
1657065619.626302,1.2_imu_integration,0.090
1657065619.626302,1.2_pointcloud_deskew,0.038
1657065619.626302,1.2_covariance_estimation,0.508
1657065619.626302,1.2_create_factors,0.030
1657065619.626302,1.2_smoother_update,2.056
1657065619.626302,1.3_gnss_injection,0.394
1657065619.626302,1.2_update_frames_calculate_estimate,0.056
1657065619.626302,1.2_update_frames_state_copy,0.017
1657065619.626302,1.2_update_frames_sigma_p,0.038
1657065619.626302,1.2_update_frames,0.145
1657065619.599282,2.1_gnss_araim,0.632
1657065619.626302,2.3_dynamic_al,0.000
1657065619.626302,2.3_state_machine,0.000
1657065619.626302,2.3_integrity_total,0.719
1657065619.626302,1.2_odom_insert_frame,5.389
1657065619.726315,1.1_pointcloud_extract,0.012
1657065619.726315,1.1_cloud_preprocess,1.301
1657065619.726315,1.1_ros_callback_total,1.388
1657065619.726315,1.2_imu_integration,0.074
1657065619.726315,1.2_pointcloud_deskew,0.046
1657065619.726315,1.2_covariance_estimation,0.377
1657065619.726315,1.2_create_factors,0.020
1657065619.726315,1.2_smoother_update,14.508
1657065619.726315,1.3_gnss_injection,0.286
1657065619.726315,1.2_update_frames_calculate_estimate,0.040
1657065619.726315,1.2_update_frames_state_copy,0.013
1657065619.726315,1.2_update_frames_sigma_p,0.023
1657065619.726315,1.2_update_frames,0.099
1657065619.699341,2.1_gnss_araim,0.757
1657065619.726315,2.3_dynamic_al,0.000
1657065619.726315,2.3_state_machine,0.000
1657065619.726315,2.3_integrity_total,0.818
1657065619.726315,1.2_odom_insert_frame,17.122
1657065614.726394,1.4_sub_map_insert,1.455
1657065619.826463,1.1_pointcloud_extract,0.011
1657065619.826463,1.1_cloud_preprocess,1.332
1657065619.826463,1.1_ros_callback_total,1.429
1657065619.826463,1.2_imu_integration,0.093
1657065619.826463,1.2_pointcloud_deskew,0.043
1657065619.826463,1.2_covariance_estimation,0.571
1657065619.826463,1.2_create_factors,0.030
1657065619.826463,1.2_smoother_update,2.655
1657065619.826463,1.3_gnss_injection,0.408
1657065619.826463,1.2_update_frames_calculate_estimate,0.060
1657065619.826463,1.2_update_frames_state_copy,0.019
1657065619.826463,1.2_update_frames_sigma_p,0.060
1657065619.826463,1.2_update_frames,0.177
1657065619.799303,2.1_gnss_araim,0.656
1657065619.826463,2.3_dynamic_al,0.000
1657065619.826463,2.3_state_machine,0.000
1657065619.826463,2.3_integrity_total,0.706
1657065619.826463,1.2_odom_insert_frame,6.346
1657065614.826365,1.4_sub_map_insert,2.646
1657065619.926365,1.1_pointcloud_extract,0.011
1657065619.926365,1.1_cloud_preprocess,1.310
1657065619.926365,1.1_ros_callback_total,1.382
1657065619.926365,1.2_imu_integration,0.091
1657065619.926365,1.2_pointcloud_deskew,0.042
1657065619.926365,1.2_covariance_estimation,0.503
1657065619.926365,1.2_create_factors,0.023
1657065619.926365,1.2_smoother_update,19.826
1657065619.926365,1.3_gnss_injection,0.391
1657065619.926365,1.2_update_frames_calculate_estimate,0.071
1657065619.926365,1.2_update_frames_state_copy,0.019
1657065619.926365,1.2_update_frames_sigma_p,0.031
1657065619.926365,1.2_update_frames,0.162
1657065619.899343,2.1_gnss_araim,0.822
1657065619.926365,2.3_dynamic_al,0.000
1657065619.926365,2.3_state_machine,0.000
1657065619.926365,2.3_integrity_total,0.883
1657065619.926365,1.2_odom_insert_frame,23.377
1657065615.026349,1.4_sub_map_insert,1.724
1657065620.026340,1.1_pointcloud_extract,0.009
1657065620.026340,1.1_cloud_preprocess,1.265
1657065620.026340,1.1_ros_callback_total,1.331
1657065620.026340,1.2_imu_integration,0.090
1657065620.026340,1.2_pointcloud_deskew,0.044
1657065620.026340,1.2_covariance_estimation,0.685
1657065620.026340,1.2_create_factors,0.023
1657065620.026340,1.2_smoother_update,2.166
1657065620.026340,1.3_gnss_injection,0.439
1657065620.026340,1.2_update_frames_calculate_estimate,0.067
1657065620.026340,1.2_update_frames_state_copy,0.018
1657065620.026340,1.2_update_frames_sigma_p,0.043
1657065620.026340,1.2_update_frames,0.168
1657065619.999341,2.1_gnss_araim,0.739
1657065620.026340,2.3_dynamic_al,0.000
1657065620.026340,2.3_state_machine,0.000
1657065620.026340,2.3_integrity_total,0.791
1657065620.026340,1.2_odom_insert_frame,5.867
1657065620.126343,1.1_pointcloud_extract,0.011
1657065620.126343,1.1_cloud_preprocess,1.311
1657065620.126343,1.1_ros_callback_total,1.406
1657065620.126343,1.2_imu_integration,0.089
1657065620.126343,1.2_pointcloud_deskew,0.044
1657065620.126343,1.2_covariance_estimation,0.519
1657065620.126343,1.2_create_factors,0.027
1657065620.126343,1.2_smoother_update,2.318
1657065620.126343,1.3_gnss_injection,0.385
1657065620.126343,1.2_update_frames_calculate_estimate,0.060
1657065620.126343,1.2_update_frames_state_copy,0.016
1657065620.126343,1.2_update_frames_sigma_p,0.042
1657065620.126343,1.2_update_frames,0.155
1657065620.099354,2.1_gnss_araim,0.708
1657065620.126343,2.3_dynamic_al,0.000
1657065620.126343,2.3_state_machine,0.000
1657065620.126343,2.3_integrity_total,0.771
1657065620.126343,1.2_odom_insert_frame,5.740
1657065615.126342,1.4_sub_map_insert,3.096
1657065620.226362,1.1_pointcloud_extract,0.010
1657065620.226362,1.1_cloud_preprocess,1.149
1657065620.226362,1.1_ros_callback_total,1.215
1657065620.226362,1.2_imu_integration,0.089
1657065620.226362,1.2_pointcloud_deskew,0.044
1657065620.226362,1.2_covariance_estimation,0.504
1657065620.226362,1.2_create_factors,0.023
1657065620.226362,1.2_smoother_update,19.093
1657065620.226362,1.3_gnss_injection,0.362
1657065620.226362,1.2_update_frames_calculate_estimate,0.056
1657065620.226362,1.2_update_frames_state_copy,0.018
1657065620.226362,1.2_update_frames_sigma_p,0.028
1657065620.226362,1.2_update_frames,0.138
1657065620.199339,2.1_gnss_araim,0.805
1657065620.226362,2.3_dynamic_al,0.000
1657065620.226362,2.3_state_machine,0.000
1657065620.226362,2.3_integrity_total,0.861
1657065620.226362,1.2_odom_insert_frame,22.370
1657065615.326341,1.4_sub_map_insert,1.674
1657065620.326282,1.1_pointcloud_extract,0.011
1657065620.326282,1.1_cloud_preprocess,1.317
1657065620.326282,1.1_ros_callback_total,1.397
1657065620.326282,1.2_imu_integration,0.091
1657065620.326282,1.2_pointcloud_deskew,0.044
1657065620.326282,1.2_covariance_estimation,0.485
1657065620.326282,1.2_create_factors,0.027
1657065620.326282,1.2_smoother_update,2.041
1657065620.326282,1.3_gnss_injection,0.377
1657065620.326282,1.2_update_frames_calculate_estimate,0.060
1657065620.326282,1.2_update_frames_state_copy,0.016
1657065620.326282,1.2_update_frames_sigma_p,0.044
1657065620.326282,1.2_update_frames,0.154
1657065620.299338,2.1_gnss_araim,0.627
1657065620.326282,2.3_dynamic_al,0.000
1657065620.326282,2.3_state_machine,0.000
1657065620.326282,2.3_integrity_total,0.677
1657065620.326282,1.2_odom_insert_frame,5.281
1657065620.426320,1.1_pointcloud_extract,0.009
1657065620.426320,1.1_cloud_preprocess,1.220
1657065620.426320,1.1_ros_callback_total,1.287
1657065620.426320,1.2_imu_integration,0.093
1657065620.426320,1.2_pointcloud_deskew,0.043
1657065620.426320,1.2_covariance_estimation,0.502
1657065620.426320,1.2_create_factors,0.024
1657065620.426320,1.2_smoother_update,19.719
1657065620.426320,1.3_gnss_injection,0.359
1657065620.426320,1.2_update_frames_calculate_estimate,0.058
1657065620.426320,1.2_update_frames_state_copy,0.019
1657065620.426320,1.2_update_frames_sigma_p,0.028
1657065620.426320,1.2_update_frames,0.142
1657065620.399297,2.1_gnss_araim,0.935
1657065620.426320,2.3_dynamic_al,0.000
1657065620.426320,2.3_state_machine,0.000
1657065620.426320,2.3_integrity_total,0.999
1657065620.426320,1.2_odom_insert_frame,23.212
1657065615.426338,1.4_sub_map_insert,1.706
1657065620.526337,1.1_pointcloud_extract,0.011
1657065620.526337,1.1_cloud_preprocess,1.267
1657065620.526337,1.1_ros_callback_total,1.348
1657065620.526337,1.2_imu_integration,0.093
1657065620.526337,1.2_pointcloud_deskew,0.037
1657065620.526337,1.2_covariance_estimation,0.491
1657065620.526337,1.2_create_factors,0.024
1657065620.526337,1.2_smoother_update,19.831
1657065620.526337,1.3_gnss_injection,0.371
1657065620.526337,1.2_update_frames_calculate_estimate,0.060
1657065620.526337,1.2_update_frames_state_copy,0.019
1657065620.526337,1.2_update_frames_sigma_p,0.030
1657065620.526337,1.2_update_frames,0.149
1657065620.499346,2.1_gnss_araim,0.756
1657065620.526337,2.3_dynamic_al,0.000
1657065620.526337,2.3_state_machine,0.000
1657065620.526337,2.3_integrity_total,0.826
1657065620.526337,1.2_odom_insert_frame,23.206
1657065615.526500,1.4_sub_map_insert,3.152
1657065620.626337,1.1_pointcloud_extract,0.012
1657065620.626337,1.1_cloud_preprocess,1.285
1657065620.626337,1.1_ros_callback_total,1.369
1657065620.626337,1.2_imu_integration,0.080
1657065620.626337,1.2_pointcloud_deskew,0.053
1657065620.626337,1.2_covariance_estimation,0.388
1657065620.626337,1.2_create_factors,0.018
1657065620.626337,1.2_smoother_update,14.533
1657065620.626337,1.3_gnss_injection,0.261
1657065620.626337,1.2_update_frames_calculate_estimate,0.040
1657065620.626337,1.2_update_frames_state_copy,0.014
1657065620.626337,1.2_update_frames_sigma_p,0.023
1657065620.626337,1.2_update_frames,0.101
1657065620.599341,2.1_gnss_araim,0.985
1657065620.626337,2.3_dynamic_al,0.000
1657065620.626337,2.3_state_machine,0.000
1657065620.626337,2.3_integrity_total,1.037
1657065620.626337,1.2_odom_insert_frame,17.343
1657065620.726338,1.1_pointcloud_extract,0.012
1657065620.726338,1.1_cloud_preprocess,1.273
1657065620.726338,1.1_ros_callback_total,1.356
1657065620.726338,1.2_imu_integration,0.078
1657065620.726338,1.2_pointcloud_deskew,0.052
1657065620.726338,1.2_covariance_estimation,0.392
1657065620.726338,1.2_create_factors,0.019
1657065620.726338,1.2_smoother_update,14.510
1657065620.726338,1.3_gnss_injection,0.266
1657065620.726338,1.2_update_frames_calculate_estimate,0.040
1657065620.726338,1.2_update_frames_state_copy,0.014
1657065620.726338,1.2_update_frames_sigma_p,0.023
1657065620.726338,1.2_update_frames,0.103
1657065620.699343,2.1_gnss_araim,0.766
1657065620.726338,2.3_dynamic_al,0.000
1657065620.726338,2.3_state_machine,0.000
1657065620.726338,2.3_integrity_total,0.819
1657065620.726338,1.2_odom_insert_frame,17.112
1657065615.726341,1.4_sub_map_insert,1.680
1657065620.826352,1.1_pointcloud_extract,0.011
1657065620.826352,1.1_cloud_preprocess,1.359
1657065620.826352,1.1_ros_callback_total,1.440
1657065620.826352,1.2_imu_integration,0.090
1657065620.826352,1.2_pointcloud_deskew,0.044
1657065620.826352,1.2_covariance_estimation,0.506
1657065620.826352,1.2_create_factors,0.024
1657065620.826352,1.2_smoother_update,2.535
1657065620.826352,1.3_gnss_injection,0.395
1657065620.826352,1.2_update_frames_calculate_estimate,0.067
1657065620.826352,1.2_update_frames_state_copy,0.018
1657065620.826352,1.2_update_frames_sigma_p,0.061
1657065620.826352,1.2_update_frames,0.183
1657065620.799403,2.1_gnss_araim,0.654
1657065620.826352,2.3_dynamic_al,0.000
1657065620.826352,2.3_state_machine,0.000
1657065620.826352,2.3_integrity_total,0.716
1657065620.826352,1.2_odom_insert_frame,6.013
1657065615.826351,1.4_sub_map_insert,3.140
1657065620.926344,1.1_pointcloud_extract,0.012
1657065620.926344,1.1_cloud_preprocess,1.309
1657065620.926344,1.1_ros_callback_total,1.404
1657065620.926344,1.2_imu_integration,0.089
1657065620.926344,1.2_pointcloud_deskew,0.043
1657065620.926344,1.2_covariance_estimation,0.498
1657065620.926344,1.2_create_factors,0.025
1657065620.926344,1.2_smoother_update,19.643
1657065620.926344,1.3_gnss_injection,0.365
1657065620.926344,1.2_update_frames_calculate_estimate,0.059
1657065620.926344,1.2_update_frames_state_copy,0.019
1657065620.926344,1.2_update_frames_sigma_p,0.028
1657065620.926344,1.2_update_frames,0.144
1657065620.899338,2.1_gnss_araim,0.840
1657065620.926344,2.3_dynamic_al,0.000
1657065620.926344,2.3_state_machine,0.000
1657065620.926344,2.3_integrity_total,0.896
1657065620.926344,1.2_odom_insert_frame,23.095
1657065621.026417,1.1_pointcloud_extract,0.011
1657065621.026417,1.1_cloud_preprocess,1.337
1657065621.026417,1.1_ros_callback_total,1.423
1657065621.026417,1.2_imu_integration,0.130
1657065621.026417,1.2_pointcloud_deskew,0.052
1657065621.026417,1.2_covariance_estimation,0.321
1657065621.026417,1.2_create_factors,0.020
1657065621.026417,1.2_smoother_update,14.244
1657065621.026417,1.3_gnss_injection,0.266
1657065621.026417,1.2_update_frames_calculate_estimate,0.040
1657065621.026417,1.2_update_frames_state_copy,0.014
1657065621.026417,1.2_update_frames_sigma_p,0.022
1657065621.026417,1.2_update_frames,0.099
1657065620.999290,2.1_gnss_araim,0.637
1657065621.026417,2.3_dynamic_al,0.000
1657065621.026417,2.3_state_machine,0.000
1657065621.026417,2.3_integrity_total,0.683
1657065621.026417,1.2_odom_insert_frame,16.682
1657065616.026346,1.4_sub_map_insert,3.198
1657065621.126283,1.1_pointcloud_extract,0.009
1657065621.126283,1.1_cloud_preprocess,1.313
1657065621.126283,1.1_ros_callback_total,1.364
1657065621.126283,1.2_imu_integration,0.079
1657065621.126283,1.2_pointcloud_deskew,0.046
1657065621.126283,1.2_covariance_estimation,0.316
1657065621.126283,1.2_create_factors,0.020
1657065621.126283,1.2_smoother_update,1.615
1657065621.126283,1.3_gnss_injection,0.266
1657065621.126283,1.2_update_frames_calculate_estimate,0.042
1657065621.126283,1.2_update_frames_state_copy,0.013
1657065621.126283,1.2_update_frames_sigma_p,0.030
1657065621.126283,1.2_update_frames,0.109
1657065621.099304,2.1_gnss_araim,0.622
1657065621.126283,2.3_dynamic_al,0.000
1657065621.126283,2.3_state_machine,0.000
1657065621.126283,2.3_integrity_total,0.682
1657065621.126283,1.2_odom_insert_frame,4.126
1657065621.226453,1.1_pointcloud_extract,0.011
1657065621.226453,1.1_cloud_preprocess,1.289
1657065621.226453,1.1_ros_callback_total,1.367
1657065621.226453,1.2_imu_integration,0.091
1657065621.226453,1.2_pointcloud_deskew,0.048
1657065621.226453,1.2_covariance_estimation,0.683
1657065621.226453,1.2_create_factors,0.029
1657065621.226453,1.2_smoother_update,2.439
1657065621.226453,1.3_gnss_injection,0.404
1657065621.226453,1.2_update_frames_calculate_estimate,0.077
1657065621.226453,1.2_update_frames_state_copy,0.017
1657065621.226453,1.2_update_frames_sigma_p,0.050
1657065621.226453,1.2_update_frames,0.187
1657065621.199286,2.1_gnss_araim,0.688
1657065621.226453,2.3_dynamic_al,0.000
1657065621.226453,2.3_state_machine,0.000
1657065621.226453,2.3_integrity_total,0.742
1657065621.226453,1.2_odom_insert_frame,6.152
1657065616.226341,1.4_sub_map_insert,4.507
1657065621.326283,1.1_pointcloud_extract,0.011
1657065621.326283,1.1_cloud_preprocess,1.322
1657065621.326283,1.1_ros_callback_total,1.382
1657065621.326283,1.2_imu_integration,0.141
1657065621.326283,1.2_pointcloud_deskew,0.057
1657065621.326283,1.2_covariance_estimation,0.549
1657065621.326283,1.2_create_factors,0.020
1657065621.326283,1.2_smoother_update,1.620
1657065621.326283,1.3_gnss_injection,0.267
1657065621.326283,1.2_update_frames_calculate_estimate,0.040
1657065621.326283,1.2_update_frames_state_copy,0.013
1657065621.326283,1.2_update_frames_sigma_p,0.030
1657065621.326283,1.2_update_frames,0.104
1657065621.299282,2.1_gnss_araim,0.623
1657065621.326283,2.3_dynamic_al,0.000
1657065621.326283,2.3_state_machine,0.000
1657065621.326283,2.3_integrity_total,0.683
1657065621.326283,1.2_odom_insert_frame,4.329
1657065621.426290,1.1_pointcloud_extract,0.012
1657065621.426290,1.1_cloud_preprocess,1.322
1657065621.426290,1.1_ros_callback_total,1.390
1657065621.426290,1.2_imu_integration,0.092
1657065621.426290,1.2_pointcloud_deskew,0.039
1657065621.426290,1.2_covariance_estimation,0.505
1657065621.426290,1.2_create_factors,0.027
1657065621.426290,1.2_smoother_update,19.589
1657065621.426290,1.3_gnss_injection,0.395
1657065621.426290,1.2_update_frames_calculate_estimate,0.066
1657065621.426290,1.2_update_frames_state_copy,0.019
1657065621.426290,1.2_update_frames_sigma_p,0.029
1657065621.426290,1.2_update_frames,0.156
1657065621.399285,2.1_gnss_araim,0.839
1657065621.426290,2.3_dynamic_al,0.000
1657065621.426290,2.3_state_machine,0.000
1657065621.426290,2.3_integrity_total,0.917
1657065621.426290,1.2_odom_insert_frame,23.168
1657065616.426645,1.4_sub_map_insert,1.728
1657065621.526289,1.1_pointcloud_extract,0.011
1657065621.526289,1.1_cloud_preprocess,1.294
1657065621.526289,1.1_ros_callback_total,1.372
1657065621.526289,1.2_imu_integration,0.092
1657065621.526289,1.2_pointcloud_deskew,0.045
1657065621.526289,1.2_covariance_estimation,0.562
1657065621.526289,1.2_create_factors,0.026
1657065621.526289,1.2_smoother_update,19.757
1657065621.526289,1.3_gnss_injection,0.370
1657065621.526289,1.2_update_frames_calculate_estimate,0.057
1657065621.526289,1.2_update_frames_state_copy,0.018
1657065621.526289,1.2_update_frames_sigma_p,0.027
1657065621.526289,1.2_update_frames,0.138
1657065621.499347,2.1_gnss_araim,0.746
1657065621.526289,2.3_dynamic_al,0.000
1657065621.526289,2.3_state_machine,0.000
1657065621.526289,2.3_integrity_total,0.812
1657065621.526289,1.2_odom_insert_frame,23.155
1657065616.526367,1.4_sub_map_insert,1.644
1657065621.626312,1.1_pointcloud_extract,0.011
1657065621.626312,1.1_cloud_preprocess,1.272
1657065621.626312,1.1_ros_callback_total,1.342
1657065621.626312,1.2_imu_integration,0.092
1657065621.626312,1.2_pointcloud_deskew,0.042
1657065621.626312,1.2_covariance_estimation,0.634
1657065621.626312,1.2_create_factors,0.025
1657065621.626312,1.2_smoother_update,19.988
1657065621.626312,1.3_gnss_injection,0.375
1657065621.626312,1.2_update_frames_calculate_estimate,0.061
1657065621.626312,1.2_update_frames_state_copy,0.019
1657065621.626312,1.2_update_frames_sigma_p,0.028
1657065621.626312,1.2_update_frames,0.146
1657065621.599291,2.1_gnss_araim,0.864
1657065621.626312,2.3_dynamic_al,0.000
1657065621.626312,2.3_state_machine,0.000
1657065621.626312,2.3_integrity_total,0.925
1657065621.626312,1.2_odom_insert_frame,23.635
1657065616.626341,1.4_sub_map_insert,1.702
1657065621.726312,1.1_pointcloud_extract,0.050
1657065621.726312,1.1_cloud_preprocess,1.550
1657065621.726312,1.1_ros_callback_total,1.670
1657065621.726312,1.2_imu_integration,0.091
1657065621.726312,1.2_pointcloud_deskew,0.041
1657065621.726312,1.2_covariance_estimation,0.556
1657065621.726312,1.2_create_factors,0.022
1657065621.726312,1.2_smoother_update,20.003
1657065621.726312,1.3_gnss_injection,0.384
1657065621.726312,1.2_update_frames_calculate_estimate,0.068
1657065621.726312,1.2_update_frames_state_copy,0.019
1657065621.726312,1.2_update_frames_sigma_p,0.029
1657065621.726312,1.2_update_frames,0.156
1657065621.699297,2.1_gnss_araim,0.762
1657065621.726312,2.3_dynamic_al,0.000
1657065621.726312,2.3_state_machine,0.000
1657065621.726312,2.3_integrity_total,0.839
1657065621.726312,1.2_odom_insert_frame,23.561
1657065616.726341,1.4_sub_map_insert,1.663
1657065621.826284,1.1_pointcloud_extract,0.014
1657065621.826284,1.1_cloud_preprocess,1.795
1657065621.826284,1.1_ros_callback_total,1.873
1657065621.826284,1.2_imu_integration,0.090
1657065621.826284,1.2_pointcloud_deskew,0.046
1657065621.826284,1.2_covariance_estimation,0.742
1657065621.826284,1.2_create_factors,0.025
1657065621.826284,1.2_smoother_update,20.293
1657065621.826284,1.3_gnss_injection,0.363
1657065621.826284,1.2_update_frames_calculate_estimate,0.057
1657065621.826284,1.2_update_frames_state_copy,0.018
1657065621.826284,1.2_update_frames_sigma_p,0.028
1657065621.826284,1.2_update_frames,0.138
1657065621.799284,2.1_gnss_araim,0.854
1657065621.826284,2.3_dynamic_al,0.000
1657065621.826284,2.3_state_machine,0.000
1657065621.826284,2.3_integrity_total,0.917
1657065621.826284,1.2_odom_insert_frame,23.994
1657065616.826395,1.4_sub_map_insert,1.418
1657065621.926403,1.1_pointcloud_extract,0.014
1657065621.926403,1.1_cloud_preprocess,2.375
1657065621.926403,1.1_ros_callback_total,2.438
1657065621.926403,1.2_imu_integration,0.091
1657065621.926403,1.2_pointcloud_deskew,0.066
1657065621.926403,1.2_covariance_estimation,1.004
1657065621.926403,1.2_create_factors,0.042
1657065621.926403,1.2_smoother_update,2.657
1657065621.926403,1.3_gnss_injection,0.434
1657065621.926403,1.2_update_frames_calculate_estimate,0.068
1657065621.926403,1.2_update_frames_state_copy,0.018
1657065621.926403,1.2_update_frames_sigma_p,0.060
1657065621.926403,1.2_update_frames,0.186
1657065621.899295,2.1_gnss_araim,0.653
1657065621.926403,2.3_dynamic_al,0.000
1657065621.926403,2.3_state_machine,0.000
1657065621.926403,2.3_integrity_total,0.714
1657065621.926403,1.2_odom_insert_frame,6.894
1657065616.926354,1.4_sub_map_insert,2.678
1657065622.026336,1.1_pointcloud_extract,0.020
1657065622.026336,1.1_cloud_preprocess,3.446
1657065622.026336,1.1_ros_callback_total,3.553
1657065622.026336,1.2_imu_integration,0.093
1657065622.026336,1.2_pointcloud_deskew,0.082
1657065622.026336,1.2_covariance_estimation,1.124
1657065622.026336,1.2_create_factors,0.027
1657065622.026336,1.2_smoother_update,2.244
1657065622.026336,1.3_gnss_injection,0.397
1657065622.026336,1.2_update_frames_calculate_estimate,0.062
1657065622.026336,1.2_update_frames_state_copy,0.018
1657065622.026336,1.2_update_frames_sigma_p,0.039
1657065622.026336,1.2_update_frames,0.157
1657065621.999291,2.1_gnss_araim,0.634
1657065622.026336,2.3_dynamic_al,0.000
1657065622.026336,2.3_state_machine,0.000
1657065622.026336,2.3_integrity_total,0.684
1657065622.026336,1.2_odom_insert_frame,6.365
1657065622.126380,1.1_pointcloud_extract,0.024
1657065622.126380,1.1_cloud_preprocess,3.266
1657065622.126380,1.1_ros_callback_total,3.387
1657065622.126380,1.2_imu_integration,0.089
1657065622.126380,1.2_pointcloud_deskew,0.070
1657065622.126380,1.2_covariance_estimation,0.952
1657065622.126380,1.2_create_factors,0.024
1657065622.126380,1.2_smoother_update,19.704
1657065622.126380,1.3_gnss_injection,0.376
1657065622.126380,1.2_update_frames_calculate_estimate,0.057
1657065622.126380,1.2_update_frames_state_copy,0.018
1657065622.126380,1.2_update_frames_sigma_p,0.027
1657065622.126380,1.2_update_frames,0.138
1657065622.099348,2.1_gnss_araim,0.828
1657065622.126380,2.3_dynamic_al,0.000
1657065622.126380,2.3_state_machine,0.000
1657065622.126380,2.3_integrity_total,0.884
1657065622.126380,1.2_odom_insert_frame,23.615
1657065617.127278,1.4_sub_map_insert,2.685
1657065622.226351,1.1_pointcloud_extract,0.108
1657065622.226351,1.1_cloud_preprocess,3.458
1657065622.226351,1.1_ros_callback_total,3.646
1657065622.226351,1.2_imu_integration,0.091
1657065622.226351,1.2_pointcloud_deskew,0.073
1657065622.226351,1.2_covariance_estimation,1.056
1657065622.226351,1.2_create_factors,0.027
1657065622.226351,1.2_smoother_update,19.961
1657065622.226351,1.3_gnss_injection,0.380
1657065622.226351,1.2_update_frames_calculate_estimate,0.069
1657065622.226351,1.2_update_frames_state_copy,0.018
1657065622.226351,1.2_update_frames_sigma_p,0.030
1657065622.226351,1.2_update_frames,0.157
1657065622.199346,2.1_gnss_araim,0.875
1657065622.226351,2.3_dynamic_al,0.000
1657065622.226351,2.3_state_machine,0.000
1657065622.226351,2.3_integrity_total,0.927
1657065622.226351,1.2_odom_insert_frame,24.209
1657065617.326338,1.4_sub_map_insert,1.684
1657065622.326340,1.1_pointcloud_extract,0.032
1657065622.326340,1.1_cloud_preprocess,3.923
1657065622.326340,1.1_ros_callback_total,4.053
1657065622.326340,1.2_imu_integration,0.092
1657065622.326340,1.2_pointcloud_deskew,0.076
1657065622.326340,1.2_covariance_estimation,1.065
1657065622.326340,1.2_create_factors,0.025
1657065622.326340,1.2_smoother_update,2.456
1657065622.326340,1.3_gnss_injection,0.379
1657065622.326340,1.2_update_frames_calculate_estimate,0.063
1657065622.326340,1.2_update_frames_state_copy,0.017
1657065622.326340,1.2_update_frames_sigma_p,0.060
1657065622.326340,1.2_update_frames,0.177
1657065622.299343,2.1_gnss_araim,0.679
1657065622.326340,2.3_dynamic_al,0.000
1657065622.326340,2.3_state_machine,0.000
1657065622.326340,2.3_integrity_total,0.735
1657065622.326340,1.2_odom_insert_frame,6.509
1657065622.426377,1.1_pointcloud_extract,0.029
1657065622.426377,1.1_cloud_preprocess,3.708
1657065622.426377,1.1_ros_callback_total,3.830
1657065622.426377,1.2_imu_integration,0.084
1657065622.426377,1.2_pointcloud_deskew,0.100
1657065622.426377,1.2_covariance_estimation,0.828
1657065622.426377,1.2_create_factors,0.025
1657065622.426377,1.2_smoother_update,14.619
1657065622.426377,1.3_gnss_injection,0.271
1657065622.426377,1.2_update_frames_calculate_estimate,0.040
1657065622.426377,1.2_update_frames_state_copy,0.014
1657065622.426377,1.2_update_frames_sigma_p,0.022
1657065622.426377,1.2_update_frames,0.099
1657065622.399339,2.1_gnss_araim,0.625
1657065622.426377,2.3_dynamic_al,0.000
1657065622.426377,2.3_state_machine,0.000
1657065622.426377,2.3_integrity_total,0.685
1657065622.426377,1.2_odom_insert_frame,17.700
1657065617.426372,1.4_sub_map_insert,3.168
1657065622.526433,1.1_pointcloud_extract,0.030
1657065622.526433,1.1_cloud_preprocess,3.557
1657065622.526433,1.1_ros_callback_total,3.670
1657065622.526433,1.2_imu_integration,0.089
1657065622.526433,1.2_pointcloud_deskew,0.074
1657065622.526433,1.2_covariance_estimation,1.046
1657065622.526433,1.2_create_factors,0.027
1657065622.526433,1.2_smoother_update,19.377
1657065622.526433,1.3_gnss_injection,0.372
1657065622.526433,1.2_update_frames_calculate_estimate,0.063
1657065622.526433,1.2_update_frames_state_copy,0.019
1657065622.526433,1.2_update_frames_sigma_p,0.030
1657065622.526433,1.2_update_frames,0.151
1657065622.499290,2.1_gnss_araim,0.813
1657065622.526433,2.3_dynamic_al,0.000
1657065622.526433,2.3_state_machine,0.000
1657065622.526433,2.3_integrity_total,0.877
1657065622.526433,1.2_odom_insert_frame,23.439
1657065617.626340,1.4_sub_map_insert,1.725
1657065622.626292,1.1_pointcloud_extract,0.024
1657065622.626292,1.1_cloud_preprocess,4.015
1657065622.626292,1.1_ros_callback_total,4.139
1657065622.626292,1.2_imu_integration,0.090
1657065622.626292,1.2_pointcloud_deskew,0.078
1657065622.626292,1.2_covariance_estimation,1.085
1657065622.626292,1.2_create_factors,0.028
1657065622.626292,1.2_smoother_update,2.133
1657065622.626292,1.3_gnss_injection,0.436
1657065622.626292,1.2_update_frames_calculate_estimate,0.066
1657065622.626292,1.2_update_frames_state_copy,0.017
1657065622.626292,1.2_update_frames_sigma_p,0.039
1657065622.626292,1.2_update_frames,0.159
1657065622.599299,2.1_gnss_araim,0.654
1657065622.626292,2.3_dynamic_al,0.000
1657065622.626292,2.3_state_machine,0.000
1657065622.626292,2.3_integrity_total,0.709
1657065622.626292,1.2_odom_insert_frame,6.267
1657065622.726345,1.1_pointcloud_extract,0.024
1657065622.726345,1.1_cloud_preprocess,3.503
1657065622.726345,1.1_ros_callback_total,3.590
1657065622.726345,1.2_imu_integration,0.080
1657065622.726345,1.2_pointcloud_deskew,0.105
1657065622.726345,1.2_covariance_estimation,0.876
1657065622.726345,1.2_create_factors,0.019
1657065622.726345,1.2_smoother_update,1.788
1657065622.726345,1.3_gnss_injection,0.271
1657065622.726345,1.2_update_frames_calculate_estimate,0.042
1657065622.726345,1.2_update_frames_state_copy,0.013
1657065622.726345,1.2_update_frames_sigma_p,0.035
1657065622.726345,1.2_update_frames,0.116
1657065622.699356,2.1_gnss_araim,0.639
1657065622.726345,2.3_dynamic_al,0.000
1657065622.726345,2.3_state_machine,0.000
1657065622.726345,2.3_integrity_total,0.704
1657065622.726345,1.2_odom_insert_frame,4.971
1657065617.726329,1.4_sub_map_insert,3.192
1657065622.826345,1.1_pointcloud_extract,0.029
1657065622.826345,1.1_cloud_preprocess,3.488
1657065622.826345,1.1_ros_callback_total,3.594
1657065622.826345,1.2_imu_integration,0.090
1657065622.826345,1.2_pointcloud_deskew,0.074
1657065622.826345,1.2_covariance_estimation,1.107
1657065622.826345,1.2_create_factors,0.027
1657065622.826345,1.2_smoother_update,19.545
1657065622.826345,1.3_gnss_injection,0.365
1657065622.826345,1.2_update_frames_calculate_estimate,0.057
1657065622.826345,1.2_update_frames_state_copy,0.018
1657065622.826345,1.2_update_frames_sigma_p,0.028
1657065622.826345,1.2_update_frames,0.139
1657065622.799341,2.1_gnss_araim,0.822
1657065622.826345,2.3_dynamic_al,0.000
1657065622.826345,2.3_state_machine,0.000
1657065622.826345,2.3_integrity_total,0.882
1657065622.826345,1.2_odom_insert_frame,23.656
1657065617.926340,1.4_sub_map_insert,1.729
1657065622.926366,1.1_pointcloud_extract,0.029
1657065622.926366,1.1_cloud_preprocess,3.716
1657065622.926366,1.1_ros_callback_total,3.835
1657065622.926366,1.2_imu_integration,0.089
1657065622.926366,1.2_pointcloud_deskew,0.075
1657065622.926366,1.2_covariance_estimation,1.102
1657065622.926366,1.2_create_factors,0.026
1657065622.926366,1.2_smoother_update,19.804
1657065622.926366,1.3_gnss_injection,0.389
1657065622.926366,1.2_update_frames_calculate_estimate,0.065
1657065622.926366,1.2_update_frames_state_copy,0.020
1657065622.926366,1.2_update_frames_sigma_p,0.029
1657065622.926366,1.2_update_frames,0.155
1657065622.899361,2.1_gnss_araim,0.742
1657065622.926366,2.3_dynamic_al,0.000
1657065622.926366,2.3_state_machine,0.000
1657065622.926366,2.3_integrity_total,0.807
1657065622.926366,1.2_odom_insert_frame,23.988
1657065618.026340,1.4_sub_map_insert,1.715
1657065623.026340,1.1_pointcloud_extract,0.027
1657065623.026340,1.1_cloud_preprocess,3.900
1657065623.026340,1.1_ros_callback_total,4.026
1657065623.026340,1.2_imu_integration,0.083
1657065623.026340,1.2_pointcloud_deskew,0.105
1657065623.026340,1.2_covariance_estimation,0.839
1657065623.026340,1.2_create_factors,0.023
1657065623.026340,1.2_smoother_update,1.671
1657065623.026340,1.3_gnss_injection,0.283
1657065623.026340,1.2_update_frames_calculate_estimate,0.044
1657065623.026340,1.2_update_frames_state_copy,0.013
1657065623.026340,1.2_update_frames_sigma_p,0.031
1657065623.026340,1.2_update_frames,0.114
1657065622.999339,2.1_gnss_araim,0.626
1657065623.026340,2.3_dynamic_al,0.000
1657065623.026340,2.3_state_machine,0.000
1657065623.026340,2.3_integrity_total,0.671
1657065623.026340,1.2_odom_insert_frame,4.818
1657065623.126338,1.1_pointcloud_extract,0.023
1657065623.126338,1.1_cloud_preprocess,3.411
1657065623.126338,1.1_ros_callback_total,3.492
1657065623.126338,1.2_imu_integration,0.088
1657065623.126338,1.2_pointcloud_deskew,0.075
1657065623.126338,1.2_covariance_estimation,1.326
1657065623.126338,1.2_create_factors,0.028
1657065623.126338,1.2_smoother_update,19.649
1657065623.126338,1.3_gnss_injection,0.363
1657065623.126338,1.2_update_frames_calculate_estimate,0.061
1657065623.126338,1.2_update_frames_state_copy,0.018
1657065623.126338,1.2_update_frames_sigma_p,0.028
1657065623.126338,1.2_update_frames,0.150
1657065623.099350,2.1_gnss_araim,0.839
1657065623.126338,2.3_dynamic_al,0.000
1657065623.126338,2.3_state_machine,0.000
1657065623.126338,2.3_integrity_total,0.910
1657065623.126338,1.2_odom_insert_frame,24.019
1657065618.126347,1.4_sub_map_insert,3.230
1657065623.226290,1.1_pointcloud_extract,0.028
1657065623.226290,1.1_cloud_preprocess,3.098
1657065623.226290,1.1_ros_callback_total,3.223
1657065623.226290,1.2_imu_integration,0.089
1657065623.226290,1.2_pointcloud_deskew,0.066
1657065623.226290,1.2_covariance_estimation,1.198
1657065623.226290,1.2_create_factors,0.026
1657065623.226290,1.2_smoother_update,19.893
1657065623.226290,1.3_gnss_injection,0.368
1657065623.226290,1.2_update_frames_calculate_estimate,0.057
1657065623.226290,1.2_update_frames_state_copy,0.019
1657065623.226290,1.2_update_frames_sigma_p,0.027
1657065623.226290,1.2_update_frames,0.137
1657065623.199343,2.1_gnss_araim,0.667
1657065623.226290,2.3_dynamic_al,0.000
1657065623.226290,2.3_state_machine,0.000
1657065623.226290,2.3_integrity_total,0.731
1657065623.226290,1.2_odom_insert_frame,23.924
1657065623.326288,1.1_pointcloud_extract,0.028
1657065623.326288,1.1_cloud_preprocess,3.614
1657065623.326288,1.1_ros_callback_total,3.740
1657065623.326288,1.2_imu_integration,0.092
1657065623.326288,1.2_pointcloud_deskew,0.074
1657065623.326288,1.2_covariance_estimation,1.195
1657065623.326288,1.2_create_factors,0.070
1657065623.326288,1.2_smoother_update,19.889
1657065623.326288,1.3_gnss_injection,0.376
1657065623.326288,1.2_update_frames_calculate_estimate,0.071
1657065623.326288,1.2_update_frames_state_copy,0.019
1657065623.326288,1.2_update_frames_sigma_p,0.030
1657065623.326288,1.2_update_frames,0.159
1657065623.299280,2.1_gnss_araim,0.742
1657065623.326288,2.3_dynamic_al,0.000
1657065623.326288,2.3_state_machine,0.000
1657065623.326288,2.3_integrity_total,0.803
1657065623.326288,1.2_odom_insert_frame,24.185
1657065618.326347,1.4_sub_map_insert,1.684
1657065623.426289,1.1_pointcloud_extract,0.028
1657065623.426289,1.1_cloud_preprocess,4.044
1657065623.426289,1.1_ros_callback_total,4.173
1657065623.426289,1.2_imu_integration,0.090
1657065623.426289,1.2_pointcloud_deskew,0.076
1657065623.426289,1.2_covariance_estimation,1.340
1657065623.426289,1.2_create_factors,0.026
1657065623.426289,1.2_smoother_update,20.192
1657065623.426289,1.3_gnss_injection,0.399
1657065623.426289,1.2_update_frames_calculate_estimate,0.070
1657065623.426289,1.2_update_frames_state_copy,0.020
1657065623.426289,1.2_update_frames_sigma_p,0.030
1657065623.426289,1.2_update_frames,0.159
1657065623.399291,2.1_gnss_araim,0.841
1657065623.426289,2.3_dynamic_al,0.000
1657065623.426289,2.3_state_machine,0.000
1657065623.426289,2.3_integrity_total,0.905
1657065623.426289,1.2_odom_insert_frame,24.732
1657065618.426340,1.4_sub_map_insert,1.743
1657065623.526338,1.1_pointcloud_extract,0.027
1657065623.526338,1.1_cloud_preprocess,3.319
1657065623.526338,1.1_ros_callback_total,3.423
1657065623.526338,1.2_imu_integration,0.090
1657065623.526338,1.2_pointcloud_deskew,0.070
1657065623.526338,1.2_covariance_estimation,1.384
1657065623.526338,1.2_create_factors,0.025
1657065623.526338,1.2_smoother_update,20.343
1657065623.526338,1.3_gnss_injection,0.393
1657065623.526338,1.2_update_frames_calculate_estimate,0.064
1657065623.526338,1.2_update_frames_state_copy,0.019
1657065623.526338,1.2_update_frames_sigma_p,0.029
1657065623.526338,1.2_update_frames,0.153
1657065623.499344,2.1_gnss_araim,0.636
1657065623.526338,2.3_dynamic_al,0.000
1657065623.526338,2.3_state_machine,0.000
1657065623.526338,2.3_integrity_total,0.701
1657065623.526338,1.2_odom_insert_frame,24.724
1657065618.527314,1.4_sub_map_insert,3.271
1657065623.626352,1.1_pointcloud_extract,0.027
1657065623.626352,1.1_cloud_preprocess,3.464
1657065623.626352,1.1_ros_callback_total,3.595
1657065623.626352,1.2_imu_integration,0.081
1657065623.626352,1.2_pointcloud_deskew,0.087
1657065623.626352,1.2_covariance_estimation,0.977
1657065623.626352,1.2_create_factors,0.020
1657065623.626352,1.2_smoother_update,1.967
1657065623.626352,1.3_gnss_injection,0.275
1657065623.626352,1.2_update_frames_calculate_estimate,0.043
1657065623.626352,1.2_update_frames_state_copy,0.013
1657065623.626352,1.2_update_frames_sigma_p,0.045
1657065623.626352,1.2_update_frames,0.126
1657065623.599373,2.1_gnss_araim,0.636
1657065623.626352,2.3_dynamic_al,0.000
1657065623.626352,2.3_state_machine,0.000
1657065623.626352,2.3_integrity_total,0.721
1657065623.626352,1.2_odom_insert_frame,5.294
1657065618.726348,1.4_sub_map_insert,1.766
1657065623.726337,1.1_pointcloud_extract,0.023
1657065623.726337,1.1_cloud_preprocess,3.388
1657065623.726337,1.1_ros_callback_total,3.470
1657065623.726337,1.2_imu_integration,0.092
1657065623.726337,1.2_pointcloud_deskew,0.073
1657065623.726337,1.2_covariance_estimation,1.551
1657065623.726337,1.2_create_factors,0.030
1657065623.726337,1.2_smoother_update,2.260
1657065623.726337,1.3_gnss_injection,0.387
1657065623.726337,1.2_update_frames_calculate_estimate,0.073
1657065623.726337,1.2_update_frames_state_copy,0.018
1657065623.726337,1.2_update_frames_sigma_p,0.042
1657065623.726337,1.2_update_frames,0.173
1657065623.699338,2.1_gnss_araim,0.661
1657065623.726337,2.3_dynamic_al,0.000
1657065623.726337,2.3_state_machine,0.000
1657065623.726337,2.3_integrity_total,0.723
1657065623.726337,1.2_odom_insert_frame,6.834
1657065623.826341,1.1_pointcloud_extract,0.027
1657065623.826341,1.1_cloud_preprocess,3.840
1657065623.826341,1.1_ros_callback_total,3.954
1657065623.826341,1.2_imu_integration,0.089
1657065623.826341,1.2_pointcloud_deskew,0.075
1657065623.826341,1.2_covariance_estimation,1.346
1657065623.826341,1.2_create_factors,0.028
1657065623.826341,1.2_smoother_update,19.610
1657065623.826341,1.3_gnss_injection,0.385
1657065623.826341,1.2_update_frames_calculate_estimate,0.066
1657065623.826341,1.2_update_frames_state_copy,0.018
1657065623.826341,1.2_update_frames_sigma_p,0.028
1657065623.826341,1.2_update_frames,0.152
1657065623.799375,2.1_gnss_araim,0.891
1657065623.826341,2.3_dynamic_al,0.000
1657065623.826341,2.3_state_machine,0.000
1657065623.826341,2.3_integrity_total,0.956
1657065623.826341,1.2_odom_insert_frame,24.103
1657065618.826344,1.4_sub_map_insert,4.481
1657065623.926338,1.1_pointcloud_extract,0.028
1657065623.926338,1.1_cloud_preprocess,3.343
1657065623.926338,1.1_ros_callback_total,3.458
1657065623.926338,1.2_imu_integration,0.091
1657065623.926338,1.2_pointcloud_deskew,0.069
1657065623.926338,1.2_covariance_estimation,1.364
1657065623.926338,1.2_create_factors,0.027
1657065623.926338,1.2_smoother_update,20.915
1657065623.926338,1.3_gnss_injection,0.369
1657065623.926338,1.2_update_frames_calculate_estimate,0.066
1657065623.926338,1.2_update_frames_state_copy,0.019
1657065623.926338,1.2_update_frames_sigma_p,0.029
1657065623.926338,1.2_update_frames,0.155
1657065623.899344,2.1_gnss_araim,0.859
1657065623.926338,2.3_dynamic_al,0.000
1657065623.926338,2.3_state_machine,0.000
1657065623.926338,2.3_integrity_total,0.915
1657065623.926338,1.2_odom_insert_frame,25.538
1657065624.026338,1.1_pointcloud_extract,0.022
1657065624.026338,1.1_cloud_preprocess,3.393
1657065624.026338,1.1_ros_callback_total,3.471
1657065624.026338,1.2_imu_integration,0.091
1657065624.026338,1.2_pointcloud_deskew,0.069
1657065624.026338,1.2_covariance_estimation,1.119
1657065624.026338,1.2_create_factors,0.028
1657065624.026338,1.2_smoother_update,20.106
1657065624.026338,1.3_gnss_injection,0.376
1657065624.026338,1.2_update_frames_calculate_estimate,0.061
1657065624.026338,1.2_update_frames_state_copy,0.019
1657065624.026338,1.2_update_frames_sigma_p,0.031
1657065624.026338,1.2_update_frames,0.147
1657065623.999341,2.1_gnss_araim,0.754
1657065624.026338,2.3_dynamic_al,0.000
1657065624.026338,2.3_state_machine,0.000
1657065624.026338,2.3_integrity_total,0.802
1657065624.026338,1.2_odom_insert_frame,24.243
1657065619.026345,1.4_sub_map_insert,1.389
1657065624.126337,1.1_pointcloud_extract,0.026
1657065624.126337,1.1_cloud_preprocess,3.995
1657065624.126337,1.1_ros_callback_total,4.098
1657065624.126337,1.2_imu_integration,0.089
1657065624.126337,1.2_pointcloud_deskew,0.078
1657065624.126337,1.2_covariance_estimation,1.009
1657065624.126337,1.2_create_factors,0.024
1657065624.126337,1.2_smoother_update,14.741
1657065624.126337,1.3_gnss_injection,0.267
1657065624.126337,1.2_update_frames_calculate_estimate,0.040
1657065624.126337,1.2_update_frames_state_copy,0.014
1657065624.126337,1.2_update_frames_sigma_p,0.023
1657065624.126337,1.2_update_frames,0.102
1657065624.099339,2.1_gnss_araim,0.649
1657065624.126337,2.3_dynamic_al,0.000
1657065624.126337,2.3_state_machine,0.000
1657065624.126337,2.3_integrity_total,0.684
1657065624.126337,1.2_odom_insert_frame,18.029
1657065619.126343,1.4_sub_map_insert,1.463
1657065624.226358,1.1_pointcloud_extract,0.026
1657065624.226358,1.1_cloud_preprocess,3.719
1657065624.226358,1.1_ros_callback_total,3.816
1657065624.226358,1.2_imu_integration,0.084
1657065624.226358,1.2_pointcloud_deskew,0.101
1657065624.226358,1.2_covariance_estimation,1.024
1657065624.226358,1.2_create_factors,0.021
1657065624.226358,1.2_smoother_update,15.012
1657065624.226358,1.3_gnss_injection,0.279
1657065624.226358,1.2_update_frames_calculate_estimate,0.041
1657065624.226358,1.2_update_frames_state_copy,0.014
1657065624.226358,1.2_update_frames_sigma_p,0.021
1657065624.226358,1.2_update_frames,0.100
1657065624.199338,2.1_gnss_araim,0.837
1657065624.226358,2.3_dynamic_al,0.000
1657065624.226358,2.3_state_machine,0.000
1657065624.226358,2.3_integrity_total,0.872
1657065624.226358,1.2_odom_insert_frame,18.557
1657065619.226513,1.4_sub_map_insert,1.448
1657065624.326342,1.1_pointcloud_extract,0.026
1657065624.326342,1.1_cloud_preprocess,3.407
1657065624.326342,1.1_ros_callback_total,3.528
1657065624.326342,1.2_imu_integration,0.074
1657065624.326342,1.2_pointcloud_deskew,0.088
1657065624.326342,1.2_covariance_estimation,1.021
1657065624.326342,1.2_create_factors,0.019
1657065624.326342,1.2_smoother_update,14.869
1657065624.326342,1.3_gnss_injection,0.277
1657065624.326342,1.2_update_frames_calculate_estimate,0.040
1657065624.326342,1.2_update_frames_state_copy,0.014
1657065624.326342,1.2_update_frames_sigma_p,0.022
1657065624.326342,1.2_update_frames,0.100
1657065624.299284,2.1_gnss_araim,0.648
1657065624.326342,2.3_dynamic_al,0.000
1657065624.326342,2.3_state_machine,0.000
1657065624.326342,2.3_integrity_total,0.709
1657065624.326342,1.2_odom_insert_frame,18.159
1657065619.326417,1.4_sub_map_insert,1.434
1657065624.426341,1.1_pointcloud_extract,0.026
1657065624.426341,1.1_cloud_preprocess,3.813
1657065624.426341,1.1_ros_callback_total,3.944
1657065624.426341,1.2_imu_integration,0.094
1657065624.426341,1.2_pointcloud_deskew,0.071
1657065624.426341,1.2_covariance_estimation,1.266
1657065624.426341,1.2_create_factors,0.029
1657065624.426341,1.2_smoother_update,19.988
1657065624.426341,1.3_gnss_injection,0.398
1657065624.426341,1.2_update_frames_calculate_estimate,0.076
1657065624.426341,1.2_update_frames_state_copy,0.020
1657065624.426341,1.2_update_frames_sigma_p,0.031
1657065624.426341,1.2_update_frames,0.169
1657065624.399349,2.1_gnss_araim,0.829
1657065624.426341,2.3_dynamic_al,0.000
1657065624.426341,2.3_state_machine,0.000
1657065624.426341,2.3_integrity_total,0.890
1657065624.426341,1.2_odom_insert_frame,24.448
1657065619.426343,1.4_sub_map_insert,1.485
1657065624.526350,1.1_pointcloud_extract,0.026
1657065624.526350,1.1_cloud_preprocess,3.906
1657065624.526350,1.1_ros_callback_total,4.040
1657065624.526350,1.2_imu_integration,0.091
1657065624.526350,1.2_pointcloud_deskew,0.076
1657065624.526350,1.2_covariance_estimation,1.258
1657065624.526350,1.2_create_factors,0.031
1657065624.526350,1.2_smoother_update,21.705
1657065624.526350,1.3_gnss_injection,0.457
1657065624.526350,1.2_update_frames_calculate_estimate,0.104
1657065624.526350,1.2_update_frames_state_copy,0.020
1657065624.526350,1.2_update_frames_sigma_p,0.044
1657065624.526350,1.2_update_frames,0.215
1657065624.499341,2.1_gnss_araim,0.816
1657065624.526350,2.3_dynamic_al,0.000
1657065624.526350,2.3_state_machine,0.000
1657065624.526350,2.3_integrity_total,0.889
1657065624.526350,1.2_odom_insert_frame,26.550
1657065619.526381,1.4_sub_map_insert,2.716
1657065624.626354,1.1_pointcloud_extract,0.026
1657065624.626354,1.1_cloud_preprocess,3.877
1657065624.626354,1.1_ros_callback_total,4.016
1657065624.626354,1.2_imu_integration,0.074
1657065624.626354,1.2_pointcloud_deskew,0.093
1657065624.626354,1.2_covariance_estimation,1.307
1657065624.626354,1.2_create_factors,0.022
1657065624.626354,1.2_smoother_update,1.973
1657065624.626354,1.3_gnss_injection,0.278
1657065624.626354,1.2_update_frames_calculate_estimate,0.046
1657065624.626354,1.2_update_frames_state_copy,0.013
1657065624.626354,1.2_update_frames_sigma_p,0.047
1657065624.626354,1.2_update_frames,0.135
1657065624.599398,2.1_gnss_araim,0.657
1657065624.626354,2.3_dynamic_al,0.000
1657065624.626354,2.3_state_machine,0.000
1657065624.626354,2.3_integrity_total,0.708
1657065624.626354,1.2_odom_insert_frame,5.684
1657065619.726315,1.4_sub_map_insert,1.439
1657065624.726340,1.1_pointcloud_extract,0.027
1657065624.726340,1.1_cloud_preprocess,3.307
1657065624.726340,1.1_ros_callback_total,3.435
1657065624.726340,1.2_imu_integration,0.091
1657065624.726340,1.2_pointcloud_deskew,0.071
1657065624.726340,1.2_covariance_estimation,1.032
1657065624.726340,1.2_create_factors,0.047
1657065624.726340,1.2_smoother_update,19.823
1657065624.726340,1.3_gnss_injection,0.376
1657065624.726340,1.2_update_frames_calculate_estimate,0.076
1657065624.726340,1.2_update_frames_state_copy,0.019
1657065624.726340,1.2_update_frames_sigma_p,0.036
1657065624.726340,1.2_update_frames,0.177
1657065624.699339,2.1_gnss_araim,0.824
1657065624.726340,2.3_dynamic_al,0.000
1657065624.726340,2.3_state_machine,0.000
1657065624.726340,2.3_integrity_total,0.890
1657065624.726340,1.2_odom_insert_frame,24.099
1657065624.826360,1.1_pointcloud_extract,0.021
1657065624.826360,1.1_cloud_preprocess,3.404
1657065624.826360,1.1_ros_callback_total,3.494
1657065624.826360,1.2_imu_integration,0.089
1657065624.826360,1.2_pointcloud_deskew,0.075
1657065624.826360,1.2_covariance_estimation,1.122
1657065624.826360,1.2_create_factors,0.024
1657065624.826360,1.2_smoother_update,2.053
1657065624.826360,1.3_gnss_injection,0.390
1657065624.826360,1.2_update_frames_calculate_estimate,0.063
1657065624.826360,1.2_update_frames_state_copy,0.018
1657065624.826360,1.2_update_frames_sigma_p,0.040
1657065624.826360,1.2_update_frames,0.156
1657065624.799339,2.1_gnss_araim,0.664
1657065624.826360,2.3_dynamic_al,0.000
1657065624.826360,2.3_state_machine,0.000
1657065624.826360,2.3_integrity_total,0.713
1657065624.826360,1.2_odom_insert_frame,6.256
1657065619.826463,1.4_sub_map_insert,1.479
1657065624.927365,1.1_pointcloud_extract,0.026
1657065624.927365,1.1_cloud_preprocess,3.934
1657065624.927365,1.1_ros_callback_total,4.068
1657065624.927365,1.2_imu_integration,0.077
1657065624.927365,1.2_pointcloud_deskew,0.092
1657065624.927365,1.2_covariance_estimation,0.846
1657065624.927365,1.2_create_factors,0.019
1657065624.927365,1.2_smoother_update,1.786
1657065624.927365,1.3_gnss_injection,0.291
1657065624.927365,1.2_update_frames_calculate_estimate,0.041
1657065624.927365,1.2_update_frames_state_copy,0.014
1657065624.927365,1.2_update_frames_sigma_p,0.033
1657065624.927365,1.2_update_frames,0.112
1657065624.899299,2.1_gnss_araim,0.654
1657065624.927365,2.3_dynamic_al,0.000
1657065624.927365,2.3_state_machine,0.000
1657065624.927365,2.3_integrity_total,0.719
1657065624.927365,1.2_odom_insert_frame,4.989
1657065619.926365,1.4_sub_map_insert,2.820
1657065625.026345,1.1_pointcloud_extract,0.026
1657065625.026345,1.1_cloud_preprocess,3.452
1657065625.026345,1.1_ros_callback_total,3.577
1657065625.026345,1.2_imu_integration,0.089
1657065625.026345,1.2_pointcloud_deskew,0.068
1657065625.026345,1.2_covariance_estimation,1.233
1657065625.026345,1.2_create_factors,0.026
1657065625.026345,1.2_smoother_update,19.888
1657065625.026345,1.3_gnss_injection,0.419
1657065625.026345,1.2_update_frames_calculate_estimate,0.066
1657065625.026345,1.2_update_frames_state_copy,0.019
1657065625.026345,1.2_update_frames_sigma_p,0.030
1657065625.026345,1.2_update_frames,0.155
1657065624.999351,2.1_gnss_araim,0.754
1657065625.026345,2.3_dynamic_al,0.000
1657065625.026345,2.3_state_machine,0.000
1657065625.026345,2.3_integrity_total,0.801
1657065625.026345,1.2_odom_insert_frame,24.207
1657065620.126343,1.4_sub_map_insert,1.497
1657065625.126307,1.1_pointcloud_extract,0.026
1657065625.126307,1.1_cloud_preprocess,3.355
1657065625.126307,1.1_ros_callback_total,3.491
1657065625.126307,1.2_imu_integration,0.091
1657065625.126307,1.2_pointcloud_deskew,0.066
1657065625.126307,1.2_covariance_estimation,0.867
1657065625.126307,1.2_create_factors,0.025
1657065625.126307,1.2_smoother_update,1.615
1657065625.126307,1.3_gnss_injection,0.275
1657065625.126307,1.2_update_frames_calculate_estimate,0.044
1657065625.126307,1.2_update_frames_state_copy,0.014
1657065625.126307,1.2_update_frames_sigma_p,0.033
1657065625.126307,1.2_update_frames,0.116
1657065625.099295,2.1_gnss_araim,0.680
1657065625.126307,2.3_dynamic_al,0.000
1657065625.126307,2.3_state_machine,0.000
1657065625.126307,2.3_integrity_total,0.735
1657065625.126307,1.2_odom_insert_frame,4.898
