row_type,stamp,state,HPL,VPL,HAL,VAL,IM,PL_E,PL_N,PL_U,pl_ff,K_ff,K_fa,n_sv,n_const,PDOP,sigma_H,n_hyp,n_det,n_trunks,tdop,lidar_valid,lidar_n_hyp,lidar_n_det,lidar_HPL,lidar_mode,hyp_index,sat_id,d_E,d_N,d_U,sigma_ss_E,sigma_ss_N,sigma_ss_U,sigma_k_E,sigma_k_N,sigma_k_U,hyp_PL_E,hyp_PL_N,hyp_PL_U,fault_detected,final_HPL_source,final_VPL_source,final_PL_source,gnss_valid,gnss_HPL,gnss_VPL,gnss_PL_E,gnss_PL_N,gnss_PL_U,gnss_pl_ff,gnss_K_ff,gnss_K_fa,gnss_n_hyp,gnss_n_det,lidar_VPL,lidar_PL_E,lidar_PL_N,lidar_PL_U
epoch,1657065601.828272,UNSAFE,24.867253,72.109790,10.000000,20.000000,-52.109790,24.867253,21.139256,72.109790,23.307440,5.451310,5.162324,41,4,12.656816,5.753149,41,0,0,1000000000.000000,1,4,0,1.964950,H_LEVEL(1),,,,,,,,,,,,,,,,GNSS,GNSS,GNSS,1,24.867253,72.109790,24.867253,21.139256,72.109790,23.307440,5.451310,5.162324,41,0,2.216777,1.964950,1.916952,2.216777
worst_hyp,1657065601.828272,UNSAFE,,,,,,,,,,,,,,,,,,,,,,,,,,,10,90,-0.504667,0.207327,-0.733214,1.499461,0.616006,2.178516,4.530878,3.898425,11.482256,24.867253,17.689029,54.102979,0,,,,,,,,,,,,,,,,,,
epoch,1657065601.928284,UNSAFE,24.467246,73.313640,10.000000,20.000000,-53.313640,24.467246,21.234588,73.313640,23.307525,5.451310,5.162324,41,4,12.656854,5.753158,41,0,0,1000000000.000000,1,5,0,1.855790,H_LEVEL(1),,,,,,,,,,,,,,,,GNSS,GNSS,GNSS,1,24.467246,73.313640,24.467246,21.234588,73.313640,23.307525,5.451310,5.162324,41,0,2.034360,1.812930,1.855790,2.034360
worst_hyp,1657065601.928284,UNSAFE,,,,,,,,,,,,,,,,,,,,,,,,,,,10,90,0.104544,-0.042950,0.151886,1.499471,0.616028,2.178497,4.530896,3.898425,11.482289,24.467246,17.524767,53.521675,0,,,,,,,,,,,,,,,,,,
epoch,1657065602.028277,UNSAFE,25.066237,73.011715,10.000000,20.000000,-53.011715,25.066237,22.117148,73.011715,23.307611,5.451310,5.162324,41,4,12.656892,5.753168,41,0,0,1000000000.000000,1,6,0,1.811463,H_LEVEL(1),,,,,,,,,,,,,,,,GNSS,GNSS,GNSS,1,25.066237,73.011715,25.066237,22.117148,73.011715,23.307611,5.451310,5.162324,41,0,2.006814,1.792788,1.811463,2.006814
worst_hyp,1657065602.028277,UNSAFE,,,,,,,,,,,,,,,,,,,,,,,,,,,10,90,0.703418,-0.288994,1.021941,1.499481,0.616050,2.178478,4.530914,3.898425,11.482322,25.066237,17.770926,54.391756,0,,,,,,,,,,,,,,,,,,
epoch,1657065602.128217,UNSAFE,24.935196,72.140483,10.000000,20.000000,-52.140483,24.935196,21.662588,72.140483,23.307696,5.451310,5.162324,41,4,12.656929,5.753177,41,0,0,1000000000.000000,1,6,0,1.807460,H_LEVEL(1),,,,,,,,,,,,,,,,GNSS,GNSS,GNSS,1,24.935196,72.140483,24.935196,21.662588,72.140483,23.307696,5.451310,5.162324,41,0,1.990486,1.791586,1.807460,1.990486
worst_hyp,1657065602.128217,UNSAFE,,,,,,,,,,,,,,,,,,,,,,,,,,,10,90,-0.572260,0.235115,-0.831378,1.499490,0.616072,2.178459,4.530932,3.898425,11.482356,24.935196,17.717162,54.201219,0,,,,,,,,,,,,,,,,,,
epoch,1657065602.228224,UNSAFE,26.884880,72.138736,10.000000,20.000000,-52.138736,26.884880,22.635243,72.138736,23.307781,5.451310,5.162324,41,4,12.656967,5.753186,41,0,0,1000000000.000000,1,6,0,1.791820,H_LEVEL(1),,,,,,,,,,,,,,,,GNSS,GNSS,GNSS,1,26.884880,72.138736,26.884880,22.635243,72.138736,23.307781,5.451310,5.162324,41,0,1.956382,1.777192,1.791820,1.956382
worst_hyp,1657065602.228224,UNSAFE,,,,,,,,,,,,,,,,,,,,,,,,,,,10,90,-2.521827,1.036134,-3.663653,1.499500,0.616095,2.178440,4.530950,3.898426,11.482389,26.884880,18.518296,57.033519,0,,,,,,,,,,,,,,,,,,
epoch,1657065602.328271,UNSAFE,25.504737,71.978048,10.000000,20.000000,-51.978048,25.504737,22.306258,71.978048,23.307867,5.451310,5.162324,41,4,12.657005,5.753196,41,0,0,1000000000.000000,1,6,0,1.795431,H_LEVEL(1),,,,,,,,,,,,,,,,GNSS,GNSS,GNSS,1,25.504737,71.978048,25.504737,22.306258,71.978048,23.307867,5.451310,5.162324,41,0,1.949373,1.782441,1.795431,1.949373
worst_hyp,1657065602.328271,UNSAFE,,,,,,,,,,,,,,,,,,,,,,,,,,,10,90,1.141567,-0.469045,1.658417,1.499510,0.616117,2.178421,4.530968,3.898426,11.482423,25.504737,17.951322,55.028308,0,,,,,,,,,,,,,,,,,,
epoch,1657065602.428275,UNSAFE,25.397289,73.944578,10.000000,20.000000,-53.944578,25.397289,21.252006,73.944578,23.307952,5.451310,5.162324,41,4,12.657043,5.753205,41,0,0,1000000000.000000,1,6,0,1.784942,H_LEVEL(1),,,,,,,,,,,,,,,,GNSS,GNSS,GNSS,1,25.397289,73.944578,25.397289,21.252006,73.944578,23.307952,5.451310,5.162324,41,0,1.930145,1.772050,1.784942,1.930145
worst_hyp,1657065602.428275,UNSAFE,,,,,,,,,,,,,,,,,,,,,,,,,,,10,90,-1.034001,0.424862,-1.502128,1.499520,0.616139,2.178403,4.530986,3.898426,11.482456,25.397289,17.907253,54.872044,0,,,,,,,,,,,,,,,,,,
epoch,1657065602.528270,UNSAFE,25.106470,69.749234,10.000000,20.000000,-49.749234,25.106470,21.333755,69.749234,23.308038,5.451310,5.162324,41,4,12.657081,5.753215,41,0,0,1000000000.000000,1,6,0,1.798773,H_LEVEL(1),,,,,,,,,,,,,,,,GNSS,GNSS,GNSS,1,25.106470,69.749234,25.106470,21.333755,69.749234,23.308038,5.451310,5.162324,41,0,1.942259,1.787180,1.798773,1.942259
worst_hyp,1657065602.528270,UNSAFE,,,,,,,,,,,,,,,,,,,,,,,,,,,10,90,0.743066,-0.305328,1.079460,1.499530,0.616161,2.178384,4.531004,3.898426,11.482490,25.106470,17.787834,54.449401,0,,,,,,,,,,,,,,,,,,
epoch,1657065602.628261,UNSAFE,25.282764,76.546986,10.000000,20.000000,-56.546986,25.282764,22.134635,76.546986,23.308123,5.451310,5.162324,41,4,12.657119,5.753224,41,0,0,1000000000.000000,1,6,0,1.791821,H_LEVEL(1),,,,,,,,,,,,,,,,GNSS,GNSS,GNSS,1,25.282764,76.546986,25.282764,22.134635,76.546986,23.308123,5.451310,5.162324,41,0,1.997014,1.781210,1.791821,1.997014
worst_hyp,1657065602.628261,UNSAFE,,,,,,,,,,,,,,,,,,,,,,,,,,,10,90,0.919242,-0.377730,1.335373,1.499540,0.616183,2.178365,4.531022,3.898426,11.482523,25.282764,17.860352,54.705341,0,,,,,,,,,,,,,,,,,,
epoch,1657065602.728272,UNSAFE,25.431959,72.850872,10.000000,20.000000,-52.850872,25.431959,21.189095,72.850872,23.308208,5.451310,5.162324,41,4,12.657157,5.753233,41,0,0,1000000000.000000,1,6,0,1.799008,H_LEVEL(1),,,,,,,,,,,,,,,,GNSS,GNSS,GNSS,1,25.431959,72.850872,25.431959,21.189095,72.850872,23.308208,5.451310,5.162324,41,0,1.991067,1.789294,1.799008,1.991067
worst_hyp,1657065602.728272,UNSAFE,,,,,,,,,,,,,,,,,,,,,,,,,,,10,90,-1.068320,0.439002,-1.551913,1.499550,0.616206,2.178346,4.531040,3.898426,11.482557,25.431959,17.921738,54.921906,0,,,,,,,,,,,,,,,,,,
epoch,1657065602.828277,UNSAFE,25.331821,74.199897,10.000000,20.000000,-54.199897,25.331821,21.905315,74.199897,23.308294,5.451310,5.162324,41,4,12.657195,5.753243,41,0,0,1000000000.000000,1,6,0,1.801249,H_LEVEL(1),,,,,,,,,,,,,,,,GNSS,GNSS,GNSS,1,25.331821,74.199897,25.331821,21.905315,74.199897,23.308294,5.451310,5.162324,41,0,1.982160,1.792315,1.801249,1.982160
worst_hyp,1657065602.828277,UNSAFE,,,,,,,,,,,,,,,,,,,,,,,,,,,10,90,0.968065,-0.397816,1.406255,1.499559,0.616228,2.178327,4.531058,3.898426,11.482590,25.331821,17.880667,54.776273,0,,,,,,,,,,,,,,,,,,
epoch,1657065602.928293,UNSAFE,25.392329,68.820578,10.000000,20.000000,-48.820578,25.392329,21.634651,68.820578,23.308379,5.451310,5.162324,41,4,12.657232,5.753252,41,0,0,1000000000.000000,1,6,0,1.804254,H_LEVEL(1),,,,,,,,,,,,,,,,GNSS,GNSS,GNSS,1,25.392329,68.820578,25.392329,21.634651,68.820578,23.308379,5.451310,5.162324,41,0,1.974550,1.795235,1.804254,1.974550
worst_hyp,1657065602.928293,UNSAFE,,,,,,,,,,,,,,,,,,,,,,,,,,,10,90,1.028456,-0.422645,1.493958,1.499569,0.616250,2.178308,4.531076,3.898426,11.482624,25.392329,17.905611,54.864002,0,,,,,,,,,,,,,,,,,,
epoch,1657065603.028272,UNSAFE,25.015674,72.986430,10.000000,20.000000,-52.986430,25.015674,21.799216,72.986430,23.308465,5.451310,5.162324,41,4,12.657270,5.753261,41,0,0,1000000000.000000,1,6,0,1.800316,H_LEVEL(1),,,,,,,,,,,,,,,,GNSS,GNSS,GNSS,1,25.015674,72.986430,25.015674,21.799216,72.986430,23.308465,5.451310,5.162324,41,0,1.960583,1.790678,1.800316,1.960583
worst_hyp,1657065603.028272,UNSAFE,,,,,,,,,,,,,,,,,,,,,,,,,,,10,90,0.651684,-0.267818,0.946636,1.499579,0.616272,2.178289,4.531094,3.898426,11.482658,25.015674,17.750899,54.316706,0,,,,,,,,,,,,,,,,,,
epoch,1657065603.128283,UNSAFE,24.367361,70.781495,10.000000,20.000000,-50.781495,24.367361,21.274715,70.781495,23.308550,5.451310,5.162324,41,4,12.657308,5.753271,41,0,0,1000000000.000000,1,6,0,1.806683,H_LEVEL(1),,,,,,,,,,,,,,,,GNSS,GNSS,GNSS,1,24.367361,70.781495,24.367361,21.274715,70.781495,23.308550,5.451310,5.162324,41,0,1.959787,1.796924,1.806683,1.959787
worst_hyp,1657065603.128283,UNSAFE,,,,,,,,,,,,,,,,,,,,,,,,,,,10,90,-0.003254,0.001337,-0.004726,1.499589,0.616294,2.178270,4.531112,3.898427,11.482691,24.367361,17.484533,53.374822,0,,,,,,,,,,,,,,,,,,
epoch,1657065603.228263,UNSAFE,25.010855,76.139973,10.000000,20.000000,-56.139973,25.010855,22.035292,76.139973,23.308636,5.451310,5.162324,41,4,12.657346,5.753280,41,0,0,1000000000.000000,1,6,0,1.807379,H_LEVEL(1),,,,,,,,,,,,,,,,GNSS,GNSS,GNSS,1,25.010855,76.139973,25.010855,22.035292,76.139973,23.308636,5.451310,5.162324,41,0,1.953041,1.797040,1.807379,1.953041
worst_hyp,1657065603.228263,UNSAFE,,,,,,,,,,,,,,,,,,,,,,,,,,,10,90,0.646630,-0.265757,0.939267,1.499599,0.616316,2.178252,4.531130,3.898427,11.482725,25.010855,17.749067,54.309388,0,,,,,,,,,,,,,,,,,,
epoch,1657065603.328254,UNSAFE,25.299859,74.766345,10.000000,20.000000,-54.766345,25.299859,21.977131,74.766345,23.308721,5.451310,5.162324,41,4,12.657384,5.753289,41,0,0,1000000000.000000,1,6,0,1.814313,H_LEVEL(1),,,,,,,,,,,,,,,,GNSS,GNSS,GNSS,1,25.299859,74.766345,25.299859,21.977131,74.766345,23.308721,5.451310,5.162324,41,0,1.954643,1.804076,1.814313,1.954643
worst_hyp,1657065603.328254,UNSAFE,,,,,,,,,,,,,,,,,,,,,,,,,,,10,90,-0.935517,0.384497,-1.358871,1.499609,0.616339,2.178233,4.531148,3.898427,11.482758,25.299859,17.867922,54.729018,0,,,,,,,,,,,,,,,,,,
epoch,1657065603.428303,UNSAFE,25.378464,71.345646,10.000000,20.000000,-51.345646,25.378464,21.253170,71.345646,23.308807,5.451310,5.162324,41,4,12.657422,5.753299,41,0,0,1000000000.000000,1,6,0,1.825347,H_LEVEL(1),,,,,,,,,,,,,,,,GNSS,GNSS,GNSS,1,25.378464,71.345646,25.378464,21.253170,71.345646,23.308807,5.451310,5.162324,41,0,1.961673,1.815764,1.825347,1.961673
worst_hyp,1657065603.428303,UNSAFE,,,,,,,,,,,,,,,,,,,,,,,,,,,10,90,-1.014006,0.416768,-1.472856,1.499619,0.616361,2.178214,4.531166,3.898427,11.482792,25.378464,17.900308,54.843029,0,,,,,,,,,,,,,,,,,,
epoch,1657065603.528274,UNSAFE,25.223852,70.223749,10.000000,20.000000,-50.223749,25.223852,21.390033,70.223749,23.308892,5.451310,5.162324,41,4,12.657460,5.753308,41,0,0,1000000000.000000,1,6,0,1.823277,H_LEVEL(1),,,,,,,,,,,,,,,,GNSS,GNSS,GNSS,1,25.223852,70.223749,25.223852,21.390033,70.223749,23.308892,5.451310,5.162324,41,0,1.957139,1.814096,1.823277,1.957139
worst_hyp,1657065603.528274,UNSAFE,,,,,,,,,,,,,,,,,,,,,,,,,,,10,90,0.859277,-0.353183,1.248091,1.499628,0.616383,2.178195,4.531185,3.898427,11.482825,25.223852,17.836838,54.618290,0,,,,,,,,,,,,,,,,,,
epoch,1657065603.628301,UNSAFE,26.665915,74.322853,10.000000,20.000000,-54.322853,26.665915,22.446454,74.322853,23.308977,5.451310,5.162324,40,4,12.657498,5.753317,41,0,0,1000000000.000000,1,6,0,1.826353,H_LEVEL(1),,,,,,,,,,,,,,,,GNSS,GNSS,GNSS,1,26.665915,74.322853,26.665915,22.446454,74.322853,23.308977,5.451310,5.162324,41,0,1.957640,1.817179,1.826353,1.957640
worst_hyp,1657065603.628301,UNSAFE,,,,,,,,,,,,,,,,,,,,,,,,,,,10,90,2.301222,-0.945885,3.342451,1.499638,0.616405,2.178176,4.531203,3.898427,11.482859,26.665915,18.429654,56.712676,0,,,,,,,,,,,,,,,,,,
epoch,1657065603.728280,UNSAFE,25.856672,69.667923,10.000000,20.000000,-49.667923,25.856672,21.710173,69.667923,23.309063,5.451310,5.162324,41,4,12.657536,5.753327,41,0,0,1000000000.000000,1,6,0,1.828697,H_LEVEL(1),,,,,,,,,,,,,,,,GNSS,GNSS,GNSS,1,25.856672,69.667923,25.856672,21.710173,69.667923,23.309063,5.451310,5.162324,41,0,1.959105,1.819204,1.828697,1.959105
worst_hyp,1657065603.728280,UNSAFE,,,,,,,,,,,,,,,,,,,,,,,,,,,10,90,1.491862,-0.613227,2.166849,1.499648,0.616427,2.178157,4.531221,3.898427,11.482893,25.856672,18.097111,55.537100,0,,,,,,,,,,,,,,,,,,
epoch,1657065603.828257,UNSAFE,26.201173,70.534558,10.000000,20.000000,-50.534558,26.201173,21.471315,70.534558,23.309148,5.451310,5.162324,41,4,12.657574,5.753336,41,0,0,1000000000.000000,1,6,0,1.828554,H_LEVEL(1),,,,,,,,,,,,,,,,GNSS,GNSS,GNSS,1,26.201173,70.534558,26.201173,21.471315,70.534558,23.309148,5.451310,5.162324,41,0,1.958556,1.819064,1.828554,1.958556
worst_hyp,1657065603.828257,UNSAFE,,,,,,,,,,,,,,,,,,,,,,,,,,,10,90,1.836246,-0.754807,2.667007,1.499658,0.616449,2.178139,4.531239,3.898427,11.482926,26.201173,18.238807,56.037284,0,,,,,,,,,,,,,,,,,,
epoch,1657065603.928300,UNSAFE,26.577159,71.028630,10.000000,20.000000,-51.028630,26.577159,21.685991,71.028630,23.309234,5.451310,5.162324,41,4,12.657612,5.753345,41,0,0,1000000000.000000,1,6,0,1.830421,H_LEVEL(1),,,,,,,,,,,,,,,,GNSS,GNSS,GNSS,1,26.577159,71.028630,26.577159,21.685991,71.028630,23.309234,5.451310,5.162324,41,0,1.960275,1.821518,1.830421,1.960275
worst_hyp,1657065603.928300,UNSAFE,,,,,,,,,,,,,,,,,,,,,,,,,,,10,90,2.212115,-0.909339,3.212879,1.499668,0.616472,2.178120,4.531257,3.898427,11.482960,26.577159,18.393453,56.583182,0,,,,,,,,,,,,,,,,,,
epoch,1657065604.028222,UNSAFE,24.823198,72.960440,10.000000,20.000000,-52.960440,24.823198,21.333235,72.960440,23.309319,5.451310,5.162324,41,4,12.657650,5.753355,41,0,0,1000000000.000000,1,6,0,1.828662,H_LEVEL(1),,,,,,,,,,,,,,,,GNSS,GNSS,GNSS,1,24.823198,72.960440,24.823198,21.333235,72.960440,23.309319,5.451310,5.162324,41,0,1.958140,1.820098,1.828662,1.958140
worst_hyp,1657065604.028222,UNSAFE,,,,,,,,,,,,,,,,,,,,,,,,,,,10,90,0.458037,-0.188292,0.665243,1.499678,0.616494,2.178101,4.531275,3.898428,11.482993,24.823198,17.672521,54.035573,0,,,,,,,,,,,,,,,,,,
epoch,1657065604.128245,UNSAFE,25.356372,72.832692,10.000000,20.000000,-52.832692,25.356372,21.582533,72.832692,23.309405,5.451310,5.162324,41,4,12.657688,5.753364,41,0,0,1000000000.000000,1,6,0,1.841434,H_LEVEL(1),,,,,,,,,,,,,,,,GNSS,GNSS,GNSS,1,25.356372,72.832692,25.356372,21.582533,72.832692,23.309405,5.451310,5.162324,41,0,1.970011,1.832782,1.841434,1.970011
worst_hyp,1657065604.128245,UNSAFE,,,,,,,,,,,,,,,,,,,,,,,,,,,10,90,0.991094,-0.407435,1.439423,1.499688,0.616516,2.178082,4.531293,3.898428,11.483027,25.356372,17.891779,54.809779,0,,,,,,,,,,,,,,,,,,
epoch,1657065604.228272,UNSAFE,24.588790,76.574761,10.000000,20.000000,-56.574761,24.588790,22.085755,76.574761,23.309490,5.451310,5.162324,41,4,12.657726,5.753373,41,0,0,1000000000.000000,1,6,0,1.837375,H_LEVEL(1),,,,,,,,,,,,,,,,GNSS,GNSS,GNSS,1,24.588790,76.574761,24.588790,22.085755,76.574761,23.309490,5.451310,5.162324,41,0,1.965070,1.827902,1.837375,1.965070
worst_hyp,1657065604.228272,UNSAFE,,,,,,,,,,,,,,,,,,,,,,,,,,,10,90,0.223395,-0.091839,0.324444,1.499697,0.616538,2.178063,4.531311,3.898428,11.483061,24.588790,17.576298,53.694826,0,,,,,,,,,,,,,,,,,,
epoch,1657065604.328223,UNSAFE,24.848733,71.522026,10.000000,20.000000,-51.522026,24.848733,22.138495,71.522026,23.309576,5.451310,5.162324,41,4,12.657764,5.753383,41,0,0,1000000000.000000,1,6,0,1.843418,H_LEVEL(1),,,,,,,,,,,,,,,,GNSS,GNSS,GNSS,1,24.848733,71.522026,24.848733,22.138495,71.522026,23.309576,5.451310,5.162324,41,0,1.971527,1.834033,1.843418,1.971527
worst_hyp,1657065604.328223,UNSAFE,,,,,,,,,,,,,,,,,,,,,,,,,,,10,90,-0.483221,0.198662,-0.701789,1.499707,0.616560,2.178044,4.531329,3.898428,11.483094,24.848733,17.683236,54.072197,0,,,,,,,,,,,,,,,,,,
epoch,1657065604.428251,UNSAFE,26.154864,73.515374,10.000000,20.000000,-53.515374,26.154864,21.733683,73.515374,23.309661,5.451310,5.162324,41,4,12.657802,5.753392,41,0,0,1000000000.000000,1,6,0,1.847220,H_LEVEL(1),,,,,,,,,,,,,,,,GNSS,GNSS,GNSS,1,26.154864,73.515374,26.154864,21.733683,73.515374,23.309661,5.451310,5.162324,41,0,1.974385,1.837986,1.847220,1.974385
worst_hyp,1657065604.428251,UNSAFE,,,,,,,,,,,,,,,,,,,,,,,,,,,10,90,1.789235,-0.735613,2.598490,1.499717,0.616582,2.178026,4.531347,3.898428,11.483128,26.154864,18.220301,55.968925,0,,,,,,,,,,,,,,,,,,
epoch,1657065604.528278,UNSAFE,25.969177,69.235317,10.000000,20.000000,-49.235317,25.969177,22.083376,69.235317,23.309747,5.451310,5.162324,41,4,12.657840,5.753401,41,0,0,1000000000.000000,1,6,0,1.850238,H_LEVEL(1),,,,,,,,,,,,,,,,GNSS,GNSS,GNSS,1,25.969177,69.235317,25.969177,22.083376,69.235317,23.309747,5.451310,5.162324,41,0,1.976556,1.840373,1.850238,1.976556
worst_hyp,1657065604.528278,UNSAFE,,,,,,,,,,,,,,,,,,,,,,,,,,,10,90,-1.603431,0.659242,-2.328612,1.499727,0.616605,2.178007,4.531365,3.898428,11.483162,25.969177,18.144045,55.699074,0,,,,,,,,,,,,,,,,,,
epoch,1657065604.628292,UNSAFE,26.415638,71.600183,10.000000,20.000000,-51.600183,26.415638,21.574350,71.600183,23.309832,5.451310,5.162324,41,4,12.657878,5.753411,41,0,0,1000000000.000000,1,6,0,1.852348,H_LEVEL(1),,,,,,,,,,,,,,,,GNSS,GNSS,GNSS,1,26.415638,71.600183,26.415638,21.574350,71.600183,23.309832,5.451310,5.162324,41,0,1.981964,1.842770,1.852348,1.981964
worst_hyp,1657065604.628292,UNSAFE,,,,,,,,,,,,,,,,,,,,,,,,,,,10,90,2.049775,-0.842779,2.976779,1.499737,0.616627,2.177988,4.531383,3.898428,11.483195,26.415638,18.327697,56.347266,0,,,,,,,,,,,,,,,,,,
epoch,1657065604.728273,UNSAFE,25.883910,74.738998,10.000000,20.000000,-54.738998,25.883910,21.267501,74.738998,23.309918,5.451310,5.162324,41,4,12.657916,5.753420,41,0,0,1000000000.000000,1,6,0,1.847169,H_LEVEL(1),,,,,,,,,,,,,,,,GNSS,GNSS,GNSS,1,25.883910,74.738998,25.883910,21.267501,74.738998,23.309918,5.451310,5.162324,41,0,1.979381,1.837635,1.847169,1.979381
worst_hyp,1657065604.728273,UNSAFE,,,,,,,,,,,,,,,,,,,,,,,,,,,10,90,-1.517930,0.624125,-2.204376,1.499747,0.616649,2.177969,4.531401,3.898428,11.483229,25.883910,18.109159,55.574890,0,,,,,,,,,,,,,,,,,,
epoch,1657065604.828274,UNSAFE,27.733391,74.717896,10.000000,20.000000,-54.717896,27.733391,22.553820,74.717896,23.310003,5.451310,5.162324,41,4,12.657954,5.753430,41,0,0,1000000000.000000,1,6,0,1.864092,H_LEVEL(1),,,,,,,,,,,,,,,,GNSS,GNSS,GNSS,1,27.733391,74.717896,27.733391,22.553820,74.717896,23.310003,5.451310,5.162324,41,0,1.995778,1.854770,1.864092,1.995778
worst_hyp,1657065604.828274,UNSAFE,,,,,,,,,,,,,,,,,,,,,,,,,,,10,90,3.367294,-1.384567,4.889993,1.499756,0.616671,2.177950,4.531419,3.898428,11.483263,27.733391,18.869715,58.260534,0,,,,,,,,,,,,,,,,,,
epoch,1657065604.928294,UNSAFE,25.125048,69.881468,10.000000,20.000000,-49.881468,25.125048,21.187461,69.881468,23.310089,5.451310,5.162324,41,4,12.657992,5.753439,41,0,0,1000000000.000000,1,6,0,1.866866,H_LEVEL(1),,,,,,,,,,,,,,,,GNSS,GNSS,GNSS,1,25.125048,69.881468,25.125048,21.187461,69.881468,23.310089,5.451310,5.162324,41,0,1.999305,1.857018,1.866866,1.999305
worst_hyp,1657065604.928294,UNSAFE,,,,,,,,,,,,,,,,,,,,,,,,,,,10,90,0.758833,-0.312027,1.101963,1.499766,0.616693,2.177932,4.531437,3.898429,11.483297,25.125048,17.797290,54.472530,0,,,,,,,,,,,,,,,,,,
epoch,1657065605.028276,UNSAFE,25.482836,75.979757,10.000000,20.000000,-55.979757,25.482836,21.383425,75.979757,23.310174,5.451310,5.162324,41,4,12.658031,5.753448,41,0,0,1000000000.000000,1,6,0,1.876488,H_LEVEL(1),,,,,,,,,,,,,,,,GNSS,GNSS,GNSS,1,25.482836,75.979757,25.482836,21.383425,75.979757,23.310174,5.451310,5.162324,41,0,2.007235,1.866712,1.876488,2.007235
worst_hyp,1657065605.028276,UNSAFE,,,,,,,,,,,,,,,,,,,,,,,,,,,10,90,1.116504,-0.459112,1.621341,1.499776,0.616715,2.177913,4.531455,3.898429,11.483330,25.482836,17.944490,54.991935,0,,,,,,,,,,,,,,,,,,
epoch,1657065605.128247,UNSAFE,25.144161,71.691402,10.000000,20.000000,-51.691402,25.144161,21.233864,71.691402,23.310260,5.451310,5.162324,41,4,12.658069,5.753458,41,0,0,1000000000.000000,1,6,0,1.881859,H_LEVEL(1),,,,,,,,,,,,,,,,GNSS,GNSS,GNSS,1,25.144161,71.691402,25.144161,21.233864,71.691402,23.310260,5.451310,5.162324,41,0,2.012066,1.872266,1.881859,2.012066
worst_hyp,1657065605.128247,UNSAFE,,,,,,,,,,,,,,,,,,,,,,,,,,,10,90,0.777712,-0.319809,1.129344,1.499786,0.616738,2.177894,4.531473,3.898429,11.483364,25.144161,17.805301,54.499965,0,,,,,,,,,,,,,,,,,,
epoch,1657065605.228257,UNSAFE,24.732554,70.946725,10.000000,20.000000,-50.946725,24.732554,21.967401,70.946725,23.310345,5.451310,5.162324,41,4,12.658107,5.753467,41,0,0,1000000000.000000,1,6,0,1.893716,H_LEVEL(1),,,,,,,,,,,,,,,,GNSS,GNSS,GNSS,1,24.732554,70.946725,24.732554,21.967401,70.946725,23.310345,5.451310,5.162324,41,0,2.025838,1.883876,1.893716,2.025838
worst_hyp,1657065605.228257,UNSAFE,,,,,,,,,,,,,,,,,,,,,,,,,,,10,90,0.365988,-0.150505,0.531457,1.499796,0.616760,2.177875,4.531491,3.898429,11.483398,24.732554,17.636113,53.902104,0,,,,,,,,,,,,,,,,,,
epoch,1657065605.328298,UNSAFE,24.977876,72.475443,10.000000,20.000000,-52.475443,24.977876,22.404119,72.475443,23.310431,5.451310,5.162324,41,4,12.658145,5.753476,41,0,0,1000000000.000000,1,6,0,1.897429,H_LEVEL(1),,,,,,,,,,,,,,,,GNSS,GNSS,GNSS,1,24.977876,72.475443,24.977876,22.404119,72.475443,23.310431,5.451310,5.162324,41,0,2.029339,1.887257,1.897429,2.029339
worst_hyp,1657065605.328298,UNSAFE,,,,,,,,,,,,,,,,,,,,,,,,,,,10,90,-0.611193,0.251348,-0.887509,1.499806,0.616782,2.177856,4.531510,3.898429,11.483431,24.977876,17.737070,54.258183,0,,,,,,,,,,,,,,,,,,
epoch,1657065605.428283,UNSAFE,24.489977,69.248704,10.000000,20.000000,-49.248704,24.489977,21.855387,69.248704,23.310516,5.451310,5.162324,41,4,12.658183,5.753486,41,0,0,1000000000.000000,1,6,0,1.897706,H_LEVEL(1),,,,,,,,,,,,,,,,GNSS,GNSS,GNSS,1,24.489977,69.248704,24.489977,21.855387,69.248704,23.310516,5.451310,5.162324,41,0,2.028918,1.887799,1.897706,2.028918
worst_hyp,1657065605.428283,UNSAFE,,,,,,,,,,,,,,,,,,,,,,,,,,,10,90,-0.123178,0.050657,-0.178862,1.499815,0.616804,2.177838,4.531528,3.898429,11.483465,24.489977,17.536495,53.549563,0,,,,,,,,,,,,,,,,,,
epoch,1657065605.528277,UNSAFE,25.635690,76.684130,10.000000,20.000000,-56.684130,25.635690,21.607476,76.684130,23.310602,5.451310,5.162324,41,4,12.658221,5.753495,41,0,0,1000000000.000000,1,6,0,1.935542,H_LEVEL(1),,,,,,,,,,,,,,,,GNSS,GNSS,GNSS,1,25.635690,76.684130,25.635690,21.607476,76.684130,23.310602,5.451310,5.162324,41,0,2.065533,1.926167,1.935542,2.065533
worst_hyp,1657065605.528277,UNSAFE,,,,,,,,,,,,,,,,,,,,,,,,,,,10,90,1.268773,-0.521803,1.842320,1.499825,0.616826,2.177819,4.531546,3.898429,11.483499,25.635690,18.007755,55.213048,0,,,,,,,,,,,,,,,,,,
epoch,1657065605.628295,UNSAFE,25.131273,70.791505,10.000000,20.000000,-50.791505,25.131273,21.544873,70.791505,23.310687,5.451310,5.162324,41,4,12.658259,5.753504,41,0,0,1000000000.000000,1,6,0,1.921981,H_LEVEL(1),,,,,,,,,,,,,,,,GNSS,GNSS,GNSS,1,25.131273,70.791505,25.131273,21.544873,70.791505,23.310687,5.451310,5.162324,41,0,2.052067,1.913134,1.921981,2.052067
worst_hyp,1657065605.628295,UNSAFE,,,,,,,,,,,,,,,,,,,,,,,,,,,10,90,0.764239,-0.314315,1.109696,1.499835,0.616849,2.177800,4.531564,3.898429,11.483533,25.131273,17.800382,54.480450,0,,,,,,,,,,,,,,,,,,
epoch,1657065605.729289,UNSAFE,25.421575,76.600773,10.000000,20.000000,-56.600773,25.421575,21.737867,76.600773,23.310773,5.451310,5.162324,41,4,12.658297,5.753514,41,0,0,1000000000.000000,1,6,0,1.940701,H_LEVEL(1),,,,,,,,,,,,,,,,GNSS,GNSS,GNSS,1,25.421575,76.600773,25.421575,21.737867,76.600773,23.310773,5.451310,5.162324,41,0,2.069321,1.931560,1.940701,2.069321
worst_hyp,1657065605.729289,UNSAFE,,,,,,,,,,,,,,,,,,,,,,,,,,,10,90,-1.054424,0.433674,-1.531028,1.499845,0.616871,2.177781,4.531582,3.898429,11.483567,25.421575,17.919856,54.901810,0,,,,,,,,,,,,,,,,,,
epoch,1657065605.828305,UNSAFE,27.470496,74.374423,10.000000,20.000000,-54.374423,27.470496,22.673097,74.374423,23.310859,5.451310,5.162324,41,4,12.658335,5.753523,41,0,0,1000000000.000000,1,6,0,1.943441,H_LEVEL(1),,,,,,,,,,,,,,,,GNSS,GNSS,GNSS,1,27.470496,74.374423,27.470496,22.673097,74.374423,23.310859,5.451310,5.162324,41,0,2.075948,1.934502,1.943441,2.075948
worst_hyp,1657065605.828305,UNSAFE,,,,,,,,,,,,,,,,,,,,,,,,,,,10,90,3.103228,-1.276363,4.505832,1.499855,0.616893,2.177762,4.531600,3.898430,11.483600,27.470496,18.762660,57.876640,0,,,,,,,,,,,,,,,,,,
epoch,1657065605.928290,UNSAFE,24.626697,71.740286,10.000000,20.000000,-51.740286,24.626697,21.738918,71.740286,23.310944,5.451310,5.162324,41,4,12.658374,5.753533,41,0,0,1000000000.000000,1,6,0,1.947156,H_LEVEL(1),,,,,,,,,,,,,,,,GNSS,GNSS,GNSS,1,24.626697,71.740286,24.626697,21.738918,71.740286,23.310944,5.451310,5.162324,41,0,2.082034,1.938441,1.947156,2.082034
worst_hyp,1657065605.928290,UNSAFE,,,,,,,,,,,,,,,,,,,,,,,,,,,10,90,-0.259312,0.106659,-0.376511,1.499865,0.616915,2.177744,4.531618,3.898430,11.483634,24.626697,17.593071,53.747347,0,,,,,,,,,,,,,,,,,,
epoch,1657065606.028278,UNSAFE,25.180820,72.214813,10.000000,20.000000,-52.214813,25.180820,21.884223,72.214813,23.311030,5.451310,5.162324,41,4,12.658412,5.753542,41,0,0,1000000000.000000,1,6,0,1.973362,H_LEVEL(1),,,,,,,,,,,,,,,,GNSS,GNSS,GNSS,1,25.180820,72.214813,25.180820,21.884223,72.214813,23.311030,5.451310,5.162324,41,0,2.109137,1.964594,1.973362,2.109137
worst_hyp,1657065606.028278,UNSAFE,,,,,,,,,,,,,,,,,,,,,,,,,,,10,90,0.813318,-0.334539,1.180887,1.499874,0.616937,2.177725,4.531636,3.898430,11.483668,25.180820,17.821065,54.551750,0,,,,,,,,,,,,,,,,,,
epoch,1657065606.128274,UNSAFE,26.072719,69.154892,10.000000,20.000000,-49.154892,26.072719,21.955796,69.154892,23.311115,5.451310,5.162324,41,4,12.658450,5.753551,41,0,0,1000000000.000000,1,6,0,1.984344,H_LEVEL(1),,,,,,,,,,,,,,,,GNSS,GNSS,GNSS,1,26.072719,69.154892,26.072719,21.955796,69.154892,23.311115,5.451310,5.162324,41,0,2.120385,1.976004,1.984344,2.120385
worst_hyp,1657065606.128274,UNSAFE,,,,,,,,,,,,,,,,,,,,,,,,,,,10,90,-1.705100,0.701372,-2.475662,1.499884,0.616959,2.177706,4.531654,3.898430,11.483702,26.072719,18.188014,55.846552,0,,,,,,,,,,,,,,,,,,
epoch,1657065606.228234,UNSAFE,25.991646,74.995723,10.000000,20.000000,-54.995723,25.991646,21.126767,74.995723,23.311201,5.451310,5.162324,41,4,12.658488,5.753561,41,0,0,1000000000.000000,1,6,0,1.983572,H_LEVEL(1),,,,,,,,,,,,,,,,GNSS,GNSS,GNSS,1,25.991646,74.995723,25.991646,21.126767,74.995723,23.311201,5.451310,5.162324,41,0,2.117141,1.974975,1.983572,2.117141
worst_hyp,1657065606.228234,UNSAFE,,,,,,,,,,,,,,,,,,,,,,,,,,,10,90,-1.623910,0.667996,-2.357746,1.499894,0.616982,2.177687,4.531672,3.898430,11.483736,25.991646,18.154752,55.728663,0,,,,,,,,,,,,,,,,,,
epoch,1657065606.328211,UNSAFE,24.898218,70.851144,10.000000,20.000000,-50.851144,24.898218,21.576857,70.851144,23.311286,5.451310,5.162324,41,4,12.658526,5.753570,41,0,0,1000000000.000000,1,6,0,1.989533,H_LEVEL(1),,,,,,,,,,,,,,,,GNSS,GNSS,GNSS,1,24.898218,70.851144,24.898218,21.576857,70.851144,23.311286,5.451310,5.162324,41,0,2.121666,1.980712,1.989533,2.121666
worst_hyp,1657065606.328211,UNSAFE,,,,,,,,,,,,,,,,,,,,,,,,,,,10,90,-0.530365,0.218172,-0.770022,1.499904,0.617004,2.177668,4.531690,3.898430,11.483769,24.898218,17.705043,54.140966,0,,,,,,,,,,,,,,,,,,
epoch,1657065606.428218,UNSAFE,24.721783,69.996306,10.000000,20.000000,-49.996306,24.721783,21.169402,69.996306,23.311372,5.451310,5.162324,41,4,12.658565,5.753579,41,0,0,1000000000.000000,1,6,0,2.006132,H_LEVEL(1),,,,,,,,,,,,,,,,GNSS,GNSS,GNSS,1,24.721783,69.996306,24.721783,21.169402,69.996306,23.311372,5.451310,5.162324,41,0,2.140863,1.996895,2.006132,2.140863
worst_hyp,1657065606.428218,UNSAFE,,,,,,,,,,,,,,,,,,,,,,,,,,,10,90,0.353813,-0.145550,0.513683,1.499914,0.617026,2.177650,4.531708,3.898430,11.483803,24.721783,17.632536,53.884655,0,,,,,,,,,,,,,,,,,,
epoch,1657065606.528275,UNSAFE,25.381704,68.960432,10.000000,20.000000,-48.960432,25.381704,21.485975,68.960432,23.311458,5.451310,5.162324,41,4,12.658603,5.753589,41,0,0,1000000000.000000,1,6,0,2.034783,H_LEVEL(1),,,,,,,,,,,,,,,,GNSS,GNSS,GNSS,1,25.381704,68.960432,25.381704,21.485975,68.960432,23.311458,5.451310,5.162324,41,0,2.170314,2.025573,2.034783,2.170314
worst_hyp,1657065606.528275,UNSAFE,,,,,,,,,,,,,,,,,,,,,,,,,,,10,90,1.013617,-0.416988,1.471598,1.499924,0.617048,2.177631,4.531726,3.898430,11.483837,25.381704,17.904089,54.842596,0,,,,,,,,,,,,,,,,,,
epoch,1657065606.628233,UNSAFE,24.534741,74.491266,10.000000,20.000000,-54.491266,24.534741,21.298204,74.491266,23.311543,5.451310,5.162324,41,4,12.658641,5.753598,41,0,0,1000000000.000000,1,6,0,2.039863,H_LEVEL(1),,,,,,,,,,,,,,,,GNSS,GNSS,GNSS,1,24.534741,74.491266,24.534741,21.298204,74.491266,23.311543,5.451310,5.162324,41,0,2.176541,2.030202,2.039863,2.176541
worst_hyp,1657065606.628233,UNSAFE,,,,,,,,,,,,,,,,,,,,,,,,,,,10,90,0.166537,-0.068513,0.241779,1.499933,0.617070,2.177612,4.531744,3.898430,11.483871,24.534741,17.555729,53.612805,0,,,,,,,,,,,,,,,,,,
epoch,1657065606.728275,UNSAFE,24.435821,74.720575,10.000000,20.000000,-54.720575,24.435821,21.662940,74.720575,23.311629,5.451310,5.162324,41,4,12.658679,5.753608,41,0,0,1000000000.000000,1,6,0,2.047175,H_LEVEL(1),,,,,,,,,,,,,,,,GNSS,GNSS,GNSS,1,24.435821,74.720575,24.435821,21.662940,74.720575,23.311629,5.451310,5.162324,41,0,2.181572,2.037628,2.047175,2.181572
worst_hyp,1657065606.728275,UNSAFE,,,,,,,,,,,,,,,,,,,,,,,,,,,10,90,-0.067500,0.027770,-0.097995,1.499943,0.617092,2.177593,4.531762,3.898431,11.483905,24.435821,17.515101,53.469049,0,,,,,,,,,,,,,,,,,,
epoch,1657065606.828278,UNSAFE,25.075544,70.631481,10.000000,20.000000,-50.631481,25.075544,21.703513,70.631481,23.311714,5.451310,5.162324,41,4,12.658717,5.753617,41,0,0,1000000000.000000,1,6,0,2.035738,H_LEVEL(1),,,,,,,,,,,,,,,,GNSS,GNSS,GNSS,1,25.075544,70.631481,25.075544,21.703513,70.631481,23.311714,5.451310,5.162324,41,0,2.168518,2.026279,2.035738,2.168518
worst_hyp,1657065606.828278,UNSAFE,,,,,,,,,,,,,,,,,,,,,,,,,,,10,90,0.707106,-0.290920,1.026550,1.499953,0.617115,2.177575,4.531781,3.898431,11.483939,25.075544,17.778365,54.397631,0,,,,,,,,,,,,,,,,,,
epoch,1657065606.928294,UNSAFE,24.695325,68.904273,10.000000,20.000000,-48.904273,24.695325,21.265025,68.904273,23.311800,5.451310,5.162324,41,4,12.658756,5.753626,41,0,0,1000000000.000000,1,6,0,2.045210,H_LEVEL(1),,,,,,,,,,,,,,,,GNSS,GNSS,GNSS,1,24.695325,68.904273,24.695325,21.265025,68.904273,23.311800,5.451310,5.162324,41,0,2.183896,2.035215,2.045210,2.183896
worst_hyp,1657065606.928294,UNSAFE,,,,,,,,,,,,,,,,,,,,,,,,,,,10,90,0.326770,-0.134445,0.474385,1.499963,0.617137,2.177556,4.531799,3.898431,11.483973,24.695325,17.622005,53.845494,0,,,,,,,,,,,,,,,,,,
epoch,1657065607.028228,UNSAFE,25.964215,73.394549,10.000000,20.000000,-53.394549,25.964215,22.238560,73.394549,23.311886,5.451310,5.162324,41,4,12.658794,5.753636,41,0,0,1000000000.000000,1,6,0,2.058612,H_LEVEL(1),,,,,,,,,,,,,,,,GNSS,GNSS,GNSS,1,25.964215,73.394549,25.964215,22.238560,73.394549,23.311886,5.451310,5.162324,41,0,2.194083,2.048064,2.058612,2.194083
worst_hyp,1657065607.028228,UNSAFE,,,,,,,,,,,,,,,,,,,,,,,,,,,10,90,1.595543,-0.656481,2.316278,1.499973,0.617159,2.177537,4.531817,3.898431,11.484007,25.964215,18.144156,55.687414,0,,,,,,,,,,,,,,,,,,
epoch,1657065607.128220,UNSAFE,25.957792,74.489043,10.000000,20.000000,-54.489043,25.957792,21.459908,74.489043,23.311971,5.451310,5.162324,41,4,12.658832,5.753645,41,0,0,1000000000.000000,1,6,0,2.072046,H_LEVEL(1),,,,,,,,,,,,,,,,GNSS,GNSS,GNSS,1,25.957792,74.489043,25.957792,21.459908,74.489043,23.311971,5.451310,5.162324,41,0,2.205818,2.060791,2.072046,2.205818
worst_hyp,1657065607.128220,UNSAFE,,,,,,,,,,,,,,,,,,,,,,,,,,,10,90,1.589004,-0.653810,2.306750,1.499983,0.617181,2.177518,4.531835,3.898431,11.484040,25.957792,18.141600,55.677913,0,,,,,,,,,,,,,,,,,,
epoch,1657065607.228240,UNSAFE,25.826717,72.359194,10.000000,20.000000,-52.359194,25.826717,21.376559,72.359194,23.312057,5.451310,5.162324,41,4,12.658870,5.753654,41,0,0,1000000000.000000,1,6,0,2.095581,H_LEVEL(1),,,,,,,,,,,,,,,,GNSS,GNSS,GNSS,1,25.826717,72.359194,25.826717,21.376559,72.359194,23.312057,5.451310,5.162324,41,0,2.228869,2.084404,2.095581,2.228869
worst_hyp,1657065607.228240,UNSAFE,,,,,,,,,,,,,,,,,,,,,,,,,,,10,90,1.457811,-0.599847,2.116266,1.499992,0.617203,2.177500,4.531853,3.898431,11.484074,25.826717,18.087752,55.487457,0,,,,,,,,,,,,,,,,,,
epoch,1657065607.328274,UNSAFE,25.252367,73.396660,10.000000,20.000000,-53.396660,25.252367,21.191481,73.396660,23.312143,5.451310,5.162324,41,4,12.658909,5.753664,41,0,0,1000000000.000000,1,6,0,2.074879,H_LEVEL(1),,,,,,,,,,,,,,,,GNSS,GNSS,GNSS,1,25.252367,73.396660,25.252367,21.191481,73.396660,23.312143,5.451310,5.162324,41,0,2.208006,2.064027,2.074879,2.208006
worst_hyp,1657065607.328274,UNSAFE,,,,,,,,,,,,,,,,,,,,,,,,,,,10,90,-0.883344,0.363481,-1.282308,1.500002,0.617225,2.177481,4.531871,3.898431,11.484108,25.252367,17.851501,54.653527,0,,,,,,,,,,,,,,,,,,
epoch,1657065607.428308,UNSAFE,25.986199,75.649058,10.000000,20.000000,-55.649058,25.986199,22.720501,75.649058,23.312228,5.451310,5.162324,41,4,12.658947,5.753673,41,0,0,1000000000.000000,1,6,0,2.044228,H_LEVEL(1),,,,,,,,,,,,,,,,GNSS,GNSS,GNSS,1,25.986199,75.649058,25.986199,22.720501,75.649058,23.312228,5.451310,5.162324,41,0,2.177141,2.033349,2.044228,2.177141
worst_hyp,1657065607.428308,UNSAFE,,,,,,,,,,,,,,,,,,,,,,,,,,,10,90,1.617059,-0.665412,2.347372,1.500012,0.617248,2.177462,4.531889,3.898431,11.484142,25.986199,18.153547,55.718618,0,,,,,,,,,,,,,,,,,,
epoch,1657065607.528290,UNSAFE,25.216785,68.838581,10.000000,20.000000,-48.838581,25.216785,21.794979,68.838581,23.312314,5.451310,5.162324,41,4,12.658985,5.753683,41,0,0,1000000000.000000,1,6,0,2.053820,H_LEVEL(1),,,,,,,,,,,,,,,,GNSS,GNSS,GNSS,1,25.216785,68.838581,25.216785,21.794979,68.838581,23.312314,5.451310,5.162324,41,0,2.190616,2.042816,2.053820,2.190616
worst_hyp,1657065607.528290,UNSAFE,,,,,,,,,,,,,,,,,,,,,,,,,,,10,90,-0.847528,0.348764,-1.230278,1.500022,0.617270,2.177443,4.531907,3.898432,11.484176,25.216785,17.837014,54.601553,0,,,,,,,,,,,,,,,,,,
epoch,1657065607.628276,UNSAFE,25.081879,79.161935,10.000000,20.000000,-59.161935,25.081879,21.947686,79.161935,23.312400,5.451310,5.162324,41,4,12.659023,5.753692,41,0,0,1000000000.000000,1,6,0,2.062347,H_LEVEL(1),,,,,,,,,,,,,,,,GNSS,GNSS,GNSS,1,25.081879,79.161935,25.081879,21.947686,79.161935,23.312400,5.451310,5.162324,41,0,2.196438,2.051945,2.062347,2.196438
worst_hyp,1657065607.628276,UNSAFE,,,,,,,,,,,,,,,,,,,,,,,,,,,10,90,0.712505,-0.293210,1.034262,1.500032,0.617292,2.177425,4.531925,3.898432,11.484210,25.081879,17.781574,54.405564,0,,,,,,,,,,,,,,,,,,
epoch,1657065607.728274,UNSAFE,24.867030,70.908263,10.000000,20.000000,-50.908263,24.867030,21.467189,70.908263,23.312485,5.451310,5.162324,41,4,12.659062,5.753701,41,0,0,1000000000.000000,1,6,0,2.088716,H_LEVEL(1),,,,,,,,,,,,,,,,GNSS,GNSS,GNSS,1,24.867030,70.908263,24.867030,21.467189,70.908263,23.312485,5.451310,5.162324,41,0,2.227548,2.077911,2.088716,2.227548
worst_hyp,1657065607.728274,UNSAFE,,,,,,,,,,,,,,,,,,,,,,,,,,,6,21,-1.615525,-1.024708,1.063350,1.322919,0.839112,0.870755,4.476438,3.939645,11.309508,24.867030,19.809374,47.048290,0,,,,,,,,,,,,,,,,,,
epoch,1657065607.828218,UNSAFE,26.112649,75.528587,10.000000,20.000000,-55.528587,26.112649,22.001557,75.528587,23.312571,5.451310,5.162324,41,4,12.659100,5.753711,41,0,0,1000000000.000000,1,6,0,2.087943,H_LEVEL(1),,,,,,,,,,,,,,,,GNSS,GNSS,GNSS,1,26.112649,75.528587,26.112649,22.001557,75.528587,23.312571,5.451310,5.162324,41,0,2.225543,2.076999,2.087943,2.225543
worst_hyp,1657065607.828218,UNSAFE,,,,,,,,,,,,,,,,,,,,,,,,,,,10,90,1.743041,-0.717337,2.530097,1.500051,0.617336,2.177387,4.531961,3.898432,11.484278,26.112649,18.205932,55.901455,0,,,,,,,,,,,,,,,,,,
epoch,1657065607.928249,UNSAFE,25.881788,70.107416,10.000000,20.000000,-50.107416,25.881788,21.380616,70.107416,23.312656,5.451310,5.162324,41,4,12.659138,5.753720,41,0,0,1000000000.000000,1,6,0,2.069303,H_LEVEL(1),,,,,,,,,,,,,,,,GNSS,GNSS,GNSS,1,25.881788,70.107416,25.881788,21.380616,70.107416,23.312656,5.451310,5.162324,41,0,2.202097,2.057874,2.069303,2.202097
worst_hyp,1657065607.928249,UNSAFE,,,,,,,,,,,,,,,,,,,,,,,,,,,10,90,-1.512063,0.622298,-2.194789,1.500061,0.617358,2.177368,4.531979,3.898432,11.484312,25.881788,18.111007,55.566175,0,,,,,,,,,,,,,,,,,,
epoch,1657065608.028231,UNSAFE,24.442231,70.359889,10.000000,20.000000,-50.359889,24.442231,21.679106,70.359889,23.312742,5.451310,5.162324,41,4,12.659177,5.753729,41,0,0,1000000000.000000,1,6,0,2.078490,H_LEVEL(1),,,,,,,,,,,,,,,,GNSS,GNSS,GNSS,1,24.442231,70.359889,24.442231,21.679106,70.359889,23.312742,5.451310,5.162324,41,0,2.215539,2.067161,2.078490,2.215539
worst_hyp,1657065608.028231,UNSAFE,,,,,,,,,,,,,,,,,,,,,,,,,,,10,90,0.072389,-0.029793,0.105073,1.500071,0.617381,2.177350,4.531997,3.898432,11.484346,24.442231,17.518618,53.476487,0,,,,,,,,,,,,,,,,,,
epoch,1657065608.128291,UNSAFE,25.199609,72.992568,10.000000,20.000000,-52.992568,25.199609,22.631713,72.992568,23.312828,5.451310,5.162324,41,4,12.659215,5.753739,41,0,0,1000000000.000000,1,6,0,2.087814,H_LEVEL(1),,,,,,,,,,,,,,,,GNSS,GNSS,GNSS,1,25.199609,72.992568,25.199609,22.631713,72.992568,23.312828,5.451310,5.162324,41,0,2.225613,2.076672,2.087814,2.225613
worst_hyp,1657065608.128291,UNSAFE,,,,,,,,,,,,,,,,,,,,,,,,,,,10,90,-0.829650,0.341467,-1.204217,1.500081,0.617403,2.177331,4.532016,3.898432,11.484380,25.199609,17.830406,54.575659,0,,,,,,,,,,,,,,,,,,
epoch,1657065608.228271,UNSAFE,25.772075,70.389574,10.000000,20.000000,-50.389574,25.772075,21.451677,70.389574,23.312914,5.451310,5.162324,41,4,12.659253,5.753748,41,0,0,1000000000.000000,1,6,0,2.116226,H_LEVEL(1),,,,,,,,,,,,,,,,GNSS,GNSS,GNSS,1,25.772075,70.389574,25.772075,21.451677,70.389574,23.312914,5.451310,5.162324,41,0,2.257830,2.104913,2.116226,2.257830
worst_hyp,1657065608.228271,UNSAFE,,,,,,,,,,,,,,,,,,,,,,,,,,,10,90,1.401999,-0.577051,2.034937,1.500091,0.617425,2.177312,4.532034,3.898432,11.484414,25.772075,18.066106,55.406407,0,,,,,,,,,,,,,,,,,,
epoch,1657065608.328277,UNSAFE,25.021379,69.408665,10.000000,20.000000,-49.408665,25.021379,21.302341,69.408665,23.312999,5.451310,5.162324,41,4,12.659292,5.753758,41,0,0,1000000000.000000,1,6,0,2.128845,H_LEVEL(1),,,,,,,,,,,,,,,,GNSS,GNSS,GNSS,1,25.021379,69.408665,25.021379,21.302341,69.408665,23.312999,5.451310,5.162324,41,0,2.271734,2.117466,2.128845,2.271734
worst_hyp,1657065608.328277,UNSAFE,,,,,,,,,,,,,,,,,,,,,,,,,,,10,90,-0.651186,0.268031,-0.945153,1.500100,0.617447,2.177293,4.532052,3.898432,11.484448,25.021379,17.757200,54.316651,0,,,,,,,,,,,,,,,,,,
epoch,1657065608.428293,UNSAFE,25.865308,79.549216,10.000000,20.000000,-59.549216,25.865308,22.172702,79.549216,23.313085,5.451310,5.162324,41,4,12.659330,5.753767,41,0,0,1000000000.000000,1,6,0,2.147066,H_LEVEL(1),,,,,,,,,,,,,,,,GNSS,GNSS,GNSS,1,25.865308,79.549216,25.865308,22.172702,79.549216,23.313085,5.451310,5.162324,41,0,2.284996,2.135869,2.147066,2.284996
worst_hyp,1657065608.428293,UNSAFE,,,,,,,,,,,,,,,,,,,,,,,,,,,10,90,1.494998,-0.615365,2.169856,1.500110,0.617469,2.177275,4.532070,3.898433,11.484482,25.865308,18.104649,55.541382,0,,,,,,,,,,,,,,,,,,
epoch,1657065608.528270,UNSAFE,26.500689,71.943421,10.000000,20.000000,-51.943421,26.500689,21.381029,71.943421,23.313171,5.451310,5.162324,41,4,12.659368,5.753776,41,0,0,1000000000.000000,1,6,0,2.143866,H_LEVEL(1),,,,,,,,,,,,,,,,GNSS,GNSS,GNSS,1,26.500689,71.943421,26.500689,21.381029,71.943421,23.313171,5.451310,5.162324,41,0,2.283214,2.132296,2.143866,2.283214
worst_hyp,1657065608.528270,UNSAFE,,,,,,,,,,,,,,,,,,,,,,,,,,,10,90,-2.130262,0.876876,-3.091837,1.500120,0.617491,2.177256,4.532088,3.898433,11.484516,26.500689,18.366275,56.463391,0,,,,,,,,,,,,,,,,,,
epoch,1657065608.628294,UNSAFE,25.115410,69.397071,10.000000,20.000000,-49.397071,25.115410,21.914009,69.397071,23.313256,5.451310,5.162324,41,4,12.659407,5.753786,41,0,0,1000000000.000000,1,6,0,2.164759,H_LEVEL(1),,,,,,,,,,,,,,,,GNSS,GNSS,GNSS,1,25.115410,69.397071,25.115410,21.914009,69.397071,23.313256,5.451310,5.162324,41,0,2.304021,2.153049,2.164759,2.304021
worst_hyp,1657065608.628294,UNSAFE,,,,,,,,,,,,,,,,,,,,,,,,,,,10,90,0.744867,-0.306617,1.081074,1.500130,0.617514,2.177237,4.532106,3.898433,11.484550,25.115410,17.796131,54.452656,0,,,,,,,,,,,,,,,,,,
epoch,1657065608.728252,UNSAFE,26.012288,73.799785,10.000000,20.000000,-53.799785,26.012288,21.215580,73.799785,23.313342,5.451310,5.162324,41,4,12.659445,5.753795,41,0,0,1000000000.000000,1,6,0,2.181923,H_LEVEL(1),,,,,,,,,,,,,,,,GNSS,GNSS,GNSS,1,26.012288,73.799785,26.012288,21.215580,73.799785,23.313342,5.451310,5.162324,41,0,2.328852,2.170246,2.181923,2.328852
worst_hyp,1657065608.728252,UNSAFE,,,,,,,,,,,,,,,,,,,,,,,,,,,10,90,1.641628,-0.675780,2.382567,1.500140,0.617536,2.177219,4.532124,3.898433,11.484584,26.012288,18.165408,55.754177,0,,,,,,,,,,,,,,,,,,
epoch,1657065608.828258,UNSAFE,25.379689,76.255262,10.000000,20.000000,-56.255262,25.379689,22.230443,76.255262,23.313428,5.451310,5.162324,41,4,12.659484,5.753804,41,0,0,1000000000.000000,1,6,0,2.178048,H_LEVEL(1),,,,,,,,,,,,,,,,GNSS,GNSS,GNSS,1,25.379689,76.255262,25.379689,22.230443,76.255262,23.313428,5.451310,5.162324,41,0,2.322892,2.167122,2.178048,2.322892
worst_hyp,1657065608.828258,UNSAFE,,,,,,,,,,,,,,,,,,,,,,,,,,,6,21,2.127021,1.349438,-1.402341,1.323009,0.839352,0.872257,4.476630,3.939659,11.310044,25.379689,20.135394,47.397004,0,,,,,,,,,,,,,,,,,,
epoch,1657065608.928272,UNSAFE,24.887542,69.586456,10.000000,20.000000,-49.586456,24.887542,21.181810,69.586456,23.313513,5.451310,5.162324,41,4,12.659522,5.753814,41,0,0,1000000000.000000,1,6,0,2.182238,H_LEVEL(1),,,,,,,,,,,,,,,,GNSS,GNSS,GNSS,1,24.887542,69.586456,24.887542,21.181810,69.586456,23.313513,5.451310,5.162324,41,0,2.326269,2.170880,2.182238,2.326269
worst_hyp,1657065608.928272,UNSAFE,,,,,,,,,,,,,,,,,,,,,,,,,,,10,90,0.516647,-0.212691,0.749810,1.500159,0.617580,2.177181,4.532160,3.898433,11.484652,24.887542,17.702550,54.121477,0,,,,,,,,,,,,,,,,,,
epoch,1657065609.028252,UNSAFE,25.391496,75.357795,10.000000,20.000000,-55.357795,25.391496,21.865313,75.357795,23.313599,5.451310,5.162324,41,4,12.659560,5.753823,41,0,0,1000000000.000000,1,6,0,2.197409,H_LEVEL(1),,,,,,,,,,,,,,,,GNSS,GNSS,GNSS,1,25.391496,75.357795,25.391496,21.865313,75.357795,23.313599,5.451310,5.162324,41,0,2.348668,2.185596,2.197409,2.348668
worst_hyp,1657065609.028252,UNSAFE,,,,,,,,,,,,,,,,,,,,,,,,,,,10,90,1.020484,-0.420122,1.481006,1.500169,0.617602,2.177162,4.532178,3.898433,11.484686,25.391496,17.910095,54.852702,0,,,,,,,,,,,,,,,,,,
epoch,1657065609.128255,UNSAFE,24.749371,74.420301,10.000000,20.000000,-54.420301,24.749371,21.384047,74.420301,23.313685,5.451310,5.162324,41,4,12.659599,5.753833,41,0,0,1000000000.000000,1,6,0,2.228794,H_LEVEL(1),,,,,,,,,,,,,,,,GNSS,GNSS,GNSS,1,24.749371,74.420301,24.749371,21.384047,74.420301,23.313685,5.451310,5.162324,41,0,2.379681,2.216728,2.228794,2.379681
worst_hyp,1657065609.128255,UNSAFE,,,,,,,,,,,,,,,,,,,,,,,,,,,10,90,0.378243,-0.155723,0.548927,1.500179,0.617624,2.177144,4.532196,3.898433,11.484721,24.749371,17.645811,53.920651,0,,,,,,,,,,,,,,,,,,
epoch,1657065609.228222,UNSAFE,26.669246,70.761829,10.000000,20.000000,-50.761829,26.669246,21.772782,70.761829,23.313771,5.451310,5.162324,41,4,12.659637,5.753842,41,0,0,1000000000.000000,1,6,0,2.229873,H_LEVEL(1),,,,,,,,,,,,,,,,GNSS,GNSS,GNSS,1,26.669246,70.761829,26.669246,21.772782,70.761829,23.313771,5.451310,5.162324,41,0,2.383093,2.217554,2.229873,2.383093
worst_hyp,1657065609.228222,UNSAFE,,,,,,,,,,,,,,,,,,,,,,,,,,,10,90,-2.298001,0.946116,-3.334937,1.500189,0.617647,2.177125,4.532214,3.898434,11.484755,26.669246,18.436319,56.706690,0,,,,,,,,,,,,,,,,,,
epoch,1657065609.328247,UNSAFE,25.254753,73.085546,10.000000,20.000000,-53.085546,25.254753,21.339016,73.085546,23.313856,5.451310,5.162324,41,4,12.659676,5.753851,41,0,0,1000000000.000000,1,6,0,2.235702,H_LEVEL(1),,,,,,,,,,,,,,,,GNSS,GNSS,GNSS,1,25.254753,73.085546,25.254753,21.339016,73.085546,23.313856,5.451310,5.162324,41,0,2.387799,2.223277,2.235702,2.387799
worst_hyp,1657065609.328247,UNSAFE,,,,,,,,,,,,,,,,,,,,,,,,,,,10,90,0.883390,-0.363714,1.281987,1.500198,0.617669,2.177106,4.532233,3.898434,11.484789,25.254753,17.854032,54.653769,0,,,,,,,,,,,,,,,,,,
epoch,1657065609.428502,UNSAFE,25.207755,71.848169,10.000000,20.000000,-51.848169,25.207755,21.883947,71.848169,23.313942,5.451310,5.162324,41,4,12.659714,5.753861,41,0,0,1000000000.000000,1,6,0,2.270249,H_LEVEL(1),,,,,,,,,,,,,,,,GNSS,GNSS,GNSS,1,25.207755,71.848169,25.207755,21.883947,71.848169,23.313942,5.451310,5.162324,41,0,2.424904,2.258324,2.270249,2.424904
worst_hyp,1657065609.428502,UNSAFE,,,,,,,,,,,,,,,,,,,,,,,,,,,10,90,-0.836275,0.344325,-1.213595,1.500208,0.617691,2.177088,4.532251,3.898434,11.484823,25.207755,17.834758,54.585405,0,,,,,,,,,,,,,,,,,,
epoch,1657065609.528275,UNSAFE,25.097675,70.380623,10.000000,20.000000,-50.380623,25.097675,22.188005,70.380623,23.314028,5.451310,5.162324,41,4,12.659752,5.753870,41,0,0,1000000000.000000,1,6,0,2.294953,H_LEVEL(1),,,,,,,,,,,,,,,,GNSS,GNSS,GNSS,1,25.097675,70.380623,25.097675,22.188005,70.380623,23.314028,5.451310,5.162324,41,0,2.450571,2.282685,2.294953,2.450571
worst_hyp,1657065609.528275,UNSAFE,,,,,,,,,,,,,,,,,,,,,,,,,,,10,90,0.726079,-0.298962,1.053663,1.500218,0.617713,2.177069,4.532269,3.898434,11.484857,25.097675,17.789510,54.425501,0,,,,,,,,,,,,,,,,,,
epoch,1657065609.628273,UNSAFE,26.239217,72.502165,10.000000,20.000000,-52.502165,26.239217,21.697037,72.502165,23.314114,5.451310,5.162324,41,4,12.659791,5.753880,41,0,0,1000000000.000000,1,6,0,2.299051,H_LEVEL(1),,,,,,,,,,,,,,,,GNSS,GNSS,GNSS,1,26.239217,72.502165,26.239217,21.697037,72.502165,23.314114,5.451310,5.162324,41,0,2.450477,2.287154,2.299051,2.450477
worst_hyp,1657065609.628273,UNSAFE,,,,,,,,,,,,,,,,,,,,,,,,,,,10,90,-1.867503,0.768965,-2.710021,1.500228,0.617735,2.177050,4.532287,3.898434,11.484891,26.239217,18.259628,56.081889,0,,,,,,,,,,,,,,,,,,
epoch,1657065609.728273,UNSAFE,24.904949,75.682646,10.000000,20.000000,-55.682646,24.904949,21.348602,75.682646,23.314199,5.451310,5.162324,41,4,12.659829,5.753889,41,0,0,1000000000.000000,1,6,0,2.291505,H_LEVEL(1),,,,,,,,,,,,,,,,GNSS,GNSS,GNSS,1,24.904949,75.682646,24.904949,21.348602,75.682646,23.314199,5.451310,5.162324,41,0,2.451200,2.278947,2.291505,2.451200
worst_hyp,1657065609.728273,UNSAFE,,,,,,,,,,,,,,,,,,,,,,,,,,,10,90,-0.533119,0.219524,-0.773622,1.500238,0.617758,2.177032,4.532305,3.898434,11.484925,24.904949,17.710302,54.145518,0,,,,,,,,,,,,,,,,,,
epoch,1657065609.828269,UNSAFE,25.360155,68.902270,10.000000,20.000000,-48.902270,25.360155,22.713078,68.902270,23.314285,5.451310,5.162324,41,4,12.659868,5.753898,41,0,0,1000000000.000000,1,6,0,2.350819,H_LEVEL(1),,,,,,,,,,,,,,,,GNSS,GNSS,GNSS,1,25.360155,68.902270,25.360155,22.713078,68.902270,23.314285,5.451310,5.162324,41,0,2.511463,2.338520,2.350819,2.511463
worst_hyp,1657065609.828269,UNSAFE,,,,,,,,,,,,,,,,,,,,,,,,,,,10,90,0.988207,-0.406929,1.433990,1.500247,0.617780,2.177013,4.532323,3.898434,11.484959,25.360155,17.897822,54.805916,0,,,,,,,,,,,,,,,,,,
epoch,1657065609.928278,UNSAFE,25.336109,75.221410,10.000000,20.000000,-55.221410,25.336109,21.108953,75.221410,23.314371,5.451310,5.162324,41,4,12.659906,5.753908,41,0,0,1000000000.000000,1,6,0,2.359934,H_LEVEL(1),,,,,,,,,,,,,,,,GNSS,GNSS,GNSS,1,25.336109,75.221410,25.336109,21.108953,75.221410,23.314371,5.451310,5.162324,41,0,2.523977,2.347697,2.359934,2.523977
worst_hyp,1657065609.928278,UNSAFE,,,,,,,,,,,,,,,,,,,,,,,,,,,10,90,-0.964045,0.396991,-1.398907,1.500257,0.617802,2.176994,4.532341,3.898434,11.484994,25.336109,17.887999,54.770861,0,,,,,,,,,,,,,,,,,,
epoch,1657065610.028271,UNSAFE,25.395257,69.098649,10.000000,20.000000,-49.098649,25.395257,21.432414,69.098649,23.314457,5.451310,5.162324,41,4,12.659945,5.753917,41,0,0,1000000000.000000,1,6,0,2.343925,H_LEVEL(1),,,,,,,,,,,,,,,,GNSS,GNSS,GNSS,1,25.395257,69.098649,25.395257,21.432414,69.098649,23.314457,5.451310,5.162324,41,0,2.507944,2.331201,2.343925,2.507944
worst_hyp,1657065610.028271,UNSAFE,,,,,,,,,,,,,,,,,,,,,,,,,,,10,90,-1.023076,0.421312,-1.484544,1.500267,0.617824,2.176976,4.532359,3.898434,11.485028,25.395257,17.912435,54.856526,0,,,,,,,,,,,,,,,,,,
epoch,1657065610.128293,UNSAFE,24.626481,69.277716,10.000000,20.000000,-49.277716,24.626481,21.415409,69.277716,23.314542,5.451310,5.162324,41,4,12.659983,5.753927,41,0,0,1000000000.000000,1,6,0,2.365467,H_LEVEL(1),,,,,,,,,,,,,,,,GNSS,GNSS,GNSS,1,24.626481,69.277716,24.626481,21.415409,69.277716,23.314542,5.451310,5.162324,41,0,2.530353,2.352330,2.365467,2.530353
worst_hyp,1657065610.128293,UNSAFE,,,,,,,,,,,,,,,,,,,,,,,,,,,10,90,0.254182,-0.104678,0.368828,1.500277,0.617846,2.176957,4.532377,3.898435,11.485062,24.626481,17.595915,53.740840,0,,,,,,,,,,,,,,,,,,
epoch,1657065610.228279,UNSAFE,25.257208,73.140154,10.000000,20.000000,-53.140154,25.257208,22.338846,73.140154,23.314628,5.451310,5.162324,41,4,12.660022,5.753936,41,0,0,1000000000.000000,1,6,0,2.398063,H_LEVEL(1),,,,,,,,,,,,,,,,GNSS,GNSS,GNSS,1,25.257208,73.140154,25.257208,22.338846,73.140154,23.314628,5.451310,5.162324,41,0,2.562747,2.384777,2.398063,2.562747
worst_hyp,1657065610.228279,UNSAFE,,,,,,,,,,,,,,,,,,,,,,,,,,,10,90,-0.884793,0.364388,-1.283848,1.500287,0.617868,2.176938,4.532395,3.898435,11.485096,25.257208,17.855740,54.655889,0,,,,,,,,,,,,,,,,,,
epoch,1657065610.328290,UNSAFE,25.862307,72.007209,10.000000,20.000000,-52.007209,25.862307,21.613180,72.007209,23.314714,5.451310,5.162324,41,4,12.660060,5.753945,41,0,0,1000000000.000000,1,6,0,2.373811,H_LEVEL(1),,,,,,,,,,,,,,,,GNSS,GNSS,GNSS,1,25.862307,72.007209,25.862307,21.613180,72.007209,23.314714,5.451310,5.162324,41,0,2.533052,2.361376,2.373811,2.533052
worst_hyp,1657065610.328290,UNSAFE,,,,,,,,,,,,,,,,,,,,,,,,,,,10,90,-1.489775,0.613557,-2.161653,1.500296,0.617891,2.176919,4.532413,3.898435,11.485130,25.862307,18.105024,55.533723,0,,,,,,,,,,,,,,,,,,
epoch,1657065610.428276,UNSAFE,25.236205,70.916012,10.000000,20.000000,-50.916012,25.236205,21.367178,70.916012,23.314800,5.451310,5.162324,41,4,12.660099,5.753955,41,0,0,1000000000.000000,1,6,0,2.379687,H_LEVEL(1),,,,,,,,,,,,,,,,GNSS,GNSS,GNSS,1,25.236205,70.916012,25.236205,21.367178,70.916012,23.314800,5.451310,5.162324,41,0,2.552432,2.366129,2.379687,2.552432
worst_hyp,1657065610.428276,UNSAFE,,,,,,,,,,,,,,,,,,,,,,,,,,,10,90,0.863556,-0.355662,1.252995,1.500306,0.617913,2.176901,4.532432,3.898435,11.485165,25.236205,17.847244,54.625094,0,,,,,,,,,,,,,,,,,,
epoch,1657065610.528228,UNSAFE,25.776115,76.216680,10.000000,20.000000,-56.216680,25.776115,22.165300,76.216680,23.314886,5.451310,5.162324,41,4,12.660137,5.753964,41,0,0,1000000000.000000,1,6,0,2.412655,H_LEVEL(1),,,,,,,,,,,,,,,,GNSS,GNSS,GNSS,1,25.776115,76.216680,25.776115,22.165300,76.216680,23.314886,5.451310,5.162324,41,0,2.584736,2.399341,2.412655,2.584736
worst_hyp,1657065610.528228,UNSAFE,,,,,,,,,,,,,,,,,,,,,,,,,,,10,90,-1.403349,0.577997,-2.036188,1.500316,0.617935,2.176882,4.532450,3.898435,11.485199,25.776115,18.069694,55.408316,0,,,,,,,,,,,,,,,,,,
epoch,1657065610.628249,UNSAFE,25.363142,73.298181,10.000000,20.000000,-53.298181,25.363142,21.601020,73.298181,23.314971,5.451310,5.162324,41,4,12.660176,5.753974,41,0,0,1000000000.000000,1,6,0,2.415491,H_LEVEL(1),,,,,,,,,,,,,,,,GNSS,GNSS,GNSS,1,25.363142,73.298181,25.363142,21.601020,73.298181,23.314971,5.451310,5.162324,41,0,2.577972,2.403254,2.415491,2.577972
worst_hyp,1657065610.628249,UNSAFE,,,,,,,,,,,,,,,,,,,,,,,,,,,10,90,0.990259,-0.407870,1.436793,1.500326,0.617957,2.176863,4.532468,3.898435,11.485233,25.363142,17.899681,54.808950,0,,,,,,,,,,,,,,,,,,
epoch,1657065610.728239,UNSAFE,26.174606,72.256574,10.000000,20.000000,-52.256574,26.174606,21.994360,72.256574,23.315057,5.451310,5.162324,41,4,12.660214,5.753983,41,0,0,1000000000.000000,1,6,0,2.413885,H_LEVEL(1),,,,,,,,,,,,,,,,GNSS,GNSS,GNSS,1,26.174606,72.256574,26.174606,21.994360,72.256574,23.315057,5.451310,5.162324,41,0,2.578177,2.401538,2.413885,2.578177
worst_hyp,1657065610.728239,UNSAFE,,,,,,,,,,,,,,,,,,,,,,,,,,,10,90,-1.801606,0.742071,-2.613960,1.500336,0.617979,2.176845,4.532486,3.898435,11.485267,26.174606,18.233997,55.986146,0,,,,,,,,,,,,,,,,,,
epoch,1657065610.828218,UNSAFE,25.455975,69.204941,10.000000,20.000000,-49.204941,25.455975,21.547215,69.204941,23.315143,5.451310,5.162324,41,4,12.660253,5.753992,41,0,0,1000000000.000000,1,6,0,2.438833,H_LEVEL(1),,,,,,,,,,,,,,,,GNSS,GNSS,GNSS,1,25.455975,69.204941,25.455975,21.547215,69.204941,23.315143,5.451310,5.162324,41,0,2.610240,2.426332,2.438833,2.610240
worst_hyp,1657065610.828218,UNSAFE,,,,,,,,,,,,,,,,,,,,,,,,,,,10,90,-1.082858,0.446036,-1.571101,1.500345,0.618001,2.176826,4.532504,3.898435,11.485301,25.455975,17.938077,54.943316,0,,,,,,,,,,,,,,,,,,
epoch,1657065610.928222,UNSAFE,24.704378,73.404023,10.000000,20.000000,-53.404023,24.704378,21.754167,73.404023,23.315229,5.451310,5.162324,41,4,12.660291,5.754002,41,0,0,1000000000.000000,1,6,0,2.480884,H_LEVEL(1),,,,,,,,,,,,,,,,GNSS,GNSS,GNSS,1,24.704378,73.404023,24.704378,21.754167,73.404023,23.315229,5.451310,5.162324,41,0,2.644893,2.468338,2.480884,2.644893
worst_hyp,1657065610.928222,UNSAFE,,,,,,,,,,,,,,,,,,,,,,,,,,,6,21,1.449487,0.919976,-0.958665,1.323179,0.839810,0.875128,4.476996,3.939686,11.311069,24.704378,19.708394,46.971907,0,,,,,,,,,,,,,,,,,,
epoch,1657065611.028280,UNSAFE,25.774339,74.627887,10.000000,20.000000,-54.627887,25.774339,22.076777,74.627887,23.315315,5.451310,5.162324,41,4,12.660330,5.754011,41,0,0,1000000000.000000,1,6,0,2.503721,H_LEVEL(1),,,,,,,,,,,,,,,,GNSS,GNSS,GNSS,1,25.774339,74.627887,25.774339,22.076777,74.627887,23.315315,5.451310,5.162324,41,0,2.668752,2.491263,2.503721,2.668752
worst_hyp,1657065611.028280,UNSAFE,,,,,,,,,,,,,,,,,,,,,,,,,,,10,90,-1.400988,0.577109,-2.032609,1.500365,0.618046,2.176789,4.532540,3.898436,11.485370,25.774339,18.069381,55.404883,0,,,,,,,,,,,,,,,,,,
epoch,1657065611.128303,UNSAFE,24.942617,69.945862,10.000000,20.000000,-49.945862,24.942617,22.485084,69.945862,23.315400,5.451310,5.162324,41,4,12.660369,5.754021,41,0,0,1000000000.000000,1,6,0,2.479131,H_LEVEL(1),,,,,,,,,,,,,,,,GNSS,GNSS,GNSS,1,24.942617,69.945862,24.942617,22.485084,69.945862,23.315400,5.451310,5.162324,41,0,2.644022,2.466217,2.479131,2.644022
worst_hyp,1657065611.128303,UNSAFE,,,,,,,,,,,,,,,,,,,,,,,,,,,10,90,-0.569149,0.234457,-0.825732,1.500375,0.618068,2.176770,4.532558,3.898436,11.485404,24.942617,17.726843,54.198036,0,,,,,,,,,,,,,,,,,,
epoch,1657065611.228246,UNSAFE,24.425156,72.911157,10.000000,20.000000,-52.911157,24.425156,21.290610,72.911157,23.315486,5.451310,5.162324,41,4,12.660407,5.754030,41,0,0,1000000000.000000,1,6,0,2.483169,H_LEVEL(1),,,,,,,,,,,,,,,,GNSS,GNSS,GNSS,1,24.425156,72.911157,24.425156,21.290610,72.911157,23.315486,5.451310,5.162324,41,0,2.669379,2.468339,2.483169,2.669379
worst_hyp,1657065611.228246,UNSAFE,,,,,,,,,,,,,,,,,,,,,,,,,,,10,90,-0.051571,0.021245,-0.074819,1.500385,0.618090,2.176751,4.532576,3.898436,11.485438,24.425156,17.513746,53.447152,0,,,,,,,,,,,,,,,,,,
epoch,1657065611.328280,UNSAFE,26.184210,71.758501,10.000000,20.000000,-51.758501,26.184210,21.352413,71.758501,23.315572,5.451310,5.162324,41,4,12.660446,5.754039,41,0,0,1000000000.000000,1,7,0,2.518559,H_LEVEL(1),,,,,,,,,,,,,,,,GNSS,GNSS,GNSS,1,26.184210,71.758501,26.184210,21.352413,71.758501,23.315572,5.451310,5.162324,41,0,2.679056,2.502239,2.518559,2.679056
worst_hyp,1657065611.328280,UNSAFE,,,,,,,,,,,,,,,,,,,,,,,,,,,10,90,-1.810509,0.745869,-2.626639,1.500394,0.618112,2.176733,4.532594,3.898436,11.485473,26.184210,18.238485,55.999001,0,,,,,,,,,,,,,,,,,,
epoch,1657065611.428276,UNSAFE,25.087256,79.163613,10.000000,20.000000,-59.163613,25.087256,21.445391,79.163613,23.315658,5.451310,5.162324,41,4,12.660484,5.754049,41,0,0,1000000000.000000,1,7,0,2.534670,H_LEVEL(1),,,,,,,,,,,,,,,,GNSS,GNSS,GNSS,1,25.087256,79.163613,25.087256,21.445391,79.163613,23.315658,5.451310,5.162324,41,0,2.696182,2.522277,2.534670,2.696182
worst_hyp,1657065611.428276,UNSAFE,,,,,,,,,,,,,,,,,,,,,,,,,,,10,90,0.713437,-0.293921,1.035020,1.500404,0.618134,2.176714,4.532612,3.898436,11.485507,25.087256,17.786652,54.407412,0,,,,,,,,,,,,,,,,,,
epoch,1657065611.528221,UNSAFE,25.107157,72.899986,10.000000,20.000000,-52.899986,25.107157,22.128877,72.899986,23.315744,5.451310,5.162324,41,4,12.660523,5.754058,41,0,0,1000000000.000000,1,7,0,2.512476,H_LEVEL(1),,,,,,,,,,,,,,,,GNSS,GNSS,GNSS,1,25.107157,72.899986,25.107157,22.128877,72.899986,23.315744,5.451310,5.162324,41,0,2.675796,2.501060,2.512476,2.675796
worst_hyp,1657065611.528221,UNSAFE,,,,,,,,,,,,,,,,,,,,,,,,,,,10,90,0.733222,-0.302081,1.063707,1.500414,0.618157,2.176696,4.532631,3.898436,11.485541,25.107157,17.794926,54.436128,0,,,,,,,,,,,,,,,,,,
epoch,1657065611.628325,UNSAFE,25.629504,74.000667,10.000000,20.000000,-54.000667,25.629504,21.317555,74.000667,23.315830,5.451310,5.162324,41,4,12.660562,5.754068,41,0,0,1000000000.000000,1,7,0,2.526552,H_LEVEL(1),,,,,,,,,,,,,,,,GNSS,GNSS,GNSS,1,25.629504,74.000667,25.629504,21.317555,74.000667,23.315830,5.451310,5.162324,41,0,2.688432,2.513170,2.526552,2.688432
worst_hyp,1657065611.628325,UNSAFE,,,,,,,,,,,,,,,,,,,,,,,,,,,10,90,-1.255452,0.517250,-1.821295,1.500424,0.618179,2.176677,4.532649,3.898436,11.485576,25.629504,18.010211,55.193746,0,,,,,,,,,,,,,,,,,,
epoch,1657065611.728300,UNSAFE,24.599111,70.224299,10.000000,20.000000,-50.224299,24.599111,21.526580,70.224299,23.315915,5.451310,5.162324,41,4,12.660600,5.754077,41,0,0,1000000000.000000,1,7,0,2.565818,H_LEVEL(1),,,,,,,,,,,,,,,,GNSS,GNSS,GNSS,1,24.599111,70.224299,24.599111,21.526580,70.224299,23.315915,5.451310,5.162324,41,0,2.758057,2.553439,2.565818,2.758057
worst_hyp,1657065611.728300,UNSAFE,,,,,,,,,,,,,,,,,,,,,,,,,,,10,90,0.224941,-0.092679,0.326319,1.500433,0.618201,2.176658,4.532667,3.898437,11.485610,24.599111,17.585755,53.698800,0,,,,,,,,,,,,,,,,,,
epoch,1657065611.828276,UNSAFE,24.613879,72.443961,10.000000,20.000000,-52.443961,24.613879,21.407997,72.443961,23.316001,5.451310,5.162324,41,4,12.660639,5.754086,41,0,0,1000000000.000000,1,7,0,2.567005,H_LEVEL(1),,,,,,,,,,,,,,,,GNSS,GNSS,GNSS,1,24.613879,72.443961,24.613879,21.407997,72.443961,23.316001,5.451310,5.162324,41,0,2.744025,2.555239,2.567005,2.744025
worst_hyp,1657065611.828276,UNSAFE,,,,,,,,,,,,,,,,,,,,,,,,,,,6,21,-1.358034,-0.862086,0.899393,1.323252,0.840006,0.876358,4.477153,3.939698,11.311510,24.613879,19.651559,46.920605,0,,,,,,,,,,,,,,,,,,
epoch,1657065611.928275,UNSAFE,25.546602,76.622280,10.000000,20.000000,-56.622280,25.546602,21.387987,76.622280,23.316087,5.451310,5.162324,41,4,12.660677,5.754096,41,0,0,1000000000.000000,1,7,0,2.564369,H_LEVEL(1),,,,,,,,,,,,,,,,GNSS,GNSS,GNSS,1,25.546602,76.622280,25.546602,21.387987,76.622280,23.316087,5.451310,5.162324,41,0,2.718062,2.555025,2.564369,2.718062
worst_hyp,1657065611.928275,UNSAFE,,,,,,,,,,,,,,,,,,,,,,,,,,,6,21,-2.290652,-1.454143,1.517271,1.323260,0.840027,0.876495,4.477170,3.939699,11.311559,25.546602,20.243734,47.539368,0,,,,,,,,,,,,,,,,,,
epoch,1657065612.028289,UNSAFE,24.440566,69.279461,10.000000,20.000000,-49.279461,24.440566,21.821614,69.279461,23.316173,5.451310,5.162324,41,4,12.660716,5.754105,41,0,0,1000000000.000000,1,7,0,2.570066,H_LEVEL(1),,,,,,,,,,,,,,,,GNSS,GNSS,GNSS,1,24.440566,69.279461,24.440566,21.821614,69.279461,23.316173,5.451310,5.162324,41,0,2.737436,2.558669,2.570066,2.737436
worst_hyp,1657065612.028289,UNSAFE,,,,,,,,,,,,,,,,,,,,,,,,,,,10,90,-0.066046,0.027214,-0.095807,1.500463,0.618267,2.176602,4.532721,3.898437,11.485713,24.440566,17.520635,53.468378,0,,,,,,,,,,,,,,,,,,
epoch,1657065612.128245,UNSAFE,25.631578,71.601283,10.000000,20.000000,-51.601283,25.631578,21.349800,71.601283,23.316259,5.451310,5.162324,41,4,12.660755,5.754115,41,0,0,1000000000.000000,1,7,0,2.617734,H_LEVEL(1),,,,,,,,,,,,,,,,GNSS,GNSS,GNSS,1,25.631578,71.601283,25.631578,21.349800,71.601283,23.316259,5.451310,5.162324,41,0,2.781696,2.606605,2.617734,2.781696
worst_hyp,1657065612.128245,UNSAFE,,,,,,,,,,,,,,,,,,,,,,,,,,,10,90,1.256941,-0.517939,1.823317,1.500473,0.618290,2.176584,4.532739,3.898437,11.485747,25.631578,18.011475,55.195917,0,,,,,,,,,,,,,,,,,,
epoch,1657065612.228286,UNSAFE,27.194858,75.415185,10.000000,20.000000,-55.415185,27.194858,21.756340,75.415185,23.316345,5.451310,5.162324,41,4,12.660793,5.754124,41,0,0,1000000000.000000,1,7,0,2.669211,H_LEVEL(1),,,,,,,,,,,,,,,,GNSS,GNSS,GNSS,1,27.194858,75.415185,27.194858,21.756340,75.415185,23.316345,5.451310,5.162324,41,0,2.817549,2.658283,2.669211,2.817549
worst_hyp,1657065612.228286,UNSAFE,,,,,,,,,,,,,,,,,,,,,,,,,,,10,90,2.820104,-1.162096,4.090778,1.500482,0.618312,2.176565,4.532757,3.898437,11.485782,27.194858,18.655746,57.463408,0,,,,,,,,,,,,,,,,,,
epoch,1657065612.328218,UNSAFE,26.778075,70.231658,10.000000,20.000000,-50.231658,26.778075,22.376129,70.231658,23.316431,5.451310,5.162324,41,4,12.660832,5.754134,41,0,0,1000000000.000000,1,7,0,2.649571,H_LEVEL(1),,,,,,,,,,,,,,,,GNSS,GNSS,GNSS,1,26.778075,70.231658,26.778075,22.376129,70.231658,23.316431,5.451310,5.162324,41,0,2.791012,2.638948,2.649571,2.791012
worst_hyp,1657065612.328218,UNSAFE,,,,,,,,,,,,,,,,,,,,,,,,,,,10,90,2.403204,-0.990330,3.485980,1.500492,0.618334,2.176546,4.532775,3.898437,11.485816,26.778075,18.484095,56.858640,0,,,,,,,,,,,,,,,,,,
epoch,1657065612.428272,UNSAFE,24.958393,69.325136,10.000000,20.000000,-49.325136,24.958393,21.926604,69.325136,23.316517,5.451310,5.162324,41,4,12.660871,5.754143,41,0,0,1000000000.000000,1,7,0,2.631938,H_LEVEL(1),,,,,,,,,,,,,,,,GNSS,GNSS,GNSS,1,24.958393,69.325136,24.958393,21.926604,69.325136,23.316517,5.451310,5.162324,41,0,2.767777,2.621295,2.631938,2.767777
worst_hyp,1657065612.428272,UNSAFE,,,,,,,,,,,,,,,,,,,,,,,,,,,10,90,0.583405,-0.240421,0.846249,1.500502,0.618356,2.176528,4.532793,3.898437,11.485850,24.958393,17.734301,54.218939,0,,,,,,,,,,,,,,,,,,
epoch,1657065612.528278,UNSAFE,24.455573,71.677993,10.000000,20.000000,-51.677993,24.455573,21.891602,71.677993,23.316602,5.451310,5.162324,41,4,12.660909,5.754152,41,0,0,1000000000.000000,1,7,0,2.648056,H_LEVEL(1),,,,,,,,,,,,,,,,GNSS,GNSS,GNSS,1,24.455573,71.677993,24.455573,21.891602,71.677993,23.316602,5.451310,5.162324,41,0,2.783078,2.637189,2.648056,2.783078
worst_hyp,1657065612.528278,UNSAFE,,,,,,,,,,,,,,,,,,,,,,,,,,,6,21,-1.198987,-0.761227,0.794893,1.323309,0.840158,0.877315,4.477275,3.939707,11.311854,24.455573,19.551520,46.822306,0,,,,,,,,,,,,,,,,,,
epoch,1657065612.628215,UNSAFE,25.090077,79.256012,10.000000,20.000000,-59.256012,25.090077,21.807351,79.256012,23.316688,5.451310,5.162324,41,4,12.660948,5.754162,41,0,0,1000000000.000000,1,7,0,2.679638,H_LEVEL(1),,,,,,,,,,,,,,,,GNSS,GNSS,GNSS,1,25.090077,79.256012,25.090077,21.807351,79.256012,23.316688,5.451310,5.162324,41,0,2.816294,2.668627,2.679638,2.816294
worst_hyp,1657065612.628215,UNSAFE,,,,,,,,,,,,,,,,,,,,,,,,,,,10,90,0.714855,-0.294609,1.036890,1.500522,0.618400,2.176491,4.532830,3.898438,11.485919,25.090077,17.788719,54.409640,0,,,,,,,,,,,,,,,,,,
epoch,1657065612.728286,UNSAFE,25.375287,71.102527,10.000000,20.000000,-51.102527,25.375287,21.577751,71.102527,23.316774,5.451310,5.162324,41,4,12.660987,5.754171,41,0,0,1000000000.000000,1,7,0,2.682788,H_LEVEL(1),,,,,,,,,,,,,,,,GNSS,GNSS,GNSS,1,25.375287,71.102527,25.375287,21.577751,71.102527,23.316774,5.451310,5.162324,41,0,2.811392,2.671920,2.682788,2.811392
worst_hyp,1657065612.728286,UNSAFE,,,,,,,,,,,,,,,,,,,,,,,,,,,10,90,-0.999949,0.412115,-1.450393,1.500531,0.618423,2.176472,4.532848,3.898438,11.485954,25.375287,17.906340,54.823173,0,,,,,,,,,,,,,,,,,,
epoch,1657065612.828258,UNSAFE,25.717026,69.347073,10.000000,20.000000,-49.347073,25.717026,21.194915,69.347073,23.316860,5.451310,5.162324,41,4,12.661026,5.754181,41,0,0,1000000000.000000,1,7,0,2.663660,H_LEVEL(1),,,,,,,,,,,,,,,,GNSS,GNSS,GNSS,1,25.717026,69.347073,25.717026,21.194915,69.347073,23.316860,5.451310,5.162324,41,0,2.778110,2.654459,2.663660,2.778110
worst_hyp,1657065612.828258,UNSAFE,,,,,,,,,,,,,,,,,,,,,,,,,,,10,90,1.341571,-0.552926,1.945876,1.500541,0.618445,2.176453,4.532866,3.898438,11.485988,25.717026,18.047265,55.318686,0,,,,,,,,,,,,,,,,,,
epoch,1657065612.928293,UNSAFE,24.907775,69.148926,10.000000,20.000000,-49.148926,24.907775,21.482378,69.148926,23.316946,5.451310,5.162324,41,4,12.661064,5.754190,41,0,0,1000000000.000000,1,7,0,2.670523,H_LEVEL(1),,,,,,,,,,,,,,,,GNSS,GNSS,GNSS,1,24.907775,69.148926,24.907775,21.482378,69.148926,23.316946,5.451310,5.162324,41,0,2.798048,2.659487,2.670523,2.798048
worst_hyp,1657065612.928293,UNSAFE,,,,,,,,,,,,,,,,,,,,,,,,,,,10,90,0.532203,-0.219353,0.771920,1.500551,0.618467,2.176435,4.532884,3.898438,11.486022,24.907775,17.713807,54.144760,0,,,,,,,,,,,,,,,,,,
epoch,1657065613.028270,UNSAFE,24.682037,70.122206,10.000000,20.000000,-50.122206,24.682037,21.401741,70.122206,23.317032,5.451310,5.162324,41,4,12.661103,5.754199,41,0,0,1000000000.000000,1,7,0,2.693739,H_LEVEL(1),,,,,,,,,,,,,,,,GNSS,GNSS,GNSS,1,24.682037,70.122206,24.682037,21.401741,70.122206,23.317032,5.451310,5.162324,41,0,2.825311,2.682285,2.693739,2.825311
worst_hyp,1657065613.028270,UNSAFE,,,,,,,,,,,,,,,,,,,,,,,,,,,10,90,0.306348,-0.126268,0.444328,1.500561,0.618489,2.176416,4.532902,3.898438,11.486057,24.682037,17.620838,53.817198,0,,,,,,,,,,,,,,,,,,
epoch,1657065613.128254,UNSAFE,24.771400,73.639212,10.000000,20.000000,-53.639212,24.771400,22.091091,73.639212,23.317118,5.451310,5.162324,41,4,12.661142,5.754209,41,0,0,1000000000.000000,1,7,0,2.713410,H_LEVEL(1),,,,,,,,,,,,,,,,GNSS,GNSS,GNSS,1,24.771400,73.639212,24.771400,22.091091,73.639212,23.317118,5.451310,5.162324,41,0,2.843088,2.702083,2.713410,2.843088
worst_hyp,1657065613.128254,UNSAFE,,,,,,,,,,,,,,,,,,,,,,,,,,,10,90,0.395594,-0.163058,0.573762,1.500570,0.618511,2.176397,4.532920,3.898438,11.486091,24.771400,17.657742,53.946663,0,,,,,,,,,,,,,,,,,,
epoch,1657065613.228276,UNSAFE,24.505810,72.388479,10.000000,20.000000,-52.388479,24.505810,21.280833,72.388479,23.317204,5.451310,5.162324,41,4,12.661180,5.754218,41,0,0,1000000000.000000,1,7,0,2.707644,H_LEVEL(1),,,,,,,,,,,,,,,,GNSS,GNSS,GNSS,1,24.505810,72.388479,24.505810,21.280833,72.388479,23.317204,5.451310,5.162324,41,0,2.834747,2.696340,2.707644,2.834747
worst_hyp,1657065613.228276,UNSAFE,,,,,,,,,,,,,,,,,,,,,,,,,,,10,90,0.129888,-0.053539,0.188384,1.500580,0.618533,2.176379,4.532938,3.898438,11.486126,24.505810,17.548339,53.561315,0,,,,,,,,,,,,,,,,,,
epoch,1657065613.328318,UNSAFE,26.802701,73.523357,10.000000,20.000000,-53.523357,26.802701,21.904558,73.523357,23.317290,5.451310,5.162324,41,4,12.661219,5.754228,41,0,0,1000000000.000000,1,7,0,2.722039,H_LEVEL(1),,,,,,,,,,,,,,,,GNSS,GNSS,GNSS,1,26.802701,73.523357,26.802701,21.904558,73.523357,23.317290,5.451310,5.162324,41,0,2.835887,2.712907,2.722039,2.835887
worst_hyp,1657065613.328318,UNSAFE,,,,,,,,,,,,,,,,,,,,,,,,,,,10,90,2.426662,-1.000290,3.519476,1.500590,0.618556,2.176360,4.532956,3.898439,11.486160,26.802701,18.495204,56.892437,0,,,,,,,,,,,,,,,,,,
epoch,1657065613.428288,UNSAFE,25.020666,70.102813,10.000000,20.000000,-50.102813,25.020666,22.047775,70.102813,23.317376,5.451310,5.162324,41,4,12.661258,5.754237,41,0,0,1000000000.000000,1,7,0,2.712532,H_LEVEL(1),,,,,,,,,,,,,,,,GNSS,GNSS,GNSS,1,25.020666,70.102813,25.020666,22.047775,70.102813,23.317376,5.451310,5.162324,41,0,2.828346,2.703443,2.712532,2.828346
worst_hyp,1657065613.428288,UNSAFE,,,,,,,,,,,,,,,,,,,,,,,,,,,10,90,0.644509,-0.265680,0.934741,1.500600,0.618578,2.176342,4.532975,3.898439,11.486195,25.020666,17.760709,54.307733,0,,,,,,,,,,,,,,,,,,
epoch,1657065613.528286,UNSAFE,24.446662,70.990147,10.000000,20.000000,-50.990147,24.446662,21.941290,70.990147,23.317462,5.451310,5.162324,41,4,12.661297,5.754247,41,0,0,1000000000.000000,1,7,0,2.710576,H_LEVEL(1),,,,,,,,,,,,,,,,GNSS,GNSS,GNSS,1,24.446662,70.990147,24.446662,21.941290,70.990147,23.317462,5.451310,5.162324,41,0,2.833411,2.701540,2.710576,2.833411
worst_hyp,1657065613.528286,UNSAFE,,,,,,,,,,,,,,,,,,,,,,,,,,,10,90,-0.070389,0.029016,-0.102084,1.500609,0.618600,2.176323,4.532993,3.898439,11.486229,24.446662,17.524161,53.475106,0,,,,,,,,,,,,,,,,,,
epoch,1657065613.628264,UNSAFE,24.577221,72.677771,10.000000,20.000000,-52.677771,24.577221,22.066239,72.677771,23.317548,5.451310,5.162324,41,4,12.661335,5.754256,41,0,0,1000000000.000000,1,7,0,2.727081,H_LEVEL(1),,,,,,,,,,,,,,,,GNSS,GNSS,GNSS,1,24.577221,72.677771,24.577221,22.066239,72.677771,23.317548,5.451310,5.162324,41,0,2.861213,2.715610,2.727081,2.861213
worst_hyp,1657065613.628264,UNSAFE,,,,,,,,,,,,,,,,,,,,,,,,,,,10,90,-0.200831,0.082791,-0.291259,1.500619,0.618622,2.176304,4.533011,3.898439,11.486264,24.577221,17.578050,53.664312,0,,,,,,,,,,,,,,,,,,
epoch,1657065613.728297,UNSAFE,24.946006,69.222489,10.000000,20.000000,-49.222489,24.946006,22.521396,69.222489,23.317634,5.451310,5.162324,41,4,12.661374,5.754265,41,0,0,1000000000.000000,1,7,0,2.770047,H_LEVEL(1),,,,,,,,,,,,,,,,GNSS,GNSS,GNSS,1,24.946006,69.222489,24.946006,22.521396,69.222489,23.317634,5.451310,5.162324,41,0,2.891233,2.760991,2.770047,2.891233
worst_hyp,1657065613.728297,UNSAFE,,,,,,,,,,,,,,,,,,,,,,,,,,,6,21,1.688150,1.072047,-1.121205,1.323406,0.840419,0.878956,4.477484,3.939722,11.312444,24.946006,19.863745,47.159255,0,,,,,,,,,,,,,,,,,,
epoch,1657065613.828230,UNSAFE,26.405561,74.711384,10.000000,20.000000,-54.711384,26.405561,21.825038,74.711384,23.317720,5.451310,5.162324,41,4,12.661413,5.754275,41,0,0,1000000000.000000,1,7,0,2.794727,H_LEVEL(1),,,,,,,,,,,,,,,,GNSS,GNSS,GNSS,1,26.405561,74.711384,26.405561,21.825038,74.711384,23.317720,5.451310,5.162324,41,0,2.915427,2.785736,2.794727,2.915427
worst_hyp,1657065613.828230,UNSAFE,,,,,,,,,,,,,,,,,,,,,,,,,,,10,90,-2.028937,0.836467,-2.942419,1.500639,0.618667,2.176267,4.533047,3.898439,11.486333,26.405561,18.331956,56.315533,0,,,,,,,,,,,,,,,,,,
epoch,1657065613.928310,UNSAFE,24.636809,70.132144,10.000000,20.000000,-50.132144,24.636809,21.531073,70.132144,23.317806,5.451310,5.162324,41,4,12.661452,5.754284,41,0,0,1000000000.000000,1,7,0,2.807518,H_LEVEL(1),,,,,,,,,,,,,,,,GNSS,GNSS,GNSS,1,24.636809,70.132144,24.636809,21.531073,70.132144,23.317806,5.451310,5.162324,41,0,2.929377,2.798793,2.807518,2.929377
worst_hyp,1657065613.928310,UNSAFE,,,,,,,,,,,,,,,,,,,,,,,,,,,10,90,0.260068,-0.107221,0.377152,1.500649,0.618689,2.176249,4.533065,3.898439,11.486367,24.636809,17.602825,53.750297,0,,,,,,,,,,,,,,,,,,
epoch,1657065614.028276,UNSAFE,25.066465,76.613046,10.000000,20.000000,-56.613046,25.066465,21.723739,76.613046,23.317891,5.451310,5.162324,41,4,12.661491,5.754294,41,0,0,1000000000.000000,1,7,0,2.800659,H_LEVEL(1),,,,,,,,,,,,,,,,GNSS,GNSS,GNSS,1,25.066465,76.613046,25.066465,21.723739,76.613046,23.317891,5.451310,5.162324,41,0,2.921365,2.791736,2.800659,2.921365
worst_hyp,1657065614.028276,UNSAFE,,,,,,,,,,,,,,,,,,,,,,,,,,,10,90,0.689607,-0.284320,1.000057,1.500658,0.618711,2.176230,4.533083,3.898440,11.486402,25.066465,17.780039,54.373232,0,,,,,,,,,,,,,,,,,,
epoch,1657065614.128309,UNSAFE,24.822512,70.132123,10.000000,20.000000,-50.132123,24.822512,21.527601,70.132123,23.317977,5.451310,5.162324,41,4,12.661529,5.754303,41,0,0,1000000000.000000,1,7,0,2.817660,H_LEVEL(1),,,,,,,,,,,,,,,,GNSS,GNSS,GNSS,1,24.822512,70.132123,24.822512,21.527601,70.132123,23.317977,5.451310,5.162324,41,0,2.938703,2.808701,2.817660,2.938703
worst_hyp,1657065614.128309,UNSAFE,,,,,,,,,,,,,,,,,,,,,,,,,,,10,90,-0.445537,0.183697,-0.646100,1.500668,0.618733,2.176212,4.533101,3.898440,11.486436,24.822512,17.679531,54.019307,0,,,,,,,,,,,,,,,,,,
epoch,1657065614.228272,UNSAFE,25.480384,71.263718,10.000000,20.000000,-51.263718,25.480384,21.386299,71.263718,23.318063,5.451310,5.162324,41,4,12.661568,5.754313,41,0,0,1000000000.000000,1,7,0,2.810731,H_LEVEL(1),,,,,,,,,,,,,,,,GNSS,GNSS,GNSS,1,25.480384,71.263718,25.480384,21.386299,71.263718,23.318063,5.451310,5.162324,41,0,2.931967,2.801833,2.810731,2.931967
worst_hyp,1657065614.228272,UNSAFE,,,,,,,,,,,,,,,,,,,,,,,,,,,10,90,1.103293,-0.454907,1.599929,1.500678,0.618755,2.176193,4.533119,3.898440,11.486471,25.480384,17.950855,54.973166,0,,,,,,,,,,,,,,,,,,
epoch,1657065614.328275,UNSAFE,24.836391,71.922081,10.000000,20.000000,-51.922081,24.836391,21.463495,71.922081,23.318149,5.451310,5.162324,41,4,12.661607,5.754322,41,0,0,1000000000.000000,1,7,0,2.797061,H_LEVEL(1),,,,,,,,,,,,,,,,GNSS,GNSS,GNSS,1,24.836391,71.922081,24.836391,21.463495,71.922081,23.318149,5.451310,5.162324,41,0,2.919709,2.788218,2.797061,2.919709
worst_hyp,1657065614.328275,UNSAFE,,,,,,,,,,,,,,,,,,,,,,,,,,,10,90,0.459182,-0.189334,0.665869,1.500688,0.618777,2.176174,4.533138,3.898440,11.486505,24.836391,17.685398,54.039137,0,,,,,,,,,,,,,,,,,,
epoch,1657065614.428234,UNSAFE,26.412985,71.841280,10.000000,20.000000,-51.841280,26.412985,21.153313,71.841280,23.318235,5.451310,5.162324,41,4,12.661646,5.754331,41,0,0,1000000000.000000,1,7,0,2.786730,H_LEVEL(1),,,,,,,,,,,,,,,,GNSS,GNSS,GNSS,1,26.412985,71.841280,26.412985,21.153313,71.841280,23.318235,5.451310,5.162324,41,0,2.910998,2.777863,2.786730,2.910998
worst_hyp,1657065614.428234,UNSAFE,,,,,,,,,,,,,,,,,,,,,,,,,,,10,90,-2.035659,0.839387,-2.951902,1.500697,0.618800,2.176156,4.533156,3.898440,11.486540,26.412985,18.335565,56.325201,0,,,,,,,,,,,,,,,,,,
epoch,1657065614.528273,UNSAFE,25.570468,75.459445,10.000000,20.000000,-55.459445,25.570468,21.172729,75.459445,23.318321,5.451310,5.162324,41,4,12.661685,5.754341,41,0,0,1000000000.000000,1,7,0,2.789473,H_LEVEL(1),,,,,,,,,,,,,,,,GNSS,GNSS,GNSS,1,25.570468,75.459445,25.570468,21.172729,75.459445,23.318321,5.451310,5.162324,41,0,2.926620,2.777888,2.789473,2.926620
worst_hyp,1657065614.528273,UNSAFE,,,,,,,,,,,,,,,,,,,,,,,,,,,10,90,1.193026,-0.491948,1.729977,1.500707,0.618822,2.176137,4.533174,3.898440,11.486575,25.570468,17.988242,55.103306,0,,,,,,,,,,,,,,,,,,
epoch,1657065614.628232,UNSAFE,26.475646,74.243828,10.000000,20.000000,-54.243828,26.475646,22.693634,74.243828,23.318407,5.451310,5.162324,41,4,12.661724,5.754350,41,0,0,1000000000.000000,1,7,0,2.807401,H_LEVEL(1),,,,,,,,,,,,,,,,GNSS,GNSS,GNSS,1,26.475646,74.243828,26.475646,22.693634,74.243828,23.318407,5.451310,5.162324,41,0,2.949971,2.795756,2.807401,2.949971
worst_hyp,1657065614.628232,UNSAFE,,,,,,,,,,,,,,,,,,,,,,,,,,,10,90,-2.098087,0.865179,-3.042337,1.500717,0.618844,2.176119,4.533192,3.898440,11.486609,26.475646,18.361587,56.415697,0,,,,,,,,,,,,,,,,,,
epoch,1657065614.728220,UNSAFE,25.300475,71.016902,10.000000,20.000000,-51.016902,25.300475,21.463007,71.016902,23.318493,5.451310,5.162324,41,4,12.661762,5.754360,41,0,0,1000000000.000000,1,7,0,2.814178,H_LEVEL(1),,,,,,,,,,,,,,,,GNSS,GNSS,GNSS,1,25.300475,71.016902,25.300475,21.463007,71.016902,23.318493,5.451310,5.162324,41,0,2.959639,2.802582,2.814178,2.959639
worst_hyp,1657065614.728220,UNSAFE,,,,,,,,,,,,,,,,,,,,,,,,,,,10,90,0.922799,-0.380542,1.338087,1.500727,0.618866,2.176100,4.533210,3.898440,11.486644,25.300475,17.877065,54.711479,0,,,,,,,,,,,,,,,,,,
epoch,1657065614.828237,UNSAFE,24.379280,71.463489,10.000000,20.000000,-51.463489,24.379280,21.369035,71.463489,23.318579,5.451310,5.162324,41,4,12.661801,5.754369,41,0,0,1000000000.000000,1,7,0,2.814839,H_LEVEL(1),,,,,,,,,,,,,,,,GNSS,GNSS,GNSS,1,24.379280,71.463489,24.379280,21.369035,71.463489,23.318579,5.451310,5.162324,41,0,2.960048,2.803052,2.814839,2.960048
worst_hyp,1657065614.828237,UNSAFE,,,,,,,,,,,,,,,,,,,,,,,,,,,10,90,0.001487,-0.000613,0.002156,1.500736,0.618888,2.176081,4.533228,3.898441,11.486678,24.379280,17.497251,53.375579,0,,,,,,,,,,,,,,,,,,
epoch,1657065614.928280,UNSAFE,25.139424,74.517157,10.000000,20.000000,-54.517157,25.139424,21.958337,74.517157,23.318665,5.451310,5.162324,41,4,12.661840,5.754379,41,0,0,1000000000.000000,1,7,0,2.808186,H_LEVEL(1),,,,,,,,,,,,,,,,GNSS,GNSS,GNSS,1,25.139424,74.517157,25.139424,21.958337,74.517157,23.318665,5.451310,5.162324,41,0,2.953347,2.796289,2.808186,2.953347
worst_hyp,1657065614.928280,UNSAFE,,,,,,,,,,,,,,,,,,,,,,,,,,,10,90,0.761514,-0.314050,1.104186,1.500746,0.618910,2.176063,4.533246,3.898441,11.486713,25.139424,17.810803,54.477640,0,,,,,,,,,,,,,,,,,,
epoch,1657065615.028283,UNSAFE,24.415309,73.633611,10.000000,20.000000,-53.633611,24.415309,21.632389,73.633611,23.318751,5.451310,5.162324,41,4,12.661879,5.754388,41,0,0,1000000000.000000,1,7,0,2.803113,H_LEVEL(1),,,,,,,,,,,,,,,,GNSS,GNSS,GNSS,1,24.415309,73.633611,24.415309,21.632389,73.633611,23.318751,5.451310,5.162324,41,0,2.948069,2.791141,2.803113,2.948069
worst_hyp,1657065615.028283,UNSAFE,,,,,,,,,,,,,,,,,,,,,,,,,,,10,90,0.037282,-0.015376,0.054058,1.500756,0.618933,2.176044,4.533264,3.898441,11.486748,24.415309,17.512244,53.427543,0,,,,,,,,,,,,,,,,,,
epoch,1657065615.128286,UNSAFE,26.791478,71.705911,10.000000,20.000000,-51.705911,26.791478,23.139122,71.705911,23.318837,5.451310,5.162324,41,4,12.661918,5.754397,41,0,0,1000000000.000000,1,7,0,2.799541,H_LEVEL(1),,,,,,,,,,,,,,,,GNSS,GNSS,GNSS,1,26.791478,71.705911,26.791478,23.139122,71.705911,23.318837,5.451310,5.162324,41,0,2.943668,2.790135,2.799541,2.943668
worst_hyp,1657065615.128286,UNSAFE,,,,,,,,,,,,,,,,,,,,,,,,,,,10,90,2.413335,-0.995322,3.499200,1.500766,0.618955,2.176026,4.533283,3.898441,11.486782,26.791478,18.492305,56.872716,0,,,,,,,,,,,,,,,,,,
epoch,1657065615.228269,UNSAFE,25.002539,71.486063,10.000000,20.000000,-51.486063,25.002539,21.439258,71.486063,23.318923,5.451310,5.162324,41,4,12.661957,5.754407,41,0,0,1000000000.000000,1,7,0,2.811884,H_LEVEL(1),,,,,,,,,,,,,,,,GNSS,GNSS,GNSS,1,25.002539,71.486063,25.002539,21.439258,71.486063,23.318923,5.451310,5.162324,41,0,2.941144,2.803081,2.811884,2.941144
worst_hyp,1657065615.228269,UNSAFE,,,,,,,,,,,,,,,,,,,,,,,,,,,10,90,-0.624279,0.257476,-0.905156,1.500775,0.618977,2.176007,4.533301,3.898441,11.486817,25.002539,17.754574,54.278703,0,,,,,,,,,,,,,,,,,,
epoch,1657065615.328279,UNSAFE,25.376010,69.078583,10.000000,20.000000,-49.078583,25.376010,21.195839,69.078583,23.319009,5.451310,5.162324,41,4,12.661996,5.754416,41,0,0,1000000000.000000,1,7,0,2.822109,H_LEVEL(1),,,,,,,,,,,,,,,,GNSS,GNSS,GNSS,1,25.376010,69.078583,25.376010,21.195839,69.078583,23.319009,5.451310,5.162324,41,0,2.951186,2.813222,2.822109,2.951186
worst_hyp,1657065615.328279,UNSAFE,,,,,,,,,,,,,,,,,,,,,,,,,,,10,90,0.997633,-0.411474,1.446469,1.500785,0.618999,2.175989,4.533319,3.898441,11.486851,25.376010,17.908687,54.820047,0,,,,,,,,,,,,,,,,,,
epoch,1657065615.428280,UNSAFE,24.421121,69.544815,10.000000,20.000000,-49.544815,24.421121,21.237119,69.544815,23.319096,5.451310,5.162324,41,4,12.662035,5.754426,41,0,0,1000000000.000000,1,7,0,2.836078,H_LEVEL(1),,,,,,,,,,,,,,,,GNSS,GNSS,GNSS,1,24.421121,69.544815,24.421121,21.237119,69.544815,23.319096,5.451310,5.162324,41,0,2.964488,2.826926,2.836078,2.964488
worst_hyp,1657065615.428280,UNSAFE,,,,,,,,,,,,,,,,,,,,,,,,,,,10,90,-0.042627,0.017582,-0.061804,1.500795,0.619021,2.175970,4.533337,3.898441,11.486886,24.421121,17.514910,53.435414,0,,,,,,,,,,,,,,,,,,
epoch,1657065615.528272,UNSAFE,25.190992,78.306273,10.000000,20.000000,-58.306273,25.190992,21.884584,78.306273,23.319182,5.451310,5.162324,41,4,12.662074,5.754435,41,0,0,1000000000.000000,1,7,0,2.840242,H_LEVEL(1),,,,,,,,,,,,,,,,GNSS,GNSS,GNSS,1,25.190992,78.306273,25.190992,21.884584,78.306273,23.319182,5.451310,5.162324,41,0,2.969112,2.831012,2.840242,2.969112
worst_hyp,1657065615.528272,UNSAFE,,,,,,,,,,,,,,,,,,,,,,,,,,,10,90,-0.812381,0.335086,-1.177835,1.500805,0.619043,2.175952,4.533355,3.898441,11.486921,25.190992,17.832529,54.551477,0,,,,,,,,,,,,,,,,,,
epoch,1657065615.628226,UNSAFE,25.754126,74.398549,10.000000,20.000000,-54.398549,25.754126,21.987978,74.398549,23.319268,5.451310,5.162324,41,4,12.662112,5.754445,41,0,0,1000000000.000000,1,7,0,2.850012,H_LEVEL(1),,,,,,,,,,,,,,,,GNSS,GNSS,GNSS,1,25.754126,74.398549,25.754126,21.987978,74.398549,23.319268,5.451310,5.162324,41,0,2.979126,2.840580,2.850012,2.979126
worst_hyp,1657065615.628226,UNSAFE,,,,,,,,,,,,,,,,,,,,,,,,,,,10,90,1.375399,-0.567333,1.994101,1.500815,0.619066,2.175933,4.533373,3.898442,11.486955,25.754126,18.064891,55.367774,0,,,,,,,,,,,,,,,,,,
epoch,1657065615.728279,UNSAFE,24.953969,75.090628,10.000000,20.000000,-55.090628,24.953969,21.503047,75.090628,23.319354,5.451310,5.162324,41,4,12.662151,5.754454,41,0,0,1000000000.000000,1,7,0,2.814916,H_LEVEL(1),,,,,,,,,,,,,,,,GNSS,GNSS,GNSS,1,24.953969,75.090628,24.953969,21.503047,75.090628,23.319354,5.451310,5.162324,41,0,2.945411,2.806215,2.814916,2.945411
worst_hyp,1657065615.728279,UNSAFE,,,,,,,,,,,,,,,,,,,,,,,,,,,10,90,-0.575124,0.237238,-0.833822,1.500824,0.619088,2.175914,4.533391,3.898442,11.486990,24.953969,17.734910,54.207527,0,,,,,,,,,,,,,,,,,,
epoch,1657065615.828263,UNSAFE,25.279703,71.275491,10.000000,20.000000,-51.275491,25.279703,21.595633,71.275491,23.319440,5.451310,5.162324,41,4,12.662190,5.754463,41,0,0,1000000000.000000,1,7,0,2.809090,H_LEVEL(1),,,,,,,,,,,,,,,,GNSS,GNSS,GNSS,1,25.279703,71.275491,25.279703,21.595633,71.275491,23.319440,5.451310,5.162324,41,0,2.940985,2.800461,2.809090,2.940985
worst_hyp,1657065615.828263,UNSAFE,,,,,,,,,,,,,,,,,,,,,,,,,,,10,90,-0.900742,0.371565,-1.305887,1.500834,0.619110,2.175896,4.533409,3.898442,11.487025,25.279703,17.869353,54.679623,0,,,,,,,,,,,,,,,,,,
epoch,1657065615.928381,UNSAFE,25.528165,69.037309,10.000000,20.000000,-49.037309,25.528165,22.352856,69.037309,23.319526,5.451310,5.162324,41,4,12.662229,5.754473,41,0,0,1000000000.000000,1,7,0,2.811662,H_LEVEL(1),,,,,,,,,,,,,,,,GNSS,GNSS,GNSS,1,25.528165,69.037309,25.528165,22.352856,69.037309,23.319526,5.451310,5.162324,41,0,2.944077,2.803546,2.811662,2.944077
worst_hyp,1657065615.928381,UNSAFE,,,,,,,,,,,,,,,,,,,,,,,,,,,10,90,-1.149086,0.474024,-1.665910,1.500844,0.619132,2.175877,4.533428,3.898442,11.487060,25.528165,17.971927,55.039678,0,,,,,,,,,,,,,,,,,,
epoch,1657065616.028434,UNSAFE,26.459691,73.565236,10.000000,20.000000,-53.565236,26.459691,22.549977,73.565236,23.319612,5.451310,5.162324,41,4,12.662268,5.754482,41,0,0,1000000000.000000,1,7,0,2.810100,H_LEVEL(1),,,,,,,,,,,,,,,,GNSS,GNSS,GNSS,1,26.459691,73.565236,26.459691,22.549977,73.565236,23.319612,5.451310,5.162324,41,0,2.942908,2.802654,2.810100,2.942908
worst_hyp,1657065616.028434,UNSAFE,,,,,,,,,,,,,,,,,,,,,,,,,,,10,90,-2.080496,0.858277,-3.016194,1.500854,0.619154,2.175859,4.533446,3.898442,11.487094,26.459691,18.356294,56.389993,0,,,,,,,,,,,,,,,,,,
epoch,1657065616.128424,UNSAFE,24.855062,72.758094,10.000000,20.000000,-52.758094,24.855062,22.097966,72.758094,23.319698,5.451310,5.162324,41,4,12.662307,5.754492,41,0,0,1000000000.000000,1,7,0,2.808067,H_LEVEL(1),,,,,,,,,,,,,,,,GNSS,GNSS,GNSS,1,24.855062,72.758094,24.855062,22.097966,72.758094,23.319698,5.451310,5.162324,41,0,2.942120,2.800828,2.808067,2.942120
worst_hyp,1657065616.128424,UNSAFE,,,,,,,,,,,,,,,,,,,,,,,,,,,6,21,-1.594664,-1.013160,1.062916,1.323601,0.840941,0.882239,4.477904,3.939753,11.313629,24.855062,19.807666,47.122261,0,,,,,,,,,,,,,,,,,,
epoch,1657065616.228436,UNSAFE,25.685240,75.679419,10.000000,20.000000,-55.679419,25.685240,22.856386,75.679419,23.319784,5.451310,5.162324,40,4,12.662346,5.754501,41,0,0,1000000000.000000,1,7,0,2.807026,H_LEVEL(1),,,,,,,,,,,,,,,,GNSS,GNSS,GNSS,1,25.685240,75.679419,25.685240,22.856386,75.679419,23.319784,5.451310,5.162324,41,0,2.952494,2.800149,2.807026,2.952494
worst_hyp,1657065616.228436,UNSAFE,,,,,,,,,,,,,,,,,,,,,,,,,,,10,90,-1.305811,0.538724,-1.893039,1.500873,0.619199,2.175822,4.533482,3.898442,11.487164,25.685240,18.036971,55.266902,0,,,,,,,,,,,,,,,,,,
epoch,1657065616.328366,UNSAFE,25.023825,70.491933,10.000000,20.000000,-50.491933,25.023825,22.051512,70.491933,23.319870,5.451310,5.162324,41,4,12.662385,5.754511,41,0,0,1000000000.000000,1,7,0,2.817005,H_LEVEL(1),,,,,,,,,,,,,,,,GNSS,GNSS,GNSS,1,25.023825,70.491933,25.023825,22.051512,70.491933,23.319870,5.451310,5.162324,41,0,2.962275,2.809678,2.817005,2.962275
worst_hyp,1657065616.328366,UNSAFE,,,,,,,,,,,,,,,,,,,,,,,,,,,10,90,-0.644279,0.265811,-0.934000,1.500883,0.619221,2.175803,4.533500,3.898443,11.487198,25.023825,17.764173,54.307895,0,,,,,,,,,,,,,,,,,,
epoch,1657065616.428427,UNSAFE,24.509671,68.867835,10.000000,20.000000,-48.867835,24.509671,21.476408,68.867835,23.319956,5.451310,5.162324,41,4,12.662424,5.754520,41,0,0,1000000000.000000,1,7,0,2.822107,H_LEVEL(1),,,,,,,,,,,,,,,,GNSS,GNSS,GNSS,1,24.509671,68.867835,24.509671,21.476408,68.867835,23.319956,5.451310,5.162324,41,0,2.966675,2.813997,2.822107,2.966675
worst_hyp,1657065616.428427,UNSAFE,,,,,,,,,,,,,,,,,,,,,,,,,,,10,90,0.130008,-0.053639,0.188468,1.500893,0.619243,2.175785,4.533518,3.898443,11.487233,24.509671,17.552116,53.562394,0,,,,,,,,,,,,,,,,,,
epoch,1657065616.528365,UNSAFE,25.354596,73.500068,10.000000,20.000000,-53.500068,25.354596,21.551292,73.500068,23.320042,5.451310,5.162324,41,4,12.662463,5.754530,41,0,0,1000000000.000000,1,7,0,2.826493,H_LEVEL(1),,,,,,,,,,,,,,,,GNSS,GNSS,GNSS,1,25.354596,73.500068,25.354596,21.551292,73.500068,23.320042,5.451310,5.162324,41,0,2.970810,2.817698,2.826493,2.970810
worst_hyp,1657065616.528365,UNSAFE,,,,,,,,,,,,,,,,,,,,,,,,,,,10,90,0.974816,-0.402205,1.413132,1.500902,0.619265,2.175766,4.533536,3.898443,11.487268,25.354596,17.900797,54.787090,0,,,,,,,,,,,,,,,,,,
epoch,1657065616.587387,UNSAFE,24.788993,75.634258,10.000000,20.000000,-55.634258,24.788993,21.543828,75.634258,23.320128,5.451310,5.162324,41,4,12.662502,5.754539,41,0,0,1000000000.000000,1,7,0,2.825697,H_LEVEL(1),,,,,,,,,,,,,,,,GNSS,GNSS,GNSS,1,24.788993,75.634258,24.788993,21.543828,75.634258,23.320128,5.451310,5.162324,41,0,2.963929,2.816515,2.825697,2.963929
worst_hyp,1657065616.587387,UNSAFE,,,,,,,,,,,,,,,,,,,,,,,,,,,10,90,0.409097,-0.168796,0.593034,1.500912,0.619287,2.175748,4.533554,3.898443,11.487303,24.788993,17.667504,53.967024,0,,,,,,,,,,,,,,,,,,
epoch,1657065616.728426,UNSAFE,25.639530,72.687502,10.000000,20.000000,-52.687502,25.639530,22.082263,72.687502,23.320215,5.451310,5.162324,41,4,12.662541,5.754548,41,0,0,1000000000.000000,1,7,0,2.830997,H_LEVEL(1),,,,,,,,,,,,,,,,GNSS,GNSS,GNSS,1,25.639530,72.687502,25.639530,22.082263,72.687502,23.320215,5.451310,5.162324,41,0,2.976060,2.821175,2.830997,2.976060
worst_hyp,1657065616.728426,UNSAFE,,,,,,,,,,,,,,,,,,,,,,,,,,,10,90,1.259517,-0.519701,1.825789,1.500922,0.619309,2.175729,4.533573,3.898443,11.487337,25.639530,18.018523,55.199811,0,,,,,,,,,,,,,,,,,,
epoch,1657065616.828425,UNSAFE,27.013459,71.040732,10.000000,20.000000,-51.040732,27.013459,22.428559,71.040732,23.320301,5.451310,5.162324,41,4,12.662580,5.754558,41,0,0,1000000000.000000,1,7,0,2.828463,H_LEVEL(1),,,,,,,,,,,,,,,,GNSS,GNSS,GNSS,1,27.013459,71.040732,27.013459,22.428559,71.040732,23.320301,5.451310,5.162324,41,0,2.971667,2.817909,2.828463,2.971667
worst_hyp,1657065616.828425,UNSAFE,,,,,,,,,,,,,,,,,,,,,,,,,,,10,90,2.633329,-1.086594,3.817204,1.500932,0.619332,2.175711,4.533591,3.898443,11.487372,27.013459,18.585531,57.191257,0,,,,,,,,,,,,,,,,,,
epoch,1657065616.928426,UNSAFE,25.598616,70.500559,10.000000,20.000000,-50.500559,25.598616,22.672300,70.500559,23.320387,5.451310,5.162324,41,4,12.662619,5.754567,41,0,0,1000000000.000000,1,7,0,2.825561,H_LEVEL(1),,,,,,,,,,,,,,,,GNSS,GNSS,GNSS,1,25.598616,70.500559,25.598616,22.672300,70.500559,23.320387,5.451310,5.162324,41,0,2.971717,2.814682,2.825561,2.971717
worst_hyp,1657065616.928426,UNSAFE,,,,,,,,,,,,,,,,,,,,,,,,,,,10,90,-1.218370,0.502752,-1.766090,1.500941,0.619354,2.175692,4.533609,3.898443,11.487407,25.598616,18.001804,55.140175,0,,,,,,,,,,,,,,,,,,
epoch,1657065617.028424,UNSAFE,26.246640,69.662706,10.000000,20.000000,-49.662706,26.246640,21.557988,69.662706,23.320473,5.451310,5.162324,41,4,12.662658,5.754577,41,0,0,1000000000.000000,1,7,0,2.825138,H_LEVEL(1),,,,,,,,,,,,,,,,GNSS,GNSS,GNSS,1,26.246640,69.662706,26.246640,21.557988,69.662706,23.320473,5.451310,5.162324,41,0,2.972086,2.814012,2.825138,2.972086
worst_hyp,1657065617.028424,UNSAFE,,,,,,,,,,,,,,,,,,,,,,,,,,,10,90,-1.866276,0.770129,-2.705223,1.500951,0.619376,2.175674,4.533627,3.898443,11.487442,26.246640,18.269296,56.079341,0,,,,,,,,,,,,,,,,,,
epoch,1657065617.128424,UNSAFE,26.693479,73.468356,10.000000,20.000000,-53.468356,26.693479,21.159273,73.468356,23.320559,5.451310,5.162324,41,4,12.662697,5.754586,41,0,0,1000000000.000000,1,7,0,2.825986,H_LEVEL(1),,,,,,,,,,,,,,,,GNSS,GNSS,GNSS,1,26.693479,73.468356,26.693479,21.159273,73.468356,23.320559,5.451310,5.162324,41,0,2.971651,2.814876,2.825986,2.971651
worst_hyp,1657065617.128424,UNSAFE,,,,,,,,,,,,,,,,,,,,,,,,,,,10,90,2.312999,-0.954500,3.352711,1.500961,0.619398,2.175655,4.533645,3.898444,11.487477,26.693479,18.453782,56.726861,0,,,,,,,,,,,,,,,,,,
epoch,1657065617.228423,UNSAFE,25.165587,71.871810,10.000000,20.000000,-51.871810,25.165587,21.759561,71.871810,23.320645,5.451310,5.162324,41,4,12.662737,5.754596,41,0,0,1000000000.000000,1,7,0,2.828105,H_LEVEL(1),,,,,,,,,,,,,,,,GNSS,GNSS,GNSS,1,25.165587,71.871810,25.165587,21.759561,71.871810,23.320645,5.451310,5.162324,41,0,2.971211,2.816862,2.828105,2.971211
worst_hyp,1657065617.228423,UNSAFE,,,,,,,,,,,,,,,,,,,,,,,,,,,10,90,0.784990,-0.323950,1.137832,1.500971,0.619420,2.175637,4.533663,3.898444,11.487511,25.165587,17.823346,54.512014,0,,,,,,,,,,,,,,,,,,
epoch,1657065617.328433,UNSAFE,25.278470,72.414854,10.000000,20.000000,-52.414854,25.278470,21.360406,72.414854,23.320731,5.451310,5.162324,41,4,12.662776,5.754605,41,0,0,1000000000.000000,1,7,0,2.831094,H_LEVEL(1),,,,,,,,,,,,,,,,GNSS,GNSS,GNSS,1,25.278470,72.414854,25.278470,21.360406,72.414854,23.320731,5.451310,5.162324,41,0,2.972615,2.819636,2.831094,2.972615
worst_hyp,1657065617.328433,UNSAFE,,,,,,,,,,,,,,,,,,,,,,,,,,,10,90,-0.897756,0.370497,-1.301266,1.500980,0.619443,2.175618,4.533681,3.898444,11.487546,25.278470,17.870008,54.675480,0,,,,,,,,,,,,,,,,,,
epoch,1657065617.428384,UNSAFE,24.961980,70.717358,10.000000,20.000000,-50.717358,24.961980,21.635040,70.717358,23.320817,5.451310,5.162324,41,4,12.662815,5.754615,41,0,0,1000000000.000000,1,7,0,2.834716,H_LEVEL(1),,,,,,,,,,,,,,,,GNSS,GNSS,GNSS,1,24.961980,70.717358,24.961980,21.635040,70.717358,23.320817,5.451310,5.162324,41,0,2.972897,2.823118,2.834716,2.972897
worst_hyp,1657065617.428384,UNSAFE,,,,,,,,,,,,,,,,,,,,,,,,,,,10,90,-0.581149,0.239843,-0.842343,1.500990,0.619465,2.175599,4.533700,3.898444,11.487581,24.961980,17.739469,54.216589,0,,,,,,,,,,,,,,,,,,
epoch,1657065617.528424,UNSAFE,24.615106,73.075330,10.000000,20.000000,-53.075330,24.615106,21.103975,73.075330,23.320904,5.451310,5.162324,41,4,12.662854,5.754624,41,0,0,1000000000.000000,1,7,0,2.838772,H_LEVEL(1),,,,,,,,,,,,,,,,GNSS,GNSS,GNSS,1,24.615106,73.075330,24.615106,21.103975,73.075330,23.320904,5.451310,5.162324,41,0,2.971339,2.827123,2.838772,2.971339
worst_hyp,1657065617.528424,UNSAFE,,,,,,,,,,,,,,,,,,,,,,,,,,,10,90,0.234159,-0.096641,0.339394,1.501000,0.619487,2.175581,4.533718,3.898444,11.487616,24.615106,17.596383,53.713673,0,,,,,,,,,,,,,,,,,,
epoch,1657065617.628396,UNSAFE,24.518872,75.048123,10.000000,20.000000,-55.048123,24.518872,21.930575,75.048123,23.320990,5.451310,5.162324,41,4,12.662893,5.754634,41,0,0,1000000000.000000,1,7,0,2.842248,H_LEVEL(1),,,,,,,,,,,,,,,,GNSS,GNSS,GNSS,1,24.518872,75.048123,24.518872,21.930575,75.048123,23.320990,5.451310,5.162324,41,0,2.971400,2.830504,2.842248,2.971400
worst_hyp,1657065617.628396,UNSAFE,,,,,,,,,,,,,,,,,,,,,,,,,,,10,90,-0.137807,0.056877,-0.199737,1.501009,0.619509,2.175563,4.533736,3.898444,11.487651,24.518872,17.556733,53.574049,0,,,,,,,,,,,,,,,,,,
epoch,1657065617.728396,UNSAFE,24.562318,69.216539,10.000000,20.000000,-49.216539,24.562318,22.076033,69.216539,23.321076,5.451310,5.162324,41,4,12.662932,5.754643,41,0,0,1000000000.000000,1,7,0,2.845354,H_LEVEL(1),,,,,,,,,,,,,,,,GNSS,GNSS,GNSS,1,24.562318,69.216539,24.562318,22.076033,69.216539,23.321076,5.451310,5.162324,41,0,2.974069,2.833546,2.845354,2.974069
worst_hyp,1657065617.728396,UNSAFE,,,,,,,,,,,,,,,,,,,,,,,,,,,10,90,0.181137,-0.074763,0.262536,1.501019,0.619531,2.175544,4.533754,3.898444,11.487686,24.562318,17.574734,53.636879,0,,,,,,,,,,,,,,,,,,
epoch,1657065617.828531,UNSAFE,24.798439,69.586712,10.000000,20.000000,-49.586712,24.798439,22.001512,69.586712,23.321162,5.451310,5.162324,41,4,12.662971,5.754652,41,0,0,1000000000.000000,1,7,0,2.847621,H_LEVEL(1),,,,,,,,,,,,,,,,GNSS,GNSS,GNSS,1,24.798439,69.586712,24.798439,22.001512,69.586712,23.321162,5.451310,5.162324,41,0,2.976116,2.835824,2.847621,2.976116
worst_hyp,1657065617.828531,UNSAFE,,,,,,,,,,,,,,,,,,,,,,,,,,,10,90,-0.417141,0.172176,-0.604585,1.501029,0.619553,2.175526,4.533772,3.898445,11.487720,24.798439,17.672262,53.978961,0,,,,,,,,,,,,,,,,,,
epoch,1657065617.928436,UNSAFE,24.494472,74.937025,10.000000,20.000000,-54.937025,24.494472,21.472951,74.937025,23.321248,5.451310,5.162324,41,4,12.663010,5.754662,41,0,0,1000000000.000000,1,7,0,2.850141,H_LEVEL(1),,,,,,,,,,,,,,,,GNSS,GNSS,GNSS,1,24.494472,74.937025,24.494472,21.472951,74.937025,23.321248,5.451310,5.162324,41,0,2.978214,2.838295,2.850141,2.978214
worst_hyp,1657065617.928436,UNSAFE,,,,,,,,,,,,,,,,,,,,,,,,,,,10,90,-0.113057,0.046666,-0.163857,1.501039,0.619576,2.175507,4.533790,3.898445,11.487755,24.494472,17.546867,53.538266,0,,,,,,,,,,,,,,,,,,
epoch,1657065618.028424,UNSAFE,24.524746,72.680557,10.000000,20.000000,-52.680557,24.524746,21.193285,72.680557,23.321334,5.451310,5.162324,41,4,12.663049,5.754671,41,0,0,1000000000.000000,1,7,0,2.852696,H_LEVEL(1),,,,,,,,,,,,,,,,GNSS,GNSS,GNSS,1,24.524746,72.680557,24.524746,21.193285,72.680557,23.321334,5.451310,5.162324,41,0,2.980554,2.840873,2.852696,2.980554
worst_hyp,1657065618.028424,UNSAFE,,,,,,,,,,,,,,,,,,,,,,,,,,,10,90,-0.143214,0.059115,-0.207562,1.501048,0.619598,2.175489,4.533808,3.898445,11.487790,24.524746,17.559432,53.582003,0,,,,,,,,,,,,,,,,,,
epoch,1657065618.128387,UNSAFE,25.475203,79.210229,10.000000,20.000000,-59.210229,25.475203,22.662936,79.210229,23.321420,5.451310,5.162324,40,4,12.663088,5.754681,41,0,0,1000000000.000000,1,7,0,2.855286,H_LEVEL(1),,,,,,,,,,,,,,,,GNSS,GNSS,GNSS,1,25.475203,79.210229,25.475203,22.662936,79.210229,23.321420,5.451310,5.162324,41,0,2.982876,2.843464,2.855286,2.982876
worst_hyp,1657065618.128387,UNSAFE,,,,,,,,,,,,,,,,,,,,,,,,,,,10,90,-1.093555,0.451407,-1.584879,1.501058,0.619620,2.175470,4.533826,3.898445,11.487825,25.475203,17.951838,54.959352,0,,,,,,,,,,,,,,,,,,
epoch,1657065618.228377,UNSAFE,24.404590,70.027426,10.000000,20.000000,-50.027426,24.404590,22.094365,70.027426,23.321507,5.451310,5.162324,41,4,12.663127,5.754690,41,0,0,1000000000.000000,1,7,0,2.856900,H_LEVEL(1),,,,,,,,,,,,,,,,GNSS,GNSS,GNSS,1,24.404590,70.027426,24.404590,22.094365,70.027426,23.321507,5.451310,5.162324,41,0,2.984434,2.845114,2.856900,2.984434
worst_hyp,1657065618.228377,UNSAFE,,,,,,,,,,,,,,,,,,,,,,,,,,,10,90,-0.022825,0.009422,-0.033079,1.501068,0.619642,2.175452,4.533845,3.898445,11.487860,24.404590,17.509968,53.407585,0,,,,,,,,,,,,,,,,,,
epoch,1657065618.328434,UNSAFE,25.384496,73.272416,10.000000,20.000000,-53.272416,25.384496,21.530048,73.272416,23.321593,5.451310,5.162324,41,4,12.663167,5.754700,41,0,0,1000000000.000000,1,7,0,2.857155,H_LEVEL(1),,,,,,,,,,,,,,,,GNSS,GNSS,GNSS,1,25.384496,73.272416,25.384496,21.530048,73.272416,23.321593,5.451310,5.162324,41,0,2.984673,2.845362,2.857155,2.984673
worst_hyp,1657065618.328434,UNSAFE,,,,,,,,,,,,,,,,,,,,,,,,,,,6,21,2.121768,1.348637,-1.418890,1.323779,0.841419,0.885250,4.478288,3.939781,11.314720,25.384496,20.145714,47.497781,0,,,,,,,,,,,,,,,,,,
epoch,1657065618.428367,UNSAFE,25.805174,70.010107,10.000000,20.000000,-50.010107,25.805174,21.567836,70.010107,23.321679,5.451310,5.162324,41,4,12.663206,5.754709,41,0,0,1000000000.000000,1,7,0,2.855877,H_LEVEL(1),,,,,,,,,,,,,,,,GNSS,GNSS,GNSS,1,25.805174,70.010107,25.805174,21.567836,70.010107,23.321679,5.451310,5.162324,41,0,2.985018,2.844051,2.855877,2.985018
worst_hyp,1657065618.428367,UNSAFE,,,,,,,,,,,,,,,,,,,,,,,,,,,10,90,1.423175,-0.587522,2.062502,1.501087,0.619686,2.175415,4.533881,3.898445,11.487930,25.805174,18.088298,55.437073,0,,,,,,,,,,,,,,,,,,
epoch,1657065618.528369,UNSAFE,25.844197,69.046240,10.000000,20.000000,-49.046240,25.844197,21.491669,69.046240,23.321765,5.451310,5.162324,41,4,12.663245,5.754719,41,0,0,1000000000.000000,1,7,0,2.855797,H_LEVEL(1),,,,,,,,,,,,,,,,GNSS,GNSS,GNSS,1,25.844197,69.046240,25.844197,21.491669,69.046240,23.321765,5.451310,5.162324,41,0,2.990057,2.843974,2.855797,2.990057
worst_hyp,1657065618.528369,UNSAFE,,,,,,,,,,,,,,,,,,,,,,,,,,,10,90,-1.462081,0.603601,-2.118854,1.501097,0.619709,2.175396,4.533899,3.898446,11.487965,25.844197,18.104492,55.493458,0,,,,,,,,,,,,,,,,,,
epoch,1657065618.628561,UNSAFE,26.546191,73.978498,10.000000,20.000000,-53.978498,26.546191,21.442627,73.978498,23.321851,5.451310,5.162324,41,4,12.663284,5.754728,41,0,0,1000000000.000000,1,7,0,2.856601,H_LEVEL(1),,,,,,,,,,,,,,,,GNSS,GNSS,GNSS,1,26.546191,73.978498,26.546191,21.442627,73.978498,23.321851,5.451310,5.162324,41,0,2.994833,2.844682,2.856601,2.994833
worst_hyp,1657065618.628561,UNSAFE,,,,,,,,,,,,,,,,,,,,,,,,,,,10,90,2.163958,-0.893388,3.135970,1.501107,0.619731,2.175378,4.533917,3.898446,11.488000,26.546191,18.394394,56.510607,0,,,,,,,,,,,,,,,,,,
epoch,1657065618.728436,UNSAFE,26.120122,69.157136,10.000000,20.000000,-49.157136,26.120122,21.359613,69.157136,23.321938,5.451310,5.162324,40,4,12.663323,5.754738,41,0,0,1000000000.000000,1,7,0,2.858150,H_LEVEL(1),,,,,,,,,,,,,,,,GNSS,GNSS,GNSS,1,26.120122,69.157136,26.120122,21.359613,69.157136,23.321938,5.451310,5.162324,41,0,2.998021,2.846188,2.858150,2.998021
worst_hyp,1657065618.728436,UNSAFE,,,,,,,,,,,,,,,,,,,,,,,,,,,10,90,-1.737773,0.717459,-2.518312,1.501117,0.619753,2.175359,4.533935,3.898446,11.488035,26.120122,18.218580,55.892982,0,,,,,,,,,,,,,,,,,,
epoch,1657065618.828447,UNSAFE,24.585174,74.359422,10.000000,20.000000,-54.359422,24.585174,21.576295,74.359422,23.322024,5.451310,5.162324,41,4,12.663362,5.754747,41,0,0,1000000000.000000,1,7,0,2.859950,H_LEVEL(1),,,,,,,,,,,,,,,,GNSS,GNSS,GNSS,1,24.585174,74.359422,24.585174,21.576295,74.359422,23.322024,5.451310,5.162324,41,0,3.000804,2.847975,2.859950,3.000804
worst_hyp,1657065618.828447,UNSAFE,,,,,,,,,,,,,,,,,,,,,,,,,,,10,90,-0.202708,0.083693,-0.293752,1.501126,0.619775,2.175341,4.533953,3.898446,11.488070,24.585174,17.584929,53.668455,0,,,,,,,,,,,,,,,,,,
epoch,1657065618.928439,UNSAFE,24.602230,71.421773,10.000000,20.000000,-51.421773,24.602230,21.666448,71.421773,23.322110,5.451310,5.162324,41,4,12.663402,5.754757,41,0,0,1000000000.000000,1,7,0,2.862312,H_LEVEL(1),,,,,,,,,,,,,,,,GNSS,GNSS,GNSS,1,24.602230,71.421773,24.602230,21.666448,71.421773,23.322110,5.451310,5.162324,41,0,3.003322,2.850228,2.862312,3.003322
worst_hyp,1657065618.928439,UNSAFE,,,,,,,,,,,,,,,,,,,,,,,,,,,10,90,0.219647,-0.090689,0.318294,1.501136,0.619797,2.175322,4.533972,3.898446,11.488105,24.602230,17.592040,53.693029,0,,,,,,,,,,,,,,,,,,
epoch,1657065619.028427,UNSAFE,25.395284,73.484362,10.000000,20.000000,-53.484362,25.395284,22.029963,73.484362,23.322196,5.451310,5.162324,41,4,12.663441,5.754766,41,0,0,1000000000.000000,1,7,0,2.864339,H_LEVEL(1),,,,,,,,,,,,,,,,GNSS,GNSS,GNSS,1,25.395284,73.484362,25.395284,22.029963,73.484362,23.322196,5.451310,5.162324,41,0,3.007054,2.851671,2.864339,3.007054
worst_hyp,1657065619.028427,UNSAFE,,,,,,,,,,,,,,,,,,,,,,,,,,,10,90,-1.012585,0.418094,-1.467332,1.501146,0.619819,2.175304,4.533990,3.898446,11.488139,25.395284,17.919559,54.842101,0,,,,,,,,,,,,,,,,,,
epoch,1657065619.128380,UNSAFE,25.735535,70.116849,10.000000,20.000000,-50.116849,25.735535,22.010248,70.116849,23.322282,5.451310,5.162324,41,4,12.663480,5.754775,41,0,0,1000000000.000000,1,7,0,2.867175,H_LEVEL(1),,,,,,,,,,,,,,,,GNSS,GNSS,GNSS,1,25.735535,70.116849,25.735535,22.010248,70.116849,23.322282,5.451310,5.162324,41,0,3.010492,2.854554,2.867175,3.010492
worst_hyp,1657065619.128380,UNSAFE,,,,,,,,,,,,,,,,,,,,,,,,,,,6,21,-2.471959,-1.571472,1.655037,1.323843,0.841593,0.886345,4.478428,3.939792,11.315118,25.735535,20.369484,47.741042,0,,,,,,,,,,,,,,,,,,
epoch,1657065619.228462,UNSAFE,24.681114,69.146622,10.000000,20.000000,-49.146622,24.681114,21.227824,69.146622,23.322369,5.451310,5.162324,41,4,12.663519,5.754785,41,0,0,1000000000.000000,1,7,0,2.871189,H_LEVEL(1),,,,,,,,,,,,,,,,GNSS,GNSS,GNSS,1,24.681114,69.146622,24.681114,21.227824,69.146622,23.322369,5.451310,5.162324,41,0,3.012908,2.858614,2.871189,3.012908
worst_hyp,1657065619.228462,UNSAFE,,,,,,,,,,,,,,,,,,,,,,,,,,,6,21,1.417432,0.901107,-0.949146,1.323851,0.841615,0.886482,4.478446,3.939793,11.315168,24.681114,19.699235,47.036041,0,,,,,,,,,,,,,,,,,,
epoch,1657065619.328437,UNSAFE,25.927785,72.460677,10.000000,20.000000,-52.460677,25.927785,21.473143,72.460677,23.322455,5.451310,5.162324,41,4,12.663559,5.754794,41,0,0,1000000000.000000,1,7,0,2.873948,H_LEVEL(1),,,,,,,,,,,,,,,,GNSS,GNSS,GNSS,1,25.927785,72.460677,25.927785,21.473143,72.460677,23.322455,5.451310,5.162324,41,0,3.016212,2.861556,2.873948,3.016212
worst_hyp,1657065619.328437,UNSAFE,,,,,,,,,,,,,,,,,,,,,,,,,,,10,90,-1.544734,0.637873,-2.238367,1.501175,0.619886,2.175248,4.534044,3.898447,11.488244,25.927785,18.139684,55.613235,0,,,,,,,,,,,,,,,,,,
epoch,1657065619.428449,UNSAFE,24.731272,77.656337,10.000000,20.000000,-57.656337,24.731272,22.338451,77.656337,23.322541,5.451310,5.162324,41,4,12.663598,5.754804,41,0,0,1000000000.000000,1,7,0,2.876679,H_LEVEL(1),,,,,,,,,,,,,,,,GNSS,GNSS,GNSS,1,24.731272,77.656337,24.731272,22.338451,77.656337,23.322541,5.451310,5.162324,41,0,3.019318,2.864271,2.876679,3.019318
worst_hyp,1657065619.428449,UNSAFE,,,,,,,,,,,,,,,,,,,,,,,,,,,10,90,-0.348105,0.143749,-0.504407,1.501185,0.619908,2.175230,4.534062,3.898447,11.488279,24.731272,17.645674,53.879308,0,,,,,,,,,,,,,,,,,,
epoch,1657065619.528377,UNSAFE,26.352727,73.107065,10.000000,20.000000,-53.107065,26.352727,21.928050,73.107065,23.322627,5.451310,5.162324,41,4,12.663637,5.754813,41,0,0,1000000000.000000,1,7,0,2.878073,H_LEVEL(1),,,,,,,,,,,,,,,,GNSS,GNSS,GNSS,1,26.352727,73.107065,26.352727,21.928050,73.107065,23.322627,5.451310,5.162324,41,0,3.020458,2.865377,2.878073,3.020458
worst_hyp,1657065619.528377,UNSAFE,,,,,,,,,,,,,,,,,,,,,,,,,,,10,90,1.969443,-0.813297,2.853698,1.501194,0.619930,2.175211,4.534080,3.898447,11.488314,26.352727,18.315338,56.228632,0,,,,,,,,,,,,,,,,,,
epoch,1657065619.628372,UNSAFE,27.550634,69.559996,10.000000,20.000000,-49.559996,27.550634,21.539668,69.559996,23.322714,5.451310,5.162324,41,4,12.663676,5.754823,41,0,0,1000000000.000000,1,7,0,2.879980,H_LEVEL(1),,,,,,,,,,,,,,,,GNSS,GNSS,GNSS,1,27.550634,69.559996,27.550634,21.539668,69.559996,23.322714,5.451310,5.162324,41,0,3.022468,2.867189,2.879980,3.022468
worst_hyp,1657065619.628372,UNSAFE,,,,,,,,,,,,,,,,,,,,,,,,,,,10,90,3.167234,-1.307973,4.589213,1.501204,0.619952,2.175193,4.534099,3.898447,11.488350,27.550634,18.810128,57.964180,0,,,,,,,,,,,,,,,,,,
epoch,1657065619.728440,UNSAFE,25.477327,74.747354,10.000000,20.000000,-54.747354,25.477327,22.630839,74.747354,23.322800,5.451310,5.162324,41,4,12.663715,5.754832,41,0,0,1000000000.000000,1,7,0,2.880267,H_LEVEL(1),,,,,,,,,,,,,,,,GNSS,GNSS,GNSS,1,25.477327,74.747354,25.477327,22.630839,74.747354,23.322800,5.451310,5.162324,41,0,3.022591,2.867504,2.880267,3.022591
worst_hyp,1657065619.728440,UNSAFE,,,,,,,,,,,,,,,,,,,,,,,,,,,10,90,1.093810,-0.451724,1.584869,1.501214,0.619975,2.175175,4.534117,3.898447,11.488385,25.477327,17.953994,54.959869,0,,,,,,,,,,,,,,,,,,
epoch,1657065619.828437,UNSAFE,26.321778,70.819083,10.000000,20.000000,-50.819083,26.321778,23.068403,70.819083,23.322886,5.451310,5.162324,41,4,12.663755,5.754842,41,0,0,1000000000.000000,1,7,0,2.880793,H_LEVEL(1),,,,,,,,,,,,,,,,GNSS,GNSS,GNSS,1,26.321778,70.819083,26.321778,23.068403,70.819083,23.322886,5.451310,5.162324,41,0,3.022847,2.868097,2.880793,3.022847
worst_hyp,1657065619.828437,UNSAFE,,,,,,,,,,,,,,,,,,,,,,,,,,,10,90,-1.938144,0.800443,-2.808220,1.501224,0.619997,2.175156,4.534135,3.898447,11.488420,26.321778,18.302828,56.183254,0,,,,,,,,,,,,,,,,,,
epoch,1657065619.928449,UNSAFE,25.278385,70.365510,10.000000,20.000000,-50.365510,25.278385,21.832879,70.365510,23.322972,5.451310,5.162324,41,4,12.663794,5.754851,41,0,0,1000000000.000000,1,7,0,2.881765,H_LEVEL(1),,,,,,,,,,,,,,,,GNSS,GNSS,GNSS,1,25.278385,70.365510,25.278385,21.832879,70.365510,23.322972,5.451310,5.162324,41,0,3.023890,2.869333,2.881765,3.023890
worst_hyp,1657065619.928449,UNSAFE,,,,,,,,,,,,,,,,,,,,,,,,,,,10,90,-0.894635,0.369490,-1.296237,1.501233,0.620019,2.175138,4.534153,3.898447,11.488455,25.278385,17.871990,54.671304,0,,,,,,,,,,,,,,,,,,
epoch,1657065620.028435,UNSAFE,25.736734,71.493589,10.000000,20.000000,-51.493589,25.736734,21.335922,71.493589,23.323059,5.451310,5.162324,41,4,12.663833,5.754861,41,0,0,1000000000.000000,1,7,0,2.882706,H_LEVEL(1),,,,,,,,,,,,,,,,GNSS,GNSS,GNSS,1,25.736734,71.493589,25.736734,21.335922,71.493589,23.323059,5.451310,5.162324,41,0,3.024749,2.870366,2.882706,3.024749
worst_hyp,1657065620.028435,UNSAFE,,,,,,,,,,,,,,,,,,,,,,,,,,,10,90,-1.352866,0.558759,-1.960140,1.501243,0.620041,2.175119,4.534171,3.898448,11.488490,25.736734,18.061374,55.335240,0,,,,,,,,,,,,,,,,,,
epoch,1657065620.128444,UNSAFE,24.981423,76.128609,10.000000,20.000000,-56.128609,24.981423,21.782945,76.128609,23.323145,5.451310,5.162324,40,4,12.663873,5.754870,41,0,0,1000000000.000000,1,7,0,2.886279,H_LEVEL(1),,,,,,,,,,,,,,,,GNSS,GNSS,GNSS,1,24.981423,76.128609,24.981423,21.782945,76.128609,23.323145,5.451310,5.162324,41,0,3.028737,2.874040,2.886279,3.028737
worst_hyp,1657065620.128444,UNSAFE,,,,,,,,,,,,,,,,,,,,,,,,,,,10,90,-0.597439,0.246761,-0.865604,1.501253,0.620063,2.175101,4.534189,3.898448,11.488525,24.981423,17.749491,54.240738,0,,,,,,,,,,,,,,,,,,
epoch,1657065620.228385,UNSAFE,25.826096,68.860956,10.000000,20.000000,-48.860956,25.826096,21.438421,68.860956,23.323231,5.451310,5.162324,41,4,12.663912,5.754880,41,0,0,1000000000.000000,1,7,0,2.888220,H_LEVEL(1),,,,,,,,,,,,,,,,GNSS,GNSS,GNSS,1,25.826096,68.860956,25.826096,21.438421,68.860956,23.323231,5.451310,5.162324,41,0,3.030584,2.876004,2.888220,3.030584
worst_hyp,1657065620.228385,UNSAFE,,,,,,,,,,,,,,,,,,,,,,,,,,,10,90,1.441995,-0.595606,2.089214,1.501262,0.620085,2.175082,4.534208,3.898448,11.488560,25.826096,18.098451,55.464382,0,,,,,,,,,,,,,,,,,,
epoch,1657065620.328437,UNSAFE,26.295813,70.378039,10.000000,20.000000,-50.378039,26.295813,21.397216,70.378039,23.323317,5.451310,5.162324,41,4,12.663951,5.754889,41,0,0,1000000000.000000,1,7,0,2.890327,H_LEVEL(1),,,,,,,,,,,,,,,,GNSS,GNSS,GNSS,1,26.295813,70.378039,26.295813,21.397216,70.378039,23.323317,5.451310,5.162324,41,0,3.032482,2.878017,2.890327,3.032482
worst_hyp,1657065620.328437,UNSAFE,,,,,,,,,,,,,,,,,,,,,,,,,,,10,90,-1.911595,0.789593,-2.769545,1.501272,0.620108,2.175064,4.534226,3.898448,11.488595,26.295813,18.292553,56.144746,0,,,,,,,,,,,,,,,,,,
epoch,1657065620.428389,UNSAFE,26.191317,71.126267,10.000000,20.000000,-51.126267,26.191317,21.375388,71.126267,23.323404,5.451310,5.162324,41,4,12.663990,5.754899,41,0,0,1000000000.000000,1,7,0,2.892606,H_LEVEL(1),,,,,,,,,,,,,,,,GNSS,GNSS,GNSS,1,26.191317,71.126267,26.191317,21.375388,71.126267,23.323404,5.451310,5.162324,41,0,3.034703,2.880351,2.892606,3.034703
worst_hyp,1657065620.428389,UNSAFE,,,,,,,,,,,,,,,,,,,,,,,,,,,10,90,1.806983,-0.746405,2.617943,1.501282,0.620130,2.175045,4.534244,3.898448,11.488630,26.191317,18.249480,55.993177,0,,,,,,,,,,,,,,,,,,
epoch,1657065620.528422,UNSAFE,25.042934,74.227958,10.000000,20.000000,-54.227958,25.042934,21.757841,74.227958,23.323490,5.451310,5.162324,41,4,12.664030,5.754908,41,0,0,1000000000.000000,1,7,0,2.894706,H_LEVEL(1),,,,,,,,,,,,,,,,GNSS,GNSS,GNSS,1,25.042934,74.227958,25.042934,21.757841,74.227958,23.323490,5.451310,5.162324,41,0,3.036843,2.882457,2.894706,3.036843
worst_hyp,1657065620.528422,UNSAFE,,,,,,,,,,,,,,,,,,,,,,,,,,,10,90,0.658483,-0.272005,0.953991,1.501292,0.620152,2.175027,4.534262,3.898448,11.488665,25.042934,17.775195,54.329259,0,,,,,,,,,,,,,,,,,,
epoch,1657065620.628459,UNSAFE,26.117463,71.283100,10.000000,20.000000,-51.283100,26.117463,21.671705,71.283100,23.323576,5.451310,5.162324,41,4,12.664069,5.754917,41,0,0,1000000000.000000,1,7,0,2.898814,H_LEVEL(1),,,,,,,,,,,,,,,,GNSS,GNSS,GNSS,1,26.117463,71.283100,26.117463,21.671705,71.283100,23.323576,5.451310,5.162324,41,0,3.041683,2.886741,2.898814,3.041683
worst_hyp,1657065620.628459,UNSAFE,,,,,,,,,,,,,,,,,,,,,,,,,,,10,90,1.732895,-0.715843,2.510530,1.501301,0.620174,2.175009,4.534280,3.898448,11.488700,26.117463,18.219148,55.885832,0,,,,,,,,,,,,,,,,,,
epoch,1657065620.728368,UNSAFE,24.777890,81.765654,10.000000,20.000000,-61.765654,24.777890,21.903853,81.765654,23.323663,5.451310,5.162324,40,4,12.664108,5.754927,41,0,0,1000000000.000000,1,7,0,2.901956,H_LEVEL(1),,,,,,,,,,,,,,,,GNSS,GNSS,GNSS,1,24.777890,81.765654,24.777890,21.903853,81.765654,23.323663,5.451310,5.162324,41,0,3.045260,2.889961,2.901956,3.045260
worst_hyp,1657065620.728368,UNSAFE,,,,,,,,,,,,,,,,,,,,,,,,,,,10,90,0.393205,-0.162434,0.569647,1.501311,0.620196,2.174990,4.534298,3.898449,11.488735,24.777890,17.665854,53.944983,0,,,,,,,,,,,,,,,,,,
epoch,1657065620.828450,UNSAFE,25.883487,72.329664,10.000000,20.000000,-52.329664,25.883487,21.180152,72.329664,23.323749,5.451310,5.162324,41,4,12.664148,5.754936,41,0,0,1000000000.000000,1,7,0,2.904113,H_LEVEL(1),,,,,,,,,,,,,,,,GNSS,GNSS,GNSS,1,25.883487,72.329664,25.883487,21.180152,72.329664,23.323749,5.451310,5.162324,41,0,3.047282,2.891988,2.904113,3.047282
worst_hyp,1657065620.828450,UNSAFE,,,,,,,,,,,,,,,,,,,,,,,,,,,10,90,-1.498685,0.619130,-2.171154,1.501321,0.620218,2.174972,4.534316,3.898449,11.488771,25.883487,18.122665,55.546523,0,,,,,,,,,,,,,,,,,,
epoch,1657065620.928434,UNSAFE,25.465630,71.465034,10.000000,20.000000,-51.465034,25.465630,21.436856,71.465034,23.323835,5.451310,5.162324,41,4,12.664187,5.754946,41,0,0,1000000000.000000,1,7,0,2.903083,H_LEVEL(1),,,,,,,,,,,,,,,,GNSS,GNSS,GNSS,1,25.465630,71.465034,25.465630,21.436856,71.465034,23.323835,5.451310,5.162324,41,0,3.046548,2.890800,2.903083,3.046548
worst_hyp,1657065620.928434,UNSAFE,,,,,,,,,,,,,,,,,,,,,,,,,,,10,90,-1.080712,0.446472,-1.565610,1.501330,0.620241,2.174953,4.534335,3.898449,11.488806,25.465630,17.950121,54.941014,0,,,,,,,,,,,,,,,,,,
epoch,1657065621.028423,UNSAFE,27.254121,75.965528,10.000000,20.000000,-55.965528,27.254121,22.953818,75.965528,23.323922,5.451310,5.162324,41,4,12.664227,5.754955,41,0,0,1000000000.000000,1,7,0,2.903892,H_LEVEL(1),,,,,,,,,,,,,,,,GNSS,GNSS,GNSS,1,27.254121,75.965528,27.254121,22.953818,75.965528,23.323922,5.451310,5.162324,41,0,3.049214,2.891648,2.903892,3.049214
worst_hyp,1657065621.028423,UNSAFE,,,,,,,,,,,,,,,,,,,,,,,,,,,10,90,2.869086,-1.185332,4.156337,1.501340,0.620263,2.174935,4.534353,3.898449,11.488841,27.254121,18.689097,57.531774,0,,,,,,,,,,,,,,,,,,
epoch,1657065621.128586,UNSAFE,25.866655,69.618703,10.000000,20.000000,-49.618703,25.866655,21.579834,69.618703,23.324008,5.451310,5.162324,40,4,12.664266,5.754965,41,0,0,1000000000.000000,1,7,0,2.903262,H_LEVEL(1),,,,,,,,,,,,,,,,GNSS,GNSS,GNSS,1,25.866655,69.618703,25.866655,21.579834,69.618703,23.324008,5.451310,5.162324,41,0,3.045944,2.890694,2.903262,3.045944
worst_hyp,1657065621.128586,UNSAFE,,,,,,,,,,,,,,,,,,,,,,,,,,,10,90,1.481503,-0.612085,2.146166,1.501350,0.620285,2.174916,4.534371,3.898449,11.488876,25.866655,18.115965,55.521637,0,,,,,,,,,,,,,,,,,,
epoch,1657065621.228445,UNSAFE,25.587825,68.865761,10.000000,20.000000,-48.865761,25.587825,21.174398,68.865761,23.324094,5.451310,5.162324,40,4,12.664305,5.754974,41,0,0,1000000000.000000,1,7,0,2.902931,H_LEVEL(1),,,,,,,,,,,,,,,,GNSS,GNSS,GNSS,1,25.587825,68.865761,25.587825,21.174398,68.865761,23.324094,5.451310,5.162324,41,0,3.046726,2.891086,2.902931,3.046726
worst_hyp,1657065621.228445,UNSAFE,,,,,,,,,,,,,,,,,,,,,,,,,,,10,90,1.202556,-0.496852,1.742046,1.501360,0.620307,2.174898,4.534389,3.898449,11.488911,25.587825,18.000847,55.117551,0,,,,,,,,,,,,,,,,,,
epoch,1657065621.328375,UNSAFE,24.698130,72.792594,10.000000,20.000000,-52.792594,24.698130,21.480830,72.792594,23.324180,5.451310,5.162324,41,4,12.664345,5.754984,41,0,0,1000000000.000000,1,7,0,2.904918,H_LEVEL(1),,,,,,,,,,,,,,,,GNSS,GNSS,GNSS,1,24.698130,72.792594,24.698130,21.480830,72.792594,23.324180,5.451310,5.162324,41,0,3.047999,2.893127,2.904918,3.047999
worst_hyp,1657065621.328375,UNSAFE,,,,,,,,,,,,,,,,,,,,,,,,,,,10,90,-0.312745,0.129219,-0.453042,1.501369,0.620329,2.174880,4.534407,3.898449,11.488946,24.698130,17.633328,53.828581,0,,,,,,,,,,,,,,,,,,
epoch,1657065621.428455,UNSAFE,25.687527,71.657138,10.000000,20.000000,-51.657138,25.687527,21.834592,71.657138,23.324267,5.451310,5.162324,41,4,12.664384,5.754993,41,0,0,1000000000.000000,1,7,0,2.907080,H_LEVEL(1),,,,,,,,,,,,,,,,GNSS,GNSS,GNSS,1,25.687527,71.657138,25.687527,21.834592,71.657138,23.324267,5.451310,5.162324,41,0,3.047567,2.895323,2.907080,3.047567
worst_hyp,1657065621.428455,UNSAFE,,,,,,,,,,,,,,,,,,,,,,,,,,,10,90,-1.302025,0.537981,-1.886081,1.501379,0.620351,2.174861,4.534425,3.898450,11.488982,25.687527,18.042205,55.261654,0,,,,,,,,,,,,,,,,,,
epoch,1657065621.528430,UNSAFE,26.201946,83.964920,10.000000,20.000000,-63.964920,26.201946,22.780432,83.964920,23.324353,5.451310,5.162324,40,4,12.664423,5.755003,41,0,0,1000000000.000000,1,7,0,2.909655,H_LEVEL(1),,,,,,,,,,,,,,,,GNSS,GNSS,GNSS,1,26.201946,83.964920,26.201946,22.780432,83.964920,23.324353,5.451310,5.162324,41,0,3.051286,2.897871,2.909655,3.051286
worst_hyp,1657065621.528430,UNSAFE,,,,,,,,,,,,,,,,,,,,,,,,,,,10,90,-1.816327,0.750506,-2.631048,1.501389,0.620374,2.174843,4.534444,3.898450,11.489017,26.201946,18.254846,56.006655,0,,,,,,,,,,,,,,,,,,
epoch,1657065621.628405,UNSAFE,25.597890,72.458898,10.000000,20.000000,-52.458898,25.597890,21.872977,72.458898,23.324439,5.451310,5.162324,41,4,12.664463,5.755012,41,0,0,1000000000.000000,1,7,0,2.912255,H_LEVEL(1),,,,,,,,,,,,,,,,GNSS,GNSS,GNSS,1,25.597890,72.458898,25.597890,21.872977,72.458898,23.324439,5.451310,5.162324,41,0,3.051388,2.900504,2.912255,3.051388
worst_hyp,1657065621.628405,UNSAFE,,,,,,,,,,,,,,,,,,,,,,,,,,,10,90,1.212155,-0.500877,1.755846,1.501398,0.620396,2.174824,4.534462,3.898450,11.489052,25.597890,18.005331,55.131487,0,,,,,,,,,,,,,,,,,,
epoch,1657065621.728380,UNSAFE,25.407050,70.256613,10.000000,20.000000,-50.256613,25.407050,21.458232,70.256613,23.324526,5.451310,5.162324,41,4,12.664502,5.755022,41,0,0,1000000000.000000,1,7,0,2.915264,H_LEVEL(1),,,,,,,,,,,,,,,,GNSS,GNSS,GNSS,1,25.407050,70.256613,25.407050,21.458232,70.256613,23.324526,5.451310,5.162324,41,0,3.050691,2.903488,2.915264,3.050691
worst_hyp,1657065621.728380,UNSAFE,,,,,,,,,,,,,,,,,,,,,,,,,,,10,90,1.021198,-0.421984,1.479216,1.501408,0.620418,2.174806,4.534480,3.898450,11.489087,25.407050,17.926553,54.854892,0,,,,,,,,,,,,,,,,,,
epoch,1657065621.828424,UNSAFE,26.272230,71.486596,10.000000,20.000000,-51.486596,26.272230,22.088741,71.486596,23.324612,5.451310,5.162324,41,4,12.664542,5.755031,41,0,0,1000000000.000000,1,7,0,2.918049,H_LEVEL(1),,,,,,,,,,,,,,,,GNSS,GNSS,GNSS,1,26.272230,71.486596,26.272230,22.088741,71.486596,23.324612,5.451310,5.162324,41,0,3.050698,2.906160,2.918049,3.050698
worst_hyp,1657065621.828424,UNSAFE,,,,,,,,,,,,,,,,,,,,,,,,,,,10,90,1.886261,-0.779471,2.732229,1.501418,0.620440,2.174788,4.534498,3.898450,11.489122,26.272230,18.284156,56.107939,0,,,,,,,,,,,,,,,,,,
epoch,1657065621.928374,UNSAFE,25.848854,70.826660,10.000000,20.000000,-50.826660,25.848854,21.101973,70.826660,23.324699,5.451310,5.162324,41,4,12.664581,5.755041,41,0,0,1000000000.000000,1,7,0,2.920135,H_LEVEL(1),,,,,,,,,,,,,,,,GNSS,GNSS,GNSS,1,25.848854,70.826660,25.848854,21.101973,70.826660,23.324699,5.451310,5.162324,41,0,3.051445,2.908325,2.920135,3.051445
worst_hyp,1657065621.928374,UNSAFE,,,,,,,,,,,,,,,,,,,,,,,,,,,10,90,1.462768,-0.604486,2.118773,1.501428,0.620462,2.174769,4.534516,3.898450,11.489158,25.848854,18.109286,55.494517,0,,,,,,,,,,,,,,,,,,
epoch,1657065622.028425,UNSAFE,25.096512,71.291661,10.000000,20.000000,-51.291661,25.096512,21.741973,71.291661,23.324785,5.451310,5.162324,41,4,12.664621,5.755050,41,0,0,1000000000.000000,1,7,0,2.922230,H_LEVEL(1),,,,,,,,,,,,,,,,GNSS,GNSS,GNSS,1,25.096512,71.291661,25.096512,21.741973,71.291661,23.324785,5.451310,5.162324,41,0,3.051075,2.910328,2.922230,3.051075
worst_hyp,1657065622.028425,UNSAFE,,,,,,,,,,,,,,,,,,,,,,,,,,,10,90,-0.710310,0.293543,-1.028846,1.501437,0.620484,2.174751,4.534534,3.898450,11.489193,25.096512,17.798457,54.404624,0,,,,,,,,,,,,,,,,,,
epoch,1657065622.128428,UNSAFE,25.923135,72.373161,10.000000,20.000000,-52.373161,25.923135,21.732276,72.373161,23.324871,5.451310,5.162324,41,4,12.664660,5.755060,41,0,0,1000000000.000000,1,7,0,2.922538,H_LEVEL(1),,,,,,,,,,,,,,,,GNSS,GNSS,GNSS,1,25.923135,72.373161,25.923135,21.732276,72.373161,23.324871,5.451310,5.162324,41,0,3.055021,2.910635,2.922538,3.055021
worst_hyp,1657065622.128428,UNSAFE,,,,,,,,,,,,,,,,,,,,,,,,,,,10,90,-1.536816,0.635124,-2.225961,1.501447,0.620507,2.174732,4.534553,3.898451,11.489228,25.923135,18.140153,55.601774,0,,,,,,,,,,,,,,,,,,
epoch,1657065622.228369,UNSAFE,25.291109,69.955546,10.000000,20.000000,-49.955546,25.291109,21.110069,69.955546,23.324958,5.451310,5.162324,41,4,12.664699,5.755069,41,0,0,1000000000.000000,1,7,0,2.921280,H_LEVEL(1),,,,,,,,,,,,,,,,GNSS,GNSS,GNSS,1,25.291109,69.955546,25.291109,21.110069,69.955546,23.324958,5.451310,5.162324,41,0,3.057958,2.909471,2.921280,3.057958
worst_hyp,1657065622.228369,UNSAFE,,,,,,,,,,,,,,,,,,,,,,,,,,,10,90,0.904673,-0.373887,1.310331,1.501457,0.620529,2.174714,4.534571,3.898451,11.489263,25.291109,17.879032,54.686179,0,,,,,,,,,,,,,,,,,,
epoch,1657065622.328449,UNSAFE,24.722028,75.839534,10.000000,20.000000,-55.839534,24.722028,22.361669,75.839534,23.325044,5.451310,5.162324,41,4,12.664739,5.755079,41,0,0,1000000000.000000,1,7,0,2.921591,H_LEVEL(1),,,,,,,,,,,,,,,,GNSS,GNSS,GNSS,1,24.722028,75.839534,24.722028,22.361669,75.839534,23.325044,5.451310,5.162324,41,0,3.063103,2.909693,2.921591,3.063103
worst_hyp,1657065622.328449,UNSAFE,,,,,,,,,,,,,,,,,,,,,,,,,,,10,90,-0.335475,0.138651,-0.485896,1.501466,0.620551,2.174696,4.534589,3.898451,11.489299,24.722028,17.643910,53.861778,0,,,,,,,,,,,,,,,,,,
epoch,1657065622.428438,UNSAFE,26.852977,71.730240,10.000000,20.000000,-51.730240,26.852977,21.210124,71.730240,23.325130,5.451310,5.162324,41,4,12.664778,5.755088,41,0,0,1000000000.000000,1,7,0,2.924180,H_LEVEL(1),,,,,,,,,,,,,,,,GNSS,GNSS,GNSS,1,26.852977,71.730240,26.852977,21.210124,71.730240,23.325130,5.451310,5.162324,41,0,3.067232,2.911703,2.924180,3.067232
worst_hyp,1657065622.428438,UNSAFE,,,,,,,,,,,,,,,,,,,,,,,,,,,10,90,2.466307,-1.019346,3.572100,1.501476,0.620573,2.174677,4.534607,3.898451,11.489334,26.852977,18.524721,56.948016,0,,,,,,,,,,,,,,,,,,
epoch,1657065622.528429,UNSAFE,26.424439,76.851990,10.000000,20.000000,-56.851990,26.424439,21.979242,76.851990,23.325217,5.451310,5.162324,41,4,12.664818,5.755098,41,0,0,1000000000.000000,1,7,0,2.927016,H_LEVEL(1),,,,,,,,,,,,,,,,GNSS,GNSS,GNSS,1,26.424439,76.851990,26.424439,21.979242,76.851990,23.325217,5.451310,5.162324,41,0,3.070134,2.914566,2.927016,3.070134
worst_hyp,1657065622.528429,UNSAFE,,,,,,,,,,,,,,,,,,,,,,,,,,,10,90,2.037653,-0.842204,2.951210,1.501486,0.620595,2.174659,4.534625,3.898451,11.489369,26.424439,18.347693,56.327161,0,,,,,,,,,,,,,,,,,,
epoch,1657065622.628515,UNSAFE,24.392087,72.446827,10.000000,20.000000,-52.446827,24.392087,21.850691,72.446827,23.325303,5.451310,5.162324,41,4,12.664857,5.755107,41,0,0,1000000000.000000,1,7,0,2.930041,H_LEVEL(1),,,,,,,,,,,,,,,,GNSS,GNSS,GNSS,1,24.392087,72.446827,24.392087,21.850691,72.446827,23.325303,5.451310,5.162324,41,0,3.073755,2.917655,2.930041,3.073755
worst_hyp,1657065622.628515,UNSAFE,,,,,,,,,,,,,,,,,,,,,,,,,,,10,90,0.005184,-0.002143,0.007508,1.501495,0.620617,2.174641,4.534643,3.898451,11.489404,24.392087,17.507747,53.383493,0,,,,,,,,,,,,,,,,,,
epoch,1657065622.728375,UNSAFE,24.874739,71.363329,10.000000,20.000000,-51.363329,24.874739,21.892011,71.363329,23.325390,5.451310,5.162324,41,4,12.664897,5.755117,41,0,0,1000000000.000000,1,7,0,2.931727,H_LEVEL(1),,,,,,,,,,,,,,,,GNSS,GNSS,GNSS,1,24.874739,71.363329,24.874739,21.892011,71.363329,23.325390,5.451310,5.162324,41,0,3.075576,2.919388,2.931727,3.075576
worst_hyp,1657065622.728375,UNSAFE,,,,,,,,,,,,,,,,,,,,,,,,,,,10,90,0.487719,-0.201596,0.706361,1.501505,0.620640,2.174622,4.534662,3.898451,11.489440,24.874739,17.707315,54.082381,0,,,,,,,,,,,,,,,,,,
epoch,1657065622.828428,UNSAFE,24.755221,73.119277,10.000000,20.000000,-53.119277,24.755221,21.678384,73.119277,23.325476,5.451310,5.162324,41,4,12.664936,5.755126,41,0,0,1000000000.000000,1,7,0,2.933871,H_LEVEL(1),,,,,,,,,,,,,,,,GNSS,GNSS,GNSS,1,24.755221,73.119277,24.755221,21.678384,73.119277,23.325476,5.451310,5.162324,41,0,3.077966,2.921500,2.933871,3.077966
worst_hyp,1657065622.828428,UNSAFE,,,,,,,,,,,,,,,,,,,,,,,,,,,10,90,0.368084,-0.152150,0.533087,1.501515,0.620662,2.174604,4.534680,3.898452,11.489475,24.755221,17.657984,53.909141,0,,,,,,,,,,,,,,,,,,
epoch,1657065622.928429,UNSAFE,24.983091,74.057496,10.000000,20.000000,-54.057496,24.983091,21.348419,74.057496,23.325562,5.451310,5.162324,40,4,12.664976,5.755136,41,0,0,1000000000.000000,1,7,0,2.934274,H_LEVEL(1),,,,,,,,,,,,,,,,GNSS,GNSS,GNSS,1,24.983091,74.057496,24.983091,21.348419,74.057496,23.325562,5.451310,5.162324,41,0,3.079349,2.921794,2.934274,3.079349
worst_hyp,1657065622.928429,UNSAFE,,,,,,,,,,,,,,,,,,,,,,,,,,,10,90,-0.595838,0.246301,-0.862923,1.501525,0.620684,2.174585,4.534698,3.898452,11.489510,24.983091,17.752250,54.239012,0,,,,,,,,,,,,,,,,,,
epoch,1657065623.028427,UNSAFE,25.373080,68.859055,10.000000,20.000000,-48.859055,25.373080,21.572926,68.859055,23.325649,5.451310,5.162324,41,4,12.665015,5.755145,41,0,0,1000000000.000000,1,7,0,2.935095,H_LEVEL(1),,,,,,,,,,,,,,,,GNSS,GNSS,GNSS,1,25.373080,68.859055,25.373080,21.572926,68.859055,23.325649,5.451310,5.162324,41,0,3.079962,2.922536,2.935095,3.079962
worst_hyp,1657065623.028427,UNSAFE,,,,,,,,,,,,,,,,,,,,,,,,,,,10,90,0.985710,-0.407474,1.427535,1.501534,0.620706,2.174567,4.534716,3.898452,11.489546,25.373080,17.913538,54.803659,0,,,,,,,,,,,,,,,,,,
epoch,1657065623.128451,UNSAFE,24.843132,75.003787,10.000000,20.000000,-55.003787,24.843132,21.269104,75.003787,23.325735,5.451310,5.162324,41,4,12.665055,5.755155,41,0,0,1000000000.000000,1,7,0,2.936365,H_LEVEL(1),,,,,,,,,,,,,,,,GNSS,GNSS,GNSS,1,24.843132,75.003787,24.843132,21.269104,75.003787,23.325735,5.451310,5.162324,41,0,3.078691,2.923759,2.936365,3.078691
worst_hyp,1657065623.128451,UNSAFE,,,,,,,,,,,,,,,,,,,,,,,,,,,10,90,0.455646,-0.188361,0.659870,1.501544,0.620728,2.174549,4.534734,3.898452,11.489581,24.843132,17.694540,54.036029,0,,,,,,,,,,,,,,,,,,
epoch,1657065623.228401,UNSAFE,26.920366,71.030489,10.000000,20.000000,-51.030489,26.920366,22.617005,71.030489,23.325822,5.451310,5.162324,41,4,12.665094,5.755164,41,0,0,1000000000.000000,1,7,0,2.937158,H_LEVEL(1),,,,,,,,,,,,,,,,GNSS,GNSS,GNSS,1,26.920366,71.030489,26.920366,22.617005,71.030489,23.325822,5.451310,5.162324,41,0,3.081079,2.925133,2.937158,3.081079
worst_hyp,1657065623.228401,UNSAFE,,,,,,,,,,,,,,,,,,,,,,,,,,,10,90,-2.532763,1.047058,-3.667915,1.501554,0.620750,2.174530,4.534752,3.898452,11.489616,26.920366,18.553352,57.044109,0,,,,,,,,,,,,,,,,,,
epoch,1657065623.328463,UNSAFE,24.909331,81.874694,10.000000,20.000000,-61.874694,24.909331,21.395223,81.874694,23.325908,5.451310,5.162324,41,4,12.665134,5.755174,41,0,0,1000000000.000000,1,7,0,2.939787,H_LEVEL(1),,,,,,,,,,,,,,,,GNSS,GNSS,GNSS,1,24.909331,81.874694,24.909331,21.395223,81.874694,23.325908,5.451310,5.162324,41,0,3.081220,2.927796,2.939787,3.081220
worst_hyp,1657065623.328463,UNSAFE,,,,,,,,,,,,,,,,,,,,,,,,,,,10,90,0.521611,-0.215643,0.755379,1.501563,0.620773,2.174512,4.534771,3.898452,11.489652,24.909331,17.722052,54.131608,0,,,,,,,,,,,,,,,,,,
epoch,1657065623.428466,UNSAFE,24.621533,71.969624,10.000000,20.000000,-51.969624,24.621533,21.287444,71.969624,23.325995,5.451310,5.162324,41,4,12.665174,5.755183,41,0,0,1000000000.000000,1,7,0,2.941433,H_LEVEL(1),,,,,,,,,,,,,,,,GNSS,GNSS,GNSS,1,24.621533,71.969624,24.621533,21.287444,71.969624,23.325995,5.451310,5.162324,41,0,3.081478,2.929527,2.941433,3.081478
worst_hyp,1657065623.428466,UNSAFE,,,,,,,,,,,,,,,,,,,,,,,,,,,10,90,-0.233696,0.096617,-0.338426,1.501573,0.620795,2.174494,4.534789,3.898452,11.489687,24.621533,17.603141,53.714690,0,,,,,,,,,,,,,,,,,,
epoch,1657065623.528431,UNSAFE,24.751129,73.480123,10.000000,20.000000,-53.480123,24.751129,22.365492,73.480123,23.326081,5.451310,5.162324,41,4,12.665213,5.755193,41,0,0,1000000000.000000,1,7,0,2.943612,H_LEVEL(1),,,,,,,,,,,,,,,,GNSS,GNSS,GNSS,1,24.751129,73.480123,24.751129,22.365492,73.480123,23.326081,5.451310,5.162324,41,0,3.078577,2.931662,2.943612,3.078577
worst_hyp,1657065623.528431,UNSAFE,,,,,,,,,,,,,,,,,,,,,,,,,,,10,90,-0.363176,0.150152,-0.525923,1.501583,0.620817,2.174475,4.534807,3.898453,11.489723,24.751129,17.656791,53.902222,0,,,,,,,,,,,,,,,,,,
epoch,1657065623.628573,UNSAFE,24.857811,70.013239,10.000000,20.000000,-50.013239,24.857811,21.507661,70.013239,23.326167,5.451310,5.162324,41,4,12.665253,5.755202,41,0,0,1000000000.000000,1,7,0,2.944434,H_LEVEL(1),,,,,,,,,,,,,,,,GNSS,GNSS,GNSS,1,24.857811,70.013239,24.857811,21.507661,70.013239,23.326167,5.451310,5.162324,41,0,3.081394,2.932593,2.944434,3.081394
worst_hyp,1657065623.628573,UNSAFE,,,,,,,,,,,,,,,,,,,,,,,,,,,10,90,0.469741,-0.194216,0.680233,1.501592,0.620839,2.174457,4.534825,3.898453,11.489758,24.857811,17.700970,54.056567,0,,,,,,,,,,,,,,,,,,
epoch,1657065623.728426,UNSAFE,24.871549,69.281169,10.000000,20.000000,-49.281169,24.871549,21.404010,69.281169,23.326254,5.451310,5.162324,41,4,12.665292,5.755212,41,0,0,1000000000.000000,1,7,0,2.946061,H_LEVEL(1),,,,,,,,,,,,,,,,GNSS,GNSS,GNSS,1,24.871549,69.281169,24.871549,21.404010,69.281169,23.326254,5.451310,5.162324,41,0,3.085536,2.934159,2.946061,3.085536
worst_hyp,1657065623.728426,UNSAFE,,,,,,,,,,,,,,,,,,,,,,,,,,,10,90,0.483363,-0.199854,0.699947,1.501602,0.620861,2.174439,4.534843,3.898453,11.489793,24.871549,17.706723,54.076316,0,,,,,,,,,,,,,,,,,,
epoch,1657065623.828425,UNSAFE,25.529738,74.631821,10.000000,20.000000,-54.631821,25.529738,22.576317,74.631821,23.326340,5.451310,5.162324,41,4,12.665332,5.755221,41,0,0,1000000000.000000,1,7,0,2.948521,H_LEVEL(1),,,,,,,,,,,,,,,,GNSS,GNSS,GNSS,1,25.529738,74.631821,25.529738,22.576317,74.631821,23.326340,5.451310,5.162324,41,0,3.086208,2.936536,2.948521,3.086208
worst_hyp,1657065623.828425,UNSAFE,,,,,,,,,,,,,,,,,,,,,,,,,,,10,90,1.141435,-0.471958,1.652863,1.501612,0.620883,2.174420,4.534861,3.898453,11.489829,25.529738,17.978942,55.029267,0,,,,,,,,,,,,,,,,,,
epoch,1657065623.928427,UNSAFE,24.974969,77.265710,10.000000,20.000000,-57.265710,24.974969,21.311806,77.265710,23.326427,5.451310,5.162324,41,4,12.665371,5.755231,41,0,0,1000000000.000000,1,7,0,2.949050,H_LEVEL(1),,,,,,,,,,,,,,,,GNSS,GNSS,GNSS,1,24.974969,77.265710,24.974969,21.311806,77.265710,23.326427,5.451310,5.162324,41,0,3.089907,2.937099,2.949050,3.089907
worst_hyp,1657065623.928427,UNSAFE,,,,,,,,,,,,,,,,,,,,,,,,,,,10,90,0.586549,-0.242532,0.849344,1.501622,0.620906,2.174402,4.534880,3.898453,11.489864,24.974969,17.749631,54.225783,0,,,,,,,,,,,,,,,,,,
epoch,1657065624.028440,UNSAFE,26.058845,75.052469,10.000000,20.000000,-55.052469,26.058845,21.982785,75.052469,23.326513,5.451310,5.162324,41,4,12.665411,5.755240,41,0,0,1000000000.000000,1,7,0,2.950487,H_LEVEL(1),,,,,,,,,,,,,,,,GNSS,GNSS,GNSS,1,26.058845,75.052469,26.058845,21.982785,75.052469,23.326513,5.451310,5.162324,41,0,3.091226,2.938482,2.950487,3.091226
worst_hyp,1657065624.028440,UNSAFE,,,,,,,,,,,,,,,,,,,,,,,,,,,10,90,-1.670308,0.690676,-2.418630,1.501631,0.620928,2.174383,4.534898,3.898453,11.489899,26.058845,18.197890,55.795105,0,,,,,,,,,,,,,,,,,,
epoch,1657065624.128393,UNSAFE,25.748176,72.948416,10.000000,20.000000,-52.948416,25.748176,21.872423,72.948416,23.326600,5.451310,5.162324,41,4,12.665451,5.755250,41,0,0,1000000000.000000,1,7,0,2.951346,H_LEVEL(1),,,,,,,,,,,,,,,,GNSS,GNSS,GNSS,1,25.748176,72.948416,25.748176,21.872423,72.948416,23.326600,5.451310,5.162324,41,0,3.095481,2.939010,2.951346,3.095481
worst_hyp,1657065624.128393,UNSAFE,,,,,,,,,,,,,,,,,,,,,,,,,,,10,90,1.359522,-0.562182,1.968579,1.501641,0.620950,2.174365,4.534916,3.898454,11.489935,25.748176,18.069511,55.345088,0,,,,,,,,,,,,,,,,,,
epoch,1657065624.228373,UNSAFE,24.548543,74.746920,10.000000,20.000000,-54.746920,24.548543,22.060353,74.746920,23.326686,5.451310,5.162324,41,4,12.665490,5.755259,41,0,0,1000000000.000000,1,7,0,2.954602,H_LEVEL(1),,,,,,,,,,,,,,,,GNSS,GNSS,GNSS,1,24.548543,74.746920,24.548543,22.060353,74.746920,23.326686,5.451310,5.162324,41,0,3.098511,2.942311,2.954602,3.098511
worst_hyp,1657065624.228373,UNSAFE,,,,,,,,,,,,,,,,,,,,,,,,,,,10,90,-0.159773,0.066070,-0.231347,1.501651,0.620972,2.174347,4.534934,3.898454,11.489970,24.548543,17.573514,53.607892,0,,,,,,,,,,,,,,,,,,
epoch,1657065624.328378,UNSAFE,26.878307,71.495219,10.000000,20.000000,-51.495219,26.878307,21.689965,71.495219,23.326773,5.451310,5.162324,41,4,12.665530,5.755269,41,0,0,1000000000.000000,1,7,0,2.957635,H_LEVEL(1),,,,,,,,,,,,,,,,GNSS,GNSS,GNSS,1,26.878307,71.495219,26.878307,21.689965,71.495219,23.326773,5.451310,5.162324,41,0,3.101913,2.945360,2.957635,3.101913
worst_hyp,1657065624.328378,UNSAFE,,,,,,,,,,,,,,,,,,,,,,,,,,,10,90,-2.489421,1.029471,-3.604556,1.501660,0.620994,2.174328,4.534952,3.898454,11.490006,26.878307,18.537030,56.981136,0,,,,,,,,,,,,,,,,,,
epoch,1657065624.428430,UNSAFE,26.205025,71.314510,10.000000,20.000000,-51.314510,26.205025,21.389507,71.314510,23.326859,5.451310,5.162324,41,4,12.665569,5.755278,41,0,0,1000000000.000000,1,7,0,2.960614,H_LEVEL(1),,,,,,,,,,,,,,,,GNSS,GNSS,GNSS,1,26.205025,71.314510,26.205025,21.389507,71.314510,23.326859,5.451310,5.162324,41,0,3.102812,2.948156,2.960614,3.102812
worst_hyp,1657065624.428430,UNSAFE,,,,,,,,,,,,,,,,,,,,,,,,,,,10,90,1.816022,-0.751017,2.629469,1.501670,0.621016,2.174310,4.534970,3.898454,11.490041,26.205025,18.258691,56.006084,0,,,,,,,,,,,,,,,,,,
epoch,1657065624.528423,UNSAFE,24.841020,74.167978,10.000000,20.000000,-54.167978,24.841020,22.145990,74.167978,23.326946,5.451310,5.162324,41,4,12.665609,5.755288,41,0,0,1000000000.000000,1,7,0,2.962799,H_LEVEL(1),,,,,,,,,,,,,,,,GNSS,GNSS,GNSS,1,24.841020,74.167978,24.841020,22.145990,74.167978,23.326946,5.451310,5.162324,41,0,3.105762,2.950536,2.962799,3.105762
worst_hyp,1657065624.528423,UNSAFE,,,,,,,,,,,,,,,,,,,,,,,,,,,10,90,-0.451899,0.186889,-0.654308,1.501680,0.621039,2.174292,4.534989,3.898454,11.490077,24.841020,17.694678,54.030959,0,,,,,,,,,,,,,,,,,,
epoch,1657065624.628374,UNSAFE,25.333641,72.623893,10.000000,20.000000,-52.623893,25.333641,21.405617,72.623893,23.327032,5.451310,5.162324,41,4,12.665649,5.755297,41,0,0,1000000000.000000,1,7,0,2.964214,H_LEVEL(1),,,,,,,,,,,,,,,,GNSS,GNSS,GNSS,1,25.333641,72.623893,25.333641,21.405617,72.623893,23.327032,5.451310,5.162324,41,0,3.106603,2.951737,2.964214,3.106603
worst_hyp,1657065624.628374,UNSAFE,,,,,,,,,,,,,,,,,,,,,,,,,,,10,90,0.944404,-0.390582,1.367389,1.501689,0.621061,2.174273,4.535007,3.898454,11.490112,25.333641,17.898486,54.744076,0,,,,,,,,,,,,,,,,,,
epoch,1657065624.728382,UNSAFE,25.266956,69.980602,10.000000,20.000000,-49.980602,25.266956,21.657217,69.980602,23.327118,5.451310,5.162324,41,4,12.665688,5.755307,41,0,0,1000000000.000000,1,7,0,2.964087,H_LEVEL(1),,,,,,,,,,,,,,,,GNSS,GNSS,GNSS,1,25.266956,69.980602,25.266956,21.657217,69.980602,23.327118,5.451310,5.162324,41,0,3.107435,2.951766,2.964087,3.107435
worst_hyp,1657065624.728382,UNSAFE,,,,,,,,,,,,,,,,,,,,,,,,,,,6,21,-1.997444,-1.271211,1.348450,1.324296,0.842807,0.894016,4.479410,3.939864,11.317923,25.266956,20.075755,47.484341,0,,,,,,,,,,,,,,,,,,
epoch,1657065624.828437,UNSAFE,24.864201,69.414585,10.000000,20.000000,-49.414585,24.864201,21.548382,69.414585,23.327205,5.451310,5.162324,41,4,12.665728,5.755316,41,0,0,1000000000.000000,1,7,0,2.964603,H_LEVEL(1),,,,,,,,,,,,,,,,GNSS,GNSS,GNSS,1,24.864201,69.414585,24.864201,21.548382,69.414585,23.327205,5.451310,5.162324,41,0,3.106700,2.952097,2.964603,3.106700
worst_hyp,1657065624.828437,UNSAFE,,,,,,,,,,,,,,,,,,,,,,,,,,,10,90,0.474731,-0.196348,0.687335,1.501709,0.621105,2.174237,4.535043,3.898455,11.490183,24.864201,17.704482,54.064093,0,,,,,,,,,,,,,,,,,,
epoch,1657065624.928444,UNSAFE,24.660743,71.081855,10.000000,20.000000,-51.081855,24.660743,22.252730,71.081855,23.327292,5.451310,5.162324,41,4,12.665768,5.755326,41,0,0,1000000000.000000,1,7,0,2.964155,H_LEVEL(1),,,,,,,,,,,,,,,,GNSS,GNSS,GNSS,1,24.660743,71.081855,24.660743,22.252730,71.081855,23.327292,5.451310,5.162324,41,0,3.106119,2.951635,2.964155,3.106119
worst_hyp,1657065624.928444,UNSAFE,,,,,,,,,,,,,,,,,,,,,,,,,,,10,90,0.271156,-0.112153,0.392585,1.501718,0.621127,2.174218,4.535061,3.898455,11.490219,24.660743,17.620402,53.769378,0,,,,,,,,,,,,,,,,,,
epoch,1657065625.028377,UNSAFE,26.693496,72.561225,10.000000,20.000000,-52.561225,26.693496,21.650818,72.561225,23.327378,5.451310,5.162324,41,4,12.665807,5.755335,41,0,0,1000000000.000000,1,7,0,2.964974,H_LEVEL(1),,,,,,,,,,,,,,,,GNSS,GNSS,GNSS,1,26.693496,72.561225,26.693496,21.650818,72.561225,23.327378,5.451310,5.162324,41,0,3.107218,2.953143,2.964974,3.107218
worst_hyp,1657065625.028377,UNSAFE,,,,,,,,,,,,,,,,,,,,,,,,,,,10,90,-2.303792,0.952902,-3.335427,1.501728,0.621149,2.174200,4.535080,3.898455,11.490254,26.693496,18.461265,56.712257,0,,,,,,,,,,,,,,,,,,
epoch,1657065625.128440,UNSAFE,26.881570,71.784481,10.000000,20.000000,-51.784481,26.881570,22.749071,71.784481,23.327465,5.451310,5.162324,41,4,12.665847,5.755345,41,0,0,1000000000.000000,1,7,0,2.967275,H_LEVEL(1),,,,,,,,,,,,,,,,GNSS,GNSS,GNSS,1,26.881570,71.784481,26.881570,22.749071,71.784481,23.327465,5.451310,5.162324,41,0,3.109500,2.955459,2.967275,3.109500
worst_hyp,1657065625.128440,UNSAFE,,,,,,,,,,,,,,,,,,,,,,,,,,,10,90,-2.491750,1.030675,-3.607499,1.501738,0.621172,2.174182,4.535098,3.898455,11.490290,26.881570,18.539154,56.984364,0,,,,,,,,,,,,,,,,,,
epoch,1657065625.228380,UNSAFE,24.824571,71.923742,10.000000,20.000000,-51.923742,24.824571,22.107053,71.923742,23.327551,5.451310,5.162324,41,4,12.665887,5.755354,41,0,0,1000000000.000000,1,7,0,2.969255,H_LEVEL(1),,,,,,,,,,,,,,,,GNSS,GNSS,GNSS,1,24.824571,71.923742,24.824571,22.107053,71.923742,23.327551,5.451310,5.162324,41,0,3.108814,2.957474,2.969255,3.108814
worst_hyp,1657065625.228380,UNSAFE,,,,,,,,,,,,,,,,,,,,,,,,,,,10,90,-0.434634,0.179785,-0.629244,1.501747,0.621194,2.174164,4.535116,3.898455,11.490325,24.824571,17.688379,54.006145,0,,,,,,,,,,,,,,,,,,
epoch,1657065625.328434,UNSAFE,25.987172,70.885034,10.000000,20.000000,-50.885034,25.987172,21.201861,70.885034,23.327638,5.451310,5.162324,41,4,12.665926,5.755364,41,0,0,1000000000.000000,1,7,0,2.971087,H_LEVEL(1),,,,,,,,,,,,,,,,GNSS,GNSS,GNSS,1,25.987172,70.885034,25.987172,21.201861,70.885034,23.327638,5.451310,5.162324,41,0,3.110032,2.959336,2.971087,3.110032
worst_hyp,1657065625.328434,UNSAFE,,,,,,,,,,,,,,,,,,,,,,,,,,,10,90,-1.597118,0.660663,-2.312203,1.501757,0.621216,2.174145,4.535134,3.898455,11.490361,25.987172,18.169372,55.689140,0,,,,,,,,,,,,,,,,,,
epoch,1657065625.428423,UNSAFE,25.393096,73.985492,10.000000,20.000000,-53.985492,25.393096,22.458648,73.985492,23.327724,5.451310,5.162324,41,4,12.665966,5.755373,41,0,0,1000000000.000000,1,7,0,2.973923,H_LEVEL(1),,,,,,,,,,,,,,,,GNSS,GNSS,GNSS,1,25.393096,73.985492,25.393096,22.458648,73.985492,23.327724,5.451310,5.162324,41,0,3.111985,2.962068,2.973923,3.111985
worst_hyp,1657065625.428423,UNSAFE,,,,,,,,,,,,,,,,,,,,,,,,,,,10,90,-1.002926,0.414882,-1.451949,1.501767,0.621238,2.174127,4.535152,3.898455,11.490396,25.393096,17.923706,54.828921,0,,,,,,,,,,,,,,,,,,
epoch,1657065625.528421,UNSAFE,24.956935,72.971314,10.000000,20.000000,-52.971314,24.956935,21.558713,72.971314,23.327811,5.451310,5.162324,41,4,12.666006,5.755383,41,0,0,1000000000.000000,1,7,0,2.976435,H_LEVEL(1),,,,,,,,,,,,,,,,GNSS,GNSS,GNSS,1,24.956935,72.971314,24.956935,21.558713,72.971314,23.327811,5.451310,5.162324,41,0,3.111873,2.964516,2.976435,3.111873
worst_hyp,1657065625.528421,UNSAFE,,,,,,,,,,,,,,,,,,,,,,,,,,,10,90,0.566648,-0.234413,0.820331,1.501776,0.621260,2.174109,4.535170,3.898456,11.490432,24.956935,17.743352,54.197340,0,,,,,,,,,,,,,,,,,,
epoch,1657065625.628442,UNSAFE,24.660679,74.173790,10.000000,20.000000,-54.173790,24.660679,21.518970,74.173790,23.327897,5.451310,5.162324,41,4,12.666046,5.755392,41,0,0,1000000000.000000,1,7,0,2.978898,H_LEVEL(1),,,,,,,,,,,,,,,,GNSS,GNSS,GNSS,1,24.660679,74.173790,24.660679,21.518970,74.173790,23.327897,5.451310,5.162324,41,0,3.111836,2.966948,2.978898,3.111836
worst_hyp,1657065625.628442,UNSAFE,,,,,,,,,,,,,,,,,,,,,,,,,,,10,90,0.270275,-0.111812,0.391269,1.501786,0.621282,2.174090,4.535189,3.898456,11.490467,24.660679,17.620865,53.768313,0,,,,,,,,,,,,,,,,,,
epoch,1657065625.728440,UNSAFE,25.669582,70.410269,10.000000,20.000000,-50.410269,25.669582,21.872970,70.410269,23.327984,5.451310,5.162324,41,4,12.666085,5.755402,41,0,0,1000000000.000000,1,7,0,2.980237,H_LEVEL(1),,,,,,,,,,,,,,,,GNSS,GNSS,GNSS,1,25.669582,70.410269,25.669582,21.872970,70.410269,23.327984,5.451310,5.162324,41,0,3.109285,2.968306,2.980237,3.109285
worst_hyp,1657065625.728440,UNSAFE,,,,,,,,,,,,,,,,,,,,,,,,,,,10,90,1.279062,-0.529158,1.851632,1.501796,0.621305,2.174072,4.535207,3.898456,11.490503,25.669582,18.038327,55.228712,0,,,,,,,,,,,,,,,,,,
epoch,1657065625.828458,UNSAFE,25.973311,75.352099,10.000000,20.000000,-55.352099,25.973311,22.816970,75.352099,23.328070,5.451310,5.162324,41,4,12.666125,5.755411,41,0,0,1000000000.000000,1,7,0,2.981602,H_LEVEL(1),,,,,,,,,,,,,,,,GNSS,GNSS,GNSS,1,25.973311,75.352099,25.973311,22.816970,75.352099,23.328070,5.451310,5.162324,41,0,3.112383,2.969729,2.981602,3.112383
worst_hyp,1657065625.828458,UNSAFE,,,,,,,,,,,,,,,,,,,,,,,,,,,10,90,-1.582674,0.654784,-2.291121,1.501805,0.621327,2.174054,4.535225,3.898456,11.490539,25.973311,18.164067,55.668237,0,,,,,,,,,,,,,,,,,,
epoch,1657065625.928423,UNSAFE,24.569607,70.892238,10.000000,20.000000,-50.892238,24.569607,21.968666,70.892238,23.328157,5.451310,5.162324,41,4,12.666165,5.755421,41,0,0,1000000000.000000,1,7,0,2.982564,H_LEVEL(1),,,,,,,,,,,,,,,,GNSS,GNSS,GNSS,1,24.569607,70.892238,24.569607,21.968666,70.892238,23.328157,5.451310,5.162324,41,0,3.115862,2.970674,2.982564,3.115862
worst_hyp,1657065625.928423,UNSAFE,,,,,,,,,,,,,,,,,,,,,,,,,,,10,90,-0.178854,0.073997,-0.258909,1.501815,0.621349,2.174035,4.535243,3.898456,11.490574,24.569607,17.583396,53.636062,0,,,,,,,,,,,,,,,,,,
epoch,1657065626.028369,UNSAFE,26.101601,74.506500,10.000000,20.000000,-54.506500,26.101601,21.716949,74.506500,23.328243,5.451310,5.162324,41,4,12.666205,5.755430,41,0,0,1000000000.000000,1,7,0,2.983109,H_LEVEL(1),,,,,,,,,,,,,,,,GNSS,GNSS,GNSS,1,26.101601,74.506500,26.101601,21.716949,74.506500,23.328243,5.451310,5.162324,41,0,3.118250,2.971328,2.983109,3.118250
worst_hyp,1657065626.028369,UNSAFE,,,,,,,,,,,,,,,,,,,,,,,,,,,10,90,1.710730,-0.707804,2.476425,1.501825,0.621371,2.174017,4.535261,3.898456,11.490610,26.101601,18.217318,55.853613,0,,,,,,,,,,,,,,,,,,
epoch,1657065626.128468,UNSAFE,25.496966,71.989082,10.000000,20.000000,-51.989082,25.496966,21.904188,71.989082,23.328330,5.451310,5.162324,41,4,12.666244,5.755440,41,0,0,1000000000.000000,1,7,0,2.985776,H_LEVEL(1),,,,,,,,,,,,,,,,GNSS,GNSS,GNSS,1,25.496966,71.989082,25.496966,21.904188,71.989082,23.328330,5.451310,5.162324,41,0,3.117818,2.973862,2.985776,3.117818
worst_hyp,1657065626.128468,UNSAFE,,,,,,,,,,,,,,,,,,,,,,,,,,,10,90,-1.105979,0.457606,-1.600974,1.501835,0.621393,2.173999,4.535280,3.898457,11.490645,25.496966,17.967234,54.978198,0,,,,,,,,,,,,,,,,,,
epoch,1657065626.228378,UNSAFE,26.077521,72.921988,10.000000,20.000000,-52.921988,26.077521,22.606867,72.921988,23.328417,5.451310,5.162324,41,4,12.666284,5.755449,41,0,0,1000000000.000000,1,7,0,2.987107,H_LEVEL(1),,,,,,,,,,,,,,,,GNSS,GNSS,GNSS,1,26.077521,72.921988,26.077521,22.606867,72.921988,23.328417,5.451310,5.162324,41,0,3.119334,2.975231,2.987107,3.119334
worst_hyp,1657065626.228378,UNSAFE,,,,,,,,,,,,,,,,,,,,,,,,,,,10,90,-1.686418,0.697786,-2.441158,1.501844,0.621415,2.173980,4.535298,3.898457,11.490681,26.077521,18.207530,55.818419,0,,,,,,,,,,,,,,,,,,
epoch,1657065626.328375,UNSAFE,24.512985,71.648938,10.000000,20.000000,-51.648938,24.512985,21.714935,71.648938,23.328503,5.451310,5.162324,41,4,12.666324,5.755459,41,0,0,1000000000.000000,1,7,0,2.988275,H_LEVEL(1),,,,,,,,,,,,,,,,GNSS,GNSS,GNSS,1,24.512985,71.648938,24.512985,21.714935,71.648938,23.328503,5.451310,5.162324,41,0,3.121108,2.976456,2.988275,3.121108
worst_hyp,1657065626.328375,UNSAFE,,,,,,,,,,,,,,,,,,,,,,,,,,,10,90,-0.121765,0.050384,-0.176257,1.501854,0.621438,2.173962,4.535316,3.898457,11.490717,24.512985,17.560243,53.553554,0,,,,,,,,,,,,,,,,,,
epoch,1657065626.428386,UNSAFE,24.949185,74.144876,10.000000,20.000000,-54.144876,24.949185,21.530955,74.144876,23.328590,5.451310,5.162324,41,4,12.666364,5.755468,41,0,0,1000000000.000000,1,7,0,2.988740,H_LEVEL(1),,,,,,,,,,,,,,,,GNSS,GNSS,GNSS,1,24.949185,74.144876,24.949185,21.530955,74.144876,23.328590,5.451310,5.162324,41,0,3.123768,2.976978,2.988740,3.123768
worst_hyp,1657065626.428386,UNSAFE,,,,,,,,,,,,,,,,,,,,,,,,,,,10,90,-0.557848,0.230833,-0.807483,1.501864,0.621460,2.173944,4.535334,3.898457,11.490752,24.949185,17.740807,54.184817,0,,,,,,,,,,,,,,,,,,
epoch,1657065626.528367,UNSAFE,25.013898,76.901820,10.000000,20.000000,-56.901820,25.013898,21.619270,76.901820,23.328676,5.451310,5.162324,41,4,12.666404,5.755478,41,0,0,1000000000.000000,1,7,0,2.988504,H_LEVEL(1),,,,,,,,,,,,,,,,GNSS,GNSS,GNSS,1,25.013898,76.901820,25.013898,21.619270,76.901820,23.328676,5.451310,5.162324,41,0,3.127893,2.976670,2.988504,3.127893
worst_hyp,1657065626.528367,UNSAFE,,,,,,,,,,,,,,,,,,,,,,,,,,,10,90,-0.622445,0.257570,-0.900974,1.501873,0.621482,2.173926,4.535352,3.898457,11.490788,25.013898,17.767659,54.278343,0,,,,,,,,,,,,,,,,,,
epoch,1657065626.628452,UNSAFE,25.651061,69.742084,10.000000,20.000000,-49.742084,25.651061,21.705684,69.742084,23.328763,5.451310,5.162324,41,4,12.666443,5.755487,41,0,0,1000000000.000000,1,7,0,2.989042,H_LEVEL(1),,,,,,,,,,,,,,,,GNSS,GNSS,GNSS,1,25.651061,69.742084,25.651061,21.705684,69.742084,23.328763,5.451310,5.162324,41,0,3.130887,2.977171,2.989042,3.130887
worst_hyp,1657065626.628452,UNSAFE,,,,,,,,,,,,,,,,,,,,,,,,,,,10,90,-1.259491,0.521198,-1.823056,1.501883,0.621504,2.173907,4.535370,3.898457,11.490823,25.651061,18.031402,55.200462,0,,,,,,,,,,,,,,,,,,
epoch,1657065626.728377,UNSAFE,25.865497,71.423460,10.000000,20.000000,-51.423460,25.865497,21.868292,71.423460,23.328849,5.451310,5.162324,41,4,12.666483,5.755497,41,0,0,1000000000.000000,1,7,0,2.991620,H_LEVEL(1),,,,,,,,,,,,,,,,GNSS,GNSS,GNSS,1,25.865497,71.423460,25.865497,21.868292,71.423460,23.328849,5.451310,5.162324,41,0,3.135229,2.979262,2.991620,3.135229
worst_hyp,1657065626.728377,UNSAFE,,,,,,,,,,,,,,,,,,,,,,,,,,,10,90,-1.473811,0.609905,-2.133242,1.501893,0.621526,2.173889,4.535389,3.898457,11.490859,25.865497,18.120224,55.510685,0,,,,,,,,,,,,,,,,,,
epoch,1657065626.828422,UNSAFE,26.887662,76.613410,10.000000,20.000000,-56.613410,26.887662,21.466773,76.613410,23.328936,5.451310,5.162324,41,4,12.666523,5.755506,41,0,0,1000000000.000000,1,7,0,2.995407,H_LEVEL(1),,,,,,,,,,,,,,,,GNSS,GNSS,GNSS,1,26.887662,76.613410,26.887662,21.466773,76.613410,23.328936,5.451310,5.162324,41,0,3.137153,2.983085,2.995407,3.137153
worst_hyp,1657065626.828422,UNSAFE,,,,,,,,,,,,,,,,,,,,,,,,,,,10,90,2.495859,-1.032888,3.612535,1.501902,0.621548,2.173871,4.535407,3.898458,11.490895,26.887662,18.543322,56.990014,0,,,,,,,,,,,,,,,,,,
epoch,1657065626.928431,UNSAFE,25.639184,69.086811,10.000000,20.000000,-49.086811,25.639184,22.158673,69.086811,23.329023,5.451310,5.162324,41,4,12.666563,5.755516,41,0,0,1000000000.000000,1,7,0,2.998104,H_LEVEL(1),,,,,,,,,,,,,,,,GNSS,GNSS,GNSS,1,25.639184,69.086811,25.639184,22.158673,69.086811,23.329023,5.451310,5.162324,41,0,3.139583,2.985444,2.998104,3.139583
worst_hyp,1657065626.928431,UNSAFE,,,,,,,,,,,,,,,,,,,,,,,,,,,10,90,-1.247263,0.516184,-1.805277,1.501912,0.621571,2.173852,4.535425,3.898458,11.490931,25.639184,18.026732,55.182792,0,,,,,,,,,,,,,,,,,,
epoch,1657065627.028445,UNSAFE,25.802207,73.850822,10.000000,20.000000,-53.850822,25.802207,22.061508,73.850822,23.329109,5.451310,5.162324,41,4,12.666603,5.755525,41,0,0,1000000000.000000,1,7,0,3.000678,H_LEVEL(1),,,,,,,,,,,,,,,,GNSS,GNSS,GNSS,1,25.802207,73.850822,25.802207,22.061508,73.850822,23.329109,5.451310,5.162324,41,0,3.142671,2.987965,3.000678,3.142671
worst_hyp,1657065627.028445,UNSAFE,,,,,,,,,,,,,,,,,,,,,,,,,,,10,90,1.410170,-0.583620,2.041036,1.501922,0.621593,2.173834,4.535443,3.898458,11.490966,25.802207,18.094283,55.418588,0,,,,,,,,,,,,,,,,,,
epoch,1657065627.128383,UNSAFE,25.796787,69.559365,10.000000,20.000000,-49.559365,25.796787,21.261074,69.559365,23.329196,5.451310,5.162324,41,4,12.666643,5.755535,41,0,0,1000000000.000000,1,7,0,3.004057,H_LEVEL(1),,,,,,,,,,,,,,,,GNSS,GNSS,GNSS,1,25.796787,69.559365,25.796787,21.261074,69.559365,23.329196,5.451310,5.162324,41,0,3.146987,2.991609,3.004057,3.146987
worst_hyp,1657065627.128383,UNSAFE,,,,,,,,,,,,,,,,,,,,,,,,,,,10,90,-1.404633,0.581346,-2.032992,1.501931,0.621615,2.173816,4.535461,3.898458,11.491002,25.796787,18.092124,55.410581,0,,,,,,,,,,,,,,,,,,
epoch,1657065627.228445,UNSAFE,25.138947,69.913717,10.000000,20.000000,-49.913717,25.138947,21.670251,69.913717,23.329282,5.451310,5.162324,41,4,12.666682,5.755545,41,0,0,1000000000.000000,1,7,0,3.005819,H_LEVEL(1),,,,,,,,,,,,,,,,GNSS,GNSS,GNSS,1,25.138947,69.913717,25.138947,21.670251,69.913717,23.329282,5.451310,5.162324,41,0,3.149024,2.993486,3.005819,3.149024
worst_hyp,1657065627.228445,UNSAFE,,,,,,,,,,,,,,,,,,,,,,,,,,,10,90,0.746677,-0.309041,1.080685,1.501941,0.621637,2.173798,4.535480,3.898458,11.491038,25.138947,17.819935,54.458310,0,,,,,,,,,,,,,,,,,,
epoch,1657065627.328503,UNSAFE,26.046655,72.940474,10.000000,20.000000,-52.940474,26.046655,21.740308,72.940474,23.329369,5.451310,5.162324,41,4,12.666722,5.755554,41,0,0,1000000000.000000,1,7,0,3.005907,H_LEVEL(1),,,,,,,,,,,,,,,,GNSS,GNSS,GNSS,1,26.046655,72.940474,26.046655,21.740308,72.940474,23.329369,5.451310,5.162324,41,0,3.148599,2.993528,3.005907,3.148599
worst_hyp,1657065627.328503,UNSAFE,,,,,,,,,,,,,,,,,,,,,,,,,,,10,90,1.654268,-0.684704,2.394229,1.501951,0.621659,2.173779,4.535498,3.898458,11.491073,26.046655,18.195712,55.771892,0,,,,,,,,,,,,,,,,,,
epoch,1657065627.428434,UNSAFE,26.314030,70.881940,10.000000,20.000000,-50.881940,26.314030,22.005127,70.881940,23.329456,5.451310,5.162324,41,4,12.666762,5.755564,41,0,0,1000000000.000000,1,7,0,3.003008,H_LEVEL(1),,,,,,,,,,,,,,,,GNSS,GNSS,GNSS,1,26.314030,70.881940,26.314030,22.005127,70.881940,23.329456,5.451310,5.162324,41,0,3.147233,2.990767,3.003008,3.147233
worst_hyp,1657065627.428434,UNSAFE,,,,,,,,,,,,,,,,,,,,,,,,,,,10,90,-1.921527,0.795346,-2.780993,1.501960,0.621681,2.173761,4.535516,3.898459,11.491109,26.314030,18.306469,56.158692,0,,,,,,,,,,,,,,,,,,
epoch,1657065627.528530,UNSAFE,24.649817,79.571453,10.000000,20.000000,-59.571453,24.649817,21.583298,79.571453,23.329542,5.451310,5.162324,41,4,12.666802,5.755573,41,0,0,1000000000.000000,1,7,0,3.003528,H_LEVEL(1),,,,,,,,,,,,,,,,GNSS,GNSS,GNSS,1,24.649817,79.571453,24.649817,21.583298,79.571453,23.329542,5.451310,5.162324,41,0,3.145488,2.991241,3.003528,3.145488
worst_hyp,1657065627.528530,UNSAFE,,,,,,,,,,,,,,,,,,,,,,,,,,,10,90,-0.257197,0.106460,-0.372231,1.501970,0.621704,2.173743,4.535534,3.898459,11.491145,24.649817,17.617699,53.749967,0,,,,,,,,,,,,,,,,,,
epoch,1657065627.628406,UNSAFE,25.195139,71.395710,10.000000,20.000000,-51.395710,25.195139,21.602932,71.395710,23.329629,5.451310,5.162324,41,4,12.666842,5.755583,41,0,0,1000000000.000000,1,7,0,3.003162,H_LEVEL(1),,,,,,,,,,,,,,,,GNSS,GNSS,GNSS,1,25.195139,71.395710,25.195139,21.602932,71.395710,23.329629,5.451310,5.162324,41,0,3.144041,2.991360,3.003162,3.144041
worst_hyp,1657065627.628406,UNSAFE,,,,,,,,,,,,,,,,,,,,,,,,,,,10,90,-0.802403,0.332145,-1.161269,1.501980,0.621726,2.173725,4.535552,3.898459,11.491180,25.195139,17.843498,54.539042,0,,,,,,,,,,,,,,,,,,
epoch,1657065627.728375,UNSAFE,25.665842,72.865100,10.000000,20.000000,-52.865100,25.665842,22.064993,72.865100,23.329716,5.451310,5.162324,41,4,12.666882,5.755592,41,0,0,1000000000.000000,1,7,0,3.005108,H_LEVEL(1),,,,,,,,,,,,,,,,GNSS,GNSS,GNSS,1,25.665842,72.865100,25.665842,22.064993,72.865100,23.329716,5.451310,5.162324,41,0,3.143902,2.993265,3.005108,3.143902
worst_hyp,1657065627.728375,UNSAFE,,,,,,,,,,,,,,,,,,,,,,,,,,,10,90,1.272988,-0.526953,1.842292,1.501989,0.621748,2.173706,4.535571,3.898459,11.491216,25.665842,18.038422,55.220102,0,,,,,,,,,,,,,,,,,,
epoch,1657065627.828398,UNSAFE,26.523567,75.144560,10.000000,20.000000,-55.144560,26.523567,22.772240,75.144560,23.329802,5.451310,5.162324,41,4,12.666922,5.755602,41,0,0,1000000000.000000,1,7,0,3.007201,H_LEVEL(1),,,,,,,,,,,,,,,,GNSS,GNSS,GNSS,1,26.523567,75.144560,26.523567,22.772240,75.144560,23.329802,5.451310,5.162324,41,0,3.146651,2.995289,3.007201,3.146651
worst_hyp,1657065627.828398,UNSAFE,,,,,,,,,,,,,,,,,,,,,,,,,,,10,90,2.130597,-0.881986,3.083393,1.501999,0.621770,2.173688,4.535589,3.898459,11.491252,26.523567,18.393569,56.461240,0,,,,,,,,,,,,,,,,,,
epoch,1657065627.928425,UNSAFE,24.590895,71.453707,10.000000,20.000000,-51.453707,24.590895,21.438544,71.453707,23.329889,5.451310,5.162324,41,4,12.666962,5.755611,41,0,0,1000000000.000000,1,7,0,3.008123,H_LEVEL(1),,,,,,,,,,,,,,,,GNSS,GNSS,GNSS,1,24.590895,71.453707,24.590895,21.438544,71.453707,23.329889,5.451310,5.162324,41,0,3.149159,2.996205,3.008123,3.149159
worst_hyp,1657065627.928425,UNSAFE,,,,,,,,,,,,,,,,,,,,,,,,,,,10,90,-0.197809,0.081888,-0.286264,1.502009,0.621792,2.173670,4.535607,3.898459,11.491288,24.590895,17.593586,53.664148,0,,,,,,,,,,,,,,,,,,
epoch,1657065628.028422,UNSAFE,24.516195,70.540814,10.000000,20.000000,-50.540814,24.516195,21.525149,70.540814,23.329976,5.451310,5.162324,41,4,12.667001,5.755621,41,0,0,1000000000.000000,1,7,0,3.009091,H_LEVEL(1),,,,,,,,,,,,,,,,GNSS,GNSS,GNSS,1,24.516195,70.540814,24.516195,21.525149,70.540814,23.329976,5.451310,5.162324,41,0,3.151289,2.996712,3.009091,3.151289
worst_hyp,1657065628.028422,UNSAFE,,,,,,,,,,,,,,,,,,,,,,,,,,,10,90,-0.122992,0.050917,-0.177989,1.502018,0.621814,2.173652,4.535625,3.898459,11.491324,24.516195,17.562731,53.555909,0,,,,,,,,,,,,,,,,,,
epoch,1657065628.128438,UNSAFE,26.302155,71.781888,10.000000,20.000000,-51.781888,26.302155,21.405202,71.781888,23.330062,5.451310,5.162324,41,4,12.667041,5.755630,41,0,0,1000000000.000000,1,7,0,3.013914,H_LEVEL(1),,,,,,,,,,,,,,,,GNSS,GNSS,GNSS,1,26.302155,71.781888,26.302155,21.405202,71.781888,23.330062,5.451310,5.162324,41,0,3.156490,3.001667,3.013914,3.156490
worst_hyp,1657065628.128438,UNSAFE,,,,,,,,,,,,,,,,,,,,,,,,,,,10,90,1.908835,-0.790254,2.762338,1.502028,0.621837,2.173633,4.535643,3.898460,11.491359,26.302155,18.302182,56.140295,0,,,,,,,,,,,,,,,,,,
epoch,1657065628.228426,UNSAFE,25.625406,70.398604,10.000000,20.000000,-50.398604,25.625406,21.858408,70.398604,23.330149,5.451310,5.162324,41,4,12.667081,5.755640,41,0,0,1000000000.000000,1,7,0,3.016196,H_LEVEL(1),,,,,,,,,,,,,,,,GNSS,GNSS,GNSS,1,25.625406,70.398604,25.625406,21.858408,70.398604,23.330149,5.451310,5.162324,41,0,3.159320,3.004010,3.016196,3.159320
worst_hyp,1657065628.228426,UNSAFE,,,,,,,,,,,,,,,,,,,,,,,,,,,10,90,-1.231970,0.510048,-1.782797,1.502037,0.621859,2.173615,4.535662,3.898460,11.491395,25.625406,18.022092,55.160792,0,,,,,,,,,,,,,,,,,,
epoch,1657065628.328401,UNSAFE,26.304192,77.827651,10.000000,20.000000,-57.827651,26.304192,22.796451,77.827651,23.330236,5.451310,5.162324,41,4,12.667121,5.755649,41,0,0,1000000000.000000,1,7,0,3.018931,H_LEVEL(1),,,,,,,,,,,,,,,,GNSS,GNSS,GNSS,1,26.304192,77.827651,26.304192,22.796451,77.827651,23.330236,5.451310,5.162324,41,0,3.161688,3.006583,3.018931,3.161688
worst_hyp,1657065628.328401,UNSAFE,,,,,,,,,,,,,,,,,,,,,,,,,,,10,90,1.910639,-0.791047,2.764866,1.502047,0.621881,2.173597,4.535680,3.898460,11.491431,26.304192,18.303205,56.142898,0,,,,,,,,,,,,,,,,,,
epoch,1657065628.428430,UNSAFE,24.586272,71.789145,10.000000,20.000000,-51.789145,24.586272,21.160935,71.789145,23.330322,5.451310,5.162324,41,4,12.667161,5.755659,41,0,0,1000000000.000000,1,7,0,3.019226,H_LEVEL(1),,,,,,,,,,,,,,,,GNSS,GNSS,GNSS,1,24.586272,71.789145,24.586272,21.160935,71.789145,23.330322,5.451310,5.162324,41,0,3.164008,3.006972,3.019226,3.164008
worst_hyp,1657065628.428430,UNSAFE,,,,,,,,,,,,,,,,,,,,,,,,,,,10,90,-0.192602,0.079744,-0.278708,1.502057,0.621903,2.173579,4.535698,3.898460,11.491467,24.586272,17.592017,53.656777,0,,,,,,,,,,,,,,,,,,
epoch,1657065628.528435,UNSAFE,24.728285,69.916591,10.000000,20.000000,-49.916591,24.728285,21.925378,69.916591,23.330409,5.451310,5.162324,41,4,12.667201,5.755668,41,0,0,1000000000.000000,1,7,0,3.018076,H_LEVEL(1),,,,,,,,,,,,,,,,GNSS,GNSS,GNSS,1,24.728285,69.916591,24.728285,21.925378,69.916591,23.330409,5.451310,5.162324,41,0,3.164691,3.005903,3.018076,3.164691
worst_hyp,1657065628.528435,UNSAFE,,,,,,,,,,,,,,,,,,,,,,,,,,,10,90,0.334499,-0.138498,0.484036,1.502066,0.621925,2.173560,4.535716,3.898460,11.491503,24.728285,17.650887,53.862142,0,,,,,,,,,,,,,,,,,,
epoch,1657065628.628595,UNSAFE,25.409795,70.312140,10.000000,20.000000,-50.312140,25.409795,22.981476,70.312140,23.330496,5.451310,5.162324,41,4,12.667241,5.755678,41,0,0,1000000000.000000,1,7,0,3.018224,H_LEVEL(1),,,,,,,,,,,,,,,,GNSS,GNSS,GNSS,1,25.409795,70.312140,25.409795,22.981476,70.312140,23.330496,5.451310,5.162324,41,0,3.161509,3.005912,3.018224,3.161509
worst_hyp,1657065628.628595,UNSAFE,,,,,,,,,,,,,,,,,,,,,,,,,,,10,90,1.015893,-0.420639,1.470022,1.502076,0.621947,2.173542,4.535734,3.898460,11.491538,25.409795,17.933143,54.848166,0,,,,,,,,,,,,,,,,,,
epoch,1657065628.728382,UNSAFE,24.623224,76.680739,10.000000,20.000000,-56.680739,24.623224,21.462961,76.680739,23.330582,5.451310,5.162324,41,4,12.667281,5.755687,41,0,0,1000000000.000000,1,7,0,3.018552,H_LEVEL(1),,,,,,,,,,,,,,,,GNSS,GNSS,GNSS,1,24.623224,76.680739,24.623224,21.462961,76.680739,23.330582,5.451310,5.162324,41,0,3.163096,3.006731,3.018552,3.163096
worst_hyp,1657065628.728382,UNSAFE,,,,,,,,,,,,,,,,,,,,,,,,,,,10,90,0.229205,-0.094907,0.331660,1.502086,0.621970,2.173524,4.535753,3.898461,11.491574,24.623224,17.607525,53.709841,0,,,,,,,,,,,,,,,,,,
epoch,1657065628.828597,UNSAFE,24.713684,74.713905,10.000000,20.000000,-54.713905,24.713684,21.204985,74.713905,23.330669,5.451310,5.162324,41,4,12.667321,5.755697,41,0,0,1000000000.000000,1,7,0,3.020885,H_LEVEL(1),,,,,,,,,,,,,,,,GNSS,GNSS,GNSS,1,24.713684,74.713905,24.713684,21.204985,74.713905,23.330669,5.451310,5.162324,41,0,3.160621,3.008995,3.020885,3.160621
worst_hyp,1657065628.828597,UNSAFE,,,,,,,,,,,,,,,,,,,,,,,,,,,10,90,-0.319548,0.132319,-0.462380,1.502095,0.621992,2.173506,4.535771,3.898461,11.491610,24.713684,17.645053,53.840598,0,,,,,,,,,,,,,,,,,,
epoch,1657065628.928422,UNSAFE,25.615824,71.301944,10.000000,20.000000,-51.301944,25.615824,22.441735,71.301944,23.330756,5.451310,5.162324,41,4,12.667361,5.755707,41,0,0,1000000000.000000,1,7,0,3.023301,H_LEVEL(1),,,,,,,,,,,,,,,,GNSS,GNSS,GNSS,1,25.615824,71.301944,25.615824,22.441735,71.301944,23.330756,5.451310,5.162324,41,0,3.163514,3.011378,3.023301,3.163514
worst_hyp,1657065628.928422,UNSAFE,,,,,,,,,,,,,,,,,,,,,,,,,,,10,90,1.221571,-0.505846,1.767566,1.502105,0.622014,2.173487,4.535789,3.898461,11.491646,25.615824,18.018695,55.145822,0,,,,,,,,,,,,,,,,,,
epoch,1657065629.028375,UNSAFE,25.861858,71.266590,10.000000,20.000000,-51.266590,25.861858,22.562176,71.266590,23.330842,5.451310,5.162324,41,4,12.667401,5.755716,41,0,0,1000000000.000000,1,7,0,3.024329,H_LEVEL(1),,,,,,,,,,,,,,,,GNSS,GNSS,GNSS,1,25.861858,71.266590,25.861858,22.562176,71.266590,23.330842,5.451310,5.162324,41,0,3.160807,3.012515,3.024329,3.160807
worst_hyp,1657065629.028375,UNSAFE,,,,,,,,,,,,,,,,,,,,,,,,,,,10,90,1.467489,-0.607697,2.123368,1.502115,0.622036,2.173469,4.535807,3.898461,11.491682,25.861858,18.120661,55.501661,0,,,,,,,,,,,,,,,,,,
epoch,1657065629.128442,UNSAFE,25.799840,76.293249,10.000000,20.000000,-56.293249,25.799840,21.796215,76.293249,23.330929,5.451310,5.162324,41,4,12.667441,5.755726,41,0,0,1000000000.000000,1,7,0,3.025772,H_LEVEL(1),,,,,,,,,,,,,,,,GNSS,GNSS,GNSS,1,25.799840,76.293249,25.799840,21.796215,76.293249,23.330929,5.451310,5.162324,41,0,3.163586,3.013953,3.025772,3.163586
worst_hyp,1657065629.128442,UNSAFE,,,,,,,,,,,,,,,,,,,,,,,,,,,10,90,1.405354,-0.581984,2.033432,1.502124,0.622058,2.173451,4.535825,3.898461,11.491718,25.799840,18.095062,55.411763,0,,,,,,,,,,,,,,,,,,
epoch,1657065629.228429,UNSAFE,25.656422,72.234554,10.000000,20.000000,-52.234554,25.656422,21.604138,72.234554,23.331016,5.451310,5.162324,41,4,12.667481,5.755735,41,0,0,1000000000.000000,1,7,0,3.027292,H_LEVEL(1),,,,,,,,,,,,,,,,GNSS,GNSS,GNSS,1,25.656422,72.234554,25.656422,21.604138,72.234554,23.331016,5.451310,5.162324,41,0,3.162453,3.015419,3.027292,3.162453
worst_hyp,1657065629.228429,UNSAFE,,,,,,,,,,,,,,,,,,,,,,,,,,,10,90,-1.261820,0.522559,-1.825723,1.502134,0.622080,2.173433,4.535844,3.898461,11.491754,25.656422,18.035753,55.204092,0,,,,,,,,,,,,,,,,,,
epoch,1657065629.328374,UNSAFE,26.101746,74.728259,10.000000,20.000000,-54.728259,26.101746,22.016310,74.728259,23.331103,5.451310,5.162324,41,4,12.667521,5.755745,41,0,0,1000000000.000000,1,7,0,3.026795,H_LEVEL(1),,,,,,,,,,,,,,,,GNSS,GNSS,GNSS,1,26.101746,74.728259,26.101746,22.016310,74.728259,23.331103,5.451310,5.162324,41,0,3.166924,3.015061,3.026795,3.166924
worst_hyp,1657065629.328374,UNSAFE,,,,,,,,,,,,,,,,,,,,,,,,,,,10,90,-1.707027,0.706954,-2.469856,1.502144,0.622103,2.173415,4.535862,3.898462,11.491789,26.101746,18.220262,55.848262,0,,,,,,,,,,,,,,,,,,
epoch,1657065629.428428,UNSAFE,24.727643,70.945469,10.000000,20.000000,-50.945469,24.727643,21.328944,70.945469,23.331189,5.451310,5.162324,41,4,12.667561,5.755754,41,0,0,1000000000.000000,1,7,0,3.027809,H_LEVEL(1),,,,,,,,,,,,,,,,GNSS,GNSS,GNSS,1,24.727643,70.945469,24.727643,21.328944,70.945469,23.331189,5.451310,5.162324,41,0,3.169768,3.015631,3.027809,3.169768
worst_hyp,1657065629.428428,UNSAFE,,,,,,,,,,,,,,,,,,,,,,,,,,,10,90,0.332807,-0.137834,0.481524,1.502153,0.622125,2.173396,4.535880,3.898462,11.491825,24.727643,17.651257,53.859967,0,,,,,,,,,,,,,,,,,,
epoch,1657065629.528420,UNSAFE,25.304103,78.303369,10.000000,20.000000,-58.303369,25.304103,21.536614,78.303369,23.331276,5.451310,5.162324,41,4,12.667601,5.755764,41,0,0,1000000000.000000,1,7,0,3.031006,H_LEVEL(1),,,,,,,,,,,,,,,,GNSS,GNSS,GNSS,1,25.304103,78.303369,25.304103,21.536614,78.303369,23.331276,5.451310,5.162324,41,0,3.173053,3.018916,3.031006,3.173053
worst_hyp,1657065629.528420,UNSAFE,,,,,,,,,,,,,,,,,,,,,,,,,,,10,90,0.909151,-0.376541,1.315389,1.502163,0.622147,2.173378,4.535898,3.898462,11.491861,25.304103,17.890079,54.693870,0,,,,,,,,,,,,,,,,,,
epoch,1657065629.628454,UNSAFE,24.837113,70.314915,10.000000,20.000000,-50.314915,24.837113,22.038222,70.314915,23.331363,5.451310,5.162324,41,4,12.667641,5.755773,41,0,0,1000000000.000000,1,7,0,3.032868,H_LEVEL(1),,,,,,,,,,,,,,,,GNSS,GNSS,GNSS,1,24.837113,70.314915,24.837113,22.038222,70.314915,23.331363,5.451310,5.162324,41,0,3.176656,3.020635,3.032868,3.176656
worst_hyp,1657065629.628454,UNSAFE,,,,,,,,,,,,,,,,,,,,,,,,,,,10,90,-0.442044,0.183086,-0.639554,1.502173,0.622169,2.173360,4.535916,3.898462,11.491897,24.837113,17.696739,54.018073,0,,,,,,,,,,,,,,,,,,
epoch,1657065629.728386,UNSAFE,25.422244,71.660617,10.000000,20.000000,-51.660617,25.422244,22.087539,71.660617,23.331449,5.451310,5.162324,41,4,12.667681,5.755783,41,0,0,1000000000.000000,1,7,0,3.034238,H_LEVEL(1),,,,,,,,,,,,,,,,GNSS,GNSS,GNSS,1,25.422244,71.660617,25.422244,22.087539,71.660617,23.331449,5.451310,5.162324,41,0,3.177878,3.021963,3.034238,3.177878
worst_hyp,1657065629.728386,UNSAFE,,,,,,,,,,,,,,,,,,,,,,,,,,,10,90,-1.027058,0.425399,-1.485937,1.502182,0.622191,2.173342,4.535935,3.898462,11.491933,25.422244,17.939167,54.864494,0,,,,,,,,,,,,,,,,,,
epoch,1657065629.828453,UNSAFE,24.993801,68.846163,10.000000,20.000000,-48.846163,24.993801,21.889283,68.846163,23.331536,5.451310,5.162324,41,4,12.667721,5.755792,41,0,0,1000000000.000000,1,7,0,3.035675,H_LEVEL(1),,,,,,,,,,,,,,,,GNSS,GNSS,GNSS,1,24.993801,68.846163,24.993801,21.889283,68.846163,23.331536,5.451310,5.162324,41,0,3.178506,3.023253,3.035675,3.178506
worst_hyp,1657065629.828453,UNSAFE,,,,,,,,,,,,,,,,,,,,,,,,,,,10,90,-0.598499,0.247900,-0.865889,1.502192,0.622213,2.173324,4.535953,3.898462,11.491969,24.993801,17.761784,54.244484,0,,,,,,,,,,,,,,,,,,
epoch,1657065629.928380,UNSAFE,25.734130,71.264277,10.000000,20.000000,-51.264277,25.734130,22.148461,71.264277,23.331623,5.451310,5.162324,41,4,12.667761,5.755802,41,0,0,1000000000.000000,1,7,0,3.036203,H_LEVEL(1),,,,,,,,,,,,,,,,GNSS,GNSS,GNSS,1,25.734130,71.264277,25.734130,22.148461,71.264277,23.331623,5.451310,5.162324,41,0,3.180601,3.023784,3.036203,3.180601
worst_hyp,1657065629.928380,UNSAFE,,,,,,,,,,,,,,,,,,,,,,,,,,,10,90,1.338711,-0.554515,1.936776,1.502202,0.622236,2.173305,4.535971,3.898462,11.492005,25.734130,18.068514,55.315409,0,,,,,,,,,,,,,,,,,,
epoch,1657065630.028434,UNSAFE,25.245538,73.814439,10.000000,20.000000,-53.814439,25.245538,22.434782,73.814439,23.331710,5.451310,5.162324,41,4,12.667801,5.755812,41,0,0,1000000000.000000,1,7,0,3.037132,H_LEVEL(1),,,,,,,,,,,,,,,,GNSS,GNSS,GNSS,1,25.245538,73.814439,25.245538,22.434782,73.814439,23.331710,5.451310,5.162324,41,0,3.181718,3.024613,3.037132,3.181718
worst_hyp,1657065630.028434,UNSAFE,,,,,,,,,,,,,,,,,,,,,,,,,,,10,90,-0.850003,0.352095,-1.229721,1.502211,0.622258,2.173287,4.535989,3.898463,11.492041,25.245538,17.866209,54.608392,0,,,,,,,,,,,,,,,,,,
epoch,1657065630.128423,UNSAFE,24.889196,73.042675,10.000000,20.000000,-53.042675,24.889196,22.320738,73.042675,23.331796,5.451310,5.162324,41,4,12.667842,5.755821,41,0,0,1000000000.000000,1,7,0,3.038751,H_LEVEL(1),,,,,,,,,,,,,,,,GNSS,GNSS,GNSS,1,24.889196,73.042675,24.889196,22.320738,73.042675,23.331796,5.451310,5.162324,41,0,3.183079,3.026331,3.038751,3.183079
worst_hyp,1657065630.128423,UNSAFE,,,,,,,,,,,,,,,,,,,,,,,,,,,10,90,-0.493545,0.204446,-0.714013,1.502221,0.622280,2.173269,4.536007,3.898463,11.492077,24.889196,17.718675,54.092722,0,,,,,,,,,,,,,,,,,,
epoch,1657065630.228389,UNSAFE,25.425741,74.298404,10.000000,20.000000,-54.298404,25.425741,22.562248,74.298404,23.331883,5.451310,5.162324,41,4,12.667882,5.755831,41,0,0,1000000000.000000,1,7,0,3.040004,H_LEVEL(1),,,,,,,,,,,,,,,,GNSS,GNSS,GNSS,1,25.425741,74.298404,25.425741,22.562248,74.298404,23.331883,5.451310,5.162324,41,0,3.181871,3.027320,3.040004,3.181871
worst_hyp,1657065630.228389,UNSAFE,,,,,,,,,,,,,,,,,,,,,,,,,,,10,90,1.029972,-0.426668,1.490043,1.502230,0.622302,2.173251,4.536026,3.898463,11.492113,25.425741,17.941012,54.868790,0,,,,,,,,,,,,,,,,,,
epoch,1657065630.328434,UNSAFE,24.969774,72.756805,10.000000,20.000000,-52.756805,24.969774,21.777679,72.756805,23.331970,5.451310,5.162324,41,4,12.667922,5.755840,41,0,0,1000000000.000000,1,7,0,3.041403,H_LEVEL(1),,,,,,,,,,,,,,,,GNSS,GNSS,GNSS,1,24.969774,72.756805,24.969774,21.777679,72.756805,23.331970,5.451310,5.162324,41,0,3.183921,3.028994,3.041403,3.183921
worst_hyp,1657065630.328434,UNSAFE,,,,,,,,,,,,,,,,,,,,,,,,,,,10,90,0.573890,-0.237742,0.830224,1.502240,0.622324,2.173233,4.536044,3.898463,11.492149,24.969774,17.752201,54.209009,0,,,,,,,,,,,,,,,,,,
epoch,1657065630.428431,UNSAFE,24.744076,71.630038,10.000000,20.000000,-51.630038,24.744076,21.274135,71.630038,23.332057,5.451310,5.162324,41,4,12.667962,5.755850,41,0,0,1000000000.000000,1,7,0,3.041337,H_LEVEL(1),,,,,,,,,,,,,,,,GNSS,GNSS,GNSS,1,24.744076,71.630038,24.744076,21.274135,71.630038,23.332057,5.451310,5.162324,41,0,3.186297,3.028971,3.041337,3.186297
worst_hyp,1657065630.428431,UNSAFE,,,,,,,,,,,,,,,,,,,,,,,,,,,10,90,0.348074,-0.144199,0.503538,1.502250,0.622346,2.173214,4.536062,3.898463,11.492185,24.744076,17.658773,53.882361,0,,,,,,,,,,,,,,,,,,
epoch,1657065630.528426,UNSAFE,24.940150,76.378418,10.000000,20.000000,-56.378418,24.940150,23.107666,76.378418,23.332143,5.451310,5.162324,40,4,12.668002,5.755859,41,0,0,1000000000.000000,1,7,0,3.043983,H_LEVEL(1),,,,,,,,,,,,,,,,GNSS,GNSS,GNSS,1,24.940150,76.378418,24.940150,23.107666,76.378418,23.332143,5.451310,5.162324,41,0,3.189347,3.031643,3.043983,3.189347
worst_hyp,1657065630.528426,UNSAFE,,,,,,,,,,,,,,,,,,,,,,,,,,,10,90,-0.544032,0.225386,-0.787007,1.502259,0.622369,2.173196,4.536080,3.898463,11.492221,24.940150,17.740075,54.165868,0,,,,,,,,,,,,,,,,,,
epoch,1657065630.628373,UNSAFE,24.701187,69.114437,10.000000,20.000000,-49.114437,24.701187,21.722656,69.114437,23.332230,5.451310,5.162324,41,4,12.668042,5.755869,41,0,0,1000000000.000000,1,7,0,3.046552,H_LEVEL(1),,,,,,,,,,,,,,,,GNSS,GNSS,GNSS,1,24.701187,69.114437,24.701187,21.722656,69.114437,23.332230,5.451310,5.162324,41,0,3.188867,3.034304,3.046552,3.188867
worst_hyp,1657065630.628373,UNSAFE,,,,,,,,,,,,,,,,,,,,,,,,,,,10,90,0.304952,-0.126342,0.441143,1.502269,0.622391,2.173178,4.536099,3.898464,11.492257,24.701187,17.641146,53.820043,0,,,,,,,,,,,,,,,,,,
epoch,1657065630.728393,UNSAFE,25.142533,75.313982,10.000000,20.000000,-55.313982,25.142533,21.639655,75.313982,23.332317,5.451310,5.162324,41,4,12.668082,5.755878,41,0,0,1000000000.000000,1,7,0,3.048078,H_LEVEL(1),,,,,,,,,,,,,,,,GNSS,GNSS,GNSS,1,25.142533,75.313982,25.142533,21.639655,75.313982,23.332317,5.451310,5.162324,41,0,3.190290,3.035698,3.048078,3.190290
worst_hyp,1657065630.728393,UNSAFE,,,,,,,,,,,,,,,,,,,,,,,,,,,10,90,0.746182,-0.309153,1.079409,1.502279,0.622413,2.173160,4.536117,3.898464,11.492293,25.142533,17.824071,54.458347,0,,,,,,,,,,,,,,,,,,
epoch,1657065630.828431,UNSAFE,24.522065,72.407064,10.000000,20.000000,-52.407064,24.522065,21.359779,72.407064,23.332404,5.451310,5.162324,41,4,12.668122,5.755888,41,0,0,1000000000.000000,1,7,0,3.051505,H_LEVEL(1),,,,,,,,,,,,,,,,GNSS,GNSS,GNSS,1,24.522065,72.407064,24.522065,21.359779,72.407064,23.332404,5.451310,5.162324,41,0,3.194269,3.039050,3.051505,3.194269
worst_hyp,1657065630.828431,UNSAFE,,,,,,,,,,,,,,,,,,,,,,,,,,,10,90,-0.125597,0.052038,-0.181683,1.502288,0.622435,2.173142,4.536135,3.898464,11.492329,24.522065,17.567072,53.560659,0,,,,,,,,,,,,,,,,,,
epoch,1657065630.928439,UNSAFE,24.445902,72.152698,10.000000,20.000000,-52.152698,24.445902,22.397893,72.152698,23.332491,5.451310,5.162324,41,4,12.668163,5.755897,41,0,0,1000000000.000000,1,7,0,3.053929,H_LEVEL(1),,,,,,,,,,,,,,,,GNSS,GNSS,GNSS,1,24.445902,72.152698,24.445902,22.397893,72.152698,23.332491,5.451310,5.162324,41,0,3.196863,3.041279,3.053929,3.196863
worst_hyp,1657065630.928439,UNSAFE,,,,,,,,,,,,,,,,,,,,,,,,,,,10,90,-0.049317,0.020434,-0.071339,1.502298,0.622457,2.173123,4.536153,3.898464,11.492365,24.445902,17.535583,53.450354,0,,,,,,,,,,,,,,,,,,
epoch,1657065631.028370,UNSAFE,24.925284,75.368131,10.000000,20.000000,-55.368131,24.925284,21.269834,75.368131,23.332577,5.451310,5.162324,41,4,12.668203,5.755907,41,0,0,1000000000.000000,1,7,0,3.056031,H_LEVEL(1),,,,,,,,,,,,,,,,GNSS,GNSS,GNSS,1,24.925284,75.368131,24.925284,21.269834,75.368131,23.332577,5.451310,5.162324,41,0,3.198925,3.043231,3.056031,3.198925
worst_hyp,1657065631.028370,UNSAFE,,,,,,,,,,,,,,,,,,,,,,,,,,,10,90,0.528583,-0.219018,0.764602,1.502308,0.622479,2.173105,4.536171,3.898464,11.492401,24.925284,17.734282,54.143654,0,,,,,,,,,,,,,,,,,,
epoch,1657065631.128449,UNSAFE,25.206847,71.096943,10.000000,20.000000,-51.096943,25.206847,22.050727,71.096943,23.332664,5.451310,5.162324,41,4,12.668243,5.755917,41,0,0,1000000000.000000,1,7,0,3.055814,H_LEVEL(1),,,,,,,,,,,,,,,,GNSS,GNSS,GNSS,1,25.206847,71.096943,25.206847,22.050727,71.096943,23.332664,5.451310,5.162324,41,0,3.198169,3.042876,3.055814,3.198169
worst_hyp,1657065631.128449,UNSAFE,,,,,,,,,,,,,,,,,,,,,,,,,,,10,90,0.810030,-0.335645,1.171700,1.502317,0.622502,2.173087,4.536190,3.898464,11.492437,25.206847,17.851024,54.550791,0,,,,,,,,,,,,,,,,,,
epoch,1657065631.228367,UNSAFE,24.865566,70.570754,10.000000,20.000000,-50.570754,24.865566,21.582255,70.570754,23.332751,5.451310,5.162324,41,4,12.668283,5.755926,41,0,0,1000000000.000000,1,7,0,3.055143,H_LEVEL(1),,,,,,,,,,,,,,,,GNSS,GNSS,GNSS,1,24.865566,70.570754,24.865566,21.582255,70.570754,23.332751,5.451310,5.162324,41,0,3.198136,3.042434,3.055143,3.198136
worst_hyp,1657065631.228367,UNSAFE,,,,,,,,,,,,,,,,,,,,,,,,,,,10,90,-0.468632,0.194189,-0.677862,1.502327,0.622524,2.173069,4.536208,3.898465,11.492473,24.865566,17.709682,54.056992,0,,,,,,,,,,,,,,,,,,
epoch,1657065631.328459,UNSAFE,25.919835,76.646867,10.000000,20.000000,-56.646867,25.919835,21.442437,76.646867,23.332838,5.451310,5.162324,41,4,12.668323,5.755936,41,0,0,1000000000.000000,1,7,0,3.056603,H_LEVEL(1),,,,,,,,,,,,,,,,GNSS,GNSS,GNSS,1,25.919835,76.646867,25.919835,21.442437,76.646867,23.332838,5.451310,5.162324,41,0,3.198651,3.044021,3.056603,3.198651
worst_hyp,1657065631.328459,UNSAFE,,,,,,,,,,,,,,,,,,,,,,,,,,,10,90,1.522785,-0.631019,2.202628,1.502336,0.622546,2.173051,4.536226,3.898465,11.492509,25.919835,18.146628,55.581796,0,,,,,,,,,,,,,,,,,,
epoch,1657065631.428382,UNSAFE,24.567907,72.448757,10.000000,20.000000,-52.448757,24.567907,22.555204,72.448757,23.332925,5.451310,5.162324,41,4,12.668363,5.755945,41,0,0,1000000000.000000,1,7,0,3.056400,H_LEVEL(1),,,,,,,,,,,,,,,,GNSS,GNSS,GNSS,1,24.567907,72.448757,24.567907,22.555204,72.448757,23.332925,5.451310,5.162324,41,0,3.198271,3.043868,3.056400,3.198271
worst_hyp,1657065631.428382,UNSAFE,,,,,,,,,,,,,,,,,,,,,,,,,,,10,90,0.170740,-0.070754,0.246962,1.502346,0.622568,2.173033,4.536244,3.898465,11.492545,24.567907,17.586478,53.626169,0,,,,,,,,,,,,,,,,,,
epoch,1657065631.528422,UNSAFE,24.575671,72.175042,10.000000,20.000000,-52.175042,24.575671,21.288315,72.175042,23.333012,5.451310,5.162324,41,4,12.668404,5.755955,41,0,0,1000000000.000000,1,7,0,3.054461,H_LEVEL(1),,,,,,,,,,,,,,,,GNSS,GNSS,GNSS,1,24.575671,72.175042,24.575671,21.288315,72.175042,23.333012,5.451310,5.162324,41,0,3.196841,3.042508,3.054461,3.196841
worst_hyp,1657065631.528422,UNSAFE,,,,,,,,,,,,,,,,,,,,,,,,,,,10,90,-0.178388,0.073926,-0.258021,1.502356,0.622590,2.173014,4.536262,3.898465,11.492581,24.575671,17.589764,53.637266,0,,,,,,,,,,,,,,,,,,
epoch,1657065631.628448,UNSAFE,25.451882,76.264035,10.000000,20.000000,-56.264035,25.451882,21.344375,76.264035,23.333098,5.451310,5.162324,41,4,12.668444,5.755964,41,0,0,1000000000.000000,1,7,0,3.055907,H_LEVEL(1),,,,,,,,,,,,,,,,GNSS,GNSS,GNSS,1,25.451882,76.264035,25.451882,21.344375,76.264035,23.333098,5.451310,5.162324,41,0,3.196594,3.044086,3.055907,3.196594
worst_hyp,1657065631.628448,UNSAFE,,,,,,,,,,,,,,,,,,,,,,,,,,,10,90,-1.054481,0.437000,-1.525184,1.502365,0.622612,2.172996,4.536281,3.898465,11.492617,25.451882,17.952954,54.904468,0,,,,,,,,,,,,,,,,,,
epoch,1657065631.728382,UNSAFE,24.764796,74.764806,10.000000,20.000000,-54.764806,24.764796,21.813864,74.764806,23.333185,5.451310,5.162324,41,4,12.668484,5.755974,41,0,0,1000000000.000000,1,7,0,3.057576,H_LEVEL(1),,,,,,,,,,,,,,,,GNSS,GNSS,GNSS,1,24.764796,74.764806,24.764796,21.813864,74.764806,23.333185,5.451310,5.162324,41,0,3.198853,3.045791,3.057576,3.198853
worst_hyp,1657065631.728382,UNSAFE,,,,,,,,,,,,,,,,,,,,,,,,,,,10,90,-0.367279,0.152213,-0.531218,1.502375,0.622635,2.172978,4.536299,3.898465,11.492653,24.764796,17.668282,53.910541,0,,,,,,,,,,,,,,,,,,
epoch,1657065631.828446,UNSAFE,25.822642,75.968019,10.000000,20.000000,-55.968019,25.822642,22.091474,75.968019,23.333272,5.451310,5.162324,41,4,12.668524,5.755983,41,0,0,1000000000.000000,1,7,0,3.059932,H_LEVEL(1),,,,,,,,,,,,,,,,GNSS,GNSS,GNSS,1,25.822642,75.968019,25.822642,22.091474,75.968019,23.333272,5.451310,5.162324,41,0,3.201476,3.048142,3.059932,3.201476
worst_hyp,1657065631.828446,UNSAFE,,,,,,,,,,,,,,,,,,,,,,,,,,,10,90,1.425008,-0.590588,2.061047,1.502385,0.622657,2.172960,4.536317,3.898466,11.492690,25.822642,18.106772,55.440409,0,,,,,,,,,,,,,,,,,,
epoch,1657065631.928449,UNSAFE,27.282143,75.588992,10.000000,20.000000,-55.588992,27.282143,21.979783,75.588992,23.333359,5.451310,5.162324,41,4,12.668564,5.755993,41,0,0,1000000000.000000,1,7,0,3.061461,H_LEVEL(1),,,,,,,,,,,,,,,,GNSS,GNSS,GNSS,1,27.282143,75.588992,27.282143,21.979783,75.588992,23.333359,5.451310,5.162324,41,0,3.202338,3.049750,3.061461,3.202338
worst_hyp,1657065631.928449,UNSAFE,,,,,,,,,,,,,,,,,,,,,,,,,,,10,90,-2.884393,1.195459,-4.171753,1.502394,0.622679,2.172942,4.536335,3.898466,11.492726,27.282143,18.711758,57.551153,0,,,,,,,,,,,,,,,,,,
epoch,1657065632.028368,UNSAFE,24.418445,74.948083,10.000000,20.000000,-54.948083,24.418445,21.247766,74.948083,23.333446,5.451310,5.162324,41,4,12.668605,5.756003,41,0,0,1000000000.000000,1,7,0,3.064447,H_LEVEL(1),,,,,,,,,,,,,,,,GNSS,GNSS,GNSS,1,24.418445,74.948083,24.418445,21.247766,74.948083,23.333446,5.451310,5.162324,41,0,3.199900,3.052717,3.064447,3.199900
worst_hyp,1657065632.028368,UNSAFE,,,,,,,,,,,,,,,,,,,,,,,,,,,10,90,0.020578,-0.008529,0.029762,1.502404,0.622701,2.172924,4.536354,3.898466,11.492762,24.418445,17.524943,53.409201,0,,,,,,,,,,,,,,,,,,
epoch,1657065632.128430,UNSAFE,24.548310,72.019090,10.000000,20.000000,-52.019090,24.548310,21.233136,72.019090,23.333533,5.451310,5.162324,41,4,12.668645,5.756012,41,0,0,1000000000.000000,1,7,0,3.066445,H_LEVEL(1),,,,,,,,,,,,,,,,GNSS,GNSS,GNSS,1,24.548310,72.019090,24.548310,21.233136,72.019090,23.333533,5.451310,5.162324,41,0,3.199613,3.054721,3.066445,3.199613
worst_hyp,1657065632.128430,UNSAFE,,,,,,,,,,,,,,,,,,,,,,,,,,,10,90,-0.150327,0.062308,-0.217414,1.502414,0.622723,2.172905,4.536372,3.898466,11.492798,24.548310,17.578837,53.596892,0,,,,,,,,,,,,,,,,,,
epoch,1657065632.228441,UNSAFE,25.153319,71.731413,10.000000,20.000000,-51.731413,25.153319,22.104761,71.731413,23.333619,5.451310,5.162324,41,4,12.668685,5.756022,41,0,0,1000000000.000000,1,7,0,3.068333,H_LEVEL(1),,,,,,,,,,,,,,,,GNSS,GNSS,GNSS,1,25.153319,71.731413,25.153319,22.104761,71.731413,23.333619,5.451310,5.162324,41,0,3.199746,3.056498,3.068333,3.199746
worst_hyp,1657065632.228441,UNSAFE,,,,,,,,,,,,,,,,,,,,,,,,,,,10,90,0.755220,-0.313034,1.092240,1.502423,0.622745,2.172887,4.536390,3.898466,11.492834,25.153319,17.829678,54.471757,0,,,,,,,,,,,,,,,,,,
epoch,1657065632.328450,UNSAFE,24.715563,68.885295,10.000000,20.000000,-48.885295,24.715563,21.454786,68.885295,23.333706,5.451310,5.162324,41,4,12.668725,5.756031,41,0,0,1000000000.000000,1,7,0,3.069919,H_LEVEL(1),,,,,,,,,,,,,,,,GNSS,GNSS,GNSS,1,24.715563,68.885295,24.715563,21.454786,68.885295,23.333706,5.451310,5.162324,41,0,3.200283,3.058049,3.069919,3.200283
worst_hyp,1657065632.328450,UNSAFE,,,,,,,,,,,,,,,,,,,,,,,,,,,10,90,-0.317347,0.131542,-0.458958,1.502433,0.622768,2.172869,4.536408,3.898466,11.492870,24.715563,17.648301,53.838514,0,,,,,,,,,,,,,,,,,,
epoch,1657065632.428430,UNSAFE,25.738601,71.685063,10.000000,20.000000,-51.685063,25.738601,21.515212,71.685063,23.333793,5.451310,5.162324,41,4,12.668766,5.756041,41,0,0,1000000000.000000,1,7,0,3.070670,H_LEVEL(1),,,,,,,,,,,,,,,,GNSS,GNSS,GNSS,1,25.738601,71.685063,25.738601,21.515212,71.685063,23.333793,5.451310,5.162324,41,0,3.200801,3.058800,3.070670,3.200801
worst_hyp,1657065632.428430,UNSAFE,,,,,,,,,,,,,,,,,,,,,,,,,,,10,90,1.340268,-0.555565,1.938312,1.502442,0.622790,2.172851,4.536426,3.898467,11.492906,25.738601,18.072440,55.317907,0,,,,,,,,,,,,,,,,,,
epoch,1657065632.528436,UNSAFE,24.629575,71.650681,10.000000,20.000000,-51.650681,24.629575,21.627983,71.650681,23.333880,5.451310,5.162324,41,4,12.668806,5.756050,41,0,0,1000000000.000000,1,7,0,3.070413,H_LEVEL(1),,,,,,,,,,,,,,,,GNSS,GNSS,GNSS,1,24.629575,71.650681,24.629575,21.627983,71.650681,23.333880,5.451310,5.162324,41,0,3.203958,3.058623,3.070413,3.203958
worst_hyp,1657065632.528436,UNSAFE,,,,,,,,,,,,,,,,,,,,,,,,,,,7,30,1.791231,0.211467,1.910890,1.254281,0.148077,1.338070,4.460402,3.851243,11.364724,24.629575,15.104477,50.510830,0,,,,,,,,,,,,,,,,,,
epoch,1657065632.628463,UNSAFE,25.422709,73.331457,10.000000,20.000000,-53.331457,25.422709,22.004432,73.331457,23.333967,5.451310,5.162324,41,4,12.668846,5.756060,41,0,0,1000000000.000000,1,7,0,3.071374,H_LEVEL(1),,,,,,,,,,,,,,,,GNSS,GNSS,GNSS,1,25.422709,73.331457,25.422709,22.004432,73.331457,23.333967,5.451310,5.162324,41,0,3.205417,3.059510,3.071374,3.205417
worst_hyp,1657065632.628463,UNSAFE,,,,,,,,,,,,,,,,,,,,,,,,,,,10,90,1.024143,-0.424551,1.481085,1.502462,0.622834,2.172815,4.536463,3.898467,11.492979,25.422709,17.941655,54.860758,0,,,,,,,,,,,,,,,,,,
epoch,1657065632.728470,UNSAFE,25.730143,71.121316,10.000000,20.000000,-51.121316,25.730143,21.899355,71.121316,23.334054,5.451310,5.162324,41,4,12.668887,5.756070,41,0,0,1000000000.000000,1,7,0,3.071401,H_LEVEL(1),,,,,,,,,,,,,,,,GNSS,GNSS,GNSS,1,25.730143,71.121316,25.730143,21.899355,71.121316,23.334054,5.451310,5.162324,41,0,3.207473,3.059525,3.071401,3.207473
worst_hyp,1657065632.728470,UNSAFE,,,,,,,,,,,,,,,,,,,,,,,,,,,10,90,-1.331461,0.551963,-1.925490,1.502471,0.622856,2.172797,4.536481,3.898467,11.493015,25.730143,18.069182,55.305203,0,,,,,,,,,,,,,,,,,,
epoch,1657065632.828526,UNSAFE,25.801063,74.391016,10.000000,20.000000,-54.391016,25.801063,21.390872,74.391016,23.334141,5.451310,5.162324,41,4,12.668927,5.756079,41,0,0,1000000000.000000,1,7,0,3.071163,H_LEVEL(1),,,,,,,,,,,,,,,,GNSS,GNSS,GNSS,1,25.801063,74.391016,25.801063,21.390872,74.391016,23.334141,5.451310,5.162324,41,0,3.211572,3.059264,3.071163,3.211572
worst_hyp,1657065632.828526,UNSAFE,,,,,,,,,,,,,,,,,,,,,,,,,,,10,90,1.402264,-0.581332,2.027853,1.502481,0.622878,2.172778,4.536499,3.898467,11.493051,25.801063,18.098666,55.407604,0,,,,,,,,,,,,,,,,,,
epoch,1657065632.928516,UNSAFE,26.050371,73.437537,10.000000,20.000000,-53.437537,26.050371,21.130966,73.437537,23.334228,5.451310,5.162324,41,4,12.668967,5.756089,41,0,0,1000000000.000000,1,7,0,3.072086,H_LEVEL(1),,,,,,,,,,,,,,,,GNSS,GNSS,GNSS,1,26.050371,73.437537,26.050371,21.130966,73.437537,23.334228,5.451310,5.162324,41,0,3.215737,3.059785,3.072086,3.215737
worst_hyp,1657065632.928516,UNSAFE,,,,,,,,,,,,,,,,,,,,,,,,,,,10,90,-1.651455,0.684658,-2.388179,1.502491,0.622901,2.172760,4.536518,3.898467,11.493087,26.050371,18.202108,55.767970,0,,,,,,,,,,,,,,,,,,
epoch,1657065633.028477,UNSAFE,27.618715,74.869189,10.000000,20.000000,-54.869189,27.618715,22.724569,74.869189,23.334315,5.451310,5.162324,41,4,12.669007,5.756098,41,0,0,1000000000.000000,1,7,0,3.073833,H_LEVEL(1),,,,,,,,,,,,,,,,GNSS,GNSS,GNSS,1,27.618715,74.869189,27.618715,22.724569,74.869189,23.334315,5.451310,5.162324,41,0,3.216916,3.061386,3.073833,3.216916
worst_hyp,1657065633.028477,UNSAFE,,,,,,,,,,,,,,,,,,,,,,,,,,,10,90,-3.219683,1.334851,-4.655933,1.502500,0.622923,2.172742,4.536536,3.898468,11.493124,27.618715,18.852415,58.035763,0,,,,,,,,,,,,,,,,,,
epoch,1657065633.128460,UNSAFE,24.962866,72.541381,10.000000,20.000000,-52.541381,24.962866,21.251815,72.541381,23.334401,5.451310,5.162324,41,4,12.669048,5.756108,41,0,0,1000000000.000000,1,7,0,3.076812,H_LEVEL(1),,,,,,,,,,,,,,,,GNSS,GNSS,GNSS,1,24.962866,72.541381,24.962866,21.251815,72.541381,23.334401,5.451310,5.162324,41,0,3.220474,3.064452,3.076812,3.220474
worst_hyp,1657065633.128460,UNSAFE,,,,,,,,,,,,,,,,,,,,,,,,,,,10,90,-0.563717,0.233719,-0.815171,1.502510,0.622945,2.172724,4.536554,3.898468,11.493160,24.962866,17.751398,54.195040,0,,,,,,,,,,,,,,,,,,
epoch,1657065633.228531,UNSAFE,24.586071,69.015196,10.000000,20.000000,-49.015196,24.586071,21.446669,69.015196,23.334488,5.451310,5.162324,41,4,12.669088,5.756117,41,0,0,1000000000.000000,1,7,0,3.079949,H_LEVEL(1),,,,,,,,,,,,,,,,GNSS,GNSS,GNSS,1,24.586071,69.015196,24.586071,21.446669,69.015196,23.334488,5.451310,5.162324,41,0,3.221867,3.067425,3.079949,3.221867
worst_hyp,1657065633.228531,UNSAFE,,,,,,,,,,,,,,,,,,,,,,,,,,,10,90,-0.186806,0.077452,-0.270129,1.502519,0.622967,2.172706,4.536572,3.898468,11.493196,24.586071,17.595247,53.650037,0,,,,,,,,,,,,,,,,,,
epoch,1657065633.328556,UNSAFE,24.470319,70.261609,10.000000,20.000000,-50.261609,24.470319,21.419846,70.261609,23.334575,5.451310,5.162324,41,4,12.669129,5.756127,41,0,0,1000000000.000000,1,7,0,3.082404,H_LEVEL(1),,,,,,,,,,,,,,,,GNSS,GNSS,GNSS,1,24.470319,70.261609,24.470319,21.419846,70.261609,23.334575,5.451310,5.162324,41,0,3.224686,3.069878,3.082404,3.224686
worst_hyp,1657065633.328556,UNSAFE,,,,,,,,,,,,,,,,,,,,,,,,,,,10,90,-0.070938,0.029413,-0.102577,1.502529,0.622989,2.172688,4.536591,3.898468,11.493232,24.470319,17.547322,53.482526,0,,,,,,,,,,,,,,,,,,
epoch,1657065633.428519,UNSAFE,24.722699,71.543777,10.000000,20.000000,-51.543777,24.722699,21.760252,71.543777,23.334662,5.451310,5.162324,41,4,12.669169,5.756137,41,0,0,1000000000.000000,1,7,0,3.083452,H_LEVEL(1),,,,,,,,,,,,,,,,GNSS,GNSS,GNSS,1,24.722699,71.543777,24.722699,21.760252,71.543777,23.334662,5.451310,5.162324,41,0,3.228220,3.071198,3.083452,3.228220
worst_hyp,1657065633.428519,UNSAFE,,,,,,,,,,,,,,,,,,,,,,,,,,,10,90,-0.323201,0.134012,-0.467348,1.502539,0.623011,2.172670,4.536609,3.898468,11.493269,24.722699,17.652036,53.847335,0,,,,,,,,,,,,,,,,,,
epoch,1657065633.528512,UNSAFE,26.164333,73.928248,10.000000,20.000000,-53.928248,26.164333,21.304659,73.928248,23.334749,5.451310,5.162324,41,4,12.669209,5.756146,41,0,0,1000000000.000000,1,7,0,3.083811,H_LEVEL(1),,,,,,,,,,,,,,,,GNSS,GNSS,GNSS,1,26.164333,73.928248,26.164333,21.304659,73.928248,23.334749,5.451310,5.162324,41,0,3.228427,3.071560,3.083811,3.228427
worst_hyp,1657065633.528512,UNSAFE,,,,,,,,,,,,,,,,,,,,,,,,,,,10,90,-1.764718,0.731743,-2.551744,1.502548,0.623034,2.172652,4.536627,3.898468,11.493305,26.164333,18.249882,55.931771,0,,,,,,,,,,,,,,,,,,
epoch,1657065633.628575,UNSAFE,25.220864,75.987061,10.000000,20.000000,-55.987061,25.220864,22.122148,75.987061,23.334836,5.451310,5.162324,41,4,12.669250,5.756156,41,0,0,1000000000.000000,1,7,0,3.083973,H_LEVEL(1),,,,,,,,,,,,,,,,GNSS,GNSS,GNSS,1,25.220864,75.987061,25.220864,22.122148,75.987061,23.334836,5.451310,5.162324,41,0,3.229866,3.071991,3.083973,3.229866
worst_hyp,1657065633.628575,UNSAFE,,,,,,,,,,,,,,,,,,,,,,,,,,,10,90,-0.821133,0.340494,-1.187323,1.502558,0.623056,2.172634,4.536645,3.898469,11.493341,25.220864,17.858749,54.567390,0,,,,,,,,,,,,,,,,,,
epoch,1657065633.728534,UNSAFE,24.764890,70.616671,10.000000,20.000000,-50.616671,24.764890,21.593764,70.616671,23.334923,5.451310,5.162324,41,4,12.669290,5.756165,41,0,0,1000000000.000000,1,7,0,3.084760,H_LEVEL(1),,,,,,,,,,,,,,,,GNSS,GNSS,GNSS,1,24.764890,70.616671,24.764890,21.593764,70.616671,23.334923,5.451310,5.162324,41,0,3.226989,3.072459,3.084760,3.226989
worst_hyp,1657065633.728534,UNSAFE,,,,,,,,,,,,,,,,,,,,,,,,,,,10,90,0.365043,-0.151374,0.527828,1.502567,0.623078,2.172615,4.536663,3.898469,11.493378,24.764890,17.669744,53.907934,0,,,,,,,,,,,,,,,,,,
epoch,1657065633.828568,UNSAFE,25.893025,73.082376,10.000000,20.000000,-53.082376,25.893025,21.333720,73.082376,23.335010,5.451310,5.162324,41,4,12.669330,5.756175,41,0,0,1000000000.000000,1,7,0,3.085849,H_LEVEL(1),,,,,,,,,,,,,,,,GNSS,GNSS,GNSS,1,25.893025,73.082376,25.893025,21.333720,73.082376,23.335010,5.451310,5.162324,41,0,3.228134,3.073568,3.085849,3.228134
worst_hyp,1657065633.828568,UNSAFE,,,,,,,,,,,,,,,,,,,,,,,,,,,10,90,1.493061,-0.619154,2.158838,1.502577,0.623100,2.172597,4.536682,3.898469,11.493414,25.893025,18.137639,55.538984,0,,,,,,,,,,,,,,,,,,
epoch,1657065633.928537,UNSAFE,26.022164,74.010340,10.000000,20.000000,-54.010340,26.022164,22.847713,74.010340,23.335097,5.451310,5.162324,41,4,12.669371,5.756184,41,0,0,1000000000.000000,1,7,0,3.086870,H_LEVEL(1),,,,,,,,,,,,,,,,GNSS,GNSS,GNSS,1,26.022164,74.010340,26.022164,22.847713,74.010340,23.335097,5.451310,5.162324,41,0,3.229070,3.074542,3.086870,3.229070
worst_hyp,1657065633.928537,UNSAFE,,,,,,,,,,,,,,,,,,,,,,,,,,,10,90,-1.622084,0.672678,-2.345359,1.502587,0.623122,2.172579,4.536700,3.898469,11.493450,26.022164,18.191277,55.725545,0,,,,,,,,,,,,,,,,,,
epoch,1657065634.028512,UNSAFE,25.720708,71.537768,10.000000,20.000000,-51.537768,25.720708,22.225525,71.537768,23.335184,5.451310,5.162324,41,4,12.669411,5.756194,41,0,0,1000000000.000000,1,7,0,3.088509,H_LEVEL(1),,,,,,,,,,,,,,,,GNSS,GNSS,GNSS,1,25.720708,71.537768,25.720708,22.225525,71.537768,23.335184,5.451310,5.162324,41,0,3.230856,3.076194,3.088509,3.230856
worst_hyp,1657065634.028512,UNSAFE,,,,,,,,,,,,,,,,,,,,,,,,,,,10,90,1.320511,-0.547631,1.909288,1.502596,0.623144,2.172561,4.536718,3.898469,11.493486,25.720708,18.066346,55.289514,0,,,,,,,,,,,,,,,,,,
epoch,1657065634.128529,UNSAFE,25.177855,71.875554,10.000000,20.000000,-51.875554,25.177855,22.023623,71.875554,23.335271,5.451310,5.162324,41,4,12.669451,5.756204,41,0,0,1000000000.000000,1,7,0,3.090437,H_LEVEL(1),,,,,,,,,,,,,,,,GNSS,GNSS,GNSS,1,25.177855,71.875554,25.177855,22.023623,71.875554,23.335271,5.451310,5.162324,41,0,3.233026,3.078073,3.090437,3.233026
worst_hyp,1657065634.128529,UNSAFE,,,,,,,,,,,,,,,,,,,,,,,,,,,10,90,-0.777541,0.322465,-1.124208,1.502606,0.623167,2.172543,4.536736,3.898469,11.493523,25.177855,17.841295,54.504474,0,,,,,,,,,,,,,,,,,,
epoch,1657065634.228468,UNSAFE,24.554799,70.969123,10.000000,20.000000,-50.969123,24.554799,21.150793,70.969123,23.335358,5.451310,5.162324,41,4,12.669492,5.756213,41,0,0,1000000000.000000,1,7,0,3.091948,H_LEVEL(1),,,,,,,,,,,,,,,,GNSS,GNSS,GNSS,1,24.554799,70.969123,24.554799,21.150793,70.969123,23.335358,5.451310,5.162324,41,0,3.234437,3.079438,3.091948,3.234437
worst_hyp,1657065634.228468,UNSAFE,,,,,,,,,,,,,,,,,,,,,,,,,,,6,21,1.275209,0.813074,-0.872921,1.325061,0.844860,0.907047,4.481080,3.939986,11.322754,24.554799,19.628663,47.093807,0,,,,,,,,,,,,,,,,,,
epoch,1657065634.328494,UNSAFE,26.341750,69.620021,10.000000,20.000000,-49.620021,26.341750,21.935714,69.620021,23.335445,5.451310,5.162324,41,4,12.669532,5.756223,41,0,0,1000000000.000000,1,7,0,3.091891,H_LEVEL(1),,,,,,,,,,,,,,,,GNSS,GNSS,GNSS,1,26.341750,69.620021,26.341750,21.935714,69.620021,23.335445,5.451310,5.162324,41,0,3.235028,3.079261,3.091891,3.235028
worst_hyp,1657065634.328494,UNSAFE,,,,,,,,,,,,,,,,,,,,,,,,,,,10,90,1.941203,-0.805110,2.806607,1.502625,0.623211,2.172507,4.536773,3.898470,11.493595,26.341750,18.324170,56.186952,0,,,,,,,,,,,,,,,,,,
epoch,1657065634.428532,UNSAFE,25.502916,70.649281,10.000000,20.000000,-50.649281,25.502916,21.708184,70.649281,23.335532,5.451310,5.162324,41,4,12.669573,5.756232,41,0,0,1000000000.000000,1,7,0,3.091124,H_LEVEL(1),,,,,,,,,,,,,,,,GNSS,GNSS,GNSS,1,25.502916,70.649281,25.502916,21.708184,70.649281,23.335532,5.451310,5.162324,41,0,3.236194,3.078623,3.091124,3.236194
worst_hyp,1657065634.428532,UNSAFE,,,,,,,,,,,,,,,,,,,,,,,,,,,10,90,-1.102253,0.457170,-1.593622,1.502635,0.623233,2.172489,4.536791,3.898470,11.493632,25.502916,17.976345,54.974006,0,,,,,,,,,,,,,,,,,,
epoch,1657065634.528492,UNSAFE,24.619135,71.257331,10.000000,20.000000,-51.257331,24.619135,22.011509,71.257331,23.335619,5.451310,5.162324,41,4,12.669613,5.756242,41,0,0,1000000000.000000,1,7,0,3.091217,H_LEVEL(1),,,,,,,,,,,,,,,,GNSS,GNSS,GNSS,1,24.619135,71.257331,24.619135,22.011509,71.257331,23.335619,5.451310,5.162324,41,0,3.236267,3.078833,3.091217,3.236267
worst_hyp,1657065634.528492,UNSAFE,,,,,,,,,,,,,,,,,,,,,,,,,,,10,90,-0.218355,0.090568,-0.315691,1.502644,0.623255,2.172471,4.536809,3.898470,11.493668,24.619135,17.609858,53.696115,0,,,,,,,,,,,,,,,,,,
epoch,1657065634.628537,UNSAFE,26.842707,69.073242,10.000000,20.000000,-49.073242,26.842707,21.683436,69.073242,23.335706,5.451310,5.162324,41,4,12.669654,5.756251,41,0,0,1000000000.000000,1,7,0,3.092917,H_LEVEL(1),,,,,,,,,,,,,,,,GNSS,GNSS,GNSS,1,26.842707,69.073242,26.842707,21.683436,69.073242,23.335706,5.451310,5.162324,41,0,3.238095,3.080812,3.092917,3.238095
worst_hyp,1657065634.628537,UNSAFE,,,,,,,,,,,,,,,,,,,,,,,,,,,10,90,2.441811,-1.012825,3.530233,1.502654,0.623277,2.172453,4.536828,3.898470,11.493704,26.842707,18.532230,56.910698,0,,,,,,,,,,,,,,,,,,
epoch,1657065634.728527,UNSAFE,24.667270,71.351127,10.000000,20.000000,-51.351127,24.667270,21.677663,71.351127,23.335793,5.451310,5.162324,41,4,12.669694,5.756261,41,0,0,1000000000.000000,1,7,0,3.095105,H_LEVEL(1),,,,,,,,,,,,,,,,GNSS,GNSS,GNSS,1,24.667270,71.351127,24.667270,21.677663,71.351127,23.335793,5.451310,5.162324,41,0,3.237783,3.083117,3.095105,3.237783
worst_hyp,1657065634.728527,UNSAFE,,,,,,,,,,,,,,,,,,,,,,,,,,,6,21,-1.387148,-0.884533,0.950237,1.325102,0.844968,0.907733,4.481168,3.939992,11.323011,24.667270,19.700702,47.175610,0,,,,,,,,,,,,,,,,,,
epoch,1657065634.828538,UNSAFE,24.582056,72.989080,10.000000,20.000000,-52.989080,24.582056,22.051672,72.989080,23.335880,5.451310,5.162324,41,4,12.669735,5.756271,41,0,0,1000000000.000000,1,7,0,3.096952,H_LEVEL(1),,,,,,,,,,,,,,,,GNSS,GNSS,GNSS,1,24.582056,72.989080,24.582056,22.051672,72.989080,23.335880,5.451310,5.162324,41,0,3.239860,3.084896,3.096952,3.239860
worst_hyp,1657065634.828538,UNSAFE,,,,,,,,,,,,,,,,,,,,,,,,,,,10,90,-0.180926,0.075050,-0.261566,1.502673,0.623322,2.172416,4.536864,3.898471,11.493777,24.582056,17.594685,53.642111,0,,,,,,,,,,,,,,,,,,
epoch,1657065634.928514,UNSAFE,26.369056,73.124600,10.000000,20.000000,-53.124600,26.369056,22.289567,73.124600,23.335967,5.451310,5.162324,41,4,12.669775,5.756280,41,0,0,1000000000.000000,1,7,0,3.100239,H_LEVEL(1),,,,,,,,,,,,,,,,GNSS,GNSS,GNSS,1,26.369056,73.124600,26.369056,22.289567,73.124600,23.335967,5.451310,5.162324,41,0,3.244413,3.088257,3.100239,3.244413
worst_hyp,1657065634.928514,UNSAFE,,,,,,,,,,,,,,,,,,,,,,,,,,,10,90,-1.967810,0.816288,-2.844824,1.502683,0.623344,2.172398,4.536882,3.898471,11.493814,26.369056,18.336039,56.225409,0,,,,,,,,,,,,,,,,,,
epoch,1657065635.028534,UNSAFE,25.343406,72.335670,10.000000,20.000000,-52.335670,25.343406,22.336278,72.335670,23.336054,5.451310,5.162324,41,4,12.669816,5.756290,41,0,0,1000000000.000000,1,7,0,3.102337,H_LEVEL(1),,,,,,,,,,,,,,,,GNSS,GNSS,GNSS,1,25.343406,72.335670,25.343406,22.336278,72.335670,23.336054,5.451310,5.162324,41,0,3.245625,3.090333,3.102337,3.245625
worst_hyp,1657065635.028534,UNSAFE,,,,,,,,,,,,,,,,,,,,,,,,,,,10,90,-0.942043,0.390790,-1.361873,1.502692,0.623366,2.172380,4.536901,3.898471,11.493850,25.343406,17.910656,54.742498,0,,,,,,,,,,,,,,,,,,
epoch,1657065635.128482,UNSAFE,24.852372,74.725709,10.000000,20.000000,-54.725709,24.852372,21.526401,74.725709,23.336141,5.451310,5.162324,41,4,12.669856,5.756299,41,0,0,1000000000.000000,1,7,0,3.104515,H_LEVEL(1),,,,,,,,,,,,,,,,GNSS,GNSS,GNSS,1,24.852372,74.725709,24.852372,21.526401,74.725709,23.336141,5.451310,5.162324,41,0,3.249793,3.092767,3.104515,3.249793
worst_hyp,1657065635.128482,UNSAFE,,,,,,,,,,,,,,,,,,,,,,,,,,,10,90,-0.450894,0.187051,-0.651829,1.502702,0.623388,2.172362,4.536919,3.898471,11.493886,24.852372,17.707031,54.032495,0,,,,,,,,,,,,,,,,,,
epoch,1657065635.228454,UNSAFE,25.871050,71.475208,10.000000,20.000000,-51.475208,25.871050,22.099212,71.475208,23.336228,5.451310,5.162324,41,4,12.669896,5.756309,41,0,0,1000000000.000000,1,7,0,3.103098,H_LEVEL(1),,,,,,,,,,,,,,,,GNSS,GNSS,GNSS,1,25.871050,71.475208,25.871050,22.099212,71.475208,23.336228,5.451310,5.162324,41,0,3.248996,3.091224,3.103098,3.248996
worst_hyp,1657065635.228454,UNSAFE,,,,,,,,,,,,,,,,,,,,,,,,,,,10,90,-1.469454,0.609613,-2.124267,1.502712,0.623410,2.172344,4.536937,3.898471,11.493923,25.871050,18.129709,55.504973,0,,,,,,,,,,,,,,,,,,
epoch,1657065635.328542,UNSAFE,24.765668,69.962121,10.000000,20.000000,-49.962121,24.765668,21.340495,69.962121,23.336315,5.451310,5.162324,41,4,12.669937,5.756319,41,0,0,1000000000.000000,1,7,0,3.102455,H_LEVEL(1),,,,,,,,,,,,,,,,GNSS,GNSS,GNSS,1,24.765668,69.962121,24.765668,21.340495,69.962121,23.336315,5.451310,5.162324,41,0,3.247909,3.090269,3.102455,3.247909
worst_hyp,1657065635.328542,UNSAFE,,,,,,,,,,,,,,,,,,,,,,,,,,,10,90,-0.363957,0.150994,-0.526134,1.502721,0.623432,2.172326,4.536955,3.898471,11.493959,24.765668,17.671205,53.906880,0,,,,,,,,,,,,,,,,,,
epoch,1657065635.428467,UNSAFE,25.776543,73.957905,10.000000,20.000000,-53.957905,25.776543,21.586257,73.957905,23.336402,5.451310,5.162324,41,4,12.669978,5.756328,41,0,0,1000000000.000000,1,7,0,3.101347,H_LEVEL(1),,,,,,,,,,,,,,,,GNSS,GNSS,GNSS,1,25.776543,73.957905,25.776543,21.586257,73.957905,23.336402,5.451310,5.162324,41,0,3.246867,3.089209,3.101347,3.246867
worst_hyp,1657065635.428467,UNSAFE,,,,,,,,,,,,,,,,,,,,,,,,,,,10,90,-1.374715,0.570343,-1.987251,1.502731,0.623455,2.172308,4.536974,3.898472,11.493996,25.776543,18.090669,55.368038,0,,,,,,,,,,,,,,,,,,
epoch,1657065635.528463,UNSAFE,24.501101,72.307830,10.000000,20.000000,-52.307830,24.501101,21.945357,72.307830,23.336489,5.451310,5.162324,41,4,12.670018,5.756338,41,0,0,1000000000.000000,1,7,0,3.101082,H_LEVEL(1),,,,,,,,,,,,,,,,GNSS,GNSS,GNSS,1,24.501101,72.307830,24.501101,21.945357,72.307830,23.336489,5.451310,5.162324,41,0,3.245409,3.089155,3.101082,3.245409
worst_hyp,1657065635.528463,UNSAFE,,,,,,,,,,,,,,,,,,,,,,,,,,,10,90,-0.099157,0.041139,-0.143336,1.502740,0.623477,2.172290,4.536992,3.898472,11.494032,24.501101,17.561580,53.524163,0,,,,,,,,,,,,,,,,,,
epoch,1657065635.628463,UNSAFE,26.306595,76.083711,10.000000,20.000000,-56.083711,26.306595,21.786626,76.083711,23.336576,5.451310,5.162324,41,4,12.670058,5.756347,41,0,0,1000000000.000000,1,7,0,3.102836,H_LEVEL(1),,,,,,,,,,,,,,,,GNSS,GNSS,GNSS,1,26.306595,76.083711,26.306595,21.786626,76.083711,23.336576,5.451310,5.162324,41,0,3.245579,3.090971,3.102836,3.245579
worst_hyp,1657065635.628463,UNSAFE,,,,,,,,,,,,,,,,,,,,,,,,,,,10,90,-1.904534,0.790201,-2.753063,1.502750,0.623499,2.172272,4.537010,3.898472,11.494069,26.306595,18.310757,56.133931,0,,,,,,,,,,,,,,,,,,
epoch,1657065635.728464,UNSAFE,25.912662,73.177515,10.000000,20.000000,-53.177515,25.912662,22.160318,73.177515,23.336663,5.451310,5.162324,41,4,12.670099,5.756357,41,0,0,1000000000.000000,1,7,0,3.104670,H_LEVEL(1),,,,,,,,,,,,,,,,GNSS,GNSS,GNSS,1,25.912662,73.177515,25.912662,22.160318,73.177515,23.336663,5.451310,5.162324,41,0,3.245804,3.092810,3.104670,3.245804
worst_hyp,1657065635.728464,UNSAFE,,,,,,,,,,,,,,,,,,,,,,,,,,,10,90,-1.510484,0.626726,-2.183420,1.502760,0.623521,2.172254,4.537028,3.898472,11.494105,25.912662,18.147397,55.564328,0,,,,,,,,,,,,,,,,,,
epoch,1657065635.828552,UNSAFE,27.052831,78.347128,10.000000,20.000000,-58.347128,27.052831,22.822116,78.347128,23.336750,5.451310,5.162324,41,4,12.670140,5.756366,41,0,0,1000000000.000000,1,7,0,3.107750,H_LEVEL(1),,,,,,,,,,,,,,,,GNSS,GNSS,GNSS,1,27.052831,78.347128,27.052831,22.822116,78.347128,23.336750,5.451310,5.162324,41,0,3.243333,3.095820,3.107750,3.243333
worst_hyp,1657065635.828552,UNSAFE,,,,,,,,,,,,,,,,,,,,,,,,,,,10,90,-2.650537,1.099786,-3.831321,1.502769,0.623543,2.172236,4.537046,3.898472,11.494141,27.052831,18.620572,57.212270,0,,,,,,,,,,,,,,,,,,
epoch,1657065635.928524,UNSAFE,25.431934,69.228841,10.000000,20.000000,-49.228841,25.431934,21.882026,69.228841,23.336837,5.451310,5.162324,41,4,12.670180,5.756376,41,0,0,1000000000.000000,1,7,0,3.109869,H_LEVEL(1),,,,,,,,,,,,,,,,GNSS,GNSS,GNSS,1,25.431934,69.228841,25.431934,21.882026,69.228841,23.336837,5.451310,5.162324,41,0,3.242278,3.098024,3.109869,3.242278
worst_hyp,1657065635.928524,UNSAFE,,,,,,,,,,,,,,,,,,,,,,,,,,,6,21,-2.150539,-1.371638,1.475749,1.325198,0.845226,0.909381,4.481379,3.940008,11.323629,25.431934,20.189200,47.711894,0,,,,,,,,,,,,,,,,,,
epoch,1657065636.028473,UNSAFE,26.691156,70.671897,10.000000,20.000000,-50.671897,26.691156,21.193245,70.671897,23.336924,5.451310,5.162324,41,4,12.670221,5.756386,41,0,0,1000000000.000000,1,7,0,3.111498,H_LEVEL(1),,,,,,,,,,,,,,,,GNSS,GNSS,GNSS,1,26.691156,70.671897,26.691156,21.193245,70.671897,23.336924,5.451310,5.162324,41,0,3.242510,3.099631,3.111498,3.242510
worst_hyp,1657065636.028473,UNSAFE,,,,,,,,,,,,,,,,,,,,,,,,,,,10,90,-2.288629,0.949675,-3.308090,1.502788,0.623588,2.172200,4.537083,3.898473,11.494214,26.691156,18.470691,56.689120,0,,,,,,,,,,,,,,,,,,
epoch,1657065636.128469,UNSAFE,24.877843,72.406750,10.000000,20.000000,-52.406750,24.877843,21.181938,72.406750,23.337011,5.451310,5.162324,41,4,12.670261,5.756395,41,0,0,1000000000.000000,1,7,0,3.113303,H_LEVEL(1),,,,,,,,,,,,,,,,GNSS,GNSS,GNSS,1,24.877843,72.406750,24.877843,21.181938,72.406750,23.337011,5.451310,5.162324,41,0,3.242153,3.101455,3.113303,3.242153
worst_hyp,1657065636.128469,UNSAFE,,,,,,,,,,,,,,,,,,,,,,,,,,,6,21,1.596235,1.018137,-1.095690,1.325214,0.845269,0.909656,4.481415,3.940010,11.323732,24.877843,19.835930,47.333631,0,,,,,,,,,,,,,,,,,,
epoch,1657065636.228529,UNSAFE,27.037112,71.925831,10.000000,20.000000,-51.925831,27.037112,21.224105,71.925831,23.337098,5.451310,5.162324,41,4,12.670302,5.756405,41,0,0,1000000000.000000,1,7,0,3.113694,H_LEVEL(1),,,,,,,,,,,,,,,,GNSS,GNSS,GNSS,1,27.037112,71.925831,27.037112,21.224105,71.925831,23.337098,5.451310,5.162324,41,0,3.244198,3.101965,3.113694,3.244198
worst_hyp,1657065636.228529,UNSAFE,,,,,,,,,,,,,,,,,,,,,,,,,,,10,90,-2.634352,1.093198,-3.807701,1.502808,0.623632,2.172163,4.537119,3.898473,11.494287,27.037112,18.614444,57.188813,0,,,,,,,,,,,,,,,,,,
epoch,1657065636.328542,UNSAFE,24.951942,77.362690,10.000000,20.000000,-57.362690,24.951942,22.259542,77.362690,23.337185,5.451310,5.162324,41,4,12.670342,5.756414,41,0,0,1000000000.000000,1,7,0,3.114060,H_LEVEL(1),,,,,,,,,,,,,,,,GNSS,GNSS,GNSS,1,24.951942,77.362690,24.951942,22.259542,77.362690,23.337185,5.451310,5.162324,41,0,3.243626,3.102373,3.114060,3.243626
worst_hyp,1657065636.328542,UNSAFE,,,,,,,,,,,,,,,,,,,,,,,,,,,10,90,-0.549066,0.227857,-0.793610,1.502817,0.623654,2.172145,4.537138,3.898473,11.494324,24.951942,17.749218,54.174762,0,,,,,,,,,,,,,,,,,,
epoch,1657065636.428521,UNSAFE,25.249269,77.285904,10.000000,20.000000,-57.285904,25.249269,21.800237,77.285904,23.337272,5.451310,5.162324,41,4,12.670383,5.756424,41,0,0,1000000000.000000,1,7,0,3.111849,H_LEVEL(1),,,,,,,,,,,,,,,,GNSS,GNSS,GNSS,1,25.249269,77.285904,25.249269,21.800237,77.285904,23.337272,5.451310,5.162324,41,0,3.249691,3.100088,3.111849,3.249691
worst_hyp,1657065636.428521,UNSAFE,,,,,,,,,,,,,,,,,,,,,,,,,,,10,90,0.846276,-0.351206,1.223174,1.502827,0.623676,2.172127,4.537156,3.898473,11.494361,25.249269,17.872682,54.604367,0,,,,,,,,,,,,,,,,,,
epoch,1657065636.528685,UNSAFE,25.271554,70.397044,10.000000,20.000000,-50.397044,25.271554,22.183033,70.397044,23.337359,5.451310,5.162324,41,4,12.670424,5.756434,41,0,0,1000000000.000000,1,7,0,3.111924,H_LEVEL(1),,,,,,,,,,,,,,,,GNSS,GNSS,GNSS,1,25.271554,70.397044,25.271554,22.183033,70.397044,23.337359,5.451310,5.162324,41,0,3.252391,3.100024,3.111924,3.252391
worst_hyp,1657065636.528685,UNSAFE,,,,,,,,,,,,,,,,,,,,,,,,,,,10,90,0.868445,-0.360417,1.255198,1.502836,0.623698,2.172109,4.537174,3.898474,11.494397,25.271554,17.882008,54.636432,0,,,,,,,,,,,,,,,,,,
epoch,1657065636.628540,UNSAFE,24.941271,70.124508,10.000000,20.000000,-50.124508,24.941271,22.390968,70.124508,23.337446,5.451310,5.162324,41,4,12.670464,5.756443,41,0,0,1000000000.000000,1,7,0,3.113349,H_LEVEL(1),,,,,,,,,,,,,,,,GNSS,GNSS,GNSS,1,24.941271,70.124508,24.941271,22.390968,70.124508,23.337446,5.451310,5.162324,41,0,3.256407,3.101120,3.113349,3.256407
worst_hyp,1657065636.628540,UNSAFE,,,,,,,,,,,,,,,,,,,,,,,,,,,10,90,-0.538045,0.223303,-0.777646,1.502846,0.623721,2.172091,4.537192,3.898474,11.494434,24.941271,17.745009,54.158921,0,,,,,,,,,,,,,,,,,,
epoch,1657065636.728467,UNSAFE,24.805977,70.728398,10.000000,20.000000,-50.728398,24.805977,21.516013,70.728398,23.337533,5.451310,5.162324,41,4,12.670505,5.756453,41,0,0,1000000000.000000,1,7,0,3.118114,H_LEVEL(1),,,,,,,,,,,,,,,,GNSS,GNSS,GNSS,1,24.805977,70.728398,24.805977,21.516013,70.728398,23.337533,5.451310,5.162324,41,0,3.259790,3.105932,3.118114,3.259790
worst_hyp,1657065636.728467,UNSAFE,,,,,,,,,,,,,,,,,,,,,,,,,,,10,90,0.402635,-0.167109,0.581927,1.502856,0.623743,2.172073,4.537211,3.898474,11.494470,24.805977,17.688930,53.963243,0,,,,,,,,,,,,,,,,,,
epoch,1657065636.828652,UNSAFE,24.411482,69.948647,10.000000,20.000000,-49.948647,24.411482,21.276996,69.948647,23.337620,5.451310,5.162324,41,4,12.670545,5.756462,41,0,0,1000000000.000000,1,7,0,3.118865,H_LEVEL(1),,,,,,,,,,,,,,,,GNSS,GNSS,GNSS,1,24.411482,69.948647,24.411482,21.276996,69.948647,23.337620,5.451310,5.162324,41,0,3.262902,3.106568,3.118865,3.262902
worst_hyp,1657065636.828652,UNSAFE,,,,,,,,,,,,,,,,,,,,,,,,,,,10,90,0.008023,-0.003330,0.011596,1.502865,0.623765,2.172055,4.537229,3.898474,11.494507,24.411482,17.525266,53.392953,0,,,,,,,,,,,,,,,,,,
epoch,1657065636.928519,UNSAFE,25.554767,73.598922,10.000000,20.000000,-53.598922,25.554767,22.221098,73.598922,23.337707,5.451310,5.162324,41,4,12.670586,5.756472,41,0,0,1000000000.000000,1,7,0,3.119251,H_LEVEL(1),,,,,,,,,,,,,,,,GNSS,GNSS,GNSS,1,25.554767,73.598922,25.554767,22.221098,73.598922,23.337707,5.451310,5.162324,41,0,3.263364,3.106996,3.119251,3.263364
worst_hyp,1657065636.928519,UNSAFE,,,,,,,,,,,,,,,,,,,,,,,,,,,10,90,1.151192,-0.477817,1.663766,1.502875,0.623787,2.172037,4.537247,3.898474,11.494543,25.554767,17.999868,55.045164,0,,,,,,,,,,,,,,,,,,
epoch,1657065637.028458,UNSAFE,25.562034,77.215023,10.000000,20.000000,-57.215023,25.562034,21.701205,77.215023,23.337795,5.451310,5.162324,41,4,12.670627,5.756482,41,0,0,1000000000.000000,1,7,0,3.117490,H_LEVEL(1),,,,,,,,,,,,,,,,GNSS,GNSS,GNSS,1,25.562034,77.215023,25.562034,21.701205,77.215023,23.337795,5.451310,5.162324,41,0,3.262181,3.105100,3.117490,3.262181
worst_hyp,1657065637.028458,UNSAFE,,,,,,,,,,,,,,,,,,,,,,,,,,,10,90,-1.158342,0.480798,-1.674075,1.502884,0.623809,2.172019,4.537265,3.898474,11.494580,25.562034,18.002965,55.055514,0,,,,,,,,,,,,,,,,,,
epoch,1657065637.128519,UNSAFE,24.878971,72.171615,10.000000,20.000000,-52.171615,24.878971,21.544755,72.171615,23.337882,5.451310,5.162324,41,4,12.670667,5.756491,41,0,0,1000000000.000000,1,7,0,3.117929,H_LEVEL(1),,,,,,,,,,,,,,,,GNSS,GNSS,GNSS,1,24.878971,72.171615,24.878971,21.544755,72.171615,23.337882,5.451310,5.162324,41,0,3.262090,3.105994,3.117929,3.262090
worst_hyp,1657065637.128519,UNSAFE,,,,,,,,,,,,,,,,,,,,,,,,,,,10,90,-0.475163,0.197234,-0.686711,1.502894,0.623831,2.172001,4.537284,3.898475,11.494616,24.878971,17.719515,54.068191,0,,,,,,,,,,,,,,,,,,
epoch,1657065637.228454,UNSAFE,25.534109,86.689900,10.000000,20.000000,-66.689900,25.534109,22.342483,86.689900,23.337969,5.451310,5.162324,40,4,12.670708,5.756501,41,0,0,1000000000.000000,1,7,0,3.119301,H_LEVEL(1),,,,,,,,,,,,,,,,GNSS,GNSS,GNSS,1,25.534109,86.689900,25.534109,22.342483,86.689900,23.337969,5.451310,5.162324,41,0,3.261723,3.107452,3.119301,3.261723
worst_hyp,1657065637.228454,UNSAFE,,,,,,,,,,,,,,,,,,,,,,,,,,,10,90,1.130184,-0.469138,1.633333,1.502903,0.623854,2.171983,4.537302,3.898475,11.494653,25.534109,17.991535,55.014854,0,,,,,,,,,,,,,,,,,,
epoch,1657065637.328483,UNSAFE,24.673515,73.474742,10.000000,20.000000,-53.474742,24.673515,21.881389,73.474742,23.338056,5.451310,5.162324,41,4,12.670749,5.756510,41,0,0,1000000000.000000,1,7,0,3.121259,H_LEVEL(1),,,,,,,,,,,,,,,,GNSS,GNSS,GNSS,1,24.673515,73.474742,24.673515,21.881389,73.474742,23.338056,5.451310,5.162324,41,0,3.262361,3.109488,3.121259,3.262361
worst_hyp,1657065637.328483,UNSAFE,,,,,,,,,,,,,,,,,,,,,,,,,,,10,90,0.269474,-0.111862,0.389436,1.502913,0.623876,2.171965,4.537320,3.898475,11.494690,24.673515,17.634373,53.770998,0,,,,,,,,,,,,,,,,,,
epoch,1657065637.428512,UNSAFE,25.409666,71.144528,10.000000,20.000000,-51.144528,25.409666,21.999841,71.144528,23.338143,5.451310,5.162324,41,4,12.670789,5.756520,41,0,0,1000000000.000000,1,7,0,3.122625,H_LEVEL(1),,,,,,,,,,,,,,,,GNSS,GNSS,GNSS,1,25.409666,71.144528,25.409666,21.999841,71.144528,23.338143,5.451310,5.162324,41,0,3.261718,3.110802,3.122625,3.261718
worst_hyp,1657065637.428512,UNSAFE,,,,,,,,,,,,,,,,,,,,,,,,,,,10,90,1.005509,-0.417410,1.453110,1.502923,0.623898,2.171947,4.537338,3.898475,11.494726,25.409666,17.940036,54.834714,0,,,,,,,,,,,,,,,,,,
epoch,1657065637.528467,UNSAFE,26.279854,73.400571,10.000000,20.000000,-53.400571,26.279854,21.573834,73.400571,23.338230,5.451310,5.162324,41,4,12.670830,5.756530,41,0,0,1000000000.000000,1,7,0,3.124254,H_LEVEL(1),,,,,,,,,,,,,,,,GNSS,GNSS,GNSS,1,26.279854,73.400571,26.279854,21.573834,73.400571,23.338230,5.451310,5.162324,41,0,3.261291,3.112409,3.124254,3.261291
worst_hyp,1657065637.528467,UNSAFE,,,,,,,,,,,,,,,,,,,,,,,,,,,10,90,-1.875580,0.778619,-2.710453,1.502932,0.623920,2.171929,4.537357,3.898475,11.494763,26.279854,18.301361,56.092098,0,,,,,,,,,,,,,,,,,,
epoch,1657065637.628658,UNSAFE,26.053037,75.989813,10.000000,20.000000,-55.989813,26.053037,21.612679,75.989813,23.338317,5.451310,5.162324,41,4,12.670871,5.756539,41,0,0,1000000000.000000,1,7,0,3.125616,H_LEVEL(1),,,,,,,,,,,,,,,,GNSS,GNSS,GNSS,1,26.053037,75.989813,26.053037,21.612679,75.989813,23.338317,5.451310,5.162324,41,0,3.261821,3.113708,3.125616,3.261821
worst_hyp,1657065637.628658,UNSAFE,,,,,,,,,,,,,,,,,,,,,,,,,,,10,90,1.648647,-0.684431,2.382470,1.502942,0.623942,2.171911,4.537375,3.898475,11.494799,26.053037,18.207288,55.764157,0,,,,,,,,,,,,,,,,,,
epoch,1657065637.728516,UNSAFE,26.628626,74.218390,10.000000,20.000000,-54.218390,26.628626,21.292414,74.218390,23.338404,5.451310,5.162324,41,4,12.670911,5.756549,41,0,0,1000000000.000000,1,7,0,3.125631,H_LEVEL(1),,,,,,,,,,,,,,,,GNSS,GNSS,GNSS,1,26.628626,74.218390,26.628626,21.292414,74.218390,23.338404,5.451310,5.162324,41,0,3.263715,3.113752,3.125631,3.263715
worst_hyp,1657065637.728516,UNSAFE,,,,,,,,,,,,,,,,,,,,,,,,,,,10,90,2.224119,-0.923364,3.214041,1.502951,0.623964,2.171893,4.537393,3.898476,11.494836,26.628626,18.446335,56.595769,0,,,,,,,,,,,,,,,,,,
epoch,1657065637.828527,UNSAFE,24.702237,74.484187,10.000000,20.000000,-54.484187,24.702237,22.115891,74.484187,23.338491,5.451310,5.162324,41,4,12.670952,5.756558,41,0,0,1000000000.000000,1,7,0,3.125903,H_LEVEL(1),,,,,,,,,,,,,,,,GNSS,GNSS,GNSS,1,24.702237,74.484187,24.702237,22.115891,74.484187,23.338491,5.451310,5.162324,41,0,3.265471,3.114061,3.125903,3.265471
worst_hyp,1657065637.828527,UNSAFE,,,,,,,,,,,,,,,,,,,,,,,,,,,10,90,-0.297614,0.123561,-0.430071,1.502961,0.623987,2.171875,4.537411,3.898476,11.494873,24.702237,17.646647,53.811840,0,,,,,,,,,,,,,,,,,,
epoch,1657065637.928521,UNSAFE,24.741333,69.027471,10.000000,20.000000,-49.027471,24.741333,21.488970,69.027471,23.338579,5.451310,5.162324,41,4,12.670993,5.756568,41,0,0,1000000000.000000,1,7,0,3.126262,H_LEVEL(1),,,,,,,,,,,,,,,,GNSS,GNSS,GNSS,1,24.741333,69.027471,24.741333,21.488970,69.027471,23.338579,5.451310,5.162324,41,0,3.265859,3.114401,3.126262,3.265859
worst_hyp,1657065637.928521,UNSAFE,,,,,,,,,,,,,,,,,,,,,,,,,,,10,90,-0.336594,0.139748,-0.486392,1.502971,0.624009,2.171857,4.537430,3.898476,11.494909,24.741333,17.662950,53.868203,0,,,,,,,,,,,,,,,,,,
epoch,1657065638.028557,UNSAFE,25.228785,71.946111,10.000000,20.000000,-51.946111,25.228785,21.980096,71.946111,23.338666,5.451310,5.162324,41,4,12.671033,5.756578,41,0,0,1000000000.000000,1,7,0,3.126882,H_LEVEL(1),,,,,,,,,,,,,,,,GNSS,GNSS,GNSS,1,25.228785,71.946111,25.228785,21.980096,71.946111,23.338666,5.451310,5.162324,41,0,3.270898,3.114531,3.126882,3.270898
worst_hyp,1657065638.028557,UNSAFE,,,,,,,,,,,,,,,,,,,,,,,,,,,10,90,0.823929,-0.342092,1.190595,1.502980,0.624031,2.171839,4.537448,3.898476,11.494946,25.228785,17.865409,54.572447,0,,,,,,,,,,,,,,,,,,
epoch,1657065638.128519,UNSAFE,25.368327,74.263953,10.000000,20.000000,-54.263953,25.368327,21.513041,74.263953,23.338753,5.451310,5.162324,41,4,12.671074,5.756587,41,0,0,1000000000.000000,1,7,0,3.128566,H_LEVEL(1),,,,,,,,,,,,,,,,GNSS,GNSS,GNSS,1,25.368327,74.263953,25.368327,21.513041,74.263953,23.338753,5.451310,5.162324,41,0,3.271847,3.116063,3.128566,3.271847
worst_hyp,1657065638.128519,UNSAFE,,,,,,,,,,,,,,,,,,,,,,,,,,,10,90,-0.963354,0.399992,-1.392047,1.502990,0.624053,2.171821,4.537466,3.898476,11.494983,25.368327,17.923424,54.773941,0,,,,,,,,,,,,,,,,,,
epoch,1657065638.228470,UNSAFE,25.105973,72.052051,10.000000,20.000000,-52.052051,25.105973,21.646135,72.052051,23.338840,5.451310,5.162324,41,4,12.671115,5.756597,41,0,0,1000000000.000000,1,7,0,3.128838,H_LEVEL(1),,,,,,,,,,,,,,,,GNSS,GNSS,GNSS,1,25.105973,72.052051,25.105973,21.646135,72.052051,23.338840,5.451310,5.162324,41,0,3.272712,3.116824,3.128838,3.272712
worst_hyp,1657065638.228470,UNSAFE,,,,,,,,,,,,,,,,,,,,,,,,,,,10,90,-0.700884,0.291021,-1.012763,1.502999,0.624075,2.171803,4.537484,3.898476,11.495019,25.105973,17.814568,54.394699,0,,,,,,,,,,,,,,,,,,
epoch,1657065638.328535,UNSAFE,25.039426,73.751010,10.000000,20.000000,-53.751010,25.039426,21.299188,73.751010,23.338927,5.451310,5.162324,41,4,12.671156,5.756606,41,0,0,1000000000.000000,1,7,0,3.130220,H_LEVEL(1),,,,,,,,,,,,,,,,GNSS,GNSS,GNSS,1,25.039426,73.751010,25.039426,21.299188,73.751010,23.338927,5.451310,5.162324,41,0,3.273569,3.118160,3.130220,3.273569
worst_hyp,1657065638.328535,UNSAFE,,,,,,,,,,,,,,,,,,,,,,,,,,,10,90,0.634221,-0.263349,0.916422,1.503009,0.624097,2.171785,4.537503,3.898477,11.495056,25.039426,17.787011,54.298400,0,,,,,,,,,,,,,,,,,,
epoch,1657065638.428518,UNSAFE,24.989628,73.315102,10.000000,20.000000,-53.315102,24.989628,22.232730,73.315102,23.339014,5.451310,5.162324,41,4,12.671196,5.756616,41,0,0,1000000000.000000,1,7,0,3.131232,H_LEVEL(1),,,,,,,,,,,,,,,,GNSS,GNSS,GNSS,1,24.989628,73.315102,24.989628,22.232730,73.315102,23.339014,5.451310,5.162324,41,0,3.276289,3.118738,3.131232,3.276289
worst_hyp,1657065638.428518,UNSAFE,,,,,,,,,,,,,,,,,,,,,,,,,,,10,90,0.584306,-0.242630,0.844286,1.503018,0.624120,2.171767,4.537521,3.898477,11.495093,24.989628,17.766407,54.226305,0,,,,,,,,,,,,,,,,,,
epoch,1657065638.528526,UNSAFE,25.055245,77.787078,10.000000,20.000000,-57.787078,25.055245,22.322950,77.787078,23.339102,5.451310,5.162324,41,4,12.671237,5.756626,41,0,0,1000000000.000000,1,7,0,3.132214,H_LEVEL(1),,,,,,,,,,,,,,,,GNSS,GNSS,GNSS,1,25.055245,77.787078,25.055245,22.322950,77.787078,23.339102,5.451310,5.162324,41,0,3.277374,3.119667,3.132214,3.277374
worst_hyp,1657065638.528526,UNSAFE,,,,,,,,,,,,,,,,,,,,,,,,,,,10,90,0.649807,-0.269836,0.938916,1.503028,0.624142,2.171749,4.537539,3.898477,11.495130,25.055245,17.793728,54.320977,0,,,,,,,,,,,,,,,,,,
epoch,1657065638.628469,UNSAFE,26.388494,72.545677,10.000000,20.000000,-52.545677,26.388494,21.770290,72.545677,23.339189,5.451310,5.162324,41,4,12.671278,5.756635,41,0,0,1000000000.000000,1,7,0,3.133272,H_LEVEL(1),,,,,,,,,,,,,,,,GNSS,GNSS,GNSS,1,26.388494,72.545677,26.388494,21.770290,72.545677,23.339189,5.451310,5.162324,41,0,3.277380,3.121213,3.133272,3.277380
worst_hyp,1657065638.628469,UNSAFE,,,,,,,,,,,,,,,,,,,,,,,,,,,10,90,1.982940,-0.823452,2.865139,1.503038,0.624164,2.171731,4.537558,3.898477,11.495166,26.388494,18.347459,56.247241,0,,,,,,,,,,,,,,,,,,
epoch,1657065638.728518,UNSAFE,26.103164,72.072970,10.000000,20.000000,-52.072970,26.103164,21.361124,72.072970,23.339276,5.451310,5.162324,41,4,12.671319,5.756645,41,0,0,1000000000.000000,1,7,0,3.134144,H_LEVEL(1),,,,,,,,,,,,,,,,GNSS,GNSS,GNSS,1,26.103164,72.072970,26.103164,21.361124,72.072970,23.339276,5.451310,5.162324,41,0,3.278567,3.122122,3.134144,3.278567
worst_hyp,1657065638.728518,UNSAFE,,,,,,,,,,,,,,,,,,,,,,,,,,,10,90,-1.697493,0.704936,-2.452662,1.503047,0.624186,2.171713,4.537576,3.898477,11.495203,26.103164,18.229058,55.834807,0,,,,,,,,,,,,,,,,,,
epoch,1657065638.828473,UNSAFE,24.613925,74.844726,10.000000,20.000000,-54.844726,24.613925,21.415674,74.844726,23.339363,5.451310,5.162324,41,4,12.671359,5.756655,41,0,0,1000000000.000000,1,7,0,3.134910,H_LEVEL(1),,,,,,,,,,,,,,,,GNSS,GNSS,GNSS,1,24.613925,74.844726,24.613925,21.415674,74.844726,23.339363,5.451310,5.162324,41,0,3.276946,3.122720,3.134910,3.276946
worst_hyp,1657065638.828473,UNSAFE,,,,,,,,,,,,,,,,,,,,,,,,,,,7,30,1.768565,0.211036,1.886077,1.254842,0.149736,1.338220,4.461525,3.851092,11.367283,24.613925,15.112057,50.496176,0,,,,,,,,,,,,,,,,,,
epoch,1657065638.928523,UNSAFE,25.507941,69.639189,10.000000,20.000000,-49.639189,25.507941,22.171628,69.639189,23.339450,5.451310,5.162324,41,4,12.671400,5.756664,41,0,0,1000000000.000000,1,7,0,3.136565,H_LEVEL(1),,,,,,,,,,,,,,,,GNSS,GNSS,GNSS,1,25.507941,69.639189,25.507941,22.171628,69.639189,23.339450,5.451310,5.162324,41,0,3.278662,3.124142,3.136565,3.278662
worst_hyp,1657065638.928523,UNSAFE,,,,,,,,,,,,,,,,,,,,,,,,,,,10,90,1.102037,-0.457681,1.592257,1.503066,0.624230,2.171677,4.537612,3.898478,11.495277,25.507941,17.982034,54.974486,0,,,,,,,,,,,,,,,,,,
epoch,1657065639.028477,UNSAFE,25.174728,77.438995,10.000000,20.000000,-57.438995,25.174728,22.156282,77.438995,23.339537,5.451310,5.162324,41,4,12.671441,5.756674,41,0,0,1000000000.000000,1,7,0,3.137216,H_LEVEL(1),,,,,,,,,,,,,,,,GNSS,GNSS,GNSS,1,25.174728,77.438995,25.174728,22.156282,77.438995,23.339537,5.451310,5.162324,41,0,3.279760,3.124946,3.137216,3.279760
worst_hyp,1657065639.028477,UNSAFE,,,,,,,,,,,,,,,,,,,,,,,,,,,10,90,0.768707,-0.319257,1.110636,1.503076,0.624253,2.171659,4.537631,3.898478,11.495313,25.174728,17.843724,54.492907,0,,,,,,,,,,,,,,,,,,
epoch,1657065639.128475,UNSAFE,24.789995,69.291985,10.000000,20.000000,-49.291985,24.789995,21.367499,69.291985,23.339625,5.451310,5.162324,41,4,12.671482,5.756683,41,0,0,1000000000.000000,1,7,0,3.137779,H_LEVEL(1),,,,,,,,,,,,,,,,GNSS,GNSS,GNSS,1,24.789995,69.291985,24.789995,21.367499,69.291985,23.339625,5.451310,5.162324,41,0,3.279096,3.125849,3.137779,3.279096
worst_hyp,1657065639.128475,UNSAFE,,,,,,,,,,,,,,,,,,,,,,,,,,,10,90,-0.383859,0.159428,-0.554595,1.503085,0.624275,2.171641,4.537649,3.898478,11.495350,24.789995,17.684010,53.936907,0,,,,,,,,,,,,,,,,,,
epoch,1657065639.228522,UNSAFE,25.051059,73.382464,10.000000,20.000000,-53.382464,25.051059,21.833432,73.382464,23.339712,5.451310,5.162324,41,4,12.671523,5.756693,41,0,0,1000000000.000000,1,7,0,3.139312,H_LEVEL(1),,,,,,,,,,,,,,,,GNSS,GNSS,GNSS,1,25.051059,73.382464,25.051059,21.833432,73.382464,23.339712,5.451310,5.162324,41,0,3.281527,3.127321,3.139312,3.281527
worst_hyp,1657065639.228522,UNSAFE,,,,,,,,,,,,,,,,,,,,,,,,,,,10,90,-0.644806,0.267814,-0.931595,1.503095,0.624297,2.171623,4.537667,3.898478,11.495387,25.051059,17.792512,54.313949,0,,,,,,,,,,,,,,,,,,
epoch,1657065639.328545,UNSAFE,26.959725,69.558491,10.000000,20.000000,-49.558491,26.959725,21.341119,69.558491,23.339799,5.451310,5.162324,41,4,12.671563,5.756703,41,0,0,1000000000.000000,1,7,0,3.139918,H_LEVEL(1),,,,,,,,,,,,,,,,GNSS,GNSS,GNSS,1,26.959725,69.558491,26.959725,21.341119,69.558491,23.339799,5.451310,5.162324,41,0,3.281968,3.127963,3.139918,3.281968
worst_hyp,1657065639.328545,UNSAFE,,,,,,,,,,,,,,,,,,,,,,,,,,,10,90,2.553356,-1.060544,3.688952,1.503105,0.624319,2.171605,4.537685,3.898478,11.495424,26.959725,18.585357,57.071348,0,,,,,,,,,,,,,,,,,,
epoch,1657065639.428511,UNSAFE,25.902967,74.291957,10.000000,20.000000,-54.291957,25.902967,22.602646,74.291957,23.339886,5.451310,5.162324,41,4,12.671604,5.756712,41,0,0,1000000000.000000,1,7,0,3.140252,H_LEVEL(1),,,,,,,,,,,,,,,,GNSS,GNSS,GNSS,1,25.902967,74.291957,25.902967,22.602646,74.291957,23.339886,5.451310,5.162324,41,0,3.281414,3.128049,3.140252,3.281414
worst_hyp,1657065639.428511,UNSAFE,,,,,,,,,,,,,,,,,,,,,,,,,,,10,90,1.496481,-0.621586,2.162004,1.503114,0.624341,2.171587,4.537704,3.898479,11.495460,25.902967,18.146514,55.544443,0,,,,,,,,,,,,,,,,,,
epoch,1657065639.528470,UNSAFE,26.279213,74.033196,10.000000,20.000000,-54.033196,26.279213,21.575681,74.033196,23.339973,5.451310,5.162324,41,4,12.671645,5.756722,41,0,0,1000000000.000000,1,7,0,3.143604,H_LEVEL(1),,,,,,,,,,,,,,,,GNSS,GNSS,GNSS,1,26.279213,74.033196,26.279213,21.575681,74.033196,23.339973,5.451310,5.162324,41,0,3.285476,3.131218,3.143604,3.285476
worst_hyp,1657065639.528470,UNSAFE,,,,,,,,,,,,,,,,,,,,,,,,,,,10,90,-1.872611,0.777840,-2.705369,1.503124,0.624363,2.171569,4.537722,3.898479,11.495497,26.279213,18.302883,56.087850,0,,,,,,,,,,,,,,,,,,
epoch,1657065639.628552,UNSAFE,24.842633,69.139908,10.000000,20.000000,-49.139908,24.842633,21.711077,69.139908,23.340061,5.451310,5.162324,41,4,12.671686,5.756731,41,0,0,1000000000.000000,1,7,0,3.147636,H_LEVEL(1),,,,,,,,,,,,,,,,GNSS,GNSS,GNSS,1,24.842633,69.139908,24.842633,21.711077,69.139908,23.340061,5.451310,5.162324,41,0,3.290428,3.135390,3.147636,3.290428
worst_hyp,1657065639.628552,UNSAFE,,,,,,,,,,,,,,,,,,,,,,,,,,,10,90,-0.435914,0.181074,-0.629757,1.503133,0.624385,2.171551,4.537740,3.898479,11.495534,24.842633,17.706232,54.012280,0,,,,,,,,,,,,,,,,,,
epoch,1657065639.728462,UNSAFE,25.795362,75.348508,10.000000,20.000000,-55.348508,25.795362,21.296964,75.348508,23.340148,5.451310,5.162324,41,4,12.671727,5.756741,41,0,0,1000000000.000000,1,7,0,3.149420,H_LEVEL(1),,,,,,,,,,,,,,,,GNSS,GNSS,GNSS,1,25.795362,75.348508,25.795362,21.296964,75.348508,23.340148,5.451310,5.162324,41,0,3.292266,3.137266,3.149420,3.292266
worst_hyp,1657065639.728462,UNSAFE,,,,,,,,,,,,,,,,,,,,,,,,,,,10,90,-1.388527,0.576796,-2.005952,1.503143,0.624408,2.171533,4.537758,3.898479,11.495571,25.795362,18.102069,55.388518,0,,,,,,,,,,,,,,,,,,
epoch,1657065639.828517,UNSAFE,25.381563,71.507186,10.000000,20.000000,-51.507186,25.381563,21.833922,71.507186,23.340235,5.451310,5.162324,41,4,12.671768,5.756751,41,0,0,1000000000.000000,1,7,0,3.151649,H_LEVEL(1),,,,,,,,,,,,,,,,GNSS,GNSS,GNSS,1,25.381563,71.507186,25.381563,21.833922,71.507186,23.340235,5.451310,5.162324,41,0,3.294641,3.139435,3.151649,3.294641
worst_hyp,1657065639.828517,UNSAFE,,,,,,,,,,,,,,,,,,,,,,,,,,,10,90,0.974612,-0.404867,1.407964,1.503152,0.624430,2.171515,4.537777,3.898479,11.495608,25.381563,17.930255,54.790572,0,,,,,,,,,,,,,,,,,,
epoch,1657065639.928476,UNSAFE,24.806386,71.406605,10.000000,20.000000,-51.406605,24.806386,21.619657,71.406605,23.340322,5.451310,5.162324,41,4,12.671809,5.756760,41,0,0,1000000000.000000,1,7,0,3.153354,H_LEVEL(1),,,,,,,,,,,,,,,,GNSS,GNSS,GNSS,1,24.806386,71.406605,24.806386,21.619657,71.406605,23.340322,5.451310,5.162324,41,0,3.296543,3.141197,3.153354,3.296543
worst_hyp,1657065639.928476,UNSAFE,,,,,,,,,,,,,,,,,,,,,,,,,,,10,90,-0.399318,0.165887,-0.576862,1.503162,0.624452,2.171497,4.537795,3.898480,11.495645,24.806386,17.691390,53.959512,0,,,,,,,,,,,,,,,,,,
epoch,1657065640.028463,UNSAFE,25.114793,73.775151,10.000000,20.000000,-53.775151,25.114793,22.469494,73.775151,23.340410,5.451310,5.162324,41,4,12.671849,5.756770,41,0,0,1000000000.000000,1,7,0,3.153929,H_LEVEL(1),,,,,,,,,,,,,,,,GNSS,GNSS,GNSS,1,25.114793,73.775151,25.114793,22.469494,73.775151,23.340410,5.451310,5.162324,41,0,3.296959,3.141716,3.153929,3.296959
worst_hyp,1657065640.028463,UNSAFE,,,,,,,,,,,,,,,,,,,,,,,,,,,10,90,-0.707609,0.293967,-1.022210,1.503172,0.624474,2.171479,4.537813,3.898480,11.495681,25.114793,17.819585,54.404903,0,,,,,,,,,,,,,,,,,,
epoch,1657065640.128519,UNSAFE,25.008498,72.110491,10.000000,20.000000,-52.110491,25.008498,21.784795,72.110491,23.340497,5.451310,5.162324,41,4,12.671890,5.756780,41,0,0,1000000000.000000,1,7,0,3.155390,H_LEVEL(1),,,,,,,,,,,,,,,,GNSS,GNSS,GNSS,1,25.008498,72.110491,25.008498,21.784795,72.110491,23.340497,5.451310,5.162324,41,0,3.298576,3.143195,3.155390,3.298576
worst_hyp,1657065640.128519,UNSAFE,,,,,,,,,,,,,,,,,,,,,,,,,,,10,90,0.601198,-0.249767,0.868476,1.503181,0.624496,2.171461,4.537831,3.898480,11.495718,25.008498,17.775501,54.251212,0,,,,,,,,,,,,,,,,,,
epoch,1657065640.228530,UNSAFE,25.261664,70.234007,10.000000,20.000000,-50.234007,25.261664,21.948373,70.234007,23.340584,5.451310,5.162324,41,4,12.671931,5.756789,41,0,0,1000000000.000000,1,7,0,3.154087,H_LEVEL(1),,,,,,,,,,,,,,,,GNSS,GNSS,GNSS,1,25.261664,70.234007,25.261664,21.948373,70.234007,23.340584,5.451310,5.162324,41,0,3.296627,3.141829,3.154087,3.296627
worst_hyp,1657065640.228530,UNSAFE,,,,,,,,,,,,,,,,,,,,,,,,,,,10,90,0.854247,-0.354907,1.234008,1.503191,0.624518,2.171443,4.537850,3.898480,11.495755,25.261664,17.880756,54.616786,0,,,,,,,,,,,,,,,,,,
epoch,1657065640.328522,UNSAFE,24.443258,69.739851,10.000000,20.000000,-49.739851,24.443258,21.415685,69.739851,23.340671,5.451310,5.162324,41,4,12.671972,5.756799,41,0,0,1000000000.000000,1,7,0,3.151975,H_LEVEL(1),,,,,,,,,,,,,,,,GNSS,GNSS,GNSS,1,24.443258,69.739851,24.443258,21.415685,69.739851,23.340671,5.451310,5.162324,41,0,3.294463,3.139636,3.151975,3.294463
worst_hyp,1657065640.328522,UNSAFE,,,,,,,,,,,,,,,,,,,,,,,,,,,10,90,0.035725,-0.014843,0.051606,1.503200,0.624541,2.171425,4.537868,3.898480,11.495792,24.443258,17.540806,53.434426,0,,,,,,,,,,,,,,,,,,
epoch,1657065640.428515,UNSAFE,24.827611,70.810619,10.000000,20.000000,-50.810619,24.827611,21.185037,70.810619,23.340759,5.451310,5.162324,41,4,12.672013,5.756808,41,0,0,1000000000.000000,1,7,0,3.150680,H_LEVEL(1),,,,,,,,,,,,,,,,GNSS,GNSS,GNSS,1,24.827611,70.810619,24.827611,21.185037,70.810619,23.340759,5.451310,5.162324,41,0,3.292388,3.138312,3.150680,3.292388
worst_hyp,1657065640.428515,UNSAFE,,,,,,,,,,,,,,,,,,,,,,,,,,,10,90,0.419961,-0.174488,0.606639,1.503210,0.624563,2.171407,4.537886,3.898480,11.495829,24.827611,17.700566,53.989503,0,,,,,,,,,,,,,,,,,,
epoch,1657065640.528435,UNSAFE,26.402288,71.606507,10.000000,20.000000,-51.606507,26.402288,21.597818,71.606507,23.340846,5.451310,5.162324,41,4,12.672054,5.756818,41,0,0,1000000000.000000,1,7,0,3.151021,H_LEVEL(1),,,,,,,,,,,,,,,,GNSS,GNSS,GNSS,1,26.402288,71.606507,26.402288,21.597818,71.606507,23.340846,5.451310,5.162324,41,0,3.293594,3.139174,3.151021,3.293594
worst_hyp,1657065640.528435,UNSAFE,,,,,,,,,,,,,,,,,,,,,,,,,,,10,90,-1.994522,0.828720,-2.881072,1.503219,0.624585,2.171389,4.537905,3.898481,11.495866,26.402288,18.354914,56.263978,0,,,,,,,,,,,,,,,,,,
epoch,1657065640.587451,UNSAFE,25.471628,72.585909,10.000000,20.000000,-52.585909,25.471628,22.032569,72.585909,23.340933,5.451310,5.162324,41,4,12.672095,5.756828,41,0,0,1000000000.000000,1,7,0,3.150254,H_LEVEL(1),,,,,,,,,,,,,,,,GNSS,GNSS,GNSS,1,25.471628,72.585909,25.471628,22.032569,72.585909,23.340933,5.451310,5.162324,41,0,3.284630,3.138668,3.150254,3.284630
worst_hyp,1657065640.587451,UNSAFE,,,,,,,,,,,,,,,,,,,,,,,,,,,10,90,1.063745,-0.441997,1.536550,1.503229,0.624607,2.171372,4.537923,3.898481,11.495903,25.471628,17.968306,54.919498,0,,,,,,,,,,,,,,,,,,
epoch,1657065640.728526,UNSAFE,24.846140,76.136394,10.000000,20.000000,-56.136394,24.846140,22.242811,76.136394,23.341020,5.451310,5.162324,41,4,12.672136,5.756837,41,0,0,1000000000.000000,1,7,0,3.153448,H_LEVEL(1),,,,,,,,,,,,,,,,GNSS,GNSS,GNSS,1,24.846140,76.136394,24.846140,22.242811,76.136394,23.341020,5.451310,5.162324,41,0,3.294379,3.141697,3.153448,3.294379
worst_hyp,1657065640.728526,UNSAFE,,,,,,,,,,,,,,,,,,,,,,,,,,,10,90,0.438141,-0.182057,0.632873,1.503239,0.624629,2.171354,4.537941,3.898481,11.495940,24.846140,17.708481,54.015864,0,,,,,,,,,,,,,,,,,,
epoch,1657065640.828527,UNSAFE,25.370574,69.900574,10.000000,20.000000,-49.900574,25.370574,21.542687,69.900574,23.341108,5.451310,5.162324,41,4,12.672177,5.756847,41,0,0,1000000000.000000,1,7,0,3.153776,H_LEVEL(1),,,,,,,,,,,,,,,,GNSS,GNSS,GNSS,1,25.370574,69.900574,25.370574,21.542687,69.900574,23.341108,5.451310,5.162324,41,0,3.298209,3.141398,3.153776,3.298209
worst_hyp,1657065640.828527,UNSAFE,,,,,,,,,,,,,,,,,,,,,,,,,,,6,21,-2.083975,-1.330447,1.440230,1.325591,0.846281,0.916113,4.482244,3.940071,11.326166,25.370574,20.153684,47.720436,0,,,,,,,,,,,,,,,,,,
epoch,1657065640.928519,UNSAFE,24.438108,71.757887,10.000000,20.000000,-51.757887,24.438108,21.167329,71.757887,23.341195,5.451310,5.162324,41,4,12.672218,5.756857,41,0,0,1000000000.000000,1,7,0,3.156760,H_LEVEL(1),,,,,,,,,,,,,,,,GNSS,GNSS,GNSS,1,24.438108,71.757887,24.438108,21.167329,71.757887,23.341195,5.451310,5.162324,41,0,3.301839,3.144512,3.156760,3.301839
worst_hyp,1657065640.928519,UNSAFE,,,,,,,,,,,,,,,,,,,,,,,,,,,10,90,-0.029876,0.012415,-0.043154,1.503258,0.624674,2.171318,4.537978,3.898481,11.496013,24.438108,17.539069,53.426231,0,,,,,,,,,,,,,,,,,,
epoch,1657065641.028502,UNSAFE,25.005179,70.934307,10.000000,20.000000,-50.934307,25.005179,21.990821,70.934307,23.341282,5.451310,5.162324,41,4,12.672259,5.756866,41,0,0,1000000000.000000,1,7,0,3.157672,H_LEVEL(1),,,,,,,,,,,,,,,,GNSS,GNSS,GNSS,1,25.005179,70.934307,25.005179,21.990821,70.934307,23.341282,5.451310,5.162324,41,0,3.302505,3.145241,3.157672,3.302505
worst_hyp,1657065641.028502,UNSAFE,,,,,,,,,,,,,,,,,,,,,,,,,,,10,90,-0.596830,0.248018,-0.862054,1.503267,0.624696,2.171300,4.537996,3.898482,11.496050,25.005179,17.774787,54.245174,0,,,,,,,,,,,,,,,,,,
epoch,1657065641.128458,UNSAFE,24.576004,70.512246,10.000000,20.000000,-50.512246,24.576004,21.962666,70.512246,23.341369,5.451310,5.162324,41,4,12.672300,5.756876,41,0,0,1000000000.000000,1,7,0,3.160253,H_LEVEL(1),,,,,,,,,,,,,,,,GNSS,GNSS,GNSS,1,24.576004,70.512246,24.576004,21.962666,70.512246,23.341369,5.451310,5.162324,41,0,3.305493,3.147952,3.160253,3.305493
worst_hyp,1657065641.128458,UNSAFE,,,,,,,,,,,,,,,,,,,,,,,,,,,10,90,-0.167539,0.069624,-0.241988,1.503277,0.624718,2.171282,4.538014,3.898482,11.496087,24.576004,17.596508,53.625151,0,,,,,,,,,,,,,,,,,,
epoch,1657065641.228460,UNSAFE,24.717775,79.897022,10.000000,20.000000,-59.897022,24.717775,21.981557,79.897022,23.341457,5.451310,5.162324,40,4,12.672341,5.756885,41,0,0,1000000000.000000,1,7,0,3.162623,H_LEVEL(1),,,,,,,,,,,,,,,,GNSS,GNSS,GNSS,1,24.717775,79.897022,24.717775,21.981557,79.897022,23.341457,5.451310,5.162324,41,0,3.308119,3.150389,3.162623,3.308119
worst_hyp,1657065641.228460,UNSAFE,,,,,,,,,,,,,,,,,,,,,,,,,,,10,90,0.309194,-0.128496,0.446582,1.503286,0.624740,2.171264,4.538032,3.898482,11.496124,24.717775,17.655495,53.829788,0,,,,,,,,,,,,,,,,,,
epoch,1657065641.328538,UNSAFE,24.457606,73.858615,10.000000,20.000000,-53.858615,24.457606,21.515027,73.858615,23.341544,5.451310,5.162324,41,4,12.672382,5.756895,41,0,0,1000000000.000000,1,7,0,3.164889,H_LEVEL(1),,,,,,,,,,,,,,,,GNSS,GNSS,GNSS,1,24.457606,73.858615,24.457606,21.515027,73.858615,23.341544,5.451310,5.162324,41,0,3.308146,3.152571,3.164889,3.308146
worst_hyp,1657065641.328538,UNSAFE,,,,,,,,,,,,,,,,,,,,,,,,,,,10,90,-0.048908,0.020326,-0.070639,1.503296,0.624762,2.171246,4.538051,3.898482,11.496161,24.457606,17.547440,53.453888,0,,,,,,,,,,,,,,,,,,
epoch,1657065641.428512,UNSAFE,25.774203,68.893453,10.000000,20.000000,-48.893453,25.774203,21.426487,68.893453,23.341631,5.451310,5.162324,41,4,12.672422,5.756905,41,0,0,1000000000.000000,1,7,0,3.165658,H_LEVEL(1),,,,,,,,,,,,,,,,GNSS,GNSS,GNSS,1,25.774203,68.893453,25.774203,21.426487,68.893453,23.341631,5.451310,5.162324,41,0,3.308595,3.153167,3.165658,3.308595
worst_hyp,1657065641.428512,UNSAFE,,,,,,,,,,,,,,,,,,,,,,,,,,,6,21,-2.486966,-1.587908,1.720222,1.325640,0.846410,0.916938,4.482350,3.940079,11.326478,25.774203,20.411840,48.005832,0,,,,,,,,,,,,,,,,,,
epoch,1657065641.528510,UNSAFE,25.995870,70.139548,10.000000,20.000000,-50.139548,25.995870,22.319960,70.139548,23.341719,5.451310,5.162324,41,4,12.672463,5.756914,41,0,0,1000000000.000000,1,7,0,3.165170,H_LEVEL(1),,,,,,,,,,,,,,,,GNSS,GNSS,GNSS,1,25.995870,70.139548,25.995870,22.319960,70.139548,23.341719,5.451310,5.162324,41,0,3.310049,3.152883,3.165170,3.310049
worst_hyp,1657065641.528510,UNSAFE,,,,,,,,,,,,,,,,,,,,,,,,,,,10,90,-1.586940,0.659563,-2.291988,1.503315,0.624807,2.171210,4.538087,3.898482,11.496235,25.995870,18.186907,55.675323,0,,,,,,,,,,,,,,,,,,
epoch,1657065641.628465,UNSAFE,25.611183,72.248215,10.000000,20.000000,-52.248215,25.611183,22.263806,72.248215,23.341806,5.451310,5.162324,41,4,12.672504,5.756924,41,0,0,1000000000.000000,1,7,0,3.161819,H_LEVEL(1),,,,,,,,,,,,,,,,GNSS,GNSS,GNSS,1,25.611183,72.248215,25.611183,22.263806,72.248215,23.341806,5.451310,5.162324,41,0,3.308156,3.149450,3.161819,3.308156
worst_hyp,1657065641.628465,UNSAFE,,,,,,,,,,,,,,,,,,,,,,,,,,,10,90,-1.202136,0.499645,-1.736198,1.503325,0.624829,2.171192,4.538106,3.898483,11.496272,25.611183,18.027105,55.119576,0,,,,,,,,,,,,,,,,,,
epoch,1657065641.728524,UNSAFE,25.015756,79.823701,10.000000,20.000000,-59.823701,25.015756,24.069097,79.823701,23.341893,5.451310,5.162324,40,4,12.672545,5.756934,41,0,0,1000000000.000000,1,7,0,3.162732,H_LEVEL(1),,,,,,,,,,,,,,,,GNSS,GNSS,GNSS,1,25.015756,79.823701,25.015756,24.069097,79.823701,23.341893,5.451310,5.162324,41,0,3.304452,3.150095,3.162732,3.304452
worst_hyp,1657065641.728524,UNSAFE,,,,,,,,,,,,,,,,,,,,,,,,,,,10,90,0.606593,-0.252126,0.876066,1.503334,0.624851,2.171174,4.538124,3.898483,11.496309,25.015756,17.779701,54.259487,0,,,,,,,,,,,,,,,,,,
epoch,1657065641.828515,UNSAFE,25.846092,78.867803,10.000000,20.000000,-58.867803,25.846092,21.598449,78.867803,23.341981,5.451310,5.162324,41,4,12.672587,5.756943,41,0,0,1000000000.000000,1,7,0,3.162242,H_LEVEL(1),,,,,,,,,,,,,,,,GNSS,GNSS,GNSS,1,25.846092,78.867803,25.846092,21.598449,78.867803,23.341981,5.451310,5.162324,41,0,3.305474,3.150293,3.162242,3.305474
worst_hyp,1657065641.828515,UNSAFE,,,,,,,,,,,,,,,,,,,,,,,,,,,10,90,-1.436813,0.597219,-2.075071,1.503344,0.624873,2.171156,4.538142,3.898483,11.496346,25.846092,18.124909,55.458536,0,,,,,,,,,,,,,,,,,,
epoch,1657065641.928466,UNSAFE,27.345789,74.474393,10.000000,20.000000,-54.474393,27.345789,21.605845,74.474393,23.342068,5.451310,5.162324,41,4,12.672628,5.756953,41,0,0,1000000000.000000,1,7,0,3.164218,H_LEVEL(1),,,,,,,,,,,,,,,,GNSS,GNSS,GNSS,1,27.345789,74.474393,27.345789,21.605845,74.474393,23.342068,5.451310,5.162324,41,0,3.306432,3.152263,3.164218,3.306432
worst_hyp,1657065641.928466,UNSAFE,,,,,,,,,,,,,,,,,,,,,,,,,,,10,90,-2.936394,1.220564,-4.240732,1.503353,0.624895,2.171138,4.538160,3.898483,11.496383,27.345789,18.748368,57.624240,0,,,,,,,,,,,,,,,,,,
epoch,1657065642.028515,UNSAFE,25.588075,74.835850,10.000000,20.000000,-54.835850,25.588075,21.917235,74.835850,23.342155,5.451310,5.162324,41,4,12.672669,5.756963,41,0,0,1000000000.000000,1,7,0,3.165581,H_LEVEL(1),,,,,,,,,,,,,,,,GNSS,GNSS,GNSS,1,25.588075,74.835850,25.588075,21.917235,74.835850,23.342155,5.451310,5.162324,41,0,3.304401,3.153643,3.165581,3.304401
worst_hyp,1657065642.028515,UNSAFE,,,,,,,,,,,,,,,,,,,,,,,,,,,10,90,1.178563,-0.489905,1.702052,1.503363,0.624917,2.171121,4.538179,3.898483,11.496420,25.588075,18.017825,55.085604,0,,,,,,,,,,,,,,,,,,
epoch,1657065642.128462,UNSAFE,26.657082,71.709282,10.000000,20.000000,-51.709282,26.657082,21.969432,71.709282,23.342243,5.451310,5.162324,41,4,12.672710,5.756972,41,0,0,1000000000.000000,1,7,0,3.167312,H_LEVEL(1),,,,,,,,,,,,,,,,GNSS,GNSS,GNSS,1,26.657082,71.709282,26.657082,21.969432,71.709282,23.342243,5.451310,5.162324,41,0,3.306690,3.155415,3.167312,3.306690
worst_hyp,1657065642.128462,UNSAFE,,,,,,,,,,,,,,,,,,,,,,,,,,,10,90,-2.247454,0.934248,-3.245672,1.503372,0.624940,2.171103,4.538197,3.898484,11.496457,26.657082,18.462283,56.629267,0,,,,,,,,,,,,,,,,,,
epoch,1657065642.228512,UNSAFE,24.451110,69.106594,10.000000,20.000000,-49.106594,24.451110,21.230837,69.106594,23.342330,5.451310,5.162324,41,4,12.672751,5.756982,41,0,0,1000000000.000000,1,7,0,3.168955,H_LEVEL(1),,,,,,,,,,,,,,,,GNSS,GNSS,GNSS,1,24.451110,69.106594,24.451110,21.230837,69.106594,23.342330,5.451310,5.162324,41,0,3.306026,3.157105,3.168955,3.306026
worst_hyp,1657065642.228512,UNSAFE,,,,,,,,,,,,,,,,,,,,,,,,,,,10,90,0.041365,-0.017196,0.059736,1.503382,0.624962,2.171085,4.538215,3.898484,11.496494,24.451110,17.545345,53.443375,0,,,,,,,,,,,,,,,,,,
epoch,1657065642.328536,UNSAFE,25.473508,78.811961,10.000000,20.000000,-58.811961,25.473508,22.672873,78.811961,23.342417,5.451310,5.162324,41,4,12.672792,5.756991,41,0,0,1000000000.000000,1,7,0,3.171829,H_LEVEL(1),,,,,,,,,,,,,,,,GNSS,GNSS,GNSS,1,25.473508,78.811961,25.473508,22.672873,78.811961,23.342417,5.451310,5.162324,41,0,3.303307,3.159891,3.171829,3.303307
worst_hyp,1657065642.328536,UNSAFE,,,,,,,,,,,,,,,,,,,,,,,,,,,10,90,-1.063647,0.442175,-1.536026,1.503391,0.624984,2.171067,4.538234,3.898484,11.496531,25.473508,17.970440,54.919708,0,,,,,,,,,,,,,,,,,,
epoch,1657065642.428457,UNSAFE,24.601161,71.628602,10.000000,20.000000,-51.628602,24.601161,21.390512,71.628602,23.342505,5.451310,5.162324,41,4,12.672833,5.757001,41,0,0,1000000000.000000,1,7,0,3.173439,H_LEVEL(1),,,,,,,,,,,,,,,,GNSS,GNSS,GNSS,1,24.601161,71.628602,24.601161,21.390512,71.628602,23.342505,5.451310,5.162324,41,0,3.302563,3.161557,3.173439,3.302563
worst_hyp,1657065642.428457,UNSAFE,,,,,,,,,,,,,,,,,,,,,,,,,,,10,90,0.191183,-0.079480,0.276086,1.503401,0.625006,2.171049,4.538252,3.898484,11.496568,24.601161,17.607860,53.659811,0,,,,,,,,,,,,,,,,,,
epoch,1657065642.528471,UNSAFE,24.523084,73.604862,10.000000,20.000000,-53.604862,24.523084,21.545629,73.604862,23.342592,5.451310,5.162324,41,4,12.672874,5.757011,41,0,0,1000000000.000000,1,7,0,3.175755,H_LEVEL(1),,,,,,,,,,,,,,,,GNSS,GNSS,GNSS,1,24.523084,73.604862,24.523084,21.545629,73.604862,23.342592,5.451310,5.162324,41,0,3.304191,3.163835,3.175755,3.304191
worst_hyp,1657065642.528471,UNSAFE,,,,,,,,,,,,,,,,,,,,,,,,,,,10,90,-0.112991,0.046975,-0.163166,1.503410,0.625028,2.171031,4.538270,3.898484,11.496605,24.523084,17.575470,53.546935,0,,,,,,,,,,,,,,,,,,
epoch,1657065642.628468,UNSAFE,24.857127,75.893017,10.000000,20.000000,-55.893017,24.857127,21.401449,75.893017,23.342679,5.451310,5.162324,41,4,12.672915,5.757020,41,0,0,1000000000.000000,1,7,0,3.177915,H_LEVEL(1),,,,,,,,,,,,,,,,GNSS,GNSS,GNSS,1,24.857127,75.893017,24.857127,21.401449,75.893017,23.342679,5.451310,5.162324,41,0,3.305870,3.165963,3.177915,3.305870
worst_hyp,1657065642.628468,UNSAFE,,,,,,,,,,,,,,,,,,,,,,,,,,,7,30,-2.007531,-0.241084,-2.140496,1.255180,0.150734,1.338315,4.462204,3.851002,11.368842,24.857127,15.146926,50.756805,0,,,,,,,,,,,,,,,,,,
epoch,1657065642.728529,UNSAFE,24.463867,69.274306,10.000000,20.000000,-49.274306,24.463867,22.500203,69.274306,23.342767,5.451310,5.162324,41,4,12.672956,5.757030,41,0,0,1000000000.000000,1,7,0,3.178121,H_LEVEL(1),,,,,,,,,,,,,,,,GNSS,GNSS,GNSS,1,24.463867,69.274306,24.463867,22.500203,69.274306,23.342767,5.451310,5.162324,41,0,3.306126,3.166292,3.178121,3.306126
worst_hyp,1657065642.728529,UNSAFE,,,,,,,,,,,,,,,,,,,,,,,,,,,10,90,-0.053540,0.022260,-0.077314,1.503430,0.625073,2.170995,4.538307,3.898485,11.496680,24.463867,17.550986,53.461170,0,,,,,,,,,,,,,,,,,,
epoch,1657065642.828488,UNSAFE,24.758944,69.990563,10.000000,20.000000,-49.990563,24.758944,21.562445,69.990563,23.342854,5.451310,5.162324,41,4,12.672997,5.757040,41,0,0,1000000000.000000,1,7,0,3.177403,H_LEVEL(1),,,,,,,,,,,,,,,,GNSS,GNSS,GNSS,1,24.758944,69.990563,24.758944,21.562445,69.990563,23.342854,5.451310,5.162324,41,0,3.305323,3.165556,3.177403,3.305323
worst_hyp,1657065642.828488,UNSAFE,,,,,,,,,,,,,,,,,,,,,,,,,,,10,90,-0.348501,0.144899,-0.503239,1.503439,0.625095,2.170977,4.538325,3.898485,11.496717,24.758944,17.673739,53.887138,0,,,,,,,,,,,,,,,,,,
epoch,1657065642.928514,UNSAFE,25.030830,70.218411,10.000000,20.000000,-50.218411,25.030830,21.735680,70.218411,23.342942,5.451310,5.162324,41,4,12.673038,5.757049,41,0,0,1000000000.000000,1,7,0,3.175598,H_LEVEL(1),,,,,,,,,,,,,,,,GNSS,GNSS,GNSS,1,25.030830,70.218411,25.030830,21.735680,70.218411,23.342942,5.451310,5.162324,41,0,3.307025,3.163610,3.175598,3.307025
worst_hyp,1657065642.928514,UNSAFE,,,,,,,,,,,,,,,,,,,,,,,,,,,10,90,0.620271,-0.257902,0.895663,1.503449,0.625117,2.170959,4.538343,3.898485,11.496754,25.030830,17.786857,54.279607,0,,,,,,,,,,,,,,,,,,
epoch,1657065643.028516,UNSAFE,25.584165,71.089455,10.000000,20.000000,-51.089455,25.584165,21.377914,71.089455,23.343029,5.451310,5.162324,41,4,12.673079,5.757059,41,0,0,1000000000.000000,1,7,0,3.173502,H_LEVEL(1),,,,,,,,,,,,,,,,GNSS,GNSS,GNSS,1,25.584165,71.089455,25.584165,21.377914,71.089455,23.343029,5.451310,5.162324,41,0,3.310123,3.161606,3.173502,3.310123
worst_hyp,1657065643.028516,UNSAFE,,,,,,,,,,,,,,,,,,,,,,,,,,,10,90,-1.173489,0.487938,-1.694478,1.503458,0.625139,2.170942,4.538362,3.898485,11.496791,25.584165,18.017008,55.078465,0,,,,,,,,,,,,,,,,,,
epoch,1657065643.128458,UNSAFE,25.869457,76.569781,10.000000,20.000000,-56.569781,25.869457,21.267473,76.569781,23.343116,5.451310,5.162324,41,4,12.673120,5.757069,41,0,0,1000000000.000000,1,7,0,3.175002,H_LEVEL(1),,,,,,,,,,,,,,,,GNSS,GNSS,GNSS,1,25.869457,76.569781,25.869457,21.267473,76.569781,23.343116,5.451310,5.162324,41,0,3.315739,3.162749,3.175002,3.315739
worst_hyp,1657065643.128458,UNSAFE,,,,,,,,,,,,,,,,,,,,,,,,,,,10,90,1.458665,-0.606531,2.106231,1.503468,0.625161,2.170924,4.538380,3.898485,11.496828,25.869457,18.135717,55.490262,0,,,,,,,,,,,,,,,,,,
epoch,1657065643.228521,UNSAFE,24.920037,69.261323,10.000000,20.000000,-49.261323,24.920037,21.294851,69.261323,23.343204,5.451310,5.162324,41,4,12.673162,5.757078,41,0,0,1000000000.000000,1,7,0,3.178225,H_LEVEL(1),,,,,,,,,,,,,,,,GNSS,GNSS,GNSS,1,24.920037,69.261323,24.920037,21.294851,69.261323,23.343204,5.451310,5.162324,41,0,3.319572,3.166010,3.178225,3.319572
worst_hyp,1657065643.228521,UNSAFE,,,,,,,,,,,,,,,,,,,,,,,,,,,10,90,-0.509129,0.211709,-0.735143,1.503477,0.625183,2.170906,4.538398,3.898486,11.496865,24.920037,17.741010,54.119219,0,,,,,,,,,,,,,,,,,,
epoch,1657065643.328534,UNSAFE,24.758403,76.006724,10.000000,20.000000,-56.006724,24.758403,21.965465,76.006724,23.343291,5.451310,5.162324,41,4,12.673203,5.757088,41,0,0,1000000000.000000,1,7,0,3.179353,H_LEVEL(1),,,,,,,,,,,,,,,,GNSS,GNSS,GNSS,1,24.758403,76.006724,24.758403,21.965465,76.006724,23.343291,5.451310,5.162324,41,0,3.321362,3.167024,3.179353,3.321362
worst_hyp,1657065643.328534,UNSAFE,,,,,,,,,,,,,,,,,,,,,,,,,,,10,90,-0.347378,0.144453,-0.501580,1.503487,0.625205,2.170888,4.538416,3.898486,11.496902,24.758403,17.673869,53.885699,0,,,,,,,,,,,,,,,,,,
epoch,1657065643.428542,UNSAFE,26.422336,69.666418,10.000000,20.000000,-49.666418,26.422336,22.531663,69.666418,23.343379,5.451310,5.162324,41,4,12.673244,5.757098,41,0,0,1000000000.000000,1,7,0,3.181015,H_LEVEL(1),,,,,,,,,,,,,,,,GNSS,GNSS,GNSS,1,26.422336,69.666418,26.422336,22.531663,69.666418,23.343379,5.451310,5.162324,41,0,3.323203,3.168673,3.181015,3.323203
worst_hyp,1657065643.428542,UNSAFE,,,,,,,,,,,,,,,,,,,,,,,,,,,10,90,-2.011195,0.836354,-2.903926,1.503496,0.625228,2.170870,4.538435,3.898486,11.496939,26.422336,18.365885,56.288089,0,,,,,,,,,,,,,,,,,,
epoch,1657065643.528533,UNSAFE,24.637467,71.504736,10.000000,20.000000,-51.504736,24.637467,21.289803,71.504736,23.343466,5.451310,5.162324,41,4,12.673285,5.757107,41,0,0,1000000000.000000,1,7,0,3.181472,H_LEVEL(1),,,,,,,,,,,,,,,,GNSS,GNSS,GNSS,1,24.637467,71.504736,24.637467,21.289803,71.504736,23.343466,5.451310,5.162324,41,0,3.325751,3.169195,3.181472,3.325751
worst_hyp,1657065643.528533,UNSAFE,,,,,,,,,,,,,,,,,,,,,,,,,,,10,90,0.226209,-0.094072,0.326614,1.503506,0.625250,2.170852,4.538453,3.898486,11.496977,24.637467,17.623718,53.710822,0,,,,,,,,,,,,,,,,,,
epoch,1657065643.628483,UNSAFE,25.116273,71.096226,10.000000,20.000000,-51.096226,25.116273,22.586220,71.096226,23.343553,5.451310,5.162324,41,4,12.673326,5.757117,41,0,0,1000000000.000000,1,7,0,3.180437,H_LEVEL(1),,,,,,,,,,,,,,,,GNSS,GNSS,GNSS,1,25.116273,71.096226,25.116273,22.586220,71.096226,23.343553,5.451310,5.162324,41,0,3.326615,3.168191,3.180437,3.326615
worst_hyp,1657065643.628483,UNSAFE,,,,,,,,,,,,,,,,,,,,,,,,,,,10,90,0.704899,-0.293149,1.017761,1.503515,0.625272,2.170834,4.538471,3.898486,11.497014,25.116273,17.822910,54.402012,0,,,,,,,,,,,,,,,,,,
epoch,1657065643.728472,UNSAFE,25.995359,68.942407,10.000000,20.000000,-48.942407,25.995359,21.153365,68.942407,23.343641,5.451310,5.162324,41,4,12.673367,5.757126,41,0,0,1000000000.000000,1,7,0,3.178422,H_LEVEL(1),,,,,,,,,,,,,,,,GNSS,GNSS,GNSS,1,25.995359,68.942407,25.995359,21.153365,68.942407,23.343641,5.451310,5.162324,41,0,3.322817,3.166462,3.178422,3.322817
worst_hyp,1657065643.728472,UNSAFE,,,,,,,,,,,,,,,,,,,,,,,,,,,10,90,1.583869,-0.658708,2.286818,1.503525,0.625294,2.170816,4.538490,3.898487,11.497051,25.995359,18.188584,55.671113,0,,,,,,,,,,,,,,,,,,
epoch,1657065643.828520,UNSAFE,25.736023,73.587792,10.000000,20.000000,-53.587792,25.736023,21.792975,73.587792,23.343728,5.451310,5.162324,41,4,12.673409,5.757136,41,0,0,1000000000.000000,1,7,0,3.180368,H_LEVEL(1),,,,,,,,,,,,,,,,GNSS,GNSS,GNSS,1,25.736023,73.587792,25.736023,21.792975,73.587792,23.343728,5.451310,5.162324,41,0,3.322753,3.168428,3.180368,3.322753
worst_hyp,1657065643.828520,UNSAFE,,,,,,,,,,,,,,,,,,,,,,,,,,,10,90,-1.324417,0.550822,-1.912189,1.503535,0.625316,2.170799,4.538508,3.898487,11.497088,25.736023,18.080813,55.296528,0,,,,,,,,,,,,,,,,,,
epoch,1657065643.928514,UNSAFE,24.690871,73.936631,10.000000,20.000000,-53.936631,24.690871,22.525648,73.936631,23.343816,5.451310,5.162324,41,4,12.673450,5.757146,41,0,0,1000000000.000000,1,7,0,3.181759,H_LEVEL(1),,,,,,,,,,,,,,,,GNSS,GNSS,GNSS,1,24.690871,73.936631,24.690871,22.525648,73.936631,23.343816,5.451310,5.162324,41,0,3.321955,3.169944,3.181759,3.321955
worst_hyp,1657065643.928514,UNSAFE,,,,,,,,,,,,,,,,,,,,,,,,,,,10,90,0.279149,-0.116101,0.403028,1.503544,0.625338,2.170781,4.538526,3.898487,11.497125,24.690871,17.646207,53.787412,0,,,,,,,,,,,,,,,,,,
epoch,1657065644.028491,UNSAFE,24.950105,72.602981,10.000000,20.000000,-52.602981,24.950105,21.356871,72.602981,23.343903,5.451310,5.162324,41,4,12.673491,5.757155,41,0,0,1000000000.000000,1,7,0,3.182863,H_LEVEL(1),,,,,,,,,,,,,,,,GNSS,GNSS,GNSS,1,24.950105,72.602981,24.950105,21.356871,72.602981,23.343903,5.451310,5.162324,41,0,3.321062,3.170991,3.182863,3.321062
worst_hyp,1657065644.028491,UNSAFE,,,,,,,,,,,,,,,,,,,,,,,,,,,10,90,0.538266,-0.223877,0.777124,1.503554,0.625361,2.170763,4.538544,3.898487,11.497162,24.950105,17.754098,54.161552,0,,,,,,,,,,,,,,,,,,
epoch,1657065644.128462,UNSAFE,25.151335,73.911638,10.000000,20.000000,-53.911638,25.151335,21.472073,73.911638,23.343990,5.451310,5.162324,41,4,12.673532,5.757165,41,0,0,1000000000.000000,1,7,0,3.183907,H_LEVEL(1),,,,,,,,,,,,,,,,GNSS,GNSS,GNSS,1,25.151335,73.911638,25.151335,21.472073,73.911638,23.343990,5.451310,5.162324,41,0,3.321589,3.172110,3.183907,3.321589
worst_hyp,1657065644.128462,UNSAFE,,,,,,,,,,,,,,,,,,,,,,,,,,,10,90,-0.739379,0.307533,-1.067467,1.503563,0.625383,2.170745,4.538563,3.898487,11.497200,25.151335,17.837870,54.451940,0,,,,,,,,,,,,,,,,,,
epoch,1657065644.228456,UNSAFE,24.450551,76.078115,10.000000,20.000000,-56.078115,24.450551,21.925833,76.078115,23.344078,5.451310,5.162324,41,4,12.673573,5.757175,41,0,0,1000000000.000000,1,7,0,3.185113,H_LEVEL(1),,,,,,,,,,,,,,,,GNSS,GNSS,GNSS,1,24.450551,76.078115,24.450551,21.925833,76.078115,23.344078,5.451310,5.162324,41,0,3.321863,3.173361,3.185113,3.321863
worst_hyp,1657065644.228456,UNSAFE,,,,,,,,,,,,,,,,,,,,,,,,,,,10,90,-0.038480,0.016006,-0.055554,1.503573,0.625405,2.170727,4.538581,3.898488,11.497237,24.450551,17.546457,53.440071,0,,,,,,,,,,,,,,,,,,
epoch,1657065644.328562,UNSAFE,25.935146,69.887022,10.000000,20.000000,-49.887022,25.935146,21.321257,69.887022,23.344165,5.451310,5.162324,41,4,12.673615,5.757184,41,0,0,1000000000.000000,1,7,0,3.186764,H_LEVEL(1),,,,,,,,,,,,,,,,GNSS,GNSS,GNSS,1,25.935146,69.887022,25.935146,21.321257,69.887022,23.344165,5.451310,5.162324,41,0,3.322033,3.175075,3.186764,3.322033
worst_hyp,1657065644.328562,UNSAFE,,,,,,,,,,,,,,,,,,,,,,,,,,,10,90,1.522958,-0.633487,2.198682,1.503582,0.625427,2.170709,4.538599,3.898488,11.497274,25.935146,18.164054,55.583243,0,,,,,,,,,,,,,,,,,,
