{
  "allowed_prefixes": [
    "/home/dev/ws_iap/src/iap/results/icra27/icra031/install",
    "/home/dev/ws_iap/src/iap/results/icra27/icra026/install_ego",
    "/home/dev/ws_iap/src/iap/results/icra27/icra026/install_bspline_opt",
    "/home/dev/ws_iap/src/iap/results/icra27/icra026/install_path_searching",
    "/home/dev/ws_iap/src/iap/results/icra27/icra026/install_plan_env"
  ],
  "demo_iap_total": 0,
  "expected_iap": "/home/dev/ws_iap/src/iap/results/icra27/icra031/install/lib/libiap.so",
  "expected_plan_env": "/home/dev/ws_iap/src/iap/results/icra27/icra026/install_plan_env/lib/libplan_env.so",
  "failures": [],
  "iap_total": 7,
  "manager_iap_total": 1,
  "plan_env_total": 3,
  "ready": true,
  "records": {
    "demo11": [
      {
        "library": "librclcpp.so",
        "line": "\tlibrclcpp.so => /opt/ros/jazzy/lib/librclcpp.so (0x0000725a6b52c000)",
        "path": "/opt/ros/jazzy/lib/librclcpp.so"
      },
      {
        "library": "libnav_msgs__rosidl_typesupport_cpp.so",
        "line": "\tlibnav_msgs__rosidl_typesupport_cpp.so => /opt/ros/jazzy/lib/libnav_msgs__rosidl_typesupport_cpp.so (0x0000725a6b51f000)",
        "path": "/opt/ros/jazzy/lib/libnav_msgs__rosidl_typesupport_cpp.so"
      },
      {
        "library": "liblibstatistics_collector.so",
        "line": "\tliblibstatistics_collector.so => /opt/ros/jazzy/lib/liblibstatistics_collector.so (0x0000725a6b515000)",
        "path": "/opt/ros/jazzy/lib/liblibstatistics_collector.so"
      },
      {
        "library": "librcl.so",
        "line": "\tlibrcl.so => /opt/ros/jazzy/lib/librcl.so (0x0000725a6b4ce000)",
        "path": "/opt/ros/jazzy/lib/librcl.so"
      },
      {
        "library": "libstatistics_msgs__rosidl_typesupport_cpp.so",
        "line": "\tlibstatistics_msgs__rosidl_typesupport_cpp.so => /opt/ros/jazzy/lib/libstatistics_msgs__rosidl_typesupport_cpp.so (0x0000725a6b4c8000)",
        "path": "/opt/ros/jazzy/lib/libstatistics_msgs__rosidl_typesupport_cpp.so"
      },
      {
        "library": "libtracetools.so",
        "line": "\tlibtracetools.so => /opt/ros/jazzy/lib/libtracetools.so (0x0000725a6b4ae000)",
        "path": "/opt/ros/jazzy/lib/libtracetools.so"
      },
      {
        "library": "librmw.so",
        "line": "\tlibrmw.so => /opt/ros/jazzy/lib/librmw.so (0x0000725a6b4a3000)",
        "path": "/opt/ros/jazzy/lib/librmw.so"
      },
      {
        "library": "libsensor_msgs__rosidl_typesupport_cpp.so",
        "line": "\tlibsensor_msgs__rosidl_typesupport_cpp.so => /opt/ros/jazzy/lib/libsensor_msgs__rosidl_typesupport_cpp.so (0x0000725a6b492000)",
        "path": "/opt/ros/jazzy/lib/libsensor_msgs__rosidl_typesupport_cpp.so"
      },
      {
        "library": "librcutils.so",
        "line": "\tlibrcutils.so => /opt/ros/jazzy/lib/librcutils.so (0x0000725a6b472000)",
        "path": "/opt/ros/jazzy/lib/librcutils.so"
      },
      {
        "library": "libstdc++.so.6",
        "line": "\tlibstdc++.so.6 => /usr/lib/x86_64-linux-gnu/libstdc++.so.6 (0x0000725a6b1d6000)",
        "path": "/usr/lib/x86_64-linux-gnu/libstdc++.so.6.0.33"
      },
      {
        "library": "libm.so.6",
        "line": "\tlibm.so.6 => /usr/lib/x86_64-linux-gnu/libm.so.6 (0x0000725a6b0ed000)",
        "path": "/usr/lib/x86_64-linux-gnu/libm.so.6"
      },
      {
        "library": "libgcc_s.so.1",
        "line": "\tlibgcc_s.so.1 => /usr/lib/x86_64-linux-gnu/libgcc_s.so.1 (0x0000725a6b0bf000)",
        "path": "/usr/lib/x86_64-linux-gnu/libgcc_s.so.1"
      },
      {
        "library": "libc.so.6",
        "line": "\tlibc.so.6 => /usr/lib/x86_64-linux-gnu/libc.so.6 (0x0000725a6aead000)",
        "path": "/usr/lib/x86_64-linux-gnu/libc.so.6"
      },
      {
        "library": "librcl_interfaces__rosidl_typesupport_cpp.so",
        "line": "\tlibrcl_interfaces__rosidl_typesupport_cpp.so => /opt/ros/jazzy/lib/librcl_interfaces__rosidl_typesupport_cpp.so (0x0000725a6ae90000)",
        "path": "/opt/ros/jazzy/lib/librcl_interfaces__rosidl_typesupport_cpp.so"
      },
      {
        "library": "librcl_yaml_param_parser.so",
        "line": "\tlibrcl_yaml_param_parser.so => /opt/ros/jazzy/lib/librcl_yaml_param_parser.so (0x0000725a6ae84000)",
        "path": "/opt/ros/jazzy/lib/librcl_yaml_param_parser.so"
      },
      {
        "library": "librosgraph_msgs__rosidl_typesupport_cpp.so",
        "line": "\tlibrosgraph_msgs__rosidl_typesupport_cpp.so => /opt/ros/jazzy/lib/librosgraph_msgs__rosidl_typesupport_cpp.so (0x0000725a6ae7f000)",
        "path": "/opt/ros/jazzy/lib/librosgraph_msgs__rosidl_typesupport_cpp.so"
      },
      {
        "library": "librcl_logging_interface.so",
        "line": "\tlibrcl_logging_interface.so => /opt/ros/jazzy/lib/librcl_logging_interface.so (0x0000725a6ae7a000)",
        "path": "/opt/ros/jazzy/lib/librcl_logging_interface.so"
      },
      {
        "library": "librmw_implementation.so",
        "line": "\tlibrmw_implementation.so => /opt/ros/jazzy/lib/librmw_implementation.so (0x0000725a6ae6d000)",
        "path": "/opt/ros/jazzy/lib/librmw_implementation.so"
      },
      {
        "library": "libament_index_cpp.so",
        "line": "\tlibament_index_cpp.so => /opt/ros/jazzy/lib/libament_index_cpp.so (0x0000725a6ae5f000)",
        "path": "/opt/ros/jazzy/lib/libament_index_cpp.so"
      },
      {
        "library": "libtype_description_interfaces__rosidl_typesupport_c.so",
        "line": "\tlibtype_description_interfaces__rosidl_typesupport_c.so => /opt/ros/jazzy/lib/libtype_description_interfaces__rosidl_typesupport_c.so (0x0000725a6ae58000)",
        "path": "/opt/ros/jazzy/lib/libtype_description_interfaces__rosidl_typesupport_c.so"
      },
      {
        "library": "librosidl_dynamic_typesupport.so",
        "line": "\tlibrosidl_dynamic_typesupport.so => /opt/ros/jazzy/lib/librosidl_dynamic_typesupport.so (0x0000725a6ae3f000)",
        "path": "/opt/ros/jazzy/lib/librosidl_dynamic_typesupport.so"
      },
      {
        "library": "librosidl_typesupport_introspection_cpp.so",
        "line": "\tlibrosidl_typesupport_introspection_cpp.so => /opt/ros/jazzy/lib/librosidl_typesupport_introspection_cpp.so (0x0000725a6ae3a000)",
        "path": "/opt/ros/jazzy/lib/librosidl_typesupport_introspection_cpp.so"
      },
      {
        "library": "librcpputils.so",
        "line": "\tlibrcpputils.so => /opt/ros/jazzy/lib/librcpputils.so (0x0000725a6ae2b000)",
        "path": "/opt/ros/jazzy/lib/librcpputils.so"
      },
      {
        "library": "librosidl_runtime_c.so",
        "line": "\tlibrosidl_runtime_c.so => /opt/ros/jazzy/lib/librosidl_runtime_c.so (0x0000725a6ae0a000)",
        "path": "/opt/ros/jazzy/lib/librosidl_runtime_c.so"
      },
      {
        "library": "libnav_msgs__rosidl_generator_c.so",
        "line": "\tlibnav_msgs__rosidl_generator_c.so => /opt/ros/jazzy/lib/libnav_msgs__rosidl_generator_c.so (0x0000725a6add7000)",
        "path": "/opt/ros/jazzy/lib/libnav_msgs__rosidl_generator_c.so"
      },
      {
        "library": "librosidl_typesupport_cpp.so",
        "line": "\tlibrosidl_typesupport_cpp.so => /opt/ros/jazzy/lib/librosidl_typesupport_cpp.so (0x0000725a6add1000)",
        "path": "/opt/ros/jazzy/lib/librosidl_typesupport_cpp.so"
      },
      {
        "library": "librcl_logging_spdlog.so",
        "line": "\tlibrcl_logging_spdlog.so => /opt/ros/jazzy/lib/librcl_logging_spdlog.so (0x0000725a6adc7000)",
        "path": "/opt/ros/jazzy/lib/librcl_logging_spdlog.so"
      },
      {
        "library": "librcl_interfaces__rosidl_typesupport_c.so",
        "line": "\tlibrcl_interfaces__rosidl_typesupport_c.so => /opt/ros/jazzy/lib/librcl_interfaces__rosidl_typesupport_c.so (0x0000725a6adb7000)",
        "path": "/opt/ros/jazzy/lib/librcl_interfaces__rosidl_typesupport_c.so"
      },
      {
        "library": "libtype_description_interfaces__rosidl_generator_c.so",
        "line": "\tlibtype_description_interfaces__rosidl_generator_c.so => /opt/ros/jazzy/lib/libtype_description_interfaces__rosidl_generator_c.so (0x0000725a6ad9d000)",
        "path": "/opt/ros/jazzy/lib/libtype_description_interfaces__rosidl_generator_c.so"
      },
      {
        "library": "libyaml-0.so.2",
        "line": "\tlibyaml-0.so.2 => /usr/lib/x86_64-linux-gnu/libyaml-0.so.2 (0x0000725a6ad7c000)",
        "path": "/usr/lib/x86_64-linux-gnu/libyaml-0.so.2.0.9"
      },
      {
        "library": "libstatistics_msgs__rosidl_generator_c.so",
        "line": "\tlibstatistics_msgs__rosidl_generator_c.so => /opt/ros/jazzy/lib/libstatistics_msgs__rosidl_generator_c.so (0x0000725a6ad73000)",
        "path": "/opt/ros/jazzy/lib/libstatistics_msgs__rosidl_generator_c.so"
      },
      {
        "library": "liblttng-ust.so.1",
        "line": "\tliblttng-ust.so.1 => /usr/lib/x86_64-linux-gnu/liblttng-ust.so.1 (0x0000725a6acf0000)",
        "path": "/usr/lib/x86_64-linux-gnu/liblttng-ust.so.1.0.0"
      },
      {
        "library": "libsensor_msgs__rosidl_generator_c.so",
        "line": "\tlibsensor_msgs__rosidl_generator_c.so => /opt/ros/jazzy/lib/libsensor_msgs__rosidl_generator_c.so (0x0000725a6acac000)",
        "path": "/opt/ros/jazzy/lib/libsensor_msgs__rosidl_generator_c.so"
      },
      {
        "library": "librcl_interfaces__rosidl_generator_c.so",
        "line": "\tlibrcl_interfaces__rosidl_generator_c.so => /opt/ros/jazzy/lib/librcl_interfaces__rosidl_generator_c.so (0x0000725a6ac5c000)",
        "path": "/opt/ros/jazzy/lib/librcl_interfaces__rosidl_generator_c.so"
      },
      {
        "library": "librosgraph_msgs__rosidl_generator_c.so",
        "line": "\tlibrosgraph_msgs__rosidl_generator_c.so => /opt/ros/jazzy/lib/librosgraph_msgs__rosidl_generator_c.so (0x0000725a6ac57000)",
        "path": "/opt/ros/jazzy/lib/librosgraph_msgs__rosidl_generator_c.so"
      },
      {
        "library": "librosidl_typesupport_c.so",
        "line": "\tlibrosidl_typesupport_c.so => /opt/ros/jazzy/lib/librosidl_typesupport_c.so (0x0000725a6ac51000)",
        "path": "/opt/ros/jazzy/lib/librosidl_typesupport_c.so"
      },
      {
        "library": "libgeometry_msgs__rosidl_generator_c.so",
        "line": "\tlibgeometry_msgs__rosidl_generator_c.so => /opt/ros/jazzy/lib/libgeometry_msgs__rosidl_generator_c.so (0x0000725a6ac13000)",
        "path": "/opt/ros/jazzy/lib/libgeometry_msgs__rosidl_generator_c.so"
      },
      {
        "library": "libstd_msgs__rosidl_generator_c.so",
        "line": "\tlibstd_msgs__rosidl_generator_c.so => /opt/ros/jazzy/lib/libstd_msgs__rosidl_generator_c.so (0x0000725a6abe2000)",
        "path": "/opt/ros/jazzy/lib/libstd_msgs__rosidl_generator_c.so"
      },
      {
        "library": "libservice_msgs__rosidl_generator_c.so",
        "line": "\tlibservice_msgs__rosidl_generator_c.so => /opt/ros/jazzy/lib/libservice_msgs__rosidl_generator_c.so (0x0000725a6abdb000)",
        "path": "/opt/ros/jazzy/lib/libservice_msgs__rosidl_generator_c.so"
      },
      {
        "library": "libbuiltin_interfaces__rosidl_generator_c.so",
        "line": "\tlibbuiltin_interfaces__rosidl_generator_c.so => /opt/ros/jazzy/lib/libbuiltin_interfaces__rosidl_generator_c.so (0x0000725a6abd4000)",
        "path": "/opt/ros/jazzy/lib/libbuiltin_interfaces__rosidl_generator_c.so"
      },
      {
        "library": "libspdlog.so.1.12",
        "line": "\tlibspdlog.so.1.12 => /usr/lib/x86_64-linux-gnu/libspdlog.so.1.12 (0x0000725a6ab4d000)",
        "path": "/usr/lib/x86_64-linux-gnu/libspdlog.so.1.12.0"
      },
      {
        "library": "libnuma.so.1",
        "line": "\tlibnuma.so.1 => /usr/lib/x86_64-linux-gnu/libnuma.so.1 (0x0000725a6ab3f000)",
        "path": "/usr/lib/x86_64-linux-gnu/libnuma.so.1.0.0"
      },
      {
        "library": "liblttng-ust-common.so.1",
        "line": "\tliblttng-ust-common.so.1 => /usr/lib/x86_64-linux-gnu/liblttng-ust-common.so.1 (0x0000725a6ab32000)",
        "path": "/usr/lib/x86_64-linux-gnu/liblttng-ust-common.so.1.0.0"
      },
      {
        "library": "liblttng-ust-tracepoint.so.1",
        "line": "\tliblttng-ust-tracepoint.so.1 => /usr/lib/x86_64-linux-gnu/liblttng-ust-tracepoint.so.1 (0x0000725a6ab13000)",
        "path": "/usr/lib/x86_64-linux-gnu/liblttng-ust-tracepoint.so.1.0.0"
      },
      {
        "library": "libfmt.so.9",
        "line": "\tlibfmt.so.9 => /usr/lib/x86_64-linux-gnu/libfmt.so.9 (0x0000725a6aaf2000)",
        "path": "/usr/lib/x86_64-linux-gnu/libfmt.so.9.1.0"
      }
    ],
    "direct_consumers": [
      {
        "library": "libiap.so",
        "line": "\tlibiap.so => /home/dev/ws_iap/src/iap/results/icra27/icra031/install/lib/libiap.so (0x000073cc5fc00000)",
        "path": "/home/dev/ws_iap/src/iap/results/icra27/icra031/install/lib/libiap.so"
      },
      {
        "library": "libstdc++.so.6",
        "line": "\tlibstdc++.so.6 => /usr/lib/x86_64-linux-gnu/libstdc++.so.6 (0x000073cc5f982000)",
        "path": "/usr/lib/x86_64-linux-gnu/libstdc++.so.6.0.33"
      },
      {
        "library": "libm.so.6",
        "line": "\tlibm.so.6 => /usr/lib/x86_64-linux-gnu/libm.so.6 (0x000073cc604d0000)",
        "path": "/usr/lib/x86_64-linux-gnu/libm.so.6"
      },
      {
        "library": "libgcc_s.so.1",
        "line": "\tlibgcc_s.so.1 => /usr/lib/x86_64-linux-gnu/libgcc_s.so.1 (0x000073cc604a2000)",
        "path": "/usr/lib/x86_64-linux-gnu/libgcc_s.so.1"
      },
      {
        "library": "libc.so.6",
        "line": "\tlibc.so.6 => /usr/lib/x86_64-linux-gnu/libc.so.6 (0x000073cc5f770000)",
        "path": "/usr/lib/x86_64-linux-gnu/libc.so.6"
      },
      {
        "library": "libgtsam_points.so.1",
        "line": "\tlibgtsam_points.so.1 => /usr/local/lib/libgtsam_points.so.1 (0x000073cc5f47d000)",
        "path": "/usr/local/lib/libgtsam_points.so.1.2.1"
      },
      {
        "library": "libspdlog.so.1.12",
        "line": "\tlibspdlog.so.1.12 => /usr/lib/x86_64-linux-gnu/libspdlog.so.1.12 (0x000073cc6041b000)",
        "path": "/usr/lib/x86_64-linux-gnu/libspdlog.so.1.12.0"
      },
      {
        "library": "libopencv_core.so.406",
        "line": "\tlibopencv_core.so.406 => /usr/lib/x86_64-linux-gnu/libopencv_core.so.406 (0x000073cc5f109000)",
        "path": "/usr/lib/x86_64-linux-gnu/libopencv_core.so.4.6.0"
      },
      {
        "library": "libgnss_comm_lib.so",
        "line": "\tlibgnss_comm_lib.so => /home/dev/ws_iap/install/gnss_comm/lib/libgnss_comm_lib.so (0x000073cc5ec00000)",
        "path": "/home/dev/ws_iap/install/gnss_comm/lib/libgnss_comm_lib.so"
      },
      {
        "library": "libgtsam_points_cuda.so.1",
        "line": "\tlibgtsam_points_cuda.so.1 => /usr/local/lib/libgtsam_points_cuda.so.1 (0x000073cc5e8e9000)",
        "path": "/usr/local/lib/libgtsam_points_cuda.so.1.2.1"
      },
      {
        "library": "libgomp.so.1",
        "line": "\tlibgomp.so.1 => /usr/lib/x86_64-linux-gnu/libgomp.so.1 (0x000073cc5f0b1000)",
        "path": "/usr/lib/x86_64-linux-gnu/libgomp.so.1.0.0"
      },
      {
        "library": "libgtsam.so.4",
        "line": "\tlibgtsam.so.4 => /usr/lib/x86_64-linux-gnu/libgtsam.so.4 (0x000073cc5e3ec000)",
        "path": "/usr/lib/x86_64-linux-gnu/libgtsam.so.4.3a0"
      },
      {
        "library": "libboost_serialization.so.1.83.0",
        "line": "\tlibboost_serialization.so.1.83.0 => /usr/lib/x86_64-linux-gnu/libboost_serialization.so.1.83.0 (0x000073cc5f06e000)",
        "path": "/usr/lib/x86_64-linux-gnu/libboost_serialization.so.1.83.0"
      },
      {
        "library": "libboost_filesystem.so.1.83.0",
        "line": "\tlibboost_filesystem.so.1.83.0 => /usr/lib/x86_64-linux-gnu/libboost_filesystem.so.1.83.0 (0x000073cc5f049000)",
        "path": "/usr/lib/x86_64-linux-gnu/libboost_filesystem.so.1.83.0"
      },
      {
        "library": "libcephes-gtsam.so.1",
        "line": "\tlibcephes-gtsam.so.1 => /usr/lib/x86_64-linux-gnu/libcephes-gtsam.so.1 (0x000073cc5f017000)",
        "path": "/usr/lib/x86_64-linux-gnu/libcephes-gtsam.so.1.0.0"
      },
      {
        "library": "libfmt.so.9",
        "line": "\tlibfmt.so.9 => /usr/lib/x86_64-linux-gnu/libfmt.so.9 (0x000073cc5eff6000)",
        "path": "/usr/lib/x86_64-linux-gnu/libfmt.so.9.1.0"
      },
      {
        "library": "libboost_timer.so.1.83.0",
        "line": "\tlibboost_timer.so.1.83.0 => /usr/lib/x86_64-linux-gnu/libboost_timer.so.1.83.0 (0x000073cc5efef000)",
        "path": "/usr/lib/x86_64-linux-gnu/libboost_timer.so.1.83.0"
      },
      {
        "library": "libz.so.1",
        "line": "\tlibz.so.1 => /usr/lib/x86_64-linux-gnu/libz.so.1 (0x000073cc5efd3000)",
        "path": "/usr/lib/x86_64-linux-gnu/libz.so.1.3"
      },
      {
        "library": "libGLX.so.0",
        "line": "\tlibGLX.so.0 => /usr/lib/x86_64-linux-gnu/libGLX.so.0 (0x000073cc5efa0000)",
        "path": "/usr/lib/x86_64-linux-gnu/libGLX.so.0.0.0"
      },
      {
        "library": "liblapack.so.3",
        "line": "\tliblapack.so.3 => /usr/lib/x86_64-linux-gnu/liblapack.so.3 (0x000073cc5dcfc000)",
        "path": "/usr/lib/x86_64-linux-gnu/lapack/liblapack.so.3.12.0"
      },
      {
        "library": "libblas.so.3",
        "line": "\tlibblas.so.3 => /usr/lib/x86_64-linux-gnu/libblas.so.3 (0x000073cc5dc55000)",
        "path": "/usr/lib/x86_64-linux-gnu/blas/libblas.so.3.12.0"
      },
      {
        "library": "libtbb.so.12",
        "line": "\tlibtbb.so.12 => /usr/lib/x86_64-linux-gnu/libtbb.so.12 (0x000073cc5ef4a000)",
        "path": "/usr/lib/x86_64-linux-gnu/libtbb.so.12.11"
      },
      {
        "library": "libglog.so.1",
        "line": "\tlibglog.so.1 => /usr/lib/x86_64-linux-gnu/libglog.so.1 (0x000073cc5dc1f000)",
        "path": "/usr/lib/x86_64-linux-gnu/libglog.so.0.6.0"
      },
      {
        "library": "libcudart.so.12",
        "line": "\tlibcudart.so.12 => /usr/local/cuda/targets/x86_64-linux/lib/libcudart.so.12 (0x000073cc5d800000)",
        "path": "/usr/local/cuda-12.5/targets/x86_64-linux/lib/libcudart.so.12.5.82"
      },
      {
        "library": "libmetis.so.5",
        "line": "\tlibmetis.so.5 => /usr/lib/x86_64-linux-gnu/libmetis.so.5 (0x000073cc5dbb5000)",
        "path": "/usr/lib/x86_64-linux-gnu/libmetis.so.5.1.0"
      },
      {
        "library": "libGLdispatch.so.0",
        "line": "\tlibGLdispatch.so.0 => /usr/lib/x86_64-linux-gnu/libGLdispatch.so.0 (0x000073cc5dafd000)",
        "path": "/usr/lib/x86_64-linux-gnu/libGLdispatch.so.0.0.0"
      },
      {
        "library": "libX11.so.6",
        "line": "\tlibX11.so.6 => /usr/lib/x86_64-linux-gnu/libX11.so.6 (0x000073cc5d6c3000)",
        "path": "/usr/lib/x86_64-linux-gnu/libX11.so.6.4.0"
      },
      {
        "library": "libgfortran.so.5",
        "line": "\tlibgfortran.so.5 => /usr/lib/x86_64-linux-gnu/libgfortran.so.5 (0x000073cc5d3a5000)",
        "path": "/usr/lib/x86_64-linux-gnu/libgfortran.so.5.0.0"
      },
      {
        "library": "libgflags.so.2.2",
        "line": "\tlibgflags.so.2.2 => /usr/lib/x86_64-linux-gnu/libgflags.so.2.2 (0x000073cc5ef27000)",
        "path": "/usr/lib/x86_64-linux-gnu/libgflags.so.2.2.2"
      },
      {
        "library": "libunwind.so.8",
        "line": "\tlibunwind.so.8 => /usr/lib/x86_64-linux-gnu/libunwind.so.8 (0x000073cc5dae0000)",
        "path": "/usr/lib/x86_64-linux-gnu/libunwind.so.8.0.1"
      },
      {
        "library": "libdl.so.2",
        "line": "\tlibdl.so.2 => /usr/lib/x86_64-linux-gnu/libdl.so.2 (0x000073cc5dadb000)",
        "path": "/usr/lib/x86_64-linux-gnu/libdl.so.2"
      },
      {
        "library": "libpthread.so.0",
        "line": "\tlibpthread.so.0 => /usr/lib/x86_64-linux-gnu/libpthread.so.0 (0x000073cc5dad6000)",
        "path": "/usr/lib/x86_64-linux-gnu/libpthread.so.0"
      },
      {
        "library": "librt.so.1",
        "line": "\tlibrt.so.1 => /usr/lib/x86_64-linux-gnu/librt.so.1 (0x000073cc5dad1000)",
        "path": "/usr/lib/x86_64-linux-gnu/librt.so.1"
      },
      {
        "library": "libxcb.so.1",
        "line": "\tlibxcb.so.1 => /usr/lib/x86_64-linux-gnu/libxcb.so.1 (0x000073cc5d37c000)",
        "path": "/usr/lib/x86_64-linux-gnu/libxcb.so.1.1.0"
      },
      {
        "library": "liblzma.so.5",
        "line": "\tliblzma.so.5 => /usr/lib/x86_64-linux-gnu/liblzma.so.5 (0x000073cc5d34a000)",
        "path": "/usr/lib/x86_64-linux-gnu/liblzma.so.5.4.5"
      },
      {
        "library": "libXau.so.6",
        "line": "\tlibXau.so.6 => /usr/lib/x86_64-linux-gnu/libXau.so.6 (0x000073cc5dac9000)",
        "path": "/usr/lib/x86_64-linux-gnu/libXau.so.6.0.0"
      },
      {
        "library": "libXdmcp.so.6",
        "line": "\tlibXdmcp.so.6 => /usr/lib/x86_64-linux-gnu/libXdmcp.so.6 (0x000073cc5dac1000)",
        "path": "/usr/lib/x86_64-linux-gnu/libXdmcp.so.6.0.0"
      },
      {
        "library": "libbsd.so.0",
        "line": "\tlibbsd.so.0 => /usr/lib/x86_64-linux-gnu/libbsd.so.0 (0x000073cc5d334000)",
        "path": "/usr/lib/x86_64-linux-gnu/libbsd.so.0.12.1"
      },
      {
        "library": "libmd.so.0",
        "line": "\tlibmd.so.0 => /usr/lib/x86_64-linux-gnu/libmd.so.0 (0x000073cc5dab2000)",
        "path": "/usr/lib/x86_64-linux-gnu/libmd.so.0.1.0"
      },
      {
        "library": "libplan_env.so",
        "line": "\tlibplan_env.so => /home/dev/ws_iap/src/iap/results/icra27/icra026/install_plan_env/lib/libplan_env.so (0x000070aba2a00000)",
        "path": "/home/dev/ws_iap/src/iap/results/icra27/icra026/install_plan_env/lib/libplan_env.so"
      },
      {
        "library": "libcv_bridge.so",
        "line": "\tlibcv_bridge.so => /opt/ros/jazzy/lib/libcv_bridge.so (0x000070aba2cd3000)",
        "path": "/opt/ros/jazzy/lib/libcv_bridge.so"
      },
      {
        "library": "librclcpp.so",
        "line": "\tlibrclcpp.so => /opt/ros/jazzy/lib/librclcpp.so (0x000070aba27a2000)",
        "path": "/opt/ros/jazzy/lib/librclcpp.so"
      },
      {
        "library": "libopencv_core.so.406",
        "line": "\tlibopencv_core.so.406 => /usr/lib/x86_64-linux-gnu/libopencv_core.so.406 (0x000070aba242e000)",
        "path": "/usr/lib/x86_64-linux-gnu/libopencv_core.so.4.6.0"
      },
      {
        "library": "libstdc++.so.6",
        "line": "\tlibstdc++.so.6 => /usr/lib/x86_64-linux-gnu/libstdc++.so.6 (0x000070aba21b0000)",
        "path": "/usr/lib/x86_64-linux-gnu/libstdc++.so.6.0.33"
      },
      {
        "library": "libm.so.6",
        "line": "\tlibm.so.6 => /usr/lib/x86_64-linux-gnu/libm.so.6 (0x000070aba20c7000)",
        "path": "/usr/lib/x86_64-linux-gnu/libm.so.6"
      },
      {
        "library": "libgcc_s.so.1",
        "line": "\tlibgcc_s.so.1 => /usr/lib/x86_64-linux-gnu/libgcc_s.so.1 (0x000070aba2c85000)",
        "path": "/usr/lib/x86_64-linux-gnu/libgcc_s.so.1"
      },
      {
        "library": "libc.so.6",
        "line": "\tlibc.so.6 => /usr/lib/x86_64-linux-gnu/libc.so.6 (0x000070aba1eb5000)",
        "path": "/usr/lib/x86_64-linux-gnu/libc.so.6"
      },
      {
        "library": "libvisualization_msgs__rosidl_typesupport_cpp.so",
        "line": "\tlibvisualization_msgs__rosidl_typesupport_cpp.so => /opt/ros/jazzy/lib/libvisualization_msgs__rosidl_typesupport_cpp.so (0x000070aba1ea9000)",
        "path": "/opt/ros/jazzy/lib/libvisualization_msgs__rosidl_typesupport_cpp.so"
      },
      {
        "library": "libnav_msgs__rosidl_typesupport_cpp.so",
        "line": "\tlibnav_msgs__rosidl_typesupport_cpp.so => /opt/ros/jazzy/lib/libnav_msgs__rosidl_typesupport_cpp.so (0x000070aba1e9c000)",
        "path": "/opt/ros/jazzy/lib/libnav_msgs__rosidl_typesupport_cpp.so"
      },
      {
        "library": "libmessage_filters.so",
        "line": "\tlibmessage_filters.so => /opt/ros/jazzy/lib/libmessage_filters.so (0x000070aba1e97000)",
        "path": "/opt/ros/jazzy/lib/libmessage_filters.so"
      },
      {
        "library": "libpcl_common.so.1.14",
        "line": "\tlibpcl_common.so.1.14 => /usr/lib/x86_64-linux-gnu/libpcl_common.so.1.14 (0x000070aba1dfd000)",
        "path": "/usr/lib/x86_64-linux-gnu/libpcl_common.so.1.14.0"
      },
      {
        "library": "librmw.so",
        "line": "\tlibrmw.so => /opt/ros/jazzy/lib/librmw.so (0x000070aba1df2000)",
        "path": "/opt/ros/jazzy/lib/librmw.so"
      },
      {
        "library": "librcutils.so",
        "line": "\tlibrcutils.so => /opt/ros/jazzy/lib/librcutils.so (0x000070aba1dd2000)",
        "path": "/opt/ros/jazzy/lib/librcutils.so"
      },
      {
        "library": "liblibstatistics_collector.so",
        "line": "\tliblibstatistics_collector.so => /opt/ros/jazzy/lib/liblibstatistics_collector.so (0x000070aba1dca000)",
        "path": "/opt/ros/jazzy/lib/liblibstatistics_collector.so"
      },
      {
        "library": "librcl.so",
        "line": "\tlibrcl.so => /opt/ros/jazzy/lib/librcl.so (0x000070aba1d83000)",
        "path": "/opt/ros/jazzy/lib/librcl.so"
      },
      {
        "library": "libstatistics_msgs__rosidl_typesupport_cpp.so",
        "line": "\tlibstatistics_msgs__rosidl_typesupport_cpp.so => /opt/ros/jazzy/lib/libstatistics_msgs__rosidl_typesupport_cpp.so (0x000070aba1d7d000)",
        "path": "/opt/ros/jazzy/lib/libstatistics_msgs__rosidl_typesupport_cpp.so"
      },
      {
        "library": "libtracetools.so",
        "line": "\tlibtracetools.so => /opt/ros/jazzy/lib/libtracetools.so (0x000070aba1d63000)",
        "path": "/opt/ros/jazzy/lib/libtracetools.so"
      },
      {
        "library": "libsensor_msgs__rosidl_typesupport_cpp.so",
        "line": "\tlibsensor_msgs__rosidl_typesupport_cpp.so => /opt/ros/jazzy/lib/libsensor_msgs__rosidl_typesupport_cpp.so (0x000070aba1d54000)",
        "path": "/opt/ros/jazzy/lib/libsensor_msgs__rosidl_typesupport_cpp.so"
      },
      {
        "library": "libgeometry_msgs__rosidl_typesupport_cpp.so",
        "line": "\tlibgeometry_msgs__rosidl_typesupport_cpp.so => /opt/ros/jazzy/lib/libgeometry_msgs__rosidl_typesupport_cpp.so (0x000070aba1d44000)",
        "path": "/opt/ros/jazzy/lib/libgeometry_msgs__rosidl_typesupport_cpp.so"
      },
      {
        "library": "libopencv_imgcodecs.so.406",
        "line": "\tlibopencv_imgcodecs.so.406 => /usr/lib/x86_64-linux-gnu/libopencv_imgcodecs.so.406 (0x000070aba1ceb000)",
        "path": "/usr/lib/x86_64-linux-gnu/libopencv_imgcodecs.so.4.6.0"
      },
      {
        "library": "libopencv_imgproc.so.406",
        "line": "\tlibopencv_imgproc.so.406 => /usr/lib/x86_64-linux-gnu/libopencv_imgproc.so.406 (0x000070aba1791000)",
        "path": "/usr/lib/x86_64-linux-gnu/libopencv_imgproc.so.4.6.0"
      },
      {
        "library": "librcl_interfaces__rosidl_typesupport_cpp.so",
        "line": "\tlibrcl_interfaces__rosidl_typesupport_cpp.so => /opt/ros/jazzy/lib/librcl_interfaces__rosidl_typesupport_cpp.so (0x000070aba1776000)",
        "path": "/opt/ros/jazzy/lib/librcl_interfaces__rosidl_typesupport_cpp.so"
      },
      {
        "library": "librcl_yaml_param_parser.so",
        "line": "\tlibrcl_yaml_param_parser.so => /opt/ros/jazzy/lib/librcl_yaml_param_parser.so (0x000070aba176a000)",
        "path": "/opt/ros/jazzy/lib/librcl_yaml_param_parser.so"
      },
      {
        "library": "librosgraph_msgs__rosidl_typesupport_cpp.so",
        "line": "\tlibrosgraph_msgs__rosidl_typesupport_cpp.so => /opt/ros/jazzy/lib/librosgraph_msgs__rosidl_typesupport_cpp.so (0x000070aba1763000)",
        "path": "/opt/ros/jazzy/lib/librosgraph_msgs__rosidl_typesupport_cpp.so"
      },
      {
        "library": "librcl_logging_interface.so",
        "line": "\tlibrcl_logging_interface.so => /opt/ros/jazzy/lib/librcl_logging_interface.so (0x000070aba175e000)",
        "path": "/opt/ros/jazzy/lib/librcl_logging_interface.so"
      },
      {
        "library": "librmw_implementation.so",
        "line": "\tlibrmw_implementation.so => /opt/ros/jazzy/lib/librmw_implementation.so (0x000070aba1751000)",
        "path": "/opt/ros/jazzy/lib/librmw_implementation.so"
      },
      {
        "library": "libament_index_cpp.so",
        "line": "\tlibament_index_cpp.so => /opt/ros/jazzy/lib/libament_index_cpp.so (0x000070aba1745000)",
        "path": "/opt/ros/jazzy/lib/libament_index_cpp.so"
      },
      {
        "library": "libtype_description_interfaces__rosidl_typesupport_c.so",
        "line": "\tlibtype_description_interfaces__rosidl_typesupport_c.so => /opt/ros/jazzy/lib/libtype_description_interfaces__rosidl_typesupport_c.so (0x000070aba173e000)",
        "path": "/opt/ros/jazzy/lib/libtype_description_interfaces__rosidl_typesupport_c.so"
      },
      {
        "library": "librosidl_dynamic_typesupport.so",
        "line": "\tlibrosidl_dynamic_typesupport.so => /opt/ros/jazzy/lib/librosidl_dynamic_typesupport.so (0x000070aba1723000)",
        "path": "/opt/ros/jazzy/lib/librosidl_dynamic_typesupport.so"
      },
      {
        "library": "librosidl_typesupport_introspection_cpp.so",
        "line": "\tlibrosidl_typesupport_introspection_cpp.so => /opt/ros/jazzy/lib/librosidl_typesupport_introspection_cpp.so (0x000070aba171e000)",
        "path": "/opt/ros/jazzy/lib/librosidl_typesupport_introspection_cpp.so"
      },
      {
        "library": "librcpputils.so",
        "line": "\tlibrcpputils.so => /opt/ros/jazzy/lib/librcpputils.so (0x000070aba170f000)",
        "path": "/opt/ros/jazzy/lib/librcpputils.so"
      },
      {
        "library": "librosidl_runtime_c.so",
        "line": "\tlibrosidl_runtime_c.so => /opt/ros/jazzy/lib/librosidl_runtime_c.so (0x000070aba16f0000)",
        "path": "/opt/ros/jazzy/lib/librosidl_runtime_c.so"
      },
      {
        "library": "libz.so.1",
        "line": "\tlibz.so.1 => /usr/lib/x86_64-linux-gnu/libz.so.1 (0x000070aba16d4000)",
        "path": "/usr/lib/x86_64-linux-gnu/libz.so.1.3"
      },
      {
        "library": "libGLX.so.0",
        "line": "\tlibGLX.so.0 => /usr/lib/x86_64-linux-gnu/libGLX.so.0 (0x000070aba169f000)",
        "path": "/usr/lib/x86_64-linux-gnu/libGLX.so.0.0.0"
      },
      {
        "library": "liblapack.so.3",
        "line": "\tliblapack.so.3 => /usr/lib/x86_64-linux-gnu/liblapack.so.3 (0x000070aba0faf000)",
        "path": "/usr/lib/x86_64-linux-gnu/lapack/liblapack.so.3.12.0"
      },
      {
        "library": "libblas.so.3",
        "line": "\tlibblas.so.3 => /usr/lib/x86_64-linux-gnu/libblas.so.3 (0x000070aba0f08000)",
        "path": "/usr/lib/x86_64-linux-gnu/blas/libblas.so.3.12.0"
      },
      {
        "library": "libtbb.so.12",
        "line": "\tlibtbb.so.12 => /usr/lib/x86_64-linux-gnu/libtbb.so.12 (0x000070aba0eb4000)",
        "path": "/usr/lib/x86_64-linux-gnu/libtbb.so.12.11"
      },
      {
        "library": "libvisualization_msgs__rosidl_generator_c.so",
        "line": "\tlibvisualization_msgs__rosidl_generator_c.so => /opt/ros/jazzy/lib/libvisualization_msgs__rosidl_generator_c.so (0x000070aba0e80000)",
        "path": "/opt/ros/jazzy/lib/libvisualization_msgs__rosidl_generator_c.so"
      },
      {
        "library": "librosidl_typesupport_cpp.so",
        "line": "\tlibrosidl_typesupport_cpp.so => /opt/ros/jazzy/lib/librosidl_typesupport_cpp.so (0x000070aba0e78000)",
        "path": "/opt/ros/jazzy/lib/librosidl_typesupport_cpp.so"
      },
      {
        "library": "libnav_msgs__rosidl_generator_c.so",
        "line": "\tlibnav_msgs__rosidl_generator_c.so => /opt/ros/jazzy/lib/libnav_msgs__rosidl_generator_c.so (0x000070aba0e45000)",
        "path": "/opt/ros/jazzy/lib/libnav_msgs__rosidl_generator_c.so"
      },
      {
        "library": "libgomp.so.1",
        "line": "\tlibgomp.so.1 => /usr/lib/x86_64-linux-gnu/libgomp.so.1 (0x000070aba0def000)",
        "path": "/usr/lib/x86_64-linux-gnu/libgomp.so.1.0.0"
      },
      {
        "library": "librcl_logging_spdlog.so",
        "line": "\tlibrcl_logging_spdlog.so => /opt/ros/jazzy/lib/librcl_logging_spdlog.so (0x000070aba0de5000)",
        "path": "/opt/ros/jazzy/lib/librcl_logging_spdlog.so"
      },
      {
        "library": "librcl_interfaces__rosidl_typesupport_c.so",
        "line": "\tlibrcl_interfaces__rosidl_typesupport_c.so => /opt/ros/jazzy/lib/librcl_interfaces__rosidl_typesupport_c.so (0x000070aba0dd5000)",
        "path": "/opt/ros/jazzy/lib/librcl_interfaces__rosidl_typesupport_c.so"
      },
      {
        "library": "libtype_description_interfaces__rosidl_generator_c.so",
        "line": "\tlibtype_description_interfaces__rosidl_generator_c.so => /opt/ros/jazzy/lib/libtype_description_interfaces__rosidl_generator_c.so (0x000070aba0dbb000)",
        "path": "/opt/ros/jazzy/lib/libtype_description_interfaces__rosidl_generator_c.so"
      },
      {
        "library": "libyaml-0.so.2",
        "line": "\tlibyaml-0.so.2 => /usr/lib/x86_64-linux-gnu/libyaml-0.so.2 (0x000070aba0d9a000)",
        "path": "/usr/lib/x86_64-linux-gnu/libyaml-0.so.2.0.9"
      },
      {
        "library": "libstatistics_msgs__rosidl_generator_c.so",
        "line": "\tlibstatistics_msgs__rosidl_generator_c.so => /opt/ros/jazzy/lib/libstatistics_msgs__rosidl_generator_c.so (0x000070aba0d91000)",
        "path": "/opt/ros/jazzy/lib/libstatistics_msgs__rosidl_generator_c.so"
      },
      {
        "library": "liblttng-ust.so.1",
        "line": "\tliblttng-ust.so.1 => /usr/lib/x86_64-linux-gnu/liblttng-ust.so.1 (0x000070aba0d0e000)",
        "path": "/usr/lib/x86_64-linux-gnu/liblttng-ust.so.1.0.0"
      },
      {
        "library": "libsensor_msgs__rosidl_generator_c.so",
        "line": "\tlibsensor_msgs__rosidl_generator_c.so => /opt/ros/jazzy/lib/libsensor_msgs__rosidl_generator_c.so (0x000070aba0cca000)",
        "path": "/opt/ros/jazzy/lib/libsensor_msgs__rosidl_generator_c.so"
      },
      {
        "library": "libgeometry_msgs__rosidl_generator_c.so",
        "line": "\tlibgeometry_msgs__rosidl_generator_c.so => /opt/ros/jazzy/lib/libgeometry_msgs__rosidl_generator_c.so (0x000070aba0c8a000)",
        "path": "/opt/ros/jazzy/lib/libgeometry_msgs__rosidl_generator_c.so"
      },
      {
        "library": "libjpeg.so.8",
        "line": "\tlibjpeg.so.8 => /usr/lib/x86_64-linux-gnu/libjpeg.so.8 (0x000070aba0c07000)",
        "path": "/usr/lib/x86_64-linux-gnu/libjpeg.so.8.2.2"
      },
      {
        "library": "libwebp.so.7",
        "line": "\tlibwebp.so.7 => /usr/lib/x86_64-linux-gnu/libwebp.so.7 (0x000070aba0b8c000)",
        "path": "/usr/lib/x86_64-linux-gnu/libwebp.so.7.1.8"
      },
      {
        "library": "libpng16.so.16",
        "line": "\tlibpng16.so.16 => /usr/lib/x86_64-linux-gnu/libpng16.so.16 (0x000070aba0b54000)",
        "path": "/usr/lib/x86_64-linux-gnu/libpng16.so.16.43.0"
      },
      {
        "library": "libgdcmMSFF.so.3.0",
        "line": "\tlibgdcmMSFF.so.3.0 => /usr/lib/x86_64-linux-gnu/libgdcmMSFF.so.3.0 (0x000070aba0928000)",
        "path": "/usr/lib/x86_64-linux-gnu/libgdcmMSFF.so.3.0.22"
      },
      {
        "library": "libtiff.so.6",
        "line": "\tlibtiff.so.6 => /usr/lib/x86_64-linux-gnu/libtiff.so.6 (0x000070aba0899000)",
        "path": "/usr/lib/x86_64-linux-gnu/libtiff.so.6.0.1"
      },
      {
        "library": "libopenjp2.so.7",
        "line": "\tlibopenjp2.so.7 => /usr/lib/x86_64-linux-gnu/libopenjp2.so.7 (0x000070aba0838000)",
        "path": "/usr/lib/x86_64-linux-gnu/libopenjp2.so.2.5.0"
      },
      {
        "library": "libOpenEXR-3_1.so.30",
        "line": "\tlibOpenEXR-3_1.so.30 => /usr/lib/x86_64-linux-gnu/libOpenEXR-3_1.so.30 (0x000070aba0533000)",
        "path": "/usr/lib/x86_64-linux-gnu/libOpenEXR-3_1.so.30.5.1"
      },
      {
        "library": "libgdal.so.34",
        "line": "\tlibgdal.so.34 => /usr/lib/x86_64-linux-gnu/libgdal.so.34 (0x000070ab9ed5c000)",
        "path": "/usr/lib/x86_64-linux-gnu/libgdal.so.34.3.8.4"
      },
      {
        "library": "libgdcmDSED.so.3.0",
        "line": "\tlibgdcmDSED.so.3.0 => /usr/lib/x86_64-linux-gnu/libgdcmDSED.so.3.0 (0x000070ab9ec64000)",
        "path": "/usr/lib/x86_64-linux-gnu/libgdcmDSED.so.3.0.22"
      },
      {
        "library": "librcl_interfaces__rosidl_generator_c.so",
        "line": "\tlibrcl_interfaces__rosidl_generator_c.so => /opt/ros/jazzy/lib/librcl_interfaces__rosidl_generator_c.so (0x000070ab9ec16000)",
        "path": "/opt/ros/jazzy/lib/librcl_interfaces__rosidl_generator_c.so"
      },
      {
        "library": "librosgraph_msgs__rosidl_generator_c.so",
        "line": "\tlibrosgraph_msgs__rosidl_generator_c.so => /opt/ros/jazzy/lib/librosgraph_msgs__rosidl_generator_c.so (0x000070ab9ec0f000)",
        "path": "/opt/ros/jazzy/lib/librosgraph_msgs__rosidl_generator_c.so"
      },
      {
        "library": "librosidl_typesupport_c.so",
        "line": "\tlibrosidl_typesupport_c.so => /opt/ros/jazzy/lib/librosidl_typesupport_c.so (0x000070ab9ec09000)",
        "path": "/opt/ros/jazzy/lib/librosidl_typesupport_c.so"
      },
      {
        "library": "libGLdispatch.so.0",
        "line": "\tlibGLdispatch.so.0 => /usr/lib/x86_64-linux-gnu/libGLdispatch.so.0 (0x000070ab9eb51000)",
        "path": "/usr/lib/x86_64-linux-gnu/libGLdispatch.so.0.0.0"
      },
      {
        "library": "libX11.so.6",
        "line": "\tlibX11.so.6 => /usr/lib/x86_64-linux-gnu/libX11.so.6 (0x000070ab9ea14000)",
        "path": "/usr/lib/x86_64-linux-gnu/libX11.so.6.4.0"
      },
      {
        "library": "libgfortran.so.5",
        "line": "\tlibgfortran.so.5 => /usr/lib/x86_64-linux-gnu/libgfortran.so.5 (0x000070ab9e6f6000)",
        "path": "/usr/lib/x86_64-linux-gnu/libgfortran.so.5.0.0"
      },
      {
        "library": "libservice_msgs__rosidl_generator_c.so",
        "line": "\tlibservice_msgs__rosidl_generator_c.so => /opt/ros/jazzy/lib/libservice_msgs__rosidl_generator_c.so (0x000070ab9e6ef000)",
        "path": "/opt/ros/jazzy/lib/libservice_msgs__rosidl_generator_c.so"
      },
      {
        "library": "libstd_msgs__rosidl_generator_c.so",
        "line": "\tlibstd_msgs__rosidl_generator_c.so => /opt/ros/jazzy/lib/libstd_msgs__rosidl_generator_c.so (0x000070ab9e6be000)",
        "path": "/opt/ros/jazzy/lib/libstd_msgs__rosidl_generator_c.so"
      },
      {
        "library": "libbuiltin_interfaces__rosidl_generator_c.so",
        "line": "\tlibbuiltin_interfaces__rosidl_generator_c.so => /opt/ros/jazzy/lib/libbuiltin_interfaces__rosidl_generator_c.so (0x000070ab9e6b7000)",
        "path": "/opt/ros/jazzy/lib/libbuiltin_interfaces__rosidl_generator_c.so"
      },
      {
        "library": "libspdlog.so.1.12",
        "line": "\tlibspdlog.so.1.12 => /usr/lib/x86_64-linux-gnu/libspdlog.so.1.12 (0x000070ab9e630000)",
        "path": "/usr/lib/x86_64-linux-gnu/libspdlog.so.1.12.0"
      },
      {
        "library": "libnuma.so.1",
        "line": "\tlibnuma.so.1 => /usr/lib/x86_64-linux-gnu/libnuma.so.1 (0x000070ab9e622000)",
        "path": "/usr/lib/x86_64-linux-gnu/libnuma.so.1.0.0"
      },
      {
        "library": "liblttng-ust-common.so.1",
        "line": "\tliblttng-ust-common.so.1 => /usr/lib/x86_64-linux-gnu/liblttng-ust-common.so.1 (0x000070ab9e613000)",
        "path": "/usr/lib/x86_64-linux-gnu/liblttng-ust-common.so.1.0.0"
      },
      {
        "library": "liblttng-ust-tracepoint.so.1",
        "line": "\tliblttng-ust-tracepoint.so.1 => /usr/lib/x86_64-linux-gnu/liblttng-ust-tracepoint.so.1 (0x000070ab9e5f6000)",
        "path": "/usr/lib/x86_64-linux-gnu/liblttng-ust-tracepoint.so.1.0.0"
      },
      {
        "library": "libsharpyuv.so.0",
        "line": "\tlibsharpyuv.so.0 => /usr/lib/x86_64-linux-gnu/libsharpyuv.so.0 (0x000070ab9e5ee000)",
        "path": "/usr/lib/x86_64-linux-gnu/libsharpyuv.so.0.0.1"
      },
      {
        "library": "libgdcmDICT.so.3.0",
        "line": "\tlibgdcmDICT.so.3.0 => /usr/lib/x86_64-linux-gnu/libgdcmDICT.so.3.0 (0x000070ab9e316000)",
        "path": "/usr/lib/x86_64-linux-gnu/libgdcmDICT.so.3.0.22"
      },
      {
        "library": "libgdcmjpeg8.so.3.0",
        "line": "\tlibgdcmjpeg8.so.3.0 => /usr/lib/x86_64-linux-gnu/libgdcmjpeg8.so.3.0 (0x000070ab9e2eb000)",
        "path": "/usr/lib/x86_64-linux-gnu/libgdcmjpeg8.so.3.0.22"
      },
      {
        "library": "libgdcmjpeg12.so.3.0",
        "line": "\tlibgdcmjpeg12.so.3.0 => /usr/lib/x86_64-linux-gnu/libgdcmjpeg12.so.3.0 (0x000070ab9e2be000)",
        "path": "/usr/lib/x86_64-linux-gnu/libgdcmjpeg12.so.3.0.22"
      },
      {
        "library": "libgdcmjpeg16.so.3.0",
        "line": "\tlibgdcmjpeg16.so.3.0 => /usr/lib/x86_64-linux-gnu/libgdcmjpeg16.so.3.0 (0x000070ab9e293000)",
        "path": "/usr/lib/x86_64-linux-gnu/libgdcmjpeg16.so.3.0.22"
      },
      {
        "library": "libcharls.so.2",
        "line": "\tlibcharls.so.2 => /usr/lib/x86_64-linux-gnu/libcharls.so.2 (0x000070ab9e23f000)",
        "path": "/usr/lib/x86_64-linux-gnu/libcharls.so.2.4.2"
      },
      {
        "library": "libuuid.so.1",
        "line": "\tlibuuid.so.1 => /usr/lib/x86_64-linux-gnu/libuuid.so.1 (0x000070ab9e235000)",
        "path": "/usr/lib/x86_64-linux-gnu/libuuid.so.1.3.0"
      },
      {
        "library": "libjson-c.so.5",
        "line": "\tlibjson-c.so.5 => /usr/lib/x86_64-linux-gnu/libjson-c.so.5 (0x000070ab9e221000)",
        "path": "/usr/lib/x86_64-linux-gnu/libjson-c.so.5.3.0"
      },
      {
        "library": "libgdcmIOD.so.3.0",
        "line": "\tlibgdcmIOD.so.3.0 => /usr/lib/x86_64-linux-gnu/libgdcmIOD.so.3.0 (0x000070ab9e20b000)",
        "path": "/usr/lib/x86_64-linux-gnu/libgdcmIOD.so.3.0.22"
      },
      {
        "library": "libgdcmCommon.so.3.0",
        "line": "\tlibgdcmCommon.so.3.0 => /usr/lib/x86_64-linux-gnu/libgdcmCommon.so.3.0 (0x000070ab9e1e4000)",
        "path": "/usr/lib/x86_64-linux-gnu/libgdcmCommon.so.3.0.22"
      },
      {
        "library": "libzstd.so.1",
        "line": "\tlibzstd.so.1 => /usr/lib/x86_64-linux-gnu/libzstd.so.1 (0x000070ab9e12a000)",
        "path": "/usr/lib/x86_64-linux-gnu/libzstd.so.1.5.5"
      },
      {
        "library": "liblzma.so.5",
        "line": "\tliblzma.so.5 => /usr/lib/x86_64-linux-gnu/liblzma.so.5 (0x000070ab9e0f8000)",
        "path": "/usr/lib/x86_64-linux-gnu/liblzma.so.5.4.5"
      },
      {
        "library": "libLerc.so.4",
        "line": "\tlibLerc.so.4 => /usr/lib/x86_64-linux-gnu/libLerc.so.4 (0x000070ab9e071000)",
        "path": "/usr/lib/x86_64-linux-gnu/libLerc.so.4"
      },
      {
        "library": "libjbig.so.0",
        "line": "\tlibjbig.so.0 => /usr/lib/x86_64-linux-gnu/libjbig.so.0 (0x000070ab9e061000)",
        "path": "/usr/lib/x86_64-linux-gnu/libjbig.so.0"
      },
      {
        "library": "libdeflate.so.0",
        "line": "\tlibdeflate.so.0 => /usr/lib/x86_64-linux-gnu/libdeflate.so.0 (0x000070ab9e04c000)",
        "path": "/usr/lib/x86_64-linux-gnu/libdeflate.so.0"
      },
      {
        "library": "libImath-3_1.so.29",
        "line": "\tlibImath-3_1.so.29 => /usr/lib/x86_64-linux-gnu/libImath-3_1.so.29 (0x000070ab9dffe000)",
        "path": "/usr/lib/x86_64-linux-gnu/libImath-3_1.so.29.8.0"
      },
      {
        "library": "libIlmThread-3_1.so.30",
        "line": "\tlibIlmThread-3_1.so.30 => /usr/lib/x86_64-linux-gnu/libIlmThread-3_1.so.30 (0x000070ab9dff4000)",
        "path": "/usr/lib/x86_64-linux-gnu/libIlmThread-3_1.so.30.5.1"
      },
      {
        "library": "libIex-3_1.so.30",
        "line": "\tlibIex-3_1.so.30 => /usr/lib/x86_64-linux-gnu/libIex-3_1.so.30 (0x000070ab9df71000)",
        "path": "/usr/lib/x86_64-linux-gnu/libIex-3_1.so.30.5.1"
      },
      {
        "library": "libcurl.so.4",
        "line": "\tlibcurl.so.4 => /usr/lib/x86_64-linux-gnu/libcurl.so.4 (0x000070ab9deb0000)",
        "path": "/usr/lib/x86_64-linux-gnu/libcurl.so.4.8.0"
      },
      {
        "library": "libodbc.so.2",
        "line": "\tlibodbc.so.2 => /usr/lib/x86_64-linux-gnu/libodbc.so.2 (0x000070ab9de3e000)",
        "path": "/usr/lib/x86_64-linux-gnu/libodbc.so.2.0.0"
      },
      {
        "library": "libodbcinst.so.2",
        "line": "\tlibodbcinst.so.2 => /usr/lib/x86_64-linux-gnu/libodbcinst.so.2 (0x000070ab9de2a000)",
        "path": "/usr/lib/x86_64-linux-gnu/libodbcinst.so.2.0.0"
      },
      {
        "library": "libxml2.so.2",
        "line": "\tlibxml2.so.2 => /usr/lib/x86_64-linux-gnu/libxml2.so.2 (0x000070ab9dc48000)",
        "path": "/usr/lib/x86_64-linux-gnu/libxml2.so.2.9.14"
      },
      {
        "library": "libcrypto.so.3",
        "line": "\tlibcrypto.so.3 => /usr/lib/x86_64-linux-gnu/libcrypto.so.3 (0x000070ab9d734000)",
        "path": "/usr/lib/x86_64-linux-gnu/libcrypto.so.3"
      },
      {
        "library": "liblz4.so.1",
        "line": "\tliblz4.so.1 => /usr/lib/x86_64-linux-gnu/liblz4.so.1 (0x000070ab9d712000)",
        "path": "/usr/lib/x86_64-linux-gnu/liblz4.so.1.9.4"
      },
      {
        "library": "libblosc.so.1",
        "line": "\tlibblosc.so.1 => /usr/lib/x86_64-linux-gnu/libblosc.so.1 (0x000070ab9d702000)",
        "path": "/usr/lib/x86_64-linux-gnu/libblosc.so.1.21.5"
      },
      {
        "library": "libarmadillo.so.12",
        "line": "\tlibarmadillo.so.12 => /lib/libarmadillo.so.12 (0x000070ab9d6ed000)",
        "path": "/usr/lib/libarmadillo.so.12.6.7"
      },
      {
        "library": "libqhull_r.so.8.0",
        "line": "\tlibqhull_r.so.8.0 => /usr/lib/x86_64-linux-gnu/libqhull_r.so.8.0 (0x000070ab9d67d000)",
        "path": "/usr/lib/x86_64-linux-gnu/libqhull_r.so.8.0.2"
      },
      {
        "library": "libxerces-c-3.2.so",
        "line": "\tlibxerces-c-3.2.so => /usr/lib/x86_64-linux-gnu/libxerces-c-3.2.so (0x000070ab9d328000)",
        "path": "/usr/lib/x86_64-linux-gnu/libxerces-c-3.2.so"
      },
      {
        "library": "libgeotiff.so.5",
        "line": "\tlibgeotiff.so.5 => /usr/lib/x86_64-linux-gnu/libgeotiff.so.5 (0x000070ab9d2f2000)",
        "path": "/usr/lib/x86_64-linux-gnu/libgeotiff.so.5.2.1"
      },
      {
        "library": "libheif.so.1",
        "line": "\tlibheif.so.1 => /usr/lib/x86_64-linux-gnu/libheif.so.1 (0x000070ab9d232000)",
        "path": "/usr/lib/x86_64-linux-gnu/libheif.so.1.17.6"
      },
      {
        "library": "libaec.so.0",
        "line": "\tlibaec.so.0 => /usr/lib/x86_64-linux-gnu/libaec.so.0 (0x000070ab9d229000)",
        "path": "/usr/lib/x86_64-linux-gnu/libaec.so.0.1.2"
      },
      {
        "library": "libpoppler.so.134",
        "line": "\tlibpoppler.so.134 => /usr/lib/x86_64-linux-gnu/libpoppler.so.134 (0x000070ab9ceb3000)",
        "path": "/usr/lib/x86_64-linux-gnu/libpoppler.so.134.0.0"
      },
      {
        "library": "libgif.so.7",
        "line": "\tlibgif.so.7 => /usr/lib/x86_64-linux-gnu/libgif.so.7 (0x000070ab9cea8000)",
        "path": "/usr/lib/x86_64-linux-gnu/libgif.so.7.2.0"
      },
      {
        "library": "libnetcdf.so.19",
        "line": "\tlibnetcdf.so.19 => /usr/lib/x86_64-linux-gnu/libnetcdf.so.19 (0x000070ab9ccbd000)",
        "path": "/usr/lib/x86_64-linux-gnu/libnetcdf.so.19"
      },
      {
        "library": "libcfitsio.so.10",
        "line": "\tlibcfitsio.so.10 => /usr/lib/x86_64-linux-gnu/libcfitsio.so.10 (0x000070ab9c9b5000)",
        "path": "/usr/lib/x86_64-linux-gnu/libcfitsio.so.10.4.3.1"
      },
      {
        "library": "libhdf5_serial.so.103",
        "line": "\tlibhdf5_serial.so.103 => /usr/lib/x86_64-linux-gnu/libhdf5_serial.so.103 (0x000070ab9c641000)",
        "path": "/usr/lib/x86_64-linux-gnu/libhdf5_serial.so.103.4.0"
      },
      {
        "library": "libsqlite3.so.0",
        "line": "\tlibsqlite3.so.0 => /usr/lib/x86_64-linux-gnu/libsqlite3.so.0 (0x000070ab9c4d9000)",
        "path": "/usr/lib/x86_64-linux-gnu/libsqlite3.so.0.8.6"
      },
      {
        "library": "libpq.so.5",
        "line": "\tlibpq.so.5 => /usr/lib/x86_64-linux-gnu/libpq.so.5 (0x000070ab9c480000)",
        "path": "/usr/lib/x86_64-linux-gnu/libpq.so.5.16"
      },
      {
        "library": "libkmlbase.so.1",
        "line": "\tlibkmlbase.so.1 => /usr/lib/x86_64-linux-gnu/libkmlbase.so.1 (0x000070ab9c463000)",
        "path": "/usr/lib/x86_64-linux-gnu/libkmlbase.so.1.3.0"
      },
      {
        "library": "libkmldom.so.1",
        "line": "\tlibkmldom.so.1 => /usr/lib/x86_64-linux-gnu/libkmldom.so.1 (0x000070ab9c3d1000)",
        "path": "/usr/lib/x86_64-linux-gnu/libkmldom.so.1.3.0"
      },
      {
        "library": "libkmlengine.so.1",
        "line": "\tlibkmlengine.so.1 => /usr/lib/x86_64-linux-gnu/libkmlengine.so.1 (0x000070ab9c3a3000)",
        "path": "/usr/lib/x86_64-linux-gnu/libkmlengine.so.1.3.0"
      },
      {
        "library": "libfyba.so.0",
        "line": "\tlibfyba.so.0 => /usr/lib/x86_64-linux-gnu/libfyba.so.0 (0x000070ab9c34d000)",
        "path": "/usr/lib/x86_64-linux-gnu/libfyba.so.0.0.0"
      },
      {
        "library": "libpcre2-8.so.0",
        "line": "\tlibpcre2-8.so.0 => /usr/lib/x86_64-linux-gnu/libpcre2-8.so.0 (0x000070ab9c2b3000)",
        "path": "/usr/lib/x86_64-linux-gnu/libpcre2-8.so.0.11.2"
      },
      {
        "library": "libspatialite.so.8",
        "line": "\tlibspatialite.so.8 => /usr/lib/x86_64-linux-gnu/libspatialite.so.8 (0x000070ab9bb46000)",
        "path": "/usr/lib/x86_64-linux-gnu/libspatialite.so.8.1.0"
      },
      {
        "library": "libmysqlclient.so.21",
        "line": "\tlibmysqlclient.so.21 => /usr/lib/x86_64-linux-gnu/libmysqlclient.so.21 (0x000070ab9b4c7000)",
        "path": "/usr/lib/x86_64-linux-gnu/libmysqlclient.so.21.2.45"
      },
      {
        "library": "libfreexl.so.1",
        "line": "\tlibfreexl.so.1 => /usr/lib/x86_64-linux-gnu/libfreexl.so.1 (0x000070ab9b4b6000)",
        "path": "/usr/lib/x86_64-linux-gnu/libfreexl.so.1.2.0"
      },
      {
        "library": "libogdi.so.4.1",
        "line": "\tlibogdi.so.4.1 => /usr/lib/x86_64-linux-gnu/libogdi.so.4.1 (0x000070ab9b49b000)",
        "path": "/usr/lib/x86_64-linux-gnu/libogdi.so.4.1"
      },
      {
        "library": "libexpat.so.1",
        "line": "\tlibexpat.so.1 => /usr/lib/x86_64-linux-gnu/libexpat.so.1 (0x000070ab9b46f000)",
        "path": "/usr/lib/x86_64-linux-gnu/libexpat.so.1.9.1"
      },
      {
        "library": "libgeos_c.so.1",
        "line": "\tlibgeos_c.so.1 => /usr/lib/x86_64-linux-gnu/libgeos_c.so.1 (0x000070ab9b426000)",
        "path": "/usr/lib/x86_64-linux-gnu/libgeos_c.so.1.18.1"
      },
      {
        "library": "libproj.so.25",
        "line": "\tlibproj.so.25 => /usr/lib/x86_64-linux-gnu/libproj.so.25 (0x000070ab9b062000)",
        "path": "/usr/lib/x86_64-linux-gnu/libproj.so.25.9.4.0"
      },
      {
        "library": "libdfalt.so.0",
        "line": "\tlibdfalt.so.0 => /usr/lib/x86_64-linux-gnu/libdfalt.so.0 (0x000070ab9afbe000)",
        "path": "/usr/lib/x86_64-linux-gnu/libdfalt.so.0.0.0"
      },
      {
        "library": "libmfhdfalt.so.0",
        "line": "\tlibmfhdfalt.so.0 => /usr/lib/x86_64-linux-gnu/libmfhdfalt.so.0 (0x000070ab9af95000)",
        "path": "/usr/lib/x86_64-linux-gnu/libmfhdfalt.so.0.0.0"
      },
      {
        "library": "libxcb.so.1",
        "line": "\tlibxcb.so.1 => /usr/lib/x86_64-linux-gnu/libxcb.so.1 (0x000070ab9af6c000)",
        "path": "/usr/lib/x86_64-linux-gnu/libxcb.so.1.1.0"
      },
      {
        "library": "libfmt.so.9",
        "line": "\tlibfmt.so.9 => /usr/lib/x86_64-linux-gnu/libfmt.so.9 (0x000070ab9af49000)",
        "path": "/usr/lib/x86_64-linux-gnu/libfmt.so.9.1.0"
      },
      {
        "library": "libnghttp2.so.14",
        "line": "\tlibnghttp2.so.14 => /usr/lib/x86_64-linux-gnu/libnghttp2.so.14 (0x000070ab9af1e000)",
        "path": "/usr/lib/x86_64-linux-gnu/libnghttp2.so.14.26.0"
      },
      {
        "library": "libidn2.so.0",
        "line": "\tlibidn2.so.0 => /usr/lib/x86_64-linux-gnu/libidn2.so.0 (0x000070ab9aefc000)",
        "path": "/usr/lib/x86_64-linux-gnu/libidn2.so.0.4.0"
      },
      {
        "library": "librtmp.so.1",
        "line": "\tlibrtmp.so.1 => /usr/lib/x86_64-linux-gnu/librtmp.so.1 (0x000070ab9aede000)",
        "path": "/usr/lib/x86_64-linux-gnu/librtmp.so.1"
      },
      {
        "library": "libssh.so.4",
        "line": "\tlibssh.so.4 => /usr/lib/x86_64-linux-gnu/libssh.so.4 (0x000070ab9ae6a000)",
        "path": "/usr/lib/x86_64-linux-gnu/libssh.so.4.9.6"
      },
      {
        "library": "libpsl.so.5",
        "line": "\tlibpsl.so.5 => /usr/lib/x86_64-linux-gnu/libpsl.so.5 (0x000070ab9ae56000)",
        "path": "/usr/lib/x86_64-linux-gnu/libpsl.so.5.3.4"
      },
      {
        "library": "libssl.so.3",
        "line": "\tlibssl.so.3 => /usr/lib/x86_64-linux-gnu/libssl.so.3 (0x000070ab9adac000)",
        "path": "/usr/lib/x86_64-linux-gnu/libssl.so.3"
      },
      {
        "library": "libgssapi_krb5.so.2",
        "line": "\tlibgssapi_krb5.so.2 => /usr/lib/x86_64-linux-gnu/libgssapi_krb5.so.2 (0x000070ab9ad58000)",
        "path": "/usr/lib/x86_64-linux-gnu/libgssapi_krb5.so.2.2"
      },
      {
        "library": "libldap.so.2",
        "line": "\tlibldap.so.2 => /usr/lib/x86_64-linux-gnu/libldap.so.2 (0x000070ab9acfb000)",
        "path": "/usr/lib/x86_64-linux-gnu/libldap.so.2.0.200"
      },
      {
        "library": "liblber.so.2",
        "line": "\tliblber.so.2 => /usr/lib/x86_64-linux-gnu/liblber.so.2 (0x000070ab9aceb000)",
        "path": "/usr/lib/x86_64-linux-gnu/liblber.so.2.0.200"
      },
      {
        "library": "libbrotlidec.so.1",
        "line": "\tlibbrotlidec.so.1 => /usr/lib/x86_64-linux-gnu/libbrotlidec.so.1 (0x000070ab9acdb000)",
        "path": "/usr/lib/x86_64-linux-gnu/libbrotlidec.so.1.1.0"
      },
      {
        "library": "libltdl.so.7",
        "line": "\tlibltdl.so.7 => /usr/lib/x86_64-linux-gnu/libltdl.so.7 (0x000070ab9acd0000)",
        "path": "/usr/lib/x86_64-linux-gnu/libltdl.so.7.3.2"
      },
      {
        "library": "libicuuc.so.74",
        "line": "\tlibicuuc.so.74 => /usr/lib/x86_64-linux-gnu/libicuuc.so.74 (0x000070ab9aac3000)",
        "path": "/usr/lib/x86_64-linux-gnu/libicuuc.so.74.2"
      },
      {
        "library": "libsnappy.so.1",
        "line": "\tlibsnappy.so.1 => /usr/lib/x86_64-linux-gnu/libsnappy.so.1 (0x000070ab9aab8000)",
        "path": "/usr/lib/x86_64-linux-gnu/libsnappy.so.1.1.10"
      },
      {
        "library": "libarpack.so.2",
        "line": "\tlibarpack.so.2 => /usr/lib/x86_64-linux-gnu/libarpack.so.2 (0x000070ab9aa6e000)",
        "path": "/usr/lib/x86_64-linux-gnu/libarpack.so.2.1.0"
      },
      {
        "library": "libsuperlu.so.6",
        "line": "\tlibsuperlu.so.6 => /usr/lib/x86_64-linux-gnu/libsuperlu.so.6 (0x000070ab9a9fc000)",
        "path": "/usr/lib/x86_64-linux-gnu/libsuperlu.so.6.0.1"
      },
      {
        "library": "libcurl-gnutls.so.4",
        "line": "\tlibcurl-gnutls.so.4 => /usr/lib/x86_64-linux-gnu/libcurl-gnutls.so.4 (0x000070ab9a941000)",
        "path": "/usr/lib/x86_64-linux-gnu/libcurl-gnutls.so.4.8.0"
      },
      {
        "library": "libfreetype.so.6",
        "line": "\tlibfreetype.so.6 => /usr/lib/x86_64-linux-gnu/libfreetype.so.6 (0x000070ab9a875000)",
        "path": "/usr/lib/x86_64-linux-gnu/libfreetype.so.6.20.1"
      },
      {
        "library": "libfontconfig.so.1",
        "line": "\tlibfontconfig.so.1 => /usr/lib/x86_64-linux-gnu/libfontconfig.so.1 (0x000070ab9a824000)",
        "path": "/usr/lib/x86_64-linux-gnu/libfontconfig.so.1.12.1"
      },
      {
        "library": "liblcms2.so.2",
        "line": "\tliblcms2.so.2 => /usr/lib/x86_64-linux-gnu/liblcms2.so.2 (0x000070ab9a7c2000)",
        "path": "/usr/lib/x86_64-linux-gnu/liblcms2.so.2.0.14"
      },
      {
        "library": "libnss3.so",
        "line": "\tlibnss3.so => /usr/lib/x86_64-linux-gnu/libnss3.so (0x000070ab9a691000)",
        "path": "/usr/lib/x86_64-linux-gnu/libnss3.so"
      },
      {
        "library": "libsmime3.so",
        "line": "\tlibsmime3.so => /usr/lib/x86_64-linux-gnu/libsmime3.so (0x000070ab9a668000)",
        "path": "/usr/lib/x86_64-linux-gnu/libsmime3.so"
      },
      {
        "library": "libplc4.so",
        "line": "\tlibplc4.so => /usr/lib/x86_64-linux-gnu/libplc4.so (0x000070ab9a661000)",
        "path": "/usr/lib/x86_64-linux-gnu/libplc4.so"
      },
      {
        "library": "libnspr4.so",
        "line": "\tlibnspr4.so => /usr/lib/x86_64-linux-gnu/libnspr4.so (0x000070ab9a622000)",
        "path": "/usr/lib/x86_64-linux-gnu/libnspr4.so"
      },
      {
        "library": "libhdf5_serial_hl.so.100",
        "line": "\tlibhdf5_serial_hl.so.100 => /usr/lib/x86_64-linux-gnu/libhdf5_serial_hl.so.100 (0x000070ab9a5fd000)",
        "path": "/usr/lib/x86_64-linux-gnu/libhdf5_serial_hl.so.100.1.7"
      },
      {
        "library": "libbz2.so.1.0",
        "line": "\tlibbz2.so.1.0 => /usr/lib/x86_64-linux-gnu/libbz2.so.1.0 (0x000070ab9a5e7000)",
        "path": "/usr/lib/x86_64-linux-gnu/libbz2.so.1.0.4"
      },
      {
        "library": "libsz.so.2",
        "line": "\tlibsz.so.2 => /usr/lib/x86_64-linux-gnu/libsz.so.2 (0x000070ab9a5e2000)",
        "path": "/usr/lib/x86_64-linux-gnu/libsz.so.2.0.1"
      },
      {
        "library": "libminizip.so.1",
        "line": "\tlibminizip.so.1 => /usr/lib/x86_64-linux-gnu/libminizip.so.1 (0x000070ab9a5d5000)",
        "path": "/usr/lib/x86_64-linux-gnu/libminizip.so.1.0.0"
      },
      {
        "library": "liburiparser.so.1",
        "line": "\tliburiparser.so.1 => /usr/lib/x86_64-linux-gnu/liburiparser.so.1 (0x000070ab9a5be000)",
        "path": "/usr/lib/x86_64-linux-gnu/liburiparser.so.1.0.30"
      },
      {
        "library": "libfyut.so.0",
        "line": "\tlibfyut.so.0 => /usr/lib/x86_64-linux-gnu/libfyut.so.0 (0x000070ab9a5b3000)",
        "path": "/usr/lib/x86_64-linux-gnu/libfyut.so.0.0.0"
      },
      {
        "library": "libfygm.so.0",
        "line": "\tlibfygm.so.0 => /usr/lib/x86_64-linux-gnu/libfygm.so.0 (0x000070ab9a5a8000)",
        "path": "/usr/lib/x86_64-linux-gnu/libfygm.so.0.0.0"
      },
      {
        "library": "librttopo.so.1",
        "line": "\tlibrttopo.so.1 => /usr/lib/x86_64-linux-gnu/librttopo.so.1 (0x000070ab9a538000)",
        "path": "/usr/lib/x86_64-linux-gnu/librttopo.so.1.1.0"
      },
      {
        "library": "libresolv.so.2",
        "line": "\tlibresolv.so.2 => /usr/lib/x86_64-linux-gnu/libresolv.so.2 (0x000070ab9a525000)",
        "path": "/usr/lib/x86_64-linux-gnu/libresolv.so.2"
      },
      {
        "library": "libtirpc.so.3",
        "line": "\tlibtirpc.so.3 => /usr/lib/x86_64-linux-gnu/libtirpc.so.3 (0x000070ab9a4f8000)",
        "path": "/usr/lib/x86_64-linux-gnu/libtirpc.so.3.0.0"
      },
      {
        "library": "libgeos.so.3.12.1",
        "line": "\tlibgeos.so.3.12.1 => /usr/lib/x86_64-linux-gnu/libgeos.so.3.12.1 (0x000070ab9a290000)",
        "path": "/usr/lib/x86_64-linux-gnu/libgeos.so.3.12.1"
      },
      {
        "library": "libXau.so.6",
        "line": "\tlibXau.so.6 => /usr/lib/x86_64-linux-gnu/libXau.so.6 (0x000070ab9a288000)",
        "path": "/usr/lib/x86_64-linux-gnu/libXau.so.6.0.0"
      },
      {
        "library": "libXdmcp.so.6",
        "line": "\tlibXdmcp.so.6 => /usr/lib/x86_64-linux-gnu/libXdmcp.so.6 (0x000070ab9a280000)",
        "path": "/usr/lib/x86_64-linux-gnu/libXdmcp.so.6.0.0"
      },
      {
        "library": "libunistring.so.5",
        "line": "\tlibunistring.so.5 => /usr/lib/x86_64-linux-gnu/libunistring.so.5 (0x000070ab9a0d3000)",
        "path": "/usr/lib/x86_64-linux-gnu/libunistring.so.5.0.0"
      },
      {
        "library": "libgnutls.so.30",
        "line": "\tlibgnutls.so.30 => /usr/lib/x86_64-linux-gnu/libgnutls.so.30 (0x000070ab99ed9000)",
        "path": "/usr/lib/x86_64-linux-gnu/libgnutls.so.30.37.1"
      },
      {
        "library": "libhogweed.so.6",
        "line": "\tlibhogweed.so.6 => /usr/lib/x86_64-linux-gnu/libhogweed.so.6 (0x000070ab99e91000)",
        "path": "/usr/lib/x86_64-linux-gnu/libhogweed.so.6.8"
      },
      {
        "library": "libnettle.so.8",
        "line": "\tlibnettle.so.8 => /usr/lib/x86_64-linux-gnu/libnettle.so.8 (0x000070ab99e3a000)",
        "path": "/usr/lib/x86_64-linux-gnu/libnettle.so.8.8"
      },
      {
        "library": "libgmp.so.10",
        "line": "\tlibgmp.so.10 => /usr/lib/x86_64-linux-gnu/libgmp.so.10 (0x000070ab99db6000)",
        "path": "/usr/lib/x86_64-linux-gnu/libgmp.so.10.5.0"
      },
      {
        "library": "libkrb5.so.3",
        "line": "\tlibkrb5.so.3 => /usr/lib/x86_64-linux-gnu/libkrb5.so.3 (0x000070ab99ced000)",
        "path": "/usr/lib/x86_64-linux-gnu/libkrb5.so.3.3"
      },
      {
        "library": "libk5crypto.so.3",
        "line": "\tlibk5crypto.so.3 => /usr/lib/x86_64-linux-gnu/libk5crypto.so.3 (0x000070ab99cc1000)",
        "path": "/usr/lib/x86_64-linux-gnu/libk5crypto.so.3.1"
      },
      {
        "library": "libcom_err.so.2",
        "line": "\tlibcom_err.so.2 => /usr/lib/x86_64-linux-gnu/libcom_err.so.2 (0x000070ab99cbb000)",
        "path": "/usr/lib/x86_64-linux-gnu/libcom_err.so.2.1"
      },
      {
        "library": "libkrb5support.so.0",
        "line": "\tlibkrb5support.so.0 => /usr/lib/x86_64-linux-gnu/libkrb5support.so.0 (0x000070ab99cac000)",
        "path": "/usr/lib/x86_64-linux-gnu/libkrb5support.so.0.1"
      },
      {
        "library": "libsasl2.so.2",
        "line": "\tlibsasl2.so.2 => /usr/lib/x86_64-linux-gnu/libsasl2.so.2 (0x000070ab99c92000)",
        "path": "/usr/lib/x86_64-linux-gnu/libsasl2.so.2.0.25"
      },
      {
        "library": "libbrotlicommon.so.1",
        "line": "\tlibbrotlicommon.so.1 => /usr/lib/x86_64-linux-gnu/libbrotlicommon.so.1 (0x000070ab99c6f000)",
        "path": "/usr/lib/x86_64-linux-gnu/libbrotlicommon.so.1.1.0"
      },
      {
        "library": "libicudata.so.74",
        "line": "\tlibicudata.so.74 => /usr/lib/x86_64-linux-gnu/libicudata.so.74 (0x000070ab97f0f000)",
        "path": "/usr/lib/x86_64-linux-gnu/libicudata.so.74.2"
      },
      {
        "library": "libnssutil3.so",
        "line": "\tlibnssutil3.so => /usr/lib/x86_64-linux-gnu/libnssutil3.so (0x000070ab97edd000)",
        "path": "/usr/lib/x86_64-linux-gnu/libnssutil3.so"
      },
      {
        "library": "libplds4.so",
        "line": "\tlibplds4.so => /usr/lib/x86_64-linux-gnu/libplds4.so (0x000070ab97ed6000)",
        "path": "/usr/lib/x86_64-linux-gnu/libplds4.so"
      },
      {
        "library": "libbsd.so.0",
        "line": "\tlibbsd.so.0 => /usr/lib/x86_64-linux-gnu/libbsd.so.0 (0x000070ab97ec0000)",
        "path": "/usr/lib/x86_64-linux-gnu/libbsd.so.0.12.1"
      },
      {
        "library": "libp11-kit.so.0",
        "line": "\tlibp11-kit.so.0 => /usr/lib/x86_64-linux-gnu/libp11-kit.so.0 (0x000070ab97d1c000)",
        "path": "/usr/lib/x86_64-linux-gnu/libp11-kit.so.0.3.1"
      },
      {
        "library": "libtasn1.so.6",
        "line": "\tlibtasn1.so.6 => /usr/lib/x86_64-linux-gnu/libtasn1.so.6 (0x000070ab97d06000)",
        "path": "/usr/lib/x86_64-linux-gnu/libtasn1.so.6.6.3"
      },
      {
        "library": "libkeyutils.so.1",
        "line": "\tlibkeyutils.so.1 => /usr/lib/x86_64-linux-gnu/libkeyutils.so.1 (0x000070ab97cfd000)",
        "path": "/usr/lib/x86_64-linux-gnu/libkeyutils.so.1.10"
      },
      {
        "library": "libmd.so.0",
        "line": "\tlibmd.so.0 => /usr/lib/x86_64-linux-gnu/libmd.so.0 (0x000070ab97cee000)",
        "path": "/usr/lib/x86_64-linux-gnu/libmd.so.0.1.0"
      },
      {
        "library": "libffi.so.8",
        "line": "\tlibffi.so.8 => /usr/lib/x86_64-linux-gnu/libffi.so.8 (0x000070ab97ce2000)",
        "path": "/usr/lib/x86_64-linux-gnu/libffi.so.8.1.4"
      },
      {
        "library": "librclcpp.so",
        "line": "\tlibrclcpp.so => /opt/ros/jazzy/lib/librclcpp.so (0x00007163447a2000)",
        "path": "/opt/ros/jazzy/lib/librclcpp.so"
      },
      {
        "library": "libnav_msgs__rosidl_typesupport_cpp.so",
        "line": "\tlibnav_msgs__rosidl_typesupport_cpp.so => /opt/ros/jazzy/lib/libnav_msgs__rosidl_typesupport_cpp.so (0x0000716345006000)",
        "path": "/opt/ros/jazzy/lib/libnav_msgs__rosidl_typesupport_cpp.so"
      },
      {
        "library": "libvisualization_msgs__rosidl_typesupport_cpp.so",
        "line": "\tlibvisualization_msgs__rosidl_typesupport_cpp.so => /opt/ros/jazzy/lib/libvisualization_msgs__rosidl_typesupport_cpp.so (0x0000716344ff8000)",
        "path": "/opt/ros/jazzy/lib/libvisualization_msgs__rosidl_typesupport_cpp.so"
      },
      {
        "library": "libiap.so",
        "line": "\tlibiap.so => /home/dev/ws_iap/src/iap/results/icra27/icra031/install/lib/libiap.so (0x0000716343e00000)",
        "path": "/home/dev/ws_iap/src/iap/results/icra27/icra031/install/lib/libiap.so"
      },
      {
        "library": "libiap__rosidl_typesupport_cpp.so",
        "line": "\tlibiap__rosidl_typesupport_cpp.so => /home/dev/ws_iap/src/iap/results/icra27/icra031/install/lib/libiap__rosidl_typesupport_cpp.so (0x0000716344ff2000)",
        "path": "/home/dev/ws_iap/src/iap/results/icra27/icra031/install/lib/libiap__rosidl_typesupport_cpp.so"
      },
      {
        "library": "liblibstatistics_collector.so",
        "line": "\tliblibstatistics_collector.so => /opt/ros/jazzy/lib/liblibstatistics_collector.so (0x0000716344fea000)",
        "path": "/opt/ros/jazzy/lib/liblibstatistics_collector.so"
      },
      {
        "library": "librcl.so",
        "line": "\tlibrcl.so => /opt/ros/jazzy/lib/librcl.so (0x0000716344fa3000)",
        "path": "/opt/ros/jazzy/lib/librcl.so"
      },
      {
        "library": "libstatistics_msgs__rosidl_typesupport_cpp.so",
        "line": "\tlibstatistics_msgs__rosidl_typesupport_cpp.so => /opt/ros/jazzy/lib/libstatistics_msgs__rosidl_typesupport_cpp.so (0x0000716344f9b000)",
        "path": "/opt/ros/jazzy/lib/libstatistics_msgs__rosidl_typesupport_cpp.so"
      },
      {
        "library": "libtracetools.so",
        "line": "\tlibtracetools.so => /opt/ros/jazzy/lib/libtracetools.so (0x0000716344f81000)",
        "path": "/opt/ros/jazzy/lib/libtracetools.so"
      },
      {
        "library": "libsensor_msgs__rosidl_typesupport_cpp.so",
        "line": "\tlibsensor_msgs__rosidl_typesupport_cpp.so => /opt/ros/jazzy/lib/libsensor_msgs__rosidl_typesupport_cpp.so (0x0000716344f72000)",
        "path": "/opt/ros/jazzy/lib/libsensor_msgs__rosidl_typesupport_cpp.so"
      },
      {
        "library": "librmw.so",
        "line": "\tlibrmw.so => /opt/ros/jazzy/lib/librmw.so (0x0000716344f67000)",
        "path": "/opt/ros/jazzy/lib/librmw.so"
      },
      {
        "library": "libgnss_comm_lib.so",
        "line": "\tlibgnss_comm_lib.so => /home/dev/ws_iap/install/gnss_comm/lib/libgnss_comm_lib.so (0x0000716343a00000)",
        "path": "/home/dev/ws_iap/install/gnss_comm/lib/libgnss_comm_lib.so"
      },
      {
        "library": "libgnss_comm__rosidl_typesupport_cpp.so",
        "line": "\tlibgnss_comm__rosidl_typesupport_cpp.so => /home/dev/ws_iap/install/gnss_comm/lib/libgnss_comm__rosidl_typesupport_cpp.so (0x0000716344f59000)",
        "path": "/home/dev/ws_iap/install/gnss_comm/lib/libgnss_comm__rosidl_typesupport_cpp.so"
      },
      {
        "library": "libstd_msgs__rosidl_typesupport_cpp.so",
        "line": "\tlibstd_msgs__rosidl_typesupport_cpp.so => /opt/ros/jazzy/lib/libstd_msgs__rosidl_typesupport_cpp.so (0x0000716344f4d000)",
        "path": "/opt/ros/jazzy/lib/libstd_msgs__rosidl_typesupport_cpp.so"
      },
      {
        "library": "librcutils.so",
        "line": "\tlibrcutils.so => /opt/ros/jazzy/lib/librcutils.so (0x0000716344f2d000)",
        "path": "/opt/ros/jazzy/lib/librcutils.so"
      },
      {
        "library": "libstdc++.so.6",
        "line": "\tlibstdc++.so.6 => /usr/lib/x86_64-linux-gnu/libstdc++.so.6 (0x0000716343782000)",
        "path": "/usr/lib/x86_64-linux-gnu/libstdc++.so.6.0.33"
      },
      {
        "library": "libm.so.6",
        "line": "\tlibm.so.6 => /usr/lib/x86_64-linux-gnu/libm.so.6 (0x00007163446b9000)",
        "path": "/usr/lib/x86_64-linux-gnu/libm.so.6"
      },
      {
        "library": "libgcc_s.so.1",
        "line": "\tlibgcc_s.so.1 => /usr/lib/x86_64-linux-gnu/libgcc_s.so.1 (0x0000716344edf000)",
        "path": "/usr/lib/x86_64-linux-gnu/libgcc_s.so.1"
      },
      {
        "library": "libc.so.6",
        "line": "\tlibc.so.6 => /usr/lib/x86_64-linux-gnu/libc.so.6 (0x0000716343570000)",
        "path": "/usr/lib/x86_64-linux-gnu/libc.so.6"
      },
      {
        "library": "librcl_interfaces__rosidl_typesupport_cpp.so",
        "line": "\tlibrcl_interfaces__rosidl_typesupport_cpp.so => /opt/ros/jazzy/lib/librcl_interfaces__rosidl_typesupport_cpp.so (0x0000716344ec4000)",
        "path": "/opt/ros/jazzy/lib/librcl_interfaces__rosidl_typesupport_cpp.so"
      },
      {
        "library": "librcl_yaml_param_parser.so",
        "line": "\tlibrcl_yaml_param_parser.so => /opt/ros/jazzy/lib/librcl_yaml_param_parser.so (0x0000716344eb8000)",
        "path": "/opt/ros/jazzy/lib/librcl_yaml_param_parser.so"
      },
      {
        "library": "librosgraph_msgs__rosidl_typesupport_cpp.so",
        "line": "\tlibrosgraph_msgs__rosidl_typesupport_cpp.so => /opt/ros/jazzy/lib/librosgraph_msgs__rosidl_typesupport_cpp.so (0x0000716344eb3000)",
        "path": "/opt/ros/jazzy/lib/librosgraph_msgs__rosidl_typesupport_cpp.so"
      },
      {
        "library": "librcl_logging_interface.so",
        "line": "\tlibrcl_logging_interface.so => /opt/ros/jazzy/lib/librcl_logging_interface.so (0x0000716344eae000)",
        "path": "/opt/ros/jazzy/lib/librcl_logging_interface.so"
      },
      {
        "library": "librmw_implementation.so",
        "line": "\tlibrmw_implementation.so => /opt/ros/jazzy/lib/librmw_implementation.so (0x0000716344e9f000)",
        "path": "/opt/ros/jazzy/lib/librmw_implementation.so"
      },
      {
        "library": "libament_index_cpp.so",
        "line": "\tlibament_index_cpp.so => /opt/ros/jazzy/lib/libament_index_cpp.so (0x0000716344e93000)",
        "path": "/opt/ros/jazzy/lib/libament_index_cpp.so"
      },
      {
        "library": "libtype_description_interfaces__rosidl_typesupport_c.so",
        "line": "\tlibtype_description_interfaces__rosidl_typesupport_c.so => /opt/ros/jazzy/lib/libtype_description_interfaces__rosidl_typesupport_c.so (0x00007163446b2000)",
        "path": "/opt/ros/jazzy/lib/libtype_description_interfaces__rosidl_typesupport_c.so"
      },
      {
        "library": "librosidl_dynamic_typesupport.so",
        "line": "\tlibrosidl_dynamic_typesupport.so => /opt/ros/jazzy/lib/librosidl_dynamic_typesupport.so (0x0000716344699000)",
        "path": "/opt/ros/jazzy/lib/librosidl_dynamic_typesupport.so"
      },
      {
        "library": "librosidl_typesupport_introspection_cpp.so",
        "line": "\tlibrosidl_typesupport_introspection_cpp.so => /opt/ros/jazzy/lib/librosidl_typesupport_introspection_cpp.so (0x0000716344e8e000)",
        "path": "/opt/ros/jazzy/lib/librosidl_typesupport_introspection_cpp.so"
      },
      {
        "library": "librcpputils.so",
        "line": "\tlibrcpputils.so => /opt/ros/jazzy/lib/librcpputils.so (0x0000716344688000)",
        "path": "/opt/ros/jazzy/lib/librcpputils.so"
      },
      {
        "library": "librosidl_runtime_c.so",
        "line": "\tlibrosidl_runtime_c.so => /opt/ros/jazzy/lib/librosidl_runtime_c.so (0x0000716344669000)",
        "path": "/opt/ros/jazzy/lib/librosidl_runtime_c.so"
      },
      {
        "library": "libnav_msgs__rosidl_generator_c.so",
        "line": "\tlibnav_msgs__rosidl_generator_c.so => /opt/ros/jazzy/lib/libnav_msgs__rosidl_generator_c.so (0x0000716344636000)",
        "path": "/opt/ros/jazzy/lib/libnav_msgs__rosidl_generator_c.so"
      },
      {
        "library": "librosidl_typesupport_cpp.so",
        "line": "\tlibrosidl_typesupport_cpp.so => /opt/ros/jazzy/lib/librosidl_typesupport_cpp.so (0x0000716344630000)",
        "path": "/opt/ros/jazzy/lib/librosidl_typesupport_cpp.so"
      },
      {
        "library": "libvisualization_msgs__rosidl_generator_c.so",
        "line": "\tlibvisualization_msgs__rosidl_generator_c.so => /opt/ros/jazzy/lib/libvisualization_msgs__rosidl_generator_c.so (0x0000716343dcc000)",
        "path": "/opt/ros/jazzy/lib/libvisualization_msgs__rosidl_generator_c.so"
      },
      {
        "library": "libgtsam_points.so.1",
        "line": "\tlibgtsam_points.so.1 => /usr/local/lib/libgtsam_points.so.1 (0x000071634327d000)",
        "path": "/usr/local/lib/libgtsam_points.so.1.2.1"
      },
      {
        "library": "libspdlog.so.1.12",
        "line": "\tlibspdlog.so.1.12 => /usr/lib/x86_64-linux-gnu/libspdlog.so.1.12 (0x0000716343d45000)",
        "path": "/usr/lib/x86_64-linux-gnu/libspdlog.so.1.12.0"
      },
      {
        "library": "libopencv_core.so.406",
        "line": "\tlibopencv_core.so.406 => /usr/lib/x86_64-linux-gnu/libopencv_core.so.406 (0x0000716342f09000)",
        "path": "/usr/lib/x86_64-linux-gnu/libopencv_core.so.4.6.0"
      },
      {
        "library": "libgtsam_points_cuda.so.1",
        "line": "\tlibgtsam_points_cuda.so.1 => /usr/local/lib/libgtsam_points_cuda.so.1 (0x0000716342bf2000)",
        "path": "/usr/local/lib/libgtsam_points_cuda.so.1.2.1"
      },
      {
        "library": "libgomp.so.1",
        "line": "\tlibgomp.so.1 => /usr/lib/x86_64-linux-gnu/libgomp.so.1 (0x0000716342b9c000)",
        "path": "/usr/lib/x86_64-linux-gnu/libgomp.so.1.0.0"
      },
      {
        "library": "libgtsam.so.4",
        "line": "\tlibgtsam.so.4 => /usr/lib/x86_64-linux-gnu/libgtsam.so.4 (0x000071634269f000)",
        "path": "/usr/lib/x86_64-linux-gnu/libgtsam.so.4.3a0"
      },
      {
        "library": "libboost_serialization.so.1.83.0",
        "line": "\tlibboost_serialization.so.1.83.0 => /usr/lib/x86_64-linux-gnu/libboost_serialization.so.1.83.0 (0x000071634265c000)",
        "path": "/usr/lib/x86_64-linux-gnu/libboost_serialization.so.1.83.0"
      },
      {
        "library": "libboost_filesystem.so.1.83.0",
        "line": "\tlibboost_filesystem.so.1.83.0 => /usr/lib/x86_64-linux-gnu/libboost_filesystem.so.1.83.0 (0x0000716342639000)",
        "path": "/usr/lib/x86_64-linux-gnu/libboost_filesystem.so.1.83.0"
      },
      {
        "library": "libcephes-gtsam.so.1",
        "line": "\tlibcephes-gtsam.so.1 => /usr/lib/x86_64-linux-gnu/libcephes-gtsam.so.1 (0x0000716342607000)",
        "path": "/usr/lib/x86_64-linux-gnu/libcephes-gtsam.so.1.0.0"
      },
      {
        "library": "libfmt.so.9",
        "line": "\tlibfmt.so.9 => /usr/lib/x86_64-linux-gnu/libfmt.so.9 (0x00007163425e6000)",
        "path": "/usr/lib/x86_64-linux-gnu/libfmt.so.9.1.0"
      },
      {
        "library": "libiap__rosidl_generator_c.so",
        "line": "\tlibiap__rosidl_generator_c.so => /home/dev/ws_iap/src/iap/results/icra27/icra031/install/lib/libiap__rosidl_generator_c.so (0x000071634461e000)",
        "path": "/home/dev/ws_iap/src/iap/results/icra27/icra031/install/lib/libiap__rosidl_generator_c.so"
      },
      {
        "library": "librcl_logging_spdlog.so",
        "line": "\tlibrcl_logging_spdlog.so => /opt/ros/jazzy/lib/librcl_logging_spdlog.so (0x0000716343d3b000)",
        "path": "/opt/ros/jazzy/lib/librcl_logging_spdlog.so"
      },
      {
        "library": "librcl_interfaces__rosidl_typesupport_c.so",
        "line": "\tlibrcl_interfaces__rosidl_typesupport_c.so => /opt/ros/jazzy/lib/librcl_interfaces__rosidl_typesupport_c.so (0x0000716343d2b000)",
        "path": "/opt/ros/jazzy/lib/librcl_interfaces__rosidl_typesupport_c.so"
      },
      {
        "library": "libtype_description_interfaces__rosidl_generator_c.so",
        "line": "\tlibtype_description_interfaces__rosidl_generator_c.so => /opt/ros/jazzy/lib/libtype_description_interfaces__rosidl_generator_c.so (0x00007163425ce000)",
        "path": "/opt/ros/jazzy/lib/libtype_description_interfaces__rosidl_generator_c.so"
      },
      {
        "library": "libyaml-0.so.2",
        "line": "\tlibyaml-0.so.2 => /usr/lib/x86_64-linux-gnu/libyaml-0.so.2 (0x00007163425ad000)",
        "path": "/usr/lib/x86_64-linux-gnu/libyaml-0.so.2.0.9"
      },
      {
        "library": "libstatistics_msgs__rosidl_generator_c.so",
        "line": "\tlibstatistics_msgs__rosidl_generator_c.so => /opt/ros/jazzy/lib/libstatistics_msgs__rosidl_generator_c.so (0x00007163425a4000)",
        "path": "/opt/ros/jazzy/lib/libstatistics_msgs__rosidl_generator_c.so"
      },
      {
        "library": "liblttng-ust.so.1",
        "line": "\tliblttng-ust.so.1 => /usr/lib/x86_64-linux-gnu/liblttng-ust.so.1 (0x0000716342521000)",
        "path": "/usr/lib/x86_64-linux-gnu/liblttng-ust.so.1.0.0"
      },
      {
        "library": "libsensor_msgs__rosidl_generator_c.so",
        "line": "\tlibsensor_msgs__rosidl_generator_c.so => /opt/ros/jazzy/lib/libsensor_msgs__rosidl_generator_c.so (0x00007163424dd000)",
        "path": "/opt/ros/jazzy/lib/libsensor_msgs__rosidl_generator_c.so"
      },
      {
        "library": "libglog.so.1",
        "line": "\tlibglog.so.1 => /usr/lib/x86_64-linux-gnu/libglog.so.1 (0x00007163424a7000)",
        "path": "/usr/lib/x86_64-linux-gnu/libglog.so.0.6.0"
      },
      {
        "library": "libgnss_comm__rosidl_generator_c.so",
        "line": "\tlibgnss_comm__rosidl_generator_c.so => /home/dev/ws_iap/install/gnss_comm/lib/libgnss_comm__rosidl_generator_c.so (0x000071634246e000)",
        "path": "/home/dev/ws_iap/install/gnss_comm/lib/libgnss_comm__rosidl_generator_c.so"
      },
      {
        "library": "libstd_msgs__rosidl_generator_c.so",
        "line": "\tlibstd_msgs__rosidl_generator_c.so => /opt/ros/jazzy/lib/libstd_msgs__rosidl_generator_c.so (0x000071634243d000)",
        "path": "/opt/ros/jazzy/lib/libstd_msgs__rosidl_generator_c.so"
      },
      {
        "library": "librcl_interfaces__rosidl_generator_c.so",
        "line": "\tlibrcl_interfaces__rosidl_generator_c.so => /opt/ros/jazzy/lib/librcl_interfaces__rosidl_generator_c.so (0x00007163423ef000)",
        "path": "/opt/ros/jazzy/lib/librcl_interfaces__rosidl_generator_c.so"
      },
      {
        "library": "librosgraph_msgs__rosidl_generator_c.so",
        "line": "\tlibrosgraph_msgs__rosidl_generator_c.so => /opt/ros/jazzy/lib/librosgraph_msgs__rosidl_generator_c.so (0x00007163423ea000)",
        "path": "/opt/ros/jazzy/lib/librosgraph_msgs__rosidl_generator_c.so"
      },
      {
        "library": "librosidl_typesupport_c.so",
        "line": "\tlibrosidl_typesupport_c.so => /opt/ros/jazzy/lib/librosidl_typesupport_c.so (0x00007163423e4000)",
        "path": "/opt/ros/jazzy/lib/librosidl_typesupport_c.so"
      },
      {
        "library": "libgeometry_msgs__rosidl_generator_c.so",
        "line": "\tlibgeometry_msgs__rosidl_generator_c.so => /opt/ros/jazzy/lib/libgeometry_msgs__rosidl_generator_c.so (0x00007163423a6000)",
        "path": "/opt/ros/jazzy/lib/libgeometry_msgs__rosidl_generator_c.so"
      },
      {
        "library": "libservice_msgs__rosidl_generator_c.so",
        "line": "\tlibservice_msgs__rosidl_generator_c.so => /opt/ros/jazzy/lib/libservice_msgs__rosidl_generator_c.so (0x00007163423a1000)",
        "path": "/opt/ros/jazzy/lib/libservice_msgs__rosidl_generator_c.so"
      },
      {
        "library": "libbuiltin_interfaces__rosidl_generator_c.so",
        "line": "\tlibbuiltin_interfaces__rosidl_generator_c.so => /opt/ros/jazzy/lib/libbuiltin_interfaces__rosidl_generator_c.so (0x0000716342398000)",
        "path": "/opt/ros/jazzy/lib/libbuiltin_interfaces__rosidl_generator_c.so"
      },
      {
        "library": "libboost_timer.so.1.83.0",
        "line": "\tlibboost_timer.so.1.83.0 => /usr/lib/x86_64-linux-gnu/libboost_timer.so.1.83.0 (0x0000716342391000)",
        "path": "/usr/lib/x86_64-linux-gnu/libboost_timer.so.1.83.0"
      },
      {
        "library": "libz.so.1",
        "line": "\tlibz.so.1 => /usr/lib/x86_64-linux-gnu/libz.so.1 (0x0000716342375000)",
        "path": "/usr/lib/x86_64-linux-gnu/libz.so.1.3"
      },
      {
        "library": "libGLX.so.0",
        "line": "\tlibGLX.so.0 => /usr/lib/x86_64-linux-gnu/libGLX.so.0 (0x0000716342342000)",
        "path": "/usr/lib/x86_64-linux-gnu/libGLX.so.0.0.0"
      },
      {
        "library": "liblapack.so.3",
        "line": "\tliblapack.so.3 => /usr/lib/x86_64-linux-gnu/liblapack.so.3 (0x0000716341c52000)",
        "path": "/usr/lib/x86_64-linux-gnu/lapack/liblapack.so.3.12.0"
      },
      {
        "library": "libblas.so.3",
        "line": "\tlibblas.so.3 => /usr/lib/x86_64-linux-gnu/libblas.so.3 (0x0000716341ba9000)",
        "path": "/usr/lib/x86_64-linux-gnu/blas/libblas.so.3.12.0"
      },
      {
        "library": "libtbb.so.12",
        "line": "\tlibtbb.so.12 => /usr/lib/x86_64-linux-gnu/libtbb.so.12 (0x0000716341b55000)",
        "path": "/usr/lib/x86_64-linux-gnu/libtbb.so.12.11"
      },
      {
        "library": "libcudart.so.12",
        "line": "\tlibcudart.so.12 => /usr/local/cuda/targets/x86_64-linux/lib/libcudart.so.12 (0x0000716341800000)",
        "path": "/usr/local/cuda-12.5/targets/x86_64-linux/lib/libcudart.so.12.5.82"
      },
      {
        "library": "libmetis.so.5",
        "line": "\tlibmetis.so.5 => /usr/lib/x86_64-linux-gnu/libmetis.so.5 (0x0000716341aeb000)",
        "path": "/usr/lib/x86_64-linux-gnu/libmetis.so.5.1.0"
      },
      {
        "library": "libnuma.so.1",
        "line": "\tlibnuma.so.1 => /usr/lib/x86_64-linux-gnu/libnuma.so.1 (0x0000716341add000)",
        "path": "/usr/lib/x86_64-linux-gnu/libnuma.so.1.0.0"
      },
      {
        "library": "liblttng-ust-common.so.1",
        "line": "\tliblttng-ust-common.so.1 => /usr/lib/x86_64-linux-gnu/liblttng-ust-common.so.1 (0x0000716341ace000)",
        "path": "/usr/lib/x86_64-linux-gnu/liblttng-ust-common.so.1.0.0"
      },
      {
        "library": "liblttng-ust-tracepoint.so.1",
        "line": "\tliblttng-ust-tracepoint.so.1 => /usr/lib/x86_64-linux-gnu/liblttng-ust-tracepoint.so.1 (0x0000716341ab1000)",
        "path": "/usr/lib/x86_64-linux-gnu/liblttng-ust-tracepoint.so.1.0.0"
      },
      {
        "library": "libgflags.so.2.2",
        "line": "\tlibgflags.so.2.2 => /usr/lib/x86_64-linux-gnu/libgflags.so.2.2 (0x00007163417df000)",
        "path": "/usr/lib/x86_64-linux-gnu/libgflags.so.2.2.2"
      },
      {
        "library": "libunwind.so.8",
        "line": "\tlibunwind.so.8 => /usr/lib/x86_64-linux-gnu/libunwind.so.8 (0x00007163417c4000)",
        "path": "/usr/lib/x86_64-linux-gnu/libunwind.so.8.0.1"
      },
      {
        "library": "libGLdispatch.so.0",
        "line": "\tlibGLdispatch.so.0 => /usr/lib/x86_64-linux-gnu/libGLdispatch.so.0 (0x000071634170c000)",
        "path": "/usr/lib/x86_64-linux-gnu/libGLdispatch.so.0.0.0"
      },
      {
        "library": "libX11.so.6",
        "line": "\tlibX11.so.6 => /usr/lib/x86_64-linux-gnu/libX11.so.6 (0x00007163415cd000)",
        "path": "/usr/lib/x86_64-linux-gnu/libX11.so.6.4.0"
      },
      {
        "library": "libgfortran.so.5",
        "line": "\tlibgfortran.so.5 => /usr/lib/x86_64-linux-gnu/libgfortran.so.5 (0x00007163412af000)",
        "path": "/usr/lib/x86_64-linux-gnu/libgfortran.so.5.0.0"
      },
      {
        "library": "libdl.so.2",
        "line": "\tlibdl.so.2 => /usr/lib/x86_64-linux-gnu/libdl.so.2 (0x00007163412aa000)",
        "path": "/usr/lib/x86_64-linux-gnu/libdl.so.2"
      },
      {
        "library": "libpthread.so.0",
        "line": "\tlibpthread.so.0 => /usr/lib/x86_64-linux-gnu/libpthread.so.0 (0x00007163412a5000)",
        "path": "/usr/lib/x86_64-linux-gnu/libpthread.so.0"
      },
      {
        "library": "librt.so.1",
        "line": "\tlibrt.so.1 => /usr/lib/x86_64-linux-gnu/librt.so.1 (0x00007163412a0000)",
        "path": "/usr/lib/x86_64-linux-gnu/librt.so.1"
      },
      {
        "library": "liblzma.so.5",
        "line": "\tliblzma.so.5 => /usr/lib/x86_64-linux-gnu/liblzma.so.5 (0x000071634126c000)",
        "path": "/usr/lib/x86_64-linux-gnu/liblzma.so.5.4.5"
      },
      {
        "library": "libxcb.so.1",
        "line": "\tlibxcb.so.1 => /usr/lib/x86_64-linux-gnu/libxcb.so.1 (0x0000716341243000)",
        "path": "/usr/lib/x86_64-linux-gnu/libxcb.so.1.1.0"
      },
      {
        "library": "libXau.so.6",
        "line": "\tlibXau.so.6 => /usr/lib/x86_64-linux-gnu/libXau.so.6 (0x000071634123d000)",
        "path": "/usr/lib/x86_64-linux-gnu/libXau.so.6.0.0"
      },
      {
        "library": "libXdmcp.so.6",
        "line": "\tlibXdmcp.so.6 => /usr/lib/x86_64-linux-gnu/libXdmcp.so.6 (0x0000716341235000)",
        "path": "/usr/lib/x86_64-linux-gnu/libXdmcp.so.6.0.0"
      },
      {
        "library": "libbsd.so.0",
        "line": "\tlibbsd.so.0 => /usr/lib/x86_64-linux-gnu/libbsd.so.0 (0x000071634121f000)",
        "path": "/usr/lib/x86_64-linux-gnu/libbsd.so.0.12.1"
      },
      {
        "library": "libmd.so.0",
        "line": "\tlibmd.so.0 => /usr/lib/x86_64-linux-gnu/libmd.so.0 (0x000071634120e000)",
        "path": "/usr/lib/x86_64-linux-gnu/libmd.so.0.1.0"
      },
      {
        "library": "libiap.so",
        "line": "\tlibiap.so => /home/dev/ws_iap/src/iap/results/icra27/icra031/install/lib/libiap.so (0x00007b9051000000)",
        "path": "/home/dev/ws_iap/src/iap/results/icra27/icra031/install/lib/libiap.so"
      },
      {
        "library": "libstdc++.so.6",
        "line": "\tlibstdc++.so.6 => /usr/lib/x86_64-linux-gnu/libstdc++.so.6 (0x00007b9050d82000)",
        "path": "/usr/lib/x86_64-linux-gnu/libstdc++.so.6.0.33"
      },
      {
        "library": "libm.so.6",
        "line": "\tlibm.so.6 => /usr/lib/x86_64-linux-gnu/libm.so.6 (0x00007b90518c3000)",
        "path": "/usr/lib/x86_64-linux-gnu/libm.so.6"
      },
      {
        "library": "libgcc_s.so.1",
        "line": "\tlibgcc_s.so.1 => /usr/lib/x86_64-linux-gnu/libgcc_s.so.1 (0x00007b9051895000)",
        "path": "/usr/lib/x86_64-linux-gnu/libgcc_s.so.1"
      },
      {
        "library": "libc.so.6",
        "line": "\tlibc.so.6 => /usr/lib/x86_64-linux-gnu/libc.so.6 (0x00007b9050b70000)",
        "path": "/usr/lib/x86_64-linux-gnu/libc.so.6"
      },
      {
        "library": "libgtsam_points.so.1",
        "line": "\tlibgtsam_points.so.1 => /usr/local/lib/libgtsam_points.so.1 (0x00007b905087d000)",
        "path": "/usr/local/lib/libgtsam_points.so.1.2.1"
      },
      {
        "library": "libspdlog.so.1.12",
        "line": "\tlibspdlog.so.1.12 => /usr/lib/x86_64-linux-gnu/libspdlog.so.1.12 (0x00007b90507f6000)",
        "path": "/usr/lib/x86_64-linux-gnu/libspdlog.so.1.12.0"
      },
      {
        "library": "libopencv_core.so.406",
        "line": "\tlibopencv_core.so.406 => /usr/lib/x86_64-linux-gnu/libopencv_core.so.406 (0x00007b9050482000)",
        "path": "/usr/lib/x86_64-linux-gnu/libopencv_core.so.4.6.0"
      },
      {
        "library": "libgnss_comm_lib.so",
        "line": "\tlibgnss_comm_lib.so => /home/dev/ws_iap/install/gnss_comm/lib/libgnss_comm_lib.so (0x00007b9050000000)",
        "path": "/home/dev/ws_iap/install/gnss_comm/lib/libgnss_comm_lib.so"
      },
      {
        "library": "libgtsam_points_cuda.so.1",
        "line": "\tlibgtsam_points_cuda.so.1 => /usr/local/lib/libgtsam_points_cuda.so.1 (0x00007b904fce9000)",
        "path": "/usr/local/lib/libgtsam_points_cuda.so.1.2.1"
      },
      {
        "library": "libgomp.so.1",
        "line": "\tlibgomp.so.1 => /usr/lib/x86_64-linux-gnu/libgomp.so.1 (0x00007b905183d000)",
        "path": "/usr/lib/x86_64-linux-gnu/libgomp.so.1.0.0"
      },
      {
        "library": "libgtsam.so.4",
        "line": "\tlibgtsam.so.4 => /usr/lib/x86_64-linux-gnu/libgtsam.so.4 (0x00007b904f7ec000)",
        "path": "/usr/lib/x86_64-linux-gnu/libgtsam.so.4.3a0"
      },
      {
        "library": "libboost_serialization.so.1.83.0",
        "line": "\tlibboost_serialization.so.1.83.0 => /usr/lib/x86_64-linux-gnu/libboost_serialization.so.1.83.0 (0x00007b905043f000)",
        "path": "/usr/lib/x86_64-linux-gnu/libboost_serialization.so.1.83.0"
      },
      {
        "library": "libboost_filesystem.so.1.83.0",
        "line": "\tlibboost_filesystem.so.1.83.0 => /usr/lib/x86_64-linux-gnu/libboost_filesystem.so.1.83.0 (0x00007b905041c000)",
        "path": "/usr/lib/x86_64-linux-gnu/libboost_filesystem.so.1.83.0"
      },
      {
        "library": "libcephes-gtsam.so.1",
        "line": "\tlibcephes-gtsam.so.1 => /usr/lib/x86_64-linux-gnu/libcephes-gtsam.so.1 (0x00007b90503ea000)",
        "path": "/usr/lib/x86_64-linux-gnu/libcephes-gtsam.so.1.0.0"
      },
      {
        "library": "libfmt.so.9",
        "line": "\tlibfmt.so.9 => /usr/lib/x86_64-linux-gnu/libfmt.so.9 (0x00007b90503c9000)",
        "path": "/usr/lib/x86_64-linux-gnu/libfmt.so.9.1.0"
      },
      {
        "library": "libboost_timer.so.1.83.0",
        "line": "\tlibboost_timer.so.1.83.0 => /usr/lib/x86_64-linux-gnu/libboost_timer.so.1.83.0 (0x00007b9051834000)",
        "path": "/usr/lib/x86_64-linux-gnu/libboost_timer.so.1.83.0"
      },
      {
        "library": "libz.so.1",
        "line": "\tlibz.so.1 => /usr/lib/x86_64-linux-gnu/libz.so.1 (0x00007b90503ad000)",
        "path": "/usr/lib/x86_64-linux-gnu/libz.so.1.3"
      },
      {
        "library": "libGLX.so.0",
        "line": "\tlibGLX.so.0 => /usr/lib/x86_64-linux-gnu/libGLX.so.0 (0x00007b905037a000)",
        "path": "/usr/lib/x86_64-linux-gnu/libGLX.so.0.0.0"
      },
      {
        "library": "liblapack.so.3",
        "line": "\tliblapack.so.3 => /usr/lib/x86_64-linux-gnu/liblapack.so.3 (0x00007b904f0fc000)",
        "path": "/usr/lib/x86_64-linux-gnu/lapack/liblapack.so.3.12.0"
      },
      {
        "library": "libblas.so.3",
        "line": "\tlibblas.so.3 => /usr/lib/x86_64-linux-gnu/libblas.so.3 (0x00007b904f055000)",
        "path": "/usr/lib/x86_64-linux-gnu/blas/libblas.so.3.12.0"
      },
      {
        "library": "libtbb.so.12",
        "line": "\tlibtbb.so.12 => /usr/lib/x86_64-linux-gnu/libtbb.so.12 (0x00007b9050326000)",
        "path": "/usr/lib/x86_64-linux-gnu/libtbb.so.12.11"
      },
      {
        "library": "libglog.so.1",
        "line": "\tlibglog.so.1 => /usr/lib/x86_64-linux-gnu/libglog.so.1 (0x00007b904f01f000)",
        "path": "/usr/lib/x86_64-linux-gnu/libglog.so.0.6.0"
      },
      {
        "library": "libcudart.so.12",
        "line": "\tlibcudart.so.12 => /usr/local/cuda/targets/x86_64-linux/lib/libcudart.so.12 (0x00007b904ec00000)",
        "path": "/usr/local/cuda-12.5/targets/x86_64-linux/lib/libcudart.so.12.5.82"
      },
      {
        "library": "libmetis.so.5",
        "line": "\tlibmetis.so.5 => /usr/lib/x86_64-linux-gnu/libmetis.so.5 (0x00007b904efb5000)",
        "path": "/usr/lib/x86_64-linux-gnu/libmetis.so.5.1.0"
      },
      {
        "library": "libGLdispatch.so.0",
        "line": "\tlibGLdispatch.so.0 => /usr/lib/x86_64-linux-gnu/libGLdispatch.so.0 (0x00007b904eefd000)",
        "path": "/usr/lib/x86_64-linux-gnu/libGLdispatch.so.0.0.0"
      },
      {
        "library": "libX11.so.6",
        "line": "\tlibX11.so.6 => /usr/lib/x86_64-linux-gnu/libX11.so.6 (0x00007b904eac3000)",
        "path": "/usr/lib/x86_64-linux-gnu/libX11.so.6.4.0"
      },
      {
        "library": "libgfortran.so.5",
        "line": "\tlibgfortran.so.5 => /usr/lib/x86_64-linux-gnu/libgfortran.so.5 (0x00007b904e7a5000)",
        "path": "/usr/lib/x86_64-linux-gnu/libgfortran.so.5.0.0"
      },
      {
        "library": "libgflags.so.2.2",
        "line": "\tlibgflags.so.2.2 => /usr/lib/x86_64-linux-gnu/libgflags.so.2.2 (0x00007b904eedc000)",
        "path": "/usr/lib/x86_64-linux-gnu/libgflags.so.2.2.2"
      },
      {
        "library": "libunwind.so.8",
        "line": "\tlibunwind.so.8 => /usr/lib/x86_64-linux-gnu/libunwind.so.8 (0x00007b904eec1000)",
        "path": "/usr/lib/x86_64-linux-gnu/libunwind.so.8.0.1"
      },
      {
        "library": "libdl.so.2",
        "line": "\tlibdl.so.2 => /usr/lib/x86_64-linux-gnu/libdl.so.2 (0x00007b9051829000)",
        "path": "/usr/lib/x86_64-linux-gnu/libdl.so.2"
      },
      {
        "library": "libpthread.so.0",
        "line": "\tlibpthread.so.0 => /usr/lib/x86_64-linux-gnu/libpthread.so.0 (0x00007b9051824000)",
        "path": "/usr/lib/x86_64-linux-gnu/libpthread.so.0"
      },
      {
        "library": "librt.so.1",
        "line": "\tlibrt.so.1 => /usr/lib/x86_64-linux-gnu/librt.so.1 (0x00007b905181f000)",
        "path": "/usr/lib/x86_64-linux-gnu/librt.so.1"
      },
      {
        "library": "libxcb.so.1",
        "line": "\tlibxcb.so.1 => /usr/lib/x86_64-linux-gnu/libxcb.so.1 (0x00007b904e77c000)",
        "path": "/usr/lib/x86_64-linux-gnu/libxcb.so.1.1.0"
      },
      {
        "library": "liblzma.so.5",
        "line": "\tliblzma.so.5 => /usr/lib/x86_64-linux-gnu/liblzma.so.5 (0x00007b904e74a000)",
        "path": "/usr/lib/x86_64-linux-gnu/liblzma.so.5.4.5"
      },
      {
        "library": "libXau.so.6",
        "line": "\tlibXau.so.6 => /usr/lib/x86_64-linux-gnu/libXau.so.6 (0x00007b904eebb000)",
        "path": "/usr/lib/x86_64-linux-gnu/libXau.so.6.0.0"
      },
      {
        "library": "libXdmcp.so.6",
        "line": "\tlibXdmcp.so.6 => /usr/lib/x86_64-linux-gnu/libXdmcp.so.6 (0x00007b904eeb3000)",
        "path": "/usr/lib/x86_64-linux-gnu/libXdmcp.so.6.0.0"
      },
      {
        "library": "libbsd.so.0",
        "line": "\tlibbsd.so.0 => /usr/lib/x86_64-linux-gnu/libbsd.so.0 (0x00007b904e734000)",
        "path": "/usr/lib/x86_64-linux-gnu/libbsd.so.0.12.1"
      },
      {
        "library": "libmd.so.0",
        "line": "\tlibmd.so.0 => /usr/lib/x86_64-linux-gnu/libmd.so.0 (0x00007b904e725000)",
        "path": "/usr/lib/x86_64-linux-gnu/libmd.so.0.1.0"
      },
      {
        "library": "libpath_searching.so",
        "line": "\tlibpath_searching.so => /home/dev/ws_iap/src/iap/results/icra27/icra026/install_path_searching/lib/libpath_searching.so (0x00007d0e1f6ff000)",
        "path": "/home/dev/ws_iap/src/iap/results/icra27/icra026/install_path_searching/lib/libpath_searching.so"
      },
      {
        "library": "libiap.so",
        "line": "\tlibiap.so => /home/dev/ws_iap/src/iap/results/icra27/icra031/install/lib/libiap.so (0x00007d0e1ee00000)",
        "path": "/home/dev/ws_iap/src/iap/results/icra27/icra031/install/lib/libiap.so"
      },
      {
        "library": "libstdc++.so.6",
        "line": "\tlibstdc++.so.6 => /usr/lib/x86_64-linux-gnu/libstdc++.so.6 (0x00007d0e1eb82000)",
        "path": "/usr/lib/x86_64-linux-gnu/libstdc++.so.6.0.33"
      },
      {
        "library": "libm.so.6",
        "line": "\tlibm.so.6 => /usr/lib/x86_64-linux-gnu/libm.so.6 (0x00007d0e1ea99000)",
        "path": "/usr/lib/x86_64-linux-gnu/libm.so.6"
      },
      {
        "library": "libgcc_s.so.1",
        "line": "\tlibgcc_s.so.1 => /usr/lib/x86_64-linux-gnu/libgcc_s.so.1 (0x00007d0e1f6b1000)",
        "path": "/usr/lib/x86_64-linux-gnu/libgcc_s.so.1"
      },
      {
        "library": "libc.so.6",
        "line": "\tlibc.so.6 => /usr/lib/x86_64-linux-gnu/libc.so.6 (0x00007d0e1e887000)",
        "path": "/usr/lib/x86_64-linux-gnu/libc.so.6"
      },
      {
        "library": "librclcpp.so",
        "line": "\tlibrclcpp.so => /opt/ros/jazzy/lib/librclcpp.so (0x00007d0e1e629000)",
        "path": "/opt/ros/jazzy/lib/librclcpp.so"
      },
      {
        "library": "librcutils.so",
        "line": "\tlibrcutils.so => /opt/ros/jazzy/lib/librcutils.so (0x00007d0e1f691000)",
        "path": "/opt/ros/jazzy/lib/librcutils.so"
      },
      {
        "library": "libgtsam_points.so.1",
        "line": "\tlibgtsam_points.so.1 => /usr/local/lib/libgtsam_points.so.1 (0x00007d0e1e336000)",
        "path": "/usr/local/lib/libgtsam_points.so.1.2.1"
      },
      {
        "library": "libspdlog.so.1.12",
        "line": "\tlibspdlog.so.1.12 => /usr/lib/x86_64-linux-gnu/libspdlog.so.1.12 (0x00007d0e1e2af000)",
        "path": "/usr/lib/x86_64-linux-gnu/libspdlog.so.1.12.0"
      },
      {
        "library": "libopencv_core.so.406",
        "line": "\tlibopencv_core.so.406 => /usr/lib/x86_64-linux-gnu/libopencv_core.so.406 (0x00007d0e1df3b000)",
        "path": "/usr/lib/x86_64-linux-gnu/libopencv_core.so.4.6.0"
      },
      {
        "library": "libgnss_comm_lib.so",
        "line": "\tlibgnss_comm_lib.so => /home/dev/ws_iap/install/gnss_comm/lib/libgnss_comm_lib.so (0x00007d0e1dc00000)",
        "path": "/home/dev/ws_iap/install/gnss_comm/lib/libgnss_comm_lib.so"
      },
      {
        "library": "libgtsam_points_cuda.so.1",
        "line": "\tlibgtsam_points_cuda.so.1 => /usr/local/lib/libgtsam_points_cuda.so.1 (0x00007d0e1d8e9000)",
        "path": "/usr/local/lib/libgtsam_points_cuda.so.1.2.1"
      },
      {
        "library": "libgomp.so.1",
        "line": "\tlibgomp.so.1 => /usr/lib/x86_64-linux-gnu/libgomp.so.1 (0x00007d0e1f637000)",
        "path": "/usr/lib/x86_64-linux-gnu/libgomp.so.1.0.0"
      },
      {
        "library": "libgtsam.so.4",
        "line": "\tlibgtsam.so.4 => /usr/lib/x86_64-linux-gnu/libgtsam.so.4 (0x00007d0e1d3ec000)",
        "path": "/usr/lib/x86_64-linux-gnu/libgtsam.so.4.3a0"
      },
      {
        "library": "libboost_serialization.so.1.83.0",
        "line": "\tlibboost_serialization.so.1.83.0 => /usr/lib/x86_64-linux-gnu/libboost_serialization.so.1.83.0 (0x00007d0e1d3a9000)",
        "path": "/usr/lib/x86_64-linux-gnu/libboost_serialization.so.1.83.0"
      },
      {
        "library": "libboost_filesystem.so.1.83.0",
        "line": "\tlibboost_filesystem.so.1.83.0 => /usr/lib/x86_64-linux-gnu/libboost_filesystem.so.1.83.0 (0x00007d0e1d386000)",
        "path": "/usr/lib/x86_64-linux-gnu/libboost_filesystem.so.1.83.0"
      },
      {
        "library": "libcephes-gtsam.so.1",
        "line": "\tlibcephes-gtsam.so.1 => /usr/lib/x86_64-linux-gnu/libcephes-gtsam.so.1 (0x00007d0e1d354000)",
        "path": "/usr/lib/x86_64-linux-gnu/libcephes-gtsam.so.1.0.0"
      },
      {
        "library": "libfmt.so.9",
        "line": "\tlibfmt.so.9 => /usr/lib/x86_64-linux-gnu/libfmt.so.9 (0x00007d0e1d333000)",
        "path": "/usr/lib/x86_64-linux-gnu/libfmt.so.9.1.0"
      },
      {
        "library": "liblibstatistics_collector.so",
        "line": "\tliblibstatistics_collector.so => /opt/ros/jazzy/lib/liblibstatistics_collector.so (0x00007d0e1f62d000)",
        "path": "/opt/ros/jazzy/lib/liblibstatistics_collector.so"
      },
      {
        "library": "librcl.so",
        "line": "\tlibrcl.so => /opt/ros/jazzy/lib/librcl.so (0x00007d0e1d2ec000)",
        "path": "/opt/ros/jazzy/lib/librcl.so"
      },
      {
        "library": "librcl_interfaces__rosidl_typesupport_cpp.so",
        "line": "\tlibrcl_interfaces__rosidl_typesupport_cpp.so => /opt/ros/jazzy/lib/librcl_interfaces__rosidl_typesupport_cpp.so (0x00007d0e1d2d1000)",
        "path": "/opt/ros/jazzy/lib/librcl_interfaces__rosidl_typesupport_cpp.so"
      },
      {
        "library": "librcl_yaml_param_parser.so",
        "line": "\tlibrcl_yaml_param_parser.so => /opt/ros/jazzy/lib/librcl_yaml_param_parser.so (0x00007d0e1f621000)",
        "path": "/opt/ros/jazzy/lib/librcl_yaml_param_parser.so"
      },
      {
        "library": "librosgraph_msgs__rosidl_typesupport_cpp.so",
        "line": "\tlibrosgraph_msgs__rosidl_typesupport_cpp.so => /opt/ros/jazzy/lib/librosgraph_msgs__rosidl_typesupport_cpp.so (0x00007d0e1f61c000)",
        "path": "/opt/ros/jazzy/lib/librosgraph_msgs__rosidl_typesupport_cpp.so"
      },
      {
        "library": "libstatistics_msgs__rosidl_typesupport_cpp.so",
        "line": "\tlibstatistics_msgs__rosidl_typesupport_cpp.so => /opt/ros/jazzy/lib/libstatistics_msgs__rosidl_typesupport_cpp.so (0x00007d0e1df33000)",
        "path": "/opt/ros/jazzy/lib/libstatistics_msgs__rosidl_typesupport_cpp.so"
      },
      {
        "library": "libtracetools.so",
        "line": "\tlibtracetools.so => /opt/ros/jazzy/lib/libtracetools.so (0x00007d0e1d2b7000)",
        "path": "/opt/ros/jazzy/lib/libtracetools.so"
      },
      {
        "library": "librcl_logging_interface.so",
        "line": "\tlibrcl_logging_interface.so => /opt/ros/jazzy/lib/librcl_logging_interface.so (0x00007d0e1df2e000)",
        "path": "/opt/ros/jazzy/lib/librcl_logging_interface.so"
      },
      {
        "library": "librmw_implementation.so",
        "line": "\tlibrmw_implementation.so => /opt/ros/jazzy/lib/librmw_implementation.so (0x00007d0e1d2aa000)",
        "path": "/opt/ros/jazzy/lib/librmw_implementation.so"
      },
      {
        "library": "libament_index_cpp.so",
        "line": "\tlibament_index_cpp.so => /opt/ros/jazzy/lib/libament_index_cpp.so (0x00007d0e1d29e000)",
        "path": "/opt/ros/jazzy/lib/libament_index_cpp.so"
      },
      {
        "library": "libtype_description_interfaces__rosidl_typesupport_c.so",
        "line": "\tlibtype_description_interfaces__rosidl_typesupport_c.so => /opt/ros/jazzy/lib/libtype_description_interfaces__rosidl_typesupport_c.so (0x00007d0e1d297000)",
        "path": "/opt/ros/jazzy/lib/libtype_description_interfaces__rosidl_typesupport_c.so"
      },
      {
        "library": "librmw.so",
        "line": "\tlibrmw.so => /opt/ros/jazzy/lib/librmw.so (0x00007d0e1d28c000)",
        "path": "/opt/ros/jazzy/lib/librmw.so"
      },
      {
        "library": "librosidl_dynamic_typesupport.so",
        "line": "\tlibrosidl_dynamic_typesupport.so => /opt/ros/jazzy/lib/librosidl_dynamic_typesupport.so (0x00007d0e1d273000)",
        "path": "/opt/ros/jazzy/lib/librosidl_dynamic_typesupport.so"
      },
      {
        "library": "librosidl_typesupport_introspection_cpp.so",
        "line": "\tlibrosidl_typesupport_introspection_cpp.so => /opt/ros/jazzy/lib/librosidl_typesupport_introspection_cpp.so (0x00007d0e1df27000)",
        "path": "/opt/ros/jazzy/lib/librosidl_typesupport_introspection_cpp.so"
      },
      {
        "library": "librcpputils.so",
        "line": "\tlibrcpputils.so => /opt/ros/jazzy/lib/librcpputils.so (0x00007d0e1d264000)",
        "path": "/opt/ros/jazzy/lib/librcpputils.so"
      },
      {
        "library": "librosidl_runtime_c.so",
        "line": "\tlibrosidl_runtime_c.so => /opt/ros/jazzy/lib/librosidl_runtime_c.so (0x00007d0e1d243000)",
        "path": "/opt/ros/jazzy/lib/librosidl_runtime_c.so"
      },
      {
        "library": "libboost_timer.so.1.83.0",
        "line": "\tlibboost_timer.so.1.83.0 => /usr/lib/x86_64-linux-gnu/libboost_timer.so.1.83.0 (0x00007d0e1d23c000)",
        "path": "/usr/lib/x86_64-linux-gnu/libboost_timer.so.1.83.0"
      },
      {
        "library": "libz.so.1",
        "line": "\tlibz.so.1 => /usr/lib/x86_64-linux-gnu/libz.so.1 (0x00007d0e1d220000)",
        "path": "/usr/lib/x86_64-linux-gnu/libz.so.1.3"
      },
      {
        "library": "libGLX.so.0",
        "line": "\tlibGLX.so.0 => /usr/lib/x86_64-linux-gnu/libGLX.so.0 (0x00007d0e1d1ed000)",
        "path": "/usr/lib/x86_64-linux-gnu/libGLX.so.0.0.0"
      },
      {
        "library": "liblapack.so.3",
        "line": "\tliblapack.so.3 => /usr/lib/x86_64-linux-gnu/liblapack.so.3 (0x00007d0e1cafd000)",
        "path": "/usr/lib/x86_64-linux-gnu/lapack/liblapack.so.3.12.0"
      },
      {
        "library": "libblas.so.3",
        "line": "\tlibblas.so.3 => /usr/lib/x86_64-linux-gnu/libblas.so.3 (0x00007d0e1ca54000)",
        "path": "/usr/lib/x86_64-linux-gnu/blas/libblas.so.3.12.0"
      },
      {
        "library": "libtbb.so.12",
        "line": "\tlibtbb.so.12 => /usr/lib/x86_64-linux-gnu/libtbb.so.12 (0x00007d0e1ca00000)",
        "path": "/usr/lib/x86_64-linux-gnu/libtbb.so.12.11"
      },
      {
        "library": "libglog.so.1",
        "line": "\tlibglog.so.1 => /usr/lib/x86_64-linux-gnu/libglog.so.1 (0x00007d0e1c9ca000)",
        "path": "/usr/lib/x86_64-linux-gnu/libglog.so.0.6.0"
      },
      {
        "library": "libcudart.so.12",
        "line": "\tlibcudart.so.12 => /usr/local/cuda/targets/x86_64-linux/lib/libcudart.so.12 (0x00007d0e1c600000)",
        "path": "/usr/local/cuda-12.5/targets/x86_64-linux/lib/libcudart.so.12.5.82"
      },
      {
        "library": "libmetis.so.5",
        "line": "\tlibmetis.so.5 => /usr/lib/x86_64-linux-gnu/libmetis.so.5 (0x00007d0e1c960000)",
        "path": "/usr/lib/x86_64-linux-gnu/libmetis.so.5.1.0"
      },
      {
        "library": "librcl_logging_spdlog.so",
        "line": "\tlibrcl_logging_spdlog.so => /opt/ros/jazzy/lib/librcl_logging_spdlog.so (0x00007d0e1c954000)",
        "path": "/opt/ros/jazzy/lib/librcl_logging_spdlog.so"
      },
      {
        "library": "librcl_interfaces__rosidl_typesupport_c.so",
        "line": "\tlibrcl_interfaces__rosidl_typesupport_c.so => /opt/ros/jazzy/lib/librcl_interfaces__rosidl_typesupport_c.so (0x00007d0e1c944000)",
        "path": "/opt/ros/jazzy/lib/librcl_interfaces__rosidl_typesupport_c.so"
      },
      {
        "library": "libtype_description_interfaces__rosidl_generator_c.so",
        "line": "\tlibtype_description_interfaces__rosidl_generator_c.so => /opt/ros/jazzy/lib/libtype_description_interfaces__rosidl_generator_c.so (0x00007d0e1c92c000)",
        "path": "/opt/ros/jazzy/lib/libtype_description_interfaces__rosidl_generator_c.so"
      },
      {
        "library": "libyaml-0.so.2",
        "line": "\tlibyaml-0.so.2 => /usr/lib/x86_64-linux-gnu/libyaml-0.so.2 (0x00007d0e1c90b000)",
        "path": "/usr/lib/x86_64-linux-gnu/libyaml-0.so.2.0.9"
      },
      {
        "library": "librcl_interfaces__rosidl_generator_c.so",
        "line": "\tlibrcl_interfaces__rosidl_generator_c.so => /opt/ros/jazzy/lib/librcl_interfaces__rosidl_generator_c.so (0x00007d0e1c8bd000)",
        "path": "/opt/ros/jazzy/lib/librcl_interfaces__rosidl_generator_c.so"
      },
      {
        "library": "librosidl_typesupport_cpp.so",
        "line": "\tlibrosidl_typesupport_cpp.so => /opt/ros/jazzy/lib/librosidl_typesupport_cpp.so (0x00007d0e1c8b5000)",
        "path": "/opt/ros/jazzy/lib/librosidl_typesupport_cpp.so"
      },
      {
        "library": "librosgraph_msgs__rosidl_generator_c.so",
        "line": "\tlibrosgraph_msgs__rosidl_generator_c.so => /opt/ros/jazzy/lib/librosgraph_msgs__rosidl_generator_c.so (0x00007d0e1c8b0000)",
        "path": "/opt/ros/jazzy/lib/librosgraph_msgs__rosidl_generator_c.so"
      },
      {
        "library": "libstatistics_msgs__rosidl_generator_c.so",
        "line": "\tlibstatistics_msgs__rosidl_generator_c.so => /opt/ros/jazzy/lib/libstatistics_msgs__rosidl_generator_c.so (0x00007d0e1c5f7000)",
        "path": "/opt/ros/jazzy/lib/libstatistics_msgs__rosidl_generator_c.so"
      },
      {
        "library": "liblttng-ust.so.1",
        "line": "\tliblttng-ust.so.1 => /usr/lib/x86_64-linux-gnu/liblttng-ust.so.1 (0x00007d0e1c574000)",
        "path": "/usr/lib/x86_64-linux-gnu/liblttng-ust.so.1.0.0"
      },
      {
        "library": "librosidl_typesupport_c.so",
        "line": "\tlibrosidl_typesupport_c.so => /opt/ros/jazzy/lib/librosidl_typesupport_c.so (0x00007d0e1c56e000)",
        "path": "/opt/ros/jazzy/lib/librosidl_typesupport_c.so"
      },
      {
        "library": "libGLdispatch.so.0",
        "line": "\tlibGLdispatch.so.0 => /usr/lib/x86_64-linux-gnu/libGLdispatch.so.0 (0x00007d0e1c4b4000)",
        "path": "/usr/lib/x86_64-linux-gnu/libGLdispatch.so.0.0.0"
      },
      {
        "library": "libX11.so.6",
        "line": "\tlibX11.so.6 => /usr/lib/x86_64-linux-gnu/libX11.so.6 (0x00007d0e1c377000)",
        "path": "/usr/lib/x86_64-linux-gnu/libX11.so.6.4.0"
      },
      {
        "library": "libgfortran.so.5",
        "line": "\tlibgfortran.so.5 => /usr/lib/x86_64-linux-gnu/libgfortran.so.5 (0x00007d0e1c059000)",
        "path": "/usr/lib/x86_64-linux-gnu/libgfortran.so.5.0.0"
      },
      {
        "library": "libgflags.so.2.2",
        "line": "\tlibgflags.so.2.2 => /usr/lib/x86_64-linux-gnu/libgflags.so.2.2 (0x00007d0e1c038000)",
        "path": "/usr/lib/x86_64-linux-gnu/libgflags.so.2.2.2"
      },
      {
        "library": "libunwind.so.8",
        "line": "\tlibunwind.so.8 => /usr/lib/x86_64-linux-gnu/libunwind.so.8 (0x00007d0e1c01d000)",
        "path": "/usr/lib/x86_64-linux-gnu/libunwind.so.8.0.1"
      },
      {
        "library": "libdl.so.2",
        "line": "\tlibdl.so.2 => /usr/lib/x86_64-linux-gnu/libdl.so.2 (0x00007d0e1c016000)",
        "path": "/usr/lib/x86_64-linux-gnu/libdl.so.2"
      },
      {
        "library": "libpthread.so.0",
        "line": "\tlibpthread.so.0 => /usr/lib/x86_64-linux-gnu/libpthread.so.0 (0x00007d0e1c011000)",
        "path": "/usr/lib/x86_64-linux-gnu/libpthread.so.0"
      },
      {
        "library": "librt.so.1",
        "line": "\tlibrt.so.1 => /usr/lib/x86_64-linux-gnu/librt.so.1 (0x00007d0e1c00c000)",
        "path": "/usr/lib/x86_64-linux-gnu/librt.so.1"
      },
      {
        "library": "libservice_msgs__rosidl_generator_c.so",
        "line": "\tlibservice_msgs__rosidl_generator_c.so => /opt/ros/jazzy/lib/libservice_msgs__rosidl_generator_c.so (0x00007d0e1c007000)",
        "path": "/opt/ros/jazzy/lib/libservice_msgs__rosidl_generator_c.so"
      },
      {
        "library": "libbuiltin_interfaces__rosidl_generator_c.so",
        "line": "\tlibbuiltin_interfaces__rosidl_generator_c.so => /opt/ros/jazzy/lib/libbuiltin_interfaces__rosidl_generator_c.so (0x00007d0e1c000000)",
        "path": "/opt/ros/jazzy/lib/libbuiltin_interfaces__rosidl_generator_c.so"
      },
      {
        "library": "libnuma.so.1",
        "line": "\tlibnuma.so.1 => /usr/lib/x86_64-linux-gnu/libnuma.so.1 (0x00007d0e1bff0000)",
        "path": "/usr/lib/x86_64-linux-gnu/libnuma.so.1.0.0"
      },
      {
        "library": "liblttng-ust-common.so.1",
        "line": "\tliblttng-ust-common.so.1 => /usr/lib/x86_64-linux-gnu/liblttng-ust-common.so.1 (0x00007d0e1bfe3000)",
        "path": "/usr/lib/x86_64-linux-gnu/liblttng-ust-common.so.1.0.0"
      },
      {
        "library": "liblttng-ust-tracepoint.so.1",
        "line": "\tliblttng-ust-tracepoint.so.1 => /usr/lib/x86_64-linux-gnu/liblttng-ust-tracepoint.so.1 (0x00007d0e1bfc6000)",
        "path": "/usr/lib/x86_64-linux-gnu/liblttng-ust-tracepoint.so.1.0.0"
      },
      {
        "library": "libxcb.so.1",
        "line": "\tlibxcb.so.1 => /usr/lib/x86_64-linux-gnu/libxcb.so.1 (0x00007d0e1bf9d000)",
        "path": "/usr/lib/x86_64-linux-gnu/libxcb.so.1.1.0"
      },
      {
        "library": "liblzma.so.5",
        "line": "\tliblzma.so.5 => /usr/lib/x86_64-linux-gnu/liblzma.so.5 (0x00007d0e1bf6b000)",
        "path": "/usr/lib/x86_64-linux-gnu/liblzma.so.5.4.5"
      },
      {
        "library": "libXau.so.6",
        "line": "\tlibXau.so.6 => /usr/lib/x86_64-linux-gnu/libXau.so.6 (0x00007d0e1bf63000)",
        "path": "/usr/lib/x86_64-linux-gnu/libXau.so.6.0.0"
      },
      {
        "library": "libXdmcp.so.6",
        "line": "\tlibXdmcp.so.6 => /usr/lib/x86_64-linux-gnu/libXdmcp.so.6 (0x00007d0e1bf5b000)",
        "path": "/usr/lib/x86_64-linux-gnu/libXdmcp.so.6.0.0"
      },
      {
        "library": "libbsd.so.0",
        "line": "\tlibbsd.so.0 => /usr/lib/x86_64-linux-gnu/libbsd.so.0 (0x00007d0e1bf45000)",
        "path": "/usr/lib/x86_64-linux-gnu/libbsd.so.0.12.1"
      },
      {
        "library": "libmd.so.0",
        "line": "\tlibmd.so.0 => /usr/lib/x86_64-linux-gnu/libmd.so.0 (0x00007d0e1bf36000)",
        "path": "/usr/lib/x86_64-linux-gnu/libmd.so.0.1.0"
      },
      {
        "library": "libiap.so",
        "line": "\tlibiap.so => /home/dev/ws_iap/src/iap/results/icra27/icra031/install/lib/libiap.so (0x00007b8007a00000)",
        "path": "/home/dev/ws_iap/src/iap/results/icra27/icra031/install/lib/libiap.so"
      },
      {
        "library": "libcephes-gtsam.so.1",
        "line": "\tlibcephes-gtsam.so.1 => /usr/lib/x86_64-linux-gnu/libcephes-gtsam.so.1 (0x00007b8008220000)",
        "path": "/usr/lib/x86_64-linux-gnu/libcephes-gtsam.so.1.0.0"
      },
      {
        "library": "librclcpp.so",
        "line": "\tlibrclcpp.so => /opt/ros/jazzy/lib/librclcpp.so (0x00007b80077a2000)",
        "path": "/opt/ros/jazzy/lib/librclcpp.so"
      },
      {
        "library": "libplan_env.so",
        "line": "\tlibplan_env.so => /home/dev/ws_iap/src/iap/results/icra27/icra026/install_plan_env/lib/libplan_env.so (0x00007b8007400000)",
        "path": "/home/dev/ws_iap/src/iap/results/icra27/icra026/install_plan_env/lib/libplan_env.so"
      },
      {
        "library": "libpath_searching.so",
        "line": "\tlibpath_searching.so => /home/dev/ws_iap/src/iap/results/icra27/icra026/install_path_searching/lib/libpath_searching.so (0x00007b8007778000)",
        "path": "/home/dev/ws_iap/src/iap/results/icra27/icra026/install_path_searching/lib/libpath_searching.so"
      },
      {
        "library": "librcutils.so",
        "line": "\tlibrcutils.so => /opt/ros/jazzy/lib/librcutils.so (0x00007b8007758000)",
        "path": "/opt/ros/jazzy/lib/librcutils.so"
      },
      {
        "library": "libstdc++.so.6",
        "line": "\tlibstdc++.so.6 => /usr/lib/x86_64-linux-gnu/libstdc++.so.6 (0x00007b8007182000)",
        "path": "/usr/lib/x86_64-linux-gnu/libstdc++.so.6.0.33"
      },
      {
        "library": "libm.so.6",
        "line": "\tlibm.so.6 => /usr/lib/x86_64-linux-gnu/libm.so.6 (0x00007b8007099000)",
        "path": "/usr/lib/x86_64-linux-gnu/libm.so.6"
      },
      {
        "library": "libgcc_s.so.1",
        "line": "\tlibgcc_s.so.1 => /usr/lib/x86_64-linux-gnu/libgcc_s.so.1 (0x00007b800772a000)",
        "path": "/usr/lib/x86_64-linux-gnu/libgcc_s.so.1"
      },
      {
        "library": "libc.so.6",
        "line": "\tlibc.so.6 => /usr/lib/x86_64-linux-gnu/libc.so.6 (0x00007b8006e87000)",
        "path": "/usr/lib/x86_64-linux-gnu/libc.so.6"
      },
      {
        "library": "libgtsam_points.so.1",
        "line": "\tlibgtsam_points.so.1 => /usr/local/lib/libgtsam_points.so.1 (0x00007b8006b94000)",
        "path": "/usr/local/lib/libgtsam_points.so.1.2.1"
      },
      {
        "library": "libspdlog.so.1.12",
        "line": "\tlibspdlog.so.1.12 => /usr/lib/x86_64-linux-gnu/libspdlog.so.1.12 (0x00007b80076a3000)",
        "path": "/usr/lib/x86_64-linux-gnu/libspdlog.so.1.12.0"
      },
      {
        "library": "libopencv_core.so.406",
        "line": "\tlibopencv_core.so.406 => /usr/lib/x86_64-linux-gnu/libopencv_core.so.406 (0x00007b8006820000)",
        "path": "/usr/lib/x86_64-linux-gnu/libopencv_core.so.4.6.0"
      },
      {
        "library": "libgnss_comm_lib.so",
        "line": "\tlibgnss_comm_lib.so => /home/dev/ws_iap/install/gnss_comm/lib/libgnss_comm_lib.so (0x00007b8006400000)",
        "path": "/home/dev/ws_iap/install/gnss_comm/lib/libgnss_comm_lib.so"
      },
      {
        "library": "libgtsam_points_cuda.so.1",
        "line": "\tlibgtsam_points_cuda.so.1 => /usr/local/lib/libgtsam_points_cuda.so.1 (0x00007b80060e9000)",
        "path": "/usr/local/lib/libgtsam_points_cuda.so.1.2.1"
      },
      {
        "library": "libgomp.so.1",
        "line": "\tlibgomp.so.1 => /usr/lib/x86_64-linux-gnu/libgomp.so.1 (0x00007b80067ca000)",
        "path": "/usr/lib/x86_64-linux-gnu/libgomp.so.1.0.0"
      },
      {
        "library": "libgtsam.so.4",
        "line": "\tlibgtsam.so.4 => /usr/lib/x86_64-linux-gnu/libgtsam.so.4 (0x00007b8005bec000)",
        "path": "/usr/lib/x86_64-linux-gnu/libgtsam.so.4.3a0"
      },
      {
        "library": "libboost_serialization.so.1.83.0",
        "line": "\tlibboost_serialization.so.1.83.0 => /usr/lib/x86_64-linux-gnu/libboost_serialization.so.1.83.0 (0x00007b8006787000)",
        "path": "/usr/lib/x86_64-linux-gnu/libboost_serialization.so.1.83.0"
      },
      {
        "library": "libboost_filesystem.so.1.83.0",
        "line": "\tlibboost_filesystem.so.1.83.0 => /usr/lib/x86_64-linux-gnu/libboost_filesystem.so.1.83.0 (0x00007b8006764000)",
        "path": "/usr/lib/x86_64-linux-gnu/libboost_filesystem.so.1.83.0"
      },
      {
        "library": "libfmt.so.9",
        "line": "\tlibfmt.so.9 => /usr/lib/x86_64-linux-gnu/libfmt.so.9 (0x00007b8006743000)",
        "path": "/usr/lib/x86_64-linux-gnu/libfmt.so.9.1.0"
      },
      {
        "library": "liblibstatistics_collector.so",
        "line": "\tliblibstatistics_collector.so => /opt/ros/jazzy/lib/liblibstatistics_collector.so (0x00007b8007697000)",
        "path": "/opt/ros/jazzy/lib/liblibstatistics_collector.so"
      },
      {
        "library": "librcl.so",
        "line": "\tlibrcl.so => /opt/ros/jazzy/lib/librcl.so (0x00007b8005ba5000)",
        "path": "/opt/ros/jazzy/lib/librcl.so"
      },
      {
        "library": "librcl_interfaces__rosidl_typesupport_cpp.so",
        "line": "\tlibrcl_interfaces__rosidl_typesupport_cpp.so => /opt/ros/jazzy/lib/librcl_interfaces__rosidl_typesupport_cpp.so (0x00007b8006728000)",
        "path": "/opt/ros/jazzy/lib/librcl_interfaces__rosidl_typesupport_cpp.so"
      },
      {
        "library": "librcl_yaml_param_parser.so",
        "line": "\tlibrcl_yaml_param_parser.so => /opt/ros/jazzy/lib/librcl_yaml_param_parser.so (0x00007b800768b000)",
        "path": "/opt/ros/jazzy/lib/librcl_yaml_param_parser.so"
      },
      {
        "library": "librosgraph_msgs__rosidl_typesupport_cpp.so",
        "line": "\tlibrosgraph_msgs__rosidl_typesupport_cpp.so => /opt/ros/jazzy/lib/librosgraph_msgs__rosidl_typesupport_cpp.so (0x00007b8007684000)",
        "path": "/opt/ros/jazzy/lib/librosgraph_msgs__rosidl_typesupport_cpp.so"
      },
      {
        "library": "libstatistics_msgs__rosidl_typesupport_cpp.so",
        "line": "\tlibstatistics_msgs__rosidl_typesupport_cpp.so => /opt/ros/jazzy/lib/libstatistics_msgs__rosidl_typesupport_cpp.so (0x00007b8005b9f000)",
        "path": "/opt/ros/jazzy/lib/libstatistics_msgs__rosidl_typesupport_cpp.so"
      },
      {
        "library": "libtracetools.so",
        "line": "\tlibtracetools.so => /opt/ros/jazzy/lib/libtracetools.so (0x00007b8005b85000)",
        "path": "/opt/ros/jazzy/lib/libtracetools.so"
      },
      {
        "library": "librcl_logging_interface.so",
        "line": "\tlibrcl_logging_interface.so => /opt/ros/jazzy/lib/librcl_logging_interface.so (0x00007b8005b80000)",
        "path": "/opt/ros/jazzy/lib/librcl_logging_interface.so"
      },
      {
        "library": "librmw_implementation.so",
        "line": "\tlibrmw_implementation.so => /opt/ros/jazzy/lib/librmw_implementation.so (0x00007b8005b73000)",
        "path": "/opt/ros/jazzy/lib/librmw_implementation.so"
      },
      {
        "library": "libament_index_cpp.so",
        "line": "\tlibament_index_cpp.so => /opt/ros/jazzy/lib/libament_index_cpp.so (0x00007b8005b67000)",
        "path": "/opt/ros/jazzy/lib/libament_index_cpp.so"
      },
      {
        "library": "libtype_description_interfaces__rosidl_typesupport_c.so",
        "line": "\tlibtype_description_interfaces__rosidl_typesupport_c.so => /opt/ros/jazzy/lib/libtype_description_interfaces__rosidl_typesupport_c.so (0x00007b8005b60000)",
        "path": "/opt/ros/jazzy/lib/libtype_description_interfaces__rosidl_typesupport_c.so"
      },
      {
        "library": "librmw.so",
        "line": "\tlibrmw.so => /opt/ros/jazzy/lib/librmw.so (0x00007b8005b55000)",
        "path": "/opt/ros/jazzy/lib/librmw.so"
      },
      {
        "library": "librosidl_dynamic_typesupport.so",
        "line": "\tlibrosidl_dynamic_typesupport.so => /opt/ros/jazzy/lib/librosidl_dynamic_typesupport.so (0x00007b8005b3c000)",
        "path": "/opt/ros/jazzy/lib/librosidl_dynamic_typesupport.so"
      },
      {
        "library": "librosidl_typesupport_introspection_cpp.so",
        "line": "\tlibrosidl_typesupport_introspection_cpp.so => /opt/ros/jazzy/lib/librosidl_typesupport_introspection_cpp.so (0x00007b8005b37000)",
        "path": "/opt/ros/jazzy/lib/librosidl_typesupport_introspection_cpp.so"
      },
      {
        "library": "librcpputils.so",
        "line": "\tlibrcpputils.so => /opt/ros/jazzy/lib/librcpputils.so (0x00007b8005b28000)",
        "path": "/opt/ros/jazzy/lib/librcpputils.so"
      },
      {
        "library": "librosidl_runtime_c.so",
        "line": "\tlibrosidl_runtime_c.so => /opt/ros/jazzy/lib/librosidl_runtime_c.so (0x00007b8005b09000)",
        "path": "/opt/ros/jazzy/lib/librosidl_runtime_c.so"
      },
      {
        "library": "libvisualization_msgs__rosidl_typesupport_cpp.so",
        "line": "\tlibvisualization_msgs__rosidl_typesupport_cpp.so => /opt/ros/jazzy/lib/libvisualization_msgs__rosidl_typesupport_cpp.so (0x00007b8005afd000)",
        "path": "/opt/ros/jazzy/lib/libvisualization_msgs__rosidl_typesupport_cpp.so"
      },
      {
        "library": "libnav_msgs__rosidl_typesupport_cpp.so",
        "line": "\tlibnav_msgs__rosidl_typesupport_cpp.so => /opt/ros/jazzy/lib/libnav_msgs__rosidl_typesupport_cpp.so (0x00007b8005af0000)",
        "path": "/opt/ros/jazzy/lib/libnav_msgs__rosidl_typesupport_cpp.so"
      },
      {
        "library": "libcv_bridge.so",
        "line": "\tlibcv_bridge.so => /opt/ros/jazzy/lib/libcv_bridge.so (0x00007b8005abf000)",
        "path": "/opt/ros/jazzy/lib/libcv_bridge.so"
      },
      {
        "library": "libmessage_filters.so",
        "line": "\tlibmessage_filters.so => /opt/ros/jazzy/lib/libmessage_filters.so (0x00007b8005aba000)",
        "path": "/opt/ros/jazzy/lib/libmessage_filters.so"
      },
      {
        "library": "libpcl_common.so.1.14",
        "line": "\tlibpcl_common.so.1.14 => /usr/lib/x86_64-linux-gnu/libpcl_common.so.1.14 (0x00007b8005a20000)",
        "path": "/usr/lib/x86_64-linux-gnu/libpcl_common.so.1.14.0"
      },
      {
        "library": "libsensor_msgs__rosidl_typesupport_cpp.so",
        "line": "\tlibsensor_msgs__rosidl_typesupport_cpp.so => /opt/ros/jazzy/lib/libsensor_msgs__rosidl_typesupport_cpp.so (0x00007b8005a11000)",
        "path": "/opt/ros/jazzy/lib/libsensor_msgs__rosidl_typesupport_cpp.so"
      },
      {
        "library": "libgeometry_msgs__rosidl_typesupport_cpp.so",
        "line": "\tlibgeometry_msgs__rosidl_typesupport_cpp.so => /opt/ros/jazzy/lib/libgeometry_msgs__rosidl_typesupport_cpp.so (0x00007b8005a03000)",
        "path": "/opt/ros/jazzy/lib/libgeometry_msgs__rosidl_typesupport_cpp.so"
      },
      {
        "library": "libboost_timer.so.1.83.0",
        "line": "\tlibboost_timer.so.1.83.0 => /usr/lib/x86_64-linux-gnu/libboost_timer.so.1.83.0 (0x00007b80059fc000)",
        "path": "/usr/lib/x86_64-linux-gnu/libboost_timer.so.1.83.0"
      },
      {
        "library": "libz.so.1",
        "line": "\tlibz.so.1 => /usr/lib/x86_64-linux-gnu/libz.so.1 (0x00007b80059de000)",
        "path": "/usr/lib/x86_64-linux-gnu/libz.so.1.3"
      },
      {
        "library": "libGLX.so.0",
        "line": "\tlibGLX.so.0 => /usr/lib/x86_64-linux-gnu/libGLX.so.0 (0x00007b80059ab000)",
        "path": "/usr/lib/x86_64-linux-gnu/libGLX.so.0.0.0"
      },
      {
        "library": "liblapack.so.3",
        "line": "\tliblapack.so.3 => /usr/lib/x86_64-linux-gnu/liblapack.so.3 (0x00007b80052bb000)",
        "path": "/usr/lib/x86_64-linux-gnu/lapack/liblapack.so.3.12.0"
      },
      {
        "library": "libblas.so.3",
        "line": "\tlibblas.so.3 => /usr/lib/x86_64-linux-gnu/libblas.so.3 (0x00007b8005214000)",
        "path": "/usr/lib/x86_64-linux-gnu/blas/libblas.so.3.12.0"
      },
      {
        "library": "libtbb.so.12",
        "line": "\tlibtbb.so.12 => /usr/lib/x86_64-linux-gnu/libtbb.so.12 (0x00007b80051c0000)",
        "path": "/usr/lib/x86_64-linux-gnu/libtbb.so.12.11"
      },
      {
        "library": "libglog.so.1",
        "line": "\tlibglog.so.1 => /usr/lib/x86_64-linux-gnu/libglog.so.1 (0x00007b8005188000)",
        "path": "/usr/lib/x86_64-linux-gnu/libglog.so.0.6.0"
      },
      {
        "library": "libcudart.so.12",
        "line": "\tlibcudart.so.12 => /usr/local/cuda/targets/x86_64-linux/lib/libcudart.so.12 (0x00007b8004e00000)",
        "path": "/usr/local/cuda-12.5/targets/x86_64-linux/lib/libcudart.so.12.5.82"
      },
      {
        "library": "libmetis.so.5",
        "line": "\tlibmetis.so.5 => /usr/lib/x86_64-linux-gnu/libmetis.so.5 (0x00007b800511e000)",
        "path": "/usr/lib/x86_64-linux-gnu/libmetis.so.5.1.0"
      },
      {
        "library": "librcl_logging_spdlog.so",
        "line": "\tlibrcl_logging_spdlog.so => /opt/ros/jazzy/lib/librcl_logging_spdlog.so (0x00007b8005114000)",
        "path": "/opt/ros/jazzy/lib/librcl_logging_spdlog.so"
      },
      {
        "library": "librcl_interfaces__rosidl_typesupport_c.so",
        "line": "\tlibrcl_interfaces__rosidl_typesupport_c.so => /opt/ros/jazzy/lib/librcl_interfaces__rosidl_typesupport_c.so (0x00007b8005104000)",
        "path": "/opt/ros/jazzy/lib/librcl_interfaces__rosidl_typesupport_c.so"
      },
      {
        "library": "libtype_description_interfaces__rosidl_generator_c.so",
        "line": "\tlibtype_description_interfaces__rosidl_generator_c.so => /opt/ros/jazzy/lib/libtype_description_interfaces__rosidl_generator_c.so (0x00007b80050ea000)",
        "path": "/opt/ros/jazzy/lib/libtype_description_interfaces__rosidl_generator_c.so"
      },
      {
        "library": "libyaml-0.so.2",
        "line": "\tlibyaml-0.so.2 => /usr/lib/x86_64-linux-gnu/libyaml-0.so.2 (0x00007b80050c9000)",
        "path": "/usr/lib/x86_64-linux-gnu/libyaml-0.so.2.0.9"
      },
      {
        "library": "librcl_interfaces__rosidl_generator_c.so",
        "line": "\tlibrcl_interfaces__rosidl_generator_c.so => /opt/ros/jazzy/lib/librcl_interfaces__rosidl_generator_c.so (0x00007b8004db2000)",
        "path": "/opt/ros/jazzy/lib/librcl_interfaces__rosidl_generator_c.so"
      },
      {
        "library": "librosidl_typesupport_cpp.so",
        "line": "\tlibrosidl_typesupport_cpp.so => /opt/ros/jazzy/lib/librosidl_typesupport_cpp.so (0x00007b80050c3000)",
        "path": "/opt/ros/jazzy/lib/librosidl_typesupport_cpp.so"
      },
      {
        "library": "librosgraph_msgs__rosidl_generator_c.so",
        "line": "\tlibrosgraph_msgs__rosidl_generator_c.so => /opt/ros/jazzy/lib/librosgraph_msgs__rosidl_generator_c.so (0x00007b80050be000)",
        "path": "/opt/ros/jazzy/lib/librosgraph_msgs__rosidl_generator_c.so"
      },
      {
        "library": "libstatistics_msgs__rosidl_generator_c.so",
        "line": "\tlibstatistics_msgs__rosidl_generator_c.so => /opt/ros/jazzy/lib/libstatistics_msgs__rosidl_generator_c.so (0x00007b80050b3000)",
        "path": "/opt/ros/jazzy/lib/libstatistics_msgs__rosidl_generator_c.so"
      },
      {
        "library": "liblttng-ust.so.1",
        "line": "\tliblttng-ust.so.1 => /usr/lib/x86_64-linux-gnu/liblttng-ust.so.1 (0x00007b8004d2f000)",
        "path": "/usr/lib/x86_64-linux-gnu/liblttng-ust.so.1.0.0"
      },
      {
        "library": "librosidl_typesupport_c.so",
        "line": "\tlibrosidl_typesupport_c.so => /opt/ros/jazzy/lib/librosidl_typesupport_c.so (0x00007b8004d29000)",
        "path": "/opt/ros/jazzy/lib/librosidl_typesupport_c.so"
      },
      {
        "library": "libvisualization_msgs__rosidl_generator_c.so",
        "line": "\tlibvisualization_msgs__rosidl_generator_c.so => /opt/ros/jazzy/lib/libvisualization_msgs__rosidl_generator_c.so (0x00007b8004cf5000)",
        "path": "/opt/ros/jazzy/lib/libvisualization_msgs__rosidl_generator_c.so"
      },
      {
        "library": "libnav_msgs__rosidl_generator_c.so",
        "line": "\tlibnav_msgs__rosidl_generator_c.so => /opt/ros/jazzy/lib/libnav_msgs__rosidl_generator_c.so (0x00007b8004cc2000)",
        "path": "/opt/ros/jazzy/lib/libnav_msgs__rosidl_generator_c.so"
      },
      {
        "library": "libopencv_imgcodecs.so.406",
        "line": "\tlibopencv_imgcodecs.so.406 => /usr/lib/x86_64-linux-gnu/libopencv_imgcodecs.so.406 (0x00007b8004c69000)",
        "path": "/usr/lib/x86_64-linux-gnu/libopencv_imgcodecs.so.4.6.0"
      },
      {
        "library": "libopencv_imgproc.so.406",
        "line": "\tlibopencv_imgproc.so.406 => /usr/lib/x86_64-linux-gnu/libopencv_imgproc.so.406 (0x00007b800470f000)",
        "path": "/usr/lib/x86_64-linux-gnu/libopencv_imgproc.so.4.6.0"
      },
      {
        "library": "libsensor_msgs__rosidl_generator_c.so",
        "line": "\tlibsensor_msgs__rosidl_generator_c.so => /opt/ros/jazzy/lib/libsensor_msgs__rosidl_generator_c.so (0x00007b80046cb000)",
        "path": "/opt/ros/jazzy/lib/libsensor_msgs__rosidl_generator_c.so"
      },
      {
        "library": "libgeometry_msgs__rosidl_generator_c.so",
        "line": "\tlibgeometry_msgs__rosidl_generator_c.so => /opt/ros/jazzy/lib/libgeometry_msgs__rosidl_generator_c.so (0x00007b800468d000)",
        "path": "/opt/ros/jazzy/lib/libgeometry_msgs__rosidl_generator_c.so"
      },
      {
        "library": "libGLdispatch.so.0",
        "line": "\tlibGLdispatch.so.0 => /usr/lib/x86_64-linux-gnu/libGLdispatch.so.0 (0x00007b80045d5000)",
        "path": "/usr/lib/x86_64-linux-gnu/libGLdispatch.so.0.0.0"
      },
      {
        "library": "libX11.so.6",
        "line": "\tlibX11.so.6 => /usr/lib/x86_64-linux-gnu/libX11.so.6 (0x00007b8004496000)",
        "path": "/usr/lib/x86_64-linux-gnu/libX11.so.6.4.0"
      },
      {
        "library": "libgfortran.so.5",
        "line": "\tlibgfortran.so.5 => /usr/lib/x86_64-linux-gnu/libgfortran.so.5 (0x00007b8004178000)",
        "path": "/usr/lib/x86_64-linux-gnu/libgfortran.so.5.0.0"
      },
      {
        "library": "libgflags.so.2.2",
        "line": "\tlibgflags.so.2.2 => /usr/lib/x86_64-linux-gnu/libgflags.so.2.2 (0x00007b8004157000)",
        "path": "/usr/lib/x86_64-linux-gnu/libgflags.so.2.2.2"
      },
      {
        "library": "libunwind.so.8",
        "line": "\tlibunwind.so.8 => /usr/lib/x86_64-linux-gnu/libunwind.so.8 (0x00007b800413c000)",
        "path": "/usr/lib/x86_64-linux-gnu/libunwind.so.8.0.1"
      },
      {
        "library": "libdl.so.2",
        "line": "\tlibdl.so.2 => /usr/lib/x86_64-linux-gnu/libdl.so.2 (0x00007b8004137000)",
        "path": "/usr/lib/x86_64-linux-gnu/libdl.so.2"
      },
      {
        "library": "libpthread.so.0",
        "line": "\tlibpthread.so.0 => /usr/lib/x86_64-linux-gnu/libpthread.so.0 (0x00007b8004130000)",
        "path": "/usr/lib/x86_64-linux-gnu/libpthread.so.0"
      },
      {
        "library": "librt.so.1",
        "line": "\tlibrt.so.1 => /usr/lib/x86_64-linux-gnu/librt.so.1 (0x00007b800412b000)",
        "path": "/usr/lib/x86_64-linux-gnu/librt.so.1"
      },
      {
        "library": "libservice_msgs__rosidl_generator_c.so",
        "line": "\tlibservice_msgs__rosidl_generator_c.so => /opt/ros/jazzy/lib/libservice_msgs__rosidl_generator_c.so (0x00007b8004126000)",
        "path": "/opt/ros/jazzy/lib/libservice_msgs__rosidl_generator_c.so"
      },
      {
        "library": "libbuiltin_interfaces__rosidl_generator_c.so",
        "line": "\tlibbuiltin_interfaces__rosidl_generator_c.so => /opt/ros/jazzy/lib/libbuiltin_interfaces__rosidl_generator_c.so (0x00007b800411f000)",
        "path": "/opt/ros/jazzy/lib/libbuiltin_interfaces__rosidl_generator_c.so"
      },
      {
        "library": "libnuma.so.1",
        "line": "\tlibnuma.so.1 => /usr/lib/x86_64-linux-gnu/libnuma.so.1 (0x00007b8004111000)",
        "path": "/usr/lib/x86_64-linux-gnu/libnuma.so.1.0.0"
      },
      {
        "library": "liblttng-ust-common.so.1",
        "line": "\tliblttng-ust-common.so.1 => /usr/lib/x86_64-linux-gnu/liblttng-ust-common.so.1 (0x00007b8004102000)",
        "path": "/usr/lib/x86_64-linux-gnu/liblttng-ust-common.so.1.0.0"
      },
      {
        "library": "liblttng-ust-tracepoint.so.1",
        "line": "\tliblttng-ust-tracepoint.so.1 => /usr/lib/x86_64-linux-gnu/liblttng-ust-tracepoint.so.1 (0x00007b80040e5000)",
        "path": "/usr/lib/x86_64-linux-gnu/liblttng-ust-tracepoint.so.1.0.0"
      },
      {
        "library": "libstd_msgs__rosidl_generator_c.so",
        "line": "\tlibstd_msgs__rosidl_generator_c.so => /opt/ros/jazzy/lib/libstd_msgs__rosidl_generator_c.so (0x00007b80040b4000)",
        "path": "/opt/ros/jazzy/lib/libstd_msgs__rosidl_generator_c.so"
      },
      {
        "library": "libjpeg.so.8",
        "line": "\tlibjpeg.so.8 => /usr/lib/x86_64-linux-gnu/libjpeg.so.8 (0x00007b8004031000)",
        "path": "/usr/lib/x86_64-linux-gnu/libjpeg.so.8.2.2"
      },
      {
        "library": "libwebp.so.7",
        "line": "\tlibwebp.so.7 => /usr/lib/x86_64-linux-gnu/libwebp.so.7 (0x00007b8003fb6000)",
        "path": "/usr/lib/x86_64-linux-gnu/libwebp.so.7.1.8"
      },
      {
        "library": "libpng16.so.16",
        "line": "\tlibpng16.so.16 => /usr/lib/x86_64-linux-gnu/libpng16.so.16 (0x00007b8003f7c000)",
        "path": "/usr/lib/x86_64-linux-gnu/libpng16.so.16.43.0"
      },
      {
        "library": "libgdcmMSFF.so.3.0",
        "line": "\tlibgdcmMSFF.so.3.0 => /usr/lib/x86_64-linux-gnu/libgdcmMSFF.so.3.0 (0x00007b8003d50000)",
        "path": "/usr/lib/x86_64-linux-gnu/libgdcmMSFF.so.3.0.22"
      },
      {
        "library": "libtiff.so.6",
        "line": "\tlibtiff.so.6 => /usr/lib/x86_64-linux-gnu/libtiff.so.6 (0x00007b8003cc3000)",
        "path": "/usr/lib/x86_64-linux-gnu/libtiff.so.6.0.1"
      },
      {
        "library": "libopenjp2.so.7",
        "line": "\tlibopenjp2.so.7 => /usr/lib/x86_64-linux-gnu/libopenjp2.so.7 (0x00007b8003c62000)",
        "path": "/usr/lib/x86_64-linux-gnu/libopenjp2.so.2.5.0"
      },
      {
        "library": "libOpenEXR-3_1.so.30",
        "line": "\tlibOpenEXR-3_1.so.30 => /usr/lib/x86_64-linux-gnu/libOpenEXR-3_1.so.30 (0x00007b800395d000)",
        "path": "/usr/lib/x86_64-linux-gnu/libOpenEXR-3_1.so.30.5.1"
      },
      {
        "library": "libgdal.so.34",
        "line": "\tlibgdal.so.34 => /usr/lib/x86_64-linux-gnu/libgdal.so.34 (0x00007b8002186000)",
        "path": "/usr/lib/x86_64-linux-gnu/libgdal.so.34.3.8.4"
      },
      {
        "library": "libgdcmDSED.so.3.0",
        "line": "\tlibgdcmDSED.so.3.0 => /usr/lib/x86_64-linux-gnu/libgdcmDSED.so.3.0 (0x00007b800208c000)",
        "path": "/usr/lib/x86_64-linux-gnu/libgdcmDSED.so.3.0.22"
      },
      {
        "library": "libxcb.so.1",
        "line": "\tlibxcb.so.1 => /usr/lib/x86_64-linux-gnu/libxcb.so.1 (0x00007b8002063000)",
        "path": "/usr/lib/x86_64-linux-gnu/libxcb.so.1.1.0"
      },
      {
        "library": "liblzma.so.5",
        "line": "\tliblzma.so.5 => /usr/lib/x86_64-linux-gnu/liblzma.so.5 (0x00007b8002031000)",
        "path": "/usr/lib/x86_64-linux-gnu/liblzma.so.5.4.5"
      },
      {
        "library": "libsharpyuv.so.0",
        "line": "\tlibsharpyuv.so.0 => /usr/lib/x86_64-linux-gnu/libsharpyuv.so.0 (0x00007b8002029000)",
        "path": "/usr/lib/x86_64-linux-gnu/libsharpyuv.so.0.0.1"
      },
      {
        "library": "libgdcmDICT.so.3.0",
        "line": "\tlibgdcmDICT.so.3.0 => /usr/lib/x86_64-linux-gnu/libgdcmDICT.so.3.0 (0x00007b8001d4f000)",
        "path": "/usr/lib/x86_64-linux-gnu/libgdcmDICT.so.3.0.22"
      },
      {
        "library": "libgdcmjpeg8.so.3.0",
        "line": "\tlibgdcmjpeg8.so.3.0 => /usr/lib/x86_64-linux-gnu/libgdcmjpeg8.so.3.0 (0x00007b8001d24000)",
        "path": "/usr/lib/x86_64-linux-gnu/libgdcmjpeg8.so.3.0.22"
      },
      {
        "library": "libgdcmjpeg12.so.3.0",
        "line": "\tlibgdcmjpeg12.so.3.0 => /usr/lib/x86_64-linux-gnu/libgdcmjpeg12.so.3.0 (0x00007b8001cf9000)",
        "path": "/usr/lib/x86_64-linux-gnu/libgdcmjpeg12.so.3.0.22"
      },
      {
        "library": "libgdcmjpeg16.so.3.0",
        "line": "\tlibgdcmjpeg16.so.3.0 => /usr/lib/x86_64-linux-gnu/libgdcmjpeg16.so.3.0 (0x00007b8001cce000)",
        "path": "/usr/lib/x86_64-linux-gnu/libgdcmjpeg16.so.3.0.22"
      },
      {
        "library": "libcharls.so.2",
        "line": "\tlibcharls.so.2 => /usr/lib/x86_64-linux-gnu/libcharls.so.2 (0x00007b8001c7a000)",
        "path": "/usr/lib/x86_64-linux-gnu/libcharls.so.2.4.2"
      },
      {
        "library": "libuuid.so.1",
        "line": "\tlibuuid.so.1 => /usr/lib/x86_64-linux-gnu/libuuid.so.1 (0x00007b8001c70000)",
        "path": "/usr/lib/x86_64-linux-gnu/libuuid.so.1.3.0"
      },
      {
        "library": "libjson-c.so.5",
        "line": "\tlibjson-c.so.5 => /usr/lib/x86_64-linux-gnu/libjson-c.so.5 (0x00007b8001c5a000)",
        "path": "/usr/lib/x86_64-linux-gnu/libjson-c.so.5.3.0"
      },
      {
        "library": "libgdcmIOD.so.3.0",
        "line": "\tlibgdcmIOD.so.3.0 => /usr/lib/x86_64-linux-gnu/libgdcmIOD.so.3.0 (0x00007b8001c44000)",
        "path": "/usr/lib/x86_64-linux-gnu/libgdcmIOD.so.3.0.22"
      },
      {
        "library": "libgdcmCommon.so.3.0",
        "line": "\tlibgdcmCommon.so.3.0 => /usr/lib/x86_64-linux-gnu/libgdcmCommon.so.3.0 (0x00007b8001c1f000)",
        "path": "/usr/lib/x86_64-linux-gnu/libgdcmCommon.so.3.0.22"
      },
      {
        "library": "libzstd.so.1",
        "line": "\tlibzstd.so.1 => /usr/lib/x86_64-linux-gnu/libzstd.so.1 (0x00007b8001b65000)",
        "path": "/usr/lib/x86_64-linux-gnu/libzstd.so.1.5.5"
      },
      {
        "library": "libLerc.so.4",
        "line": "\tlibLerc.so.4 => /usr/lib/x86_64-linux-gnu/libLerc.so.4 (0x00007b8001ade000)",
        "path": "/usr/lib/x86_64-linux-gnu/libLerc.so.4"
      },
      {
        "library": "libjbig.so.0",
        "line": "\tlibjbig.so.0 => /usr/lib/x86_64-linux-gnu/libjbig.so.0 (0x00007b8001acc000)",
        "path": "/usr/lib/x86_64-linux-gnu/libjbig.so.0"
      },
      {
        "library": "libdeflate.so.0",
        "line": "\tlibdeflate.so.0 => /usr/lib/x86_64-linux-gnu/libdeflate.so.0 (0x00007b8001ab9000)",
        "path": "/usr/lib/x86_64-linux-gnu/libdeflate.so.0"
      },
      {
        "library": "libImath-3_1.so.29",
        "line": "\tlibImath-3_1.so.29 => /usr/lib/x86_64-linux-gnu/libImath-3_1.so.29 (0x00007b8001a6b000)",
        "path": "/usr/lib/x86_64-linux-gnu/libImath-3_1.so.29.8.0"
      },
      {
        "library": "libIlmThread-3_1.so.30",
        "line": "\tlibIlmThread-3_1.so.30 => /usr/lib/x86_64-linux-gnu/libIlmThread-3_1.so.30 (0x00007b8001a61000)",
        "path": "/usr/lib/x86_64-linux-gnu/libIlmThread-3_1.so.30.5.1"
      },
      {
        "library": "libIex-3_1.so.30",
        "line": "\tlibIex-3_1.so.30 => /usr/lib/x86_64-linux-gnu/libIex-3_1.so.30 (0x00007b80019de000)",
        "path": "/usr/lib/x86_64-linux-gnu/libIex-3_1.so.30.5.1"
      },
      {
        "library": "libcurl.so.4",
        "line": "\tlibcurl.so.4 => /usr/lib/x86_64-linux-gnu/libcurl.so.4 (0x00007b800191b000)",
        "path": "/usr/lib/x86_64-linux-gnu/libcurl.so.4.8.0"
      },
      {
        "library": "libodbc.so.2",
        "line": "\tlibodbc.so.2 => /usr/lib/x86_64-linux-gnu/libodbc.so.2 (0x00007b80018ab000)",
        "path": "/usr/lib/x86_64-linux-gnu/libodbc.so.2.0.0"
      },
      {
        "library": "libodbcinst.so.2",
        "line": "\tlibodbcinst.so.2 => /usr/lib/x86_64-linux-gnu/libodbcinst.so.2 (0x00007b8001897000)",
        "path": "/usr/lib/x86_64-linux-gnu/libodbcinst.so.2.0.0"
      },
      {
        "library": "libxml2.so.2",
        "line": "\tlibxml2.so.2 => /usr/lib/x86_64-linux-gnu/libxml2.so.2 (0x00007b80016b5000)",
        "path": "/usr/lib/x86_64-linux-gnu/libxml2.so.2.9.14"
      },
      {
        "library": "libcrypto.so.3",
        "line": "\tlibcrypto.so.3 => /usr/lib/x86_64-linux-gnu/libcrypto.so.3 (0x00007b80011a1000)",
        "path": "/usr/lib/x86_64-linux-gnu/libcrypto.so.3"
      },
      {
        "library": "liblz4.so.1",
        "line": "\tliblz4.so.1 => /usr/lib/x86_64-linux-gnu/liblz4.so.1 (0x00007b800117f000)",
        "path": "/usr/lib/x86_64-linux-gnu/liblz4.so.1.9.4"
      },
      {
        "library": "libblosc.so.1",
        "line": "\tlibblosc.so.1 => /usr/lib/x86_64-linux-gnu/libblosc.so.1 (0x00007b800116d000)",
        "path": "/usr/lib/x86_64-linux-gnu/libblosc.so.1.21.5"
      },
      {
        "library": "libarmadillo.so.12",
        "line": "\tlibarmadillo.so.12 => /lib/libarmadillo.so.12 (0x00007b800115a000)",
        "path": "/usr/lib/libarmadillo.so.12.6.7"
      },
      {
        "library": "libqhull_r.so.8.0",
        "line": "\tlibqhull_r.so.8.0 => /usr/lib/x86_64-linux-gnu/libqhull_r.so.8.0 (0x00007b80010ea000)",
        "path": "/usr/lib/x86_64-linux-gnu/libqhull_r.so.8.0.2"
      },
      {
        "library": "libxerces-c-3.2.so",
        "line": "\tlibxerces-c-3.2.so => /usr/lib/x86_64-linux-gnu/libxerces-c-3.2.so (0x00007b8000d95000)",
        "path": "/usr/lib/x86_64-linux-gnu/libxerces-c-3.2.so"
      },
      {
        "library": "libgeotiff.so.5",
        "line": "\tlibgeotiff.so.5 => /usr/lib/x86_64-linux-gnu/libgeotiff.so.5 (0x00007b8000d5f000)",
        "path": "/usr/lib/x86_64-linux-gnu/libgeotiff.so.5.2.1"
      },
      {
        "library": "libheif.so.1",
        "line": "\tlibheif.so.1 => /usr/lib/x86_64-linux-gnu/libheif.so.1 (0x00007b8000c9f000)",
        "path": "/usr/lib/x86_64-linux-gnu/libheif.so.1.17.6"
      },
      {
        "library": "libaec.so.0",
        "line": "\tlibaec.so.0 => /usr/lib/x86_64-linux-gnu/libaec.so.0 (0x00007b8000c94000)",
        "path": "/usr/lib/x86_64-linux-gnu/libaec.so.0.1.2"
      },
      {
        "library": "libpoppler.so.134",
        "line": "\tlibpoppler.so.134 => /usr/lib/x86_64-linux-gnu/libpoppler.so.134 (0x00007b8000920000)",
        "path": "/usr/lib/x86_64-linux-gnu/libpoppler.so.134.0.0"
      },
      {
        "library": "libgif.so.7",
        "line": "\tlibgif.so.7 => /usr/lib/x86_64-linux-gnu/libgif.so.7 (0x00007b8000915000)",
        "path": "/usr/lib/x86_64-linux-gnu/libgif.so.7.2.0"
      },
      {
        "library": "libnetcdf.so.19",
        "line": "\tlibnetcdf.so.19 => /usr/lib/x86_64-linux-gnu/libnetcdf.so.19 (0x00007b800072a000)",
        "path": "/usr/lib/x86_64-linux-gnu/libnetcdf.so.19"
      },
      {
        "library": "libcfitsio.so.10",
        "line": "\tlibcfitsio.so.10 => /usr/lib/x86_64-linux-gnu/libcfitsio.so.10 (0x00007b8000422000)",
        "path": "/usr/lib/x86_64-linux-gnu/libcfitsio.so.10.4.3.1"
      },
      {
        "library": "libhdf5_serial.so.103",
        "line": "\tlibhdf5_serial.so.103 => /usr/lib/x86_64-linux-gnu/libhdf5_serial.so.103 (0x00007b80000ae000)",
        "path": "/usr/lib/x86_64-linux-gnu/libhdf5_serial.so.103.4.0"
      },
      {
        "library": "libsqlite3.so.0",
        "line": "\tlibsqlite3.so.0 => /usr/lib/x86_64-linux-gnu/libsqlite3.so.0 (0x00007b7ffff44000)",
        "path": "/usr/lib/x86_64-linux-gnu/libsqlite3.so.0.8.6"
      },
      {
        "library": "libpq.so.5",
        "line": "\tlibpq.so.5 => /usr/lib/x86_64-linux-gnu/libpq.so.5 (0x00007b7fffeed000)",
        "path": "/usr/lib/x86_64-linux-gnu/libpq.so.5.16"
      },
      {
        "library": "libkmlbase.so.1",
        "line": "\tlibkmlbase.so.1 => /usr/lib/x86_64-linux-gnu/libkmlbase.so.1 (0x00007b7fffed0000)",
        "path": "/usr/lib/x86_64-linux-gnu/libkmlbase.so.1.3.0"
      },
      {
        "library": "libkmldom.so.1",
        "line": "\tlibkmldom.so.1 => /usr/lib/x86_64-linux-gnu/libkmldom.so.1 (0x00007b7fffe3e000)",
        "path": "/usr/lib/x86_64-linux-gnu/libkmldom.so.1.3.0"
      },
      {
        "library": "libkmlengine.so.1",
        "line": "\tlibkmlengine.so.1 => /usr/lib/x86_64-linux-gnu/libkmlengine.so.1 (0x00007b7fffe10000)",
        "path": "/usr/lib/x86_64-linux-gnu/libkmlengine.so.1.3.0"
      },
      {
        "library": "libfyba.so.0",
        "line": "\tlibfyba.so.0 => /usr/lib/x86_64-linux-gnu/libfyba.so.0 (0x00007b7fffdba000)",
        "path": "/usr/lib/x86_64-linux-gnu/libfyba.so.0.0.0"
      },
      {
        "library": "libpcre2-8.so.0",
        "line": "\tlibpcre2-8.so.0 => /usr/lib/x86_64-linux-gnu/libpcre2-8.so.0 (0x00007b7fffd1e000)",
        "path": "/usr/lib/x86_64-linux-gnu/libpcre2-8.so.0.11.2"
      },
      {
        "library": "libspatialite.so.8",
        "line": "\tlibspatialite.so.8 => /usr/lib/x86_64-linux-gnu/libspatialite.so.8 (0x00007b7fff5b3000)",
        "path": "/usr/lib/x86_64-linux-gnu/libspatialite.so.8.1.0"
      },
      {
        "library": "libmysqlclient.so.21",
        "line": "\tlibmysqlclient.so.21 => /usr/lib/x86_64-linux-gnu/libmysqlclient.so.21 (0x00007b7ffef34000)",
        "path": "/usr/lib/x86_64-linux-gnu/libmysqlclient.so.21.2.45"
      },
      {
        "library": "libfreexl.so.1",
        "line": "\tlibfreexl.so.1 => /usr/lib/x86_64-linux-gnu/libfreexl.so.1 (0x00007b7ffef23000)",
        "path": "/usr/lib/x86_64-linux-gnu/libfreexl.so.1.2.0"
      },
      {
        "library": "libogdi.so.4.1",
        "line": "\tlibogdi.so.4.1 => /usr/lib/x86_64-linux-gnu/libogdi.so.4.1 (0x00007b7ffef08000)",
        "path": "/usr/lib/x86_64-linux-gnu/libogdi.so.4.1"
      },
      {
        "library": "libexpat.so.1",
        "line": "\tlibexpat.so.1 => /usr/lib/x86_64-linux-gnu/libexpat.so.1 (0x00007b7ffeedc000)",
        "path": "/usr/lib/x86_64-linux-gnu/libexpat.so.1.9.1"
      },
      {
        "library": "libgeos_c.so.1",
        "line": "\tlibgeos_c.so.1 => /usr/lib/x86_64-linux-gnu/libgeos_c.so.1 (0x00007b7ffee91000)",
        "path": "/usr/lib/x86_64-linux-gnu/libgeos_c.so.1.18.1"
      },
      {
        "library": "libproj.so.25",
        "line": "\tlibproj.so.25 => /usr/lib/x86_64-linux-gnu/libproj.so.25 (0x00007b7ffeacf000)",
        "path": "/usr/lib/x86_64-linux-gnu/libproj.so.25.9.4.0"
      },
      {
        "library": "libdfalt.so.0",
        "line": "\tlibdfalt.so.0 => /usr/lib/x86_64-linux-gnu/libdfalt.so.0 (0x00007b7ffea2b000)",
        "path": "/usr/lib/x86_64-linux-gnu/libdfalt.so.0.0.0"
      },
      {
        "library": "libmfhdfalt.so.0",
        "line": "\tlibmfhdfalt.so.0 => /usr/lib/x86_64-linux-gnu/libmfhdfalt.so.0 (0x00007b7ffea02000)",
        "path": "/usr/lib/x86_64-linux-gnu/libmfhdfalt.so.0.0.0"
      },
      {
        "library": "libXau.so.6",
        "line": "\tlibXau.so.6 => /usr/lib/x86_64-linux-gnu/libXau.so.6 (0x00007b7ffe9fc000)",
        "path": "/usr/lib/x86_64-linux-gnu/libXau.so.6.0.0"
      },
      {
        "library": "libXdmcp.so.6",
        "line": "\tlibXdmcp.so.6 => /usr/lib/x86_64-linux-gnu/libXdmcp.so.6 (0x00007b7ffe9f2000)",
        "path": "/usr/lib/x86_64-linux-gnu/libXdmcp.so.6.0.0"
      },
      {
        "library": "libnghttp2.so.14",
        "line": "\tlibnghttp2.so.14 => /usr/lib/x86_64-linux-gnu/libnghttp2.so.14 (0x00007b7ffe9c7000)",
        "path": "/usr/lib/x86_64-linux-gnu/libnghttp2.so.14.26.0"
      },
      {
        "library": "libidn2.so.0",
        "line": "\tlibidn2.so.0 => /usr/lib/x86_64-linux-gnu/libidn2.so.0 (0x00007b7ffe9a5000)",
        "path": "/usr/lib/x86_64-linux-gnu/libidn2.so.0.4.0"
      },
      {
        "library": "librtmp.so.1",
        "line": "\tlibrtmp.so.1 => /usr/lib/x86_64-linux-gnu/librtmp.so.1 (0x00007b7ffe987000)",
        "path": "/usr/lib/x86_64-linux-gnu/librtmp.so.1"
      },
      {
        "library": "libssh.so.4",
        "line": "\tlibssh.so.4 => /usr/lib/x86_64-linux-gnu/libssh.so.4 (0x00007b7ffe915000)",
        "path": "/usr/lib/x86_64-linux-gnu/libssh.so.4.9.6"
      },
      {
        "library": "libpsl.so.5",
        "line": "\tlibpsl.so.5 => /usr/lib/x86_64-linux-gnu/libpsl.so.5 (0x00007b7ffe8ff000)",
        "path": "/usr/lib/x86_64-linux-gnu/libpsl.so.5.3.4"
      },
      {
        "library": "libssl.so.3",
        "line": "\tlibssl.so.3 => /usr/lib/x86_64-linux-gnu/libssl.so.3 (0x00007b7ffe855000)",
        "path": "/usr/lib/x86_64-linux-gnu/libssl.so.3"
      },
      {
        "library": "libgssapi_krb5.so.2",
        "line": "\tlibgssapi_krb5.so.2 => /usr/lib/x86_64-linux-gnu/libgssapi_krb5.so.2 (0x00007b7ffe801000)",
        "path": "/usr/lib/x86_64-linux-gnu/libgssapi_krb5.so.2.2"
      },
      {
        "library": "libldap.so.2",
        "line": "\tlibldap.so.2 => /usr/lib/x86_64-linux-gnu/libldap.so.2 (0x00007b7ffe7a4000)",
        "path": "/usr/lib/x86_64-linux-gnu/libldap.so.2.0.200"
      },
      {
        "library": "liblber.so.2",
        "line": "\tliblber.so.2 => /usr/lib/x86_64-linux-gnu/liblber.so.2 (0x00007b7ffe794000)",
        "path": "/usr/lib/x86_64-linux-gnu/liblber.so.2.0.200"
      },
      {
        "library": "libbrotlidec.so.1",
        "line": "\tlibbrotlidec.so.1 => /usr/lib/x86_64-linux-gnu/libbrotlidec.so.1 (0x00007b7ffe786000)",
        "path": "/usr/lib/x86_64-linux-gnu/libbrotlidec.so.1.1.0"
      },
      {
        "library": "libltdl.so.7",
        "line": "\tlibltdl.so.7 => /usr/lib/x86_64-linux-gnu/libltdl.so.7 (0x00007b7ffe779000)",
        "path": "/usr/lib/x86_64-linux-gnu/libltdl.so.7.3.2"
      },
      {
        "library": "libicuuc.so.74",
        "line": "\tlibicuuc.so.74 => /usr/lib/x86_64-linux-gnu/libicuuc.so.74 (0x00007b7ffe56c000)",
        "path": "/usr/lib/x86_64-linux-gnu/libicuuc.so.74.2"
      },
      {
        "library": "libsnappy.so.1",
        "line": "\tlibsnappy.so.1 => /usr/lib/x86_64-linux-gnu/libsnappy.so.1 (0x00007b7ffe561000)",
        "path": "/usr/lib/x86_64-linux-gnu/libsnappy.so.1.1.10"
      },
      {
        "library": "libarpack.so.2",
        "line": "\tlibarpack.so.2 => /usr/lib/x86_64-linux-gnu/libarpack.so.2 (0x00007b7ffe517000)",
        "path": "/usr/lib/x86_64-linux-gnu/libarpack.so.2.1.0"
      },
      {
        "library": "libsuperlu.so.6",
        "line": "\tlibsuperlu.so.6 => /usr/lib/x86_64-linux-gnu/libsuperlu.so.6 (0x00007b7ffe4a7000)",
        "path": "/usr/lib/x86_64-linux-gnu/libsuperlu.so.6.0.1"
      },
      {
        "library": "libcurl-gnutls.so.4",
        "line": "\tlibcurl-gnutls.so.4 => /usr/lib/x86_64-linux-gnu/libcurl-gnutls.so.4 (0x00007b7ffe3ea000)",
        "path": "/usr/lib/x86_64-linux-gnu/libcurl-gnutls.so.4.8.0"
      },
      {
        "library": "libfreetype.so.6",
        "line": "\tlibfreetype.so.6 => /usr/lib/x86_64-linux-gnu/libfreetype.so.6 (0x00007b7ffe31e000)",
        "path": "/usr/lib/x86_64-linux-gnu/libfreetype.so.6.20.1"
      },
      {
        "library": "libfontconfig.so.1",
        "line": "\tlibfontconfig.so.1 => /usr/lib/x86_64-linux-gnu/libfontconfig.so.1 (0x00007b7ffe2cd000)",
        "path": "/usr/lib/x86_64-linux-gnu/libfontconfig.so.1.12.1"
      },
      {
        "library": "liblcms2.so.2",
        "line": "\tliblcms2.so.2 => /usr/lib/x86_64-linux-gnu/liblcms2.so.2 (0x00007b7ffe26b000)",
        "path": "/usr/lib/x86_64-linux-gnu/liblcms2.so.2.0.14"
      },
      {
        "library": "libnss3.so",
        "line": "\tlibnss3.so => /usr/lib/x86_64-linux-gnu/libnss3.so (0x00007b7ffe13c000)",
        "path": "/usr/lib/x86_64-linux-gnu/libnss3.so"
      },
      {
        "library": "libsmime3.so",
        "line": "\tlibsmime3.so => /usr/lib/x86_64-linux-gnu/libsmime3.so (0x00007b7ffe111000)",
        "path": "/usr/lib/x86_64-linux-gnu/libsmime3.so"
      },
      {
        "library": "libplc4.so",
        "line": "\tlibplc4.so => /usr/lib/x86_64-linux-gnu/libplc4.so (0x00007b7ffe10a000)",
        "path": "/usr/lib/x86_64-linux-gnu/libplc4.so"
      },
      {
        "library": "libnspr4.so",
        "line": "\tlibnspr4.so => /usr/lib/x86_64-linux-gnu/libnspr4.so (0x00007b7ffe0cb000)",
        "path": "/usr/lib/x86_64-linux-gnu/libnspr4.so"
      },
      {
        "library": "libhdf5_serial_hl.so.100",
        "line": "\tlibhdf5_serial_hl.so.100 => /usr/lib/x86_64-linux-gnu/libhdf5_serial_hl.so.100 (0x00007b7ffe0a6000)",
        "path": "/usr/lib/x86_64-linux-gnu/libhdf5_serial_hl.so.100.1.7"
      },
      {
        "library": "libbz2.so.1.0",
        "line": "\tlibbz2.so.1.0 => /usr/lib/x86_64-linux-gnu/libbz2.so.1.0 (0x00007b7ffe092000)",
        "path": "/usr/lib/x86_64-linux-gnu/libbz2.so.1.0.4"
      },
      {
        "library": "libsz.so.2",
        "line": "\tlibsz.so.2 => /usr/lib/x86_64-linux-gnu/libsz.so.2 (0x00007b7ffe08b000)",
        "path": "/usr/lib/x86_64-linux-gnu/libsz.so.2.0.1"
      },
      {
        "library": "libminizip.so.1",
        "line": "\tlibminizip.so.1 => /usr/lib/x86_64-linux-gnu/libminizip.so.1 (0x00007b7ffe07e000)",
        "path": "/usr/lib/x86_64-linux-gnu/libminizip.so.1.0.0"
      },
      {
        "library": "liburiparser.so.1",
        "line": "\tliburiparser.so.1 => /usr/lib/x86_64-linux-gnu/liburiparser.so.1 (0x00007b7ffe067000)",
        "path": "/usr/lib/x86_64-linux-gnu/liburiparser.so.1.0.30"
      },
      {
        "library": "libfyut.so.0",
        "line": "\tlibfyut.so.0 => /usr/lib/x86_64-linux-gnu/libfyut.so.0 (0x00007b7ffe05c000)",
        "path": "/usr/lib/x86_64-linux-gnu/libfyut.so.0.0.0"
      },
      {
        "library": "libfygm.so.0",
        "line": "\tlibfygm.so.0 => /usr/lib/x86_64-linux-gnu/libfygm.so.0 (0x00007b7ffe053000)",
        "path": "/usr/lib/x86_64-linux-gnu/libfygm.so.0.0.0"
      },
      {
        "library": "librttopo.so.1",
        "line": "\tlibrttopo.so.1 => /usr/lib/x86_64-linux-gnu/librttopo.so.1 (0x00007b7ffdfe1000)",
        "path": "/usr/lib/x86_64-linux-gnu/librttopo.so.1.1.0"
      },
      {
        "library": "libresolv.so.2",
        "line": "\tlibresolv.so.2 => /usr/lib/x86_64-linux-gnu/libresolv.so.2 (0x00007b7ffdfce000)",
        "path": "/usr/lib/x86_64-linux-gnu/libresolv.so.2"
      },
      {
        "library": "libtirpc.so.3",
        "line": "\tlibtirpc.so.3 => /usr/lib/x86_64-linux-gnu/libtirpc.so.3 (0x00007b7ffdfa1000)",
        "path": "/usr/lib/x86_64-linux-gnu/libtirpc.so.3.0.0"
      },
      {
        "library": "libgeos.so.3.12.1",
        "line": "\tlibgeos.so.3.12.1 => /usr/lib/x86_64-linux-gnu/libgeos.so.3.12.1 (0x00007b7ffdd39000)",
        "path": "/usr/lib/x86_64-linux-gnu/libgeos.so.3.12.1"
      },
      {
        "library": "libbsd.so.0",
        "line": "\tlibbsd.so.0 => /usr/lib/x86_64-linux-gnu/libbsd.so.0 (0x00007b7ffdd23000)",
        "path": "/usr/lib/x86_64-linux-gnu/libbsd.so.0.12.1"
      },
      {
        "library": "libunistring.so.5",
        "line": "\tlibunistring.so.5 => /usr/lib/x86_64-linux-gnu/libunistring.so.5 (0x00007b7ffdb74000)",
        "path": "/usr/lib/x86_64-linux-gnu/libunistring.so.5.0.0"
      },
      {
        "library": "libgnutls.so.30",
        "line": "\tlibgnutls.so.30 => /usr/lib/x86_64-linux-gnu/libgnutls.so.30 (0x00007b7ffd97a000)",
        "path": "/usr/lib/x86_64-linux-gnu/libgnutls.so.30.37.1"
      },
      {
        "library": "libhogweed.so.6",
        "line": "\tlibhogweed.so.6 => /usr/lib/x86_64-linux-gnu/libhogweed.so.6 (0x00007b7ffd932000)",
        "path": "/usr/lib/x86_64-linux-gnu/libhogweed.so.6.8"
      },
      {
        "library": "libnettle.so.8",
        "line": "\tlibnettle.so.8 => /usr/lib/x86_64-linux-gnu/libnettle.so.8 (0x00007b7ffd8dd000)",
        "path": "/usr/lib/x86_64-linux-gnu/libnettle.so.8.8"
      },
      {
        "library": "libgmp.so.10",
        "line": "\tlibgmp.so.10 => /usr/lib/x86_64-linux-gnu/libgmp.so.10 (0x00007b7ffd859000)",
        "path": "/usr/lib/x86_64-linux-gnu/libgmp.so.10.5.0"
      },
      {
        "library": "libkrb5.so.3",
        "line": "\tlibkrb5.so.3 => /usr/lib/x86_64-linux-gnu/libkrb5.so.3 (0x00007b7ffd78e000)",
        "path": "/usr/lib/x86_64-linux-gnu/libkrb5.so.3.3"
      },
      {
        "library": "libk5crypto.so.3",
        "line": "\tlibk5crypto.so.3 => /usr/lib/x86_64-linux-gnu/libk5crypto.so.3 (0x00007b7ffd762000)",
        "path": "/usr/lib/x86_64-linux-gnu/libk5crypto.so.3.1"
      },
      {
        "library": "libcom_err.so.2",
        "line": "\tlibcom_err.so.2 => /usr/lib/x86_64-linux-gnu/libcom_err.so.2 (0x00007b7ffd75c000)",
        "path": "/usr/lib/x86_64-linux-gnu/libcom_err.so.2.1"
      },
      {
        "library": "libkrb5support.so.0",
        "line": "\tlibkrb5support.so.0 => /usr/lib/x86_64-linux-gnu/libkrb5support.so.0 (0x00007b7ffd74f000)",
        "path": "/usr/lib/x86_64-linux-gnu/libkrb5support.so.0.1"
      },
      {
        "library": "libsasl2.so.2",
        "line": "\tlibsasl2.so.2 => /usr/lib/x86_64-linux-gnu/libsasl2.so.2 (0x00007b7ffd735000)",
        "path": "/usr/lib/x86_64-linux-gnu/libsasl2.so.2.0.25"
      },
      {
        "library": "libbrotlicommon.so.1",
        "line": "\tlibbrotlicommon.so.1 => /usr/lib/x86_64-linux-gnu/libbrotlicommon.so.1 (0x00007b7ffd710000)",
        "path": "/usr/lib/x86_64-linux-gnu/libbrotlicommon.so.1.1.0"
      },
      {
        "library": "libicudata.so.74",
        "line": "\tlibicudata.so.74 => /usr/lib/x86_64-linux-gnu/libicudata.so.74 (0x00007b7ffb9b0000)",
        "path": "/usr/lib/x86_64-linux-gnu/libicudata.so.74.2"
      },
      {
        "library": "libnssutil3.so",
        "line": "\tlibnssutil3.so => /usr/lib/x86_64-linux-gnu/libnssutil3.so (0x00007b7ffb97e000)",
        "path": "/usr/lib/x86_64-linux-gnu/libnssutil3.so"
      },
      {
        "library": "libplds4.so",
        "line": "\tlibplds4.so => /usr/lib/x86_64-linux-gnu/libplds4.so (0x00007b7ffb979000)",
        "path": "/usr/lib/x86_64-linux-gnu/libplds4.so"
      },
      {
        "library": "libmd.so.0",
        "line": "\tlibmd.so.0 => /usr/lib/x86_64-linux-gnu/libmd.so.0 (0x00007b7ffb968000)",
        "path": "/usr/lib/x86_64-linux-gnu/libmd.so.0.1.0"
      },
      {
        "library": "libp11-kit.so.0",
        "line": "\tlibp11-kit.so.0 => /usr/lib/x86_64-linux-gnu/libp11-kit.so.0 (0x00007b7ffb7c4000)",
        "path": "/usr/lib/x86_64-linux-gnu/libp11-kit.so.0.3.1"
      },
      {
        "library": "libtasn1.so.6",
        "line": "\tlibtasn1.so.6 => /usr/lib/x86_64-linux-gnu/libtasn1.so.6 (0x00007b7ffb7ae000)",
        "path": "/usr/lib/x86_64-linux-gnu/libtasn1.so.6.6.3"
      },
      {
        "library": "libkeyutils.so.1",
        "line": "\tlibkeyutils.so.1 => /usr/lib/x86_64-linux-gnu/libkeyutils.so.1 (0x00007b7ffb7a7000)",
        "path": "/usr/lib/x86_64-linux-gnu/libkeyutils.so.1.10"
      },
      {
        "library": "libffi.so.8",
        "line": "\tlibffi.so.8 => /usr/lib/x86_64-linux-gnu/libffi.so.8 (0x00007b7ffb79b000)",
        "path": "/usr/lib/x86_64-linux-gnu/libffi.so.8.1.4"
      },
      {
        "library": "libvisualization_msgs__rosidl_typesupport_cpp.so",
        "line": "\tlibvisualization_msgs__rosidl_typesupport_cpp.so => /opt/ros/jazzy/lib/libvisualization_msgs__rosidl_typesupport_cpp.so (0x00007adfab5e3000)",
        "path": "/opt/ros/jazzy/lib/libvisualization_msgs__rosidl_typesupport_cpp.so"
      },
      {
        "library": "libtraj_utils__rosidl_typesupport_cpp.so",
        "line": "\tlibtraj_utils__rosidl_typesupport_cpp.so => /home/dev/ws_iap/install/traj_utils/lib/libtraj_utils__rosidl_typesupport_cpp.so (0x00007adfab5dd000)",
        "path": "/home/dev/ws_iap/install/traj_utils/lib/libtraj_utils__rosidl_typesupport_cpp.so"
      },
      {
        "library": "libplan_env.so",
        "line": "\tlibplan_env.so => /home/dev/ws_iap/src/iap/results/icra27/icra026/install_plan_env/lib/libplan_env.so (0x00007adfaac00000)",
        "path": "/home/dev/ws_iap/src/iap/results/icra27/icra026/install_plan_env/lib/libplan_env.so"
      },
      {
        "library": "libpath_searching.so",
        "line": "\tlibpath_searching.so => /home/dev/ws_iap/src/iap/results/icra27/icra026/install_path_searching/lib/libpath_searching.so (0x00007adfab5b1000)",
        "path": "/home/dev/ws_iap/src/iap/results/icra27/icra026/install_path_searching/lib/libpath_searching.so"
      },
      {
        "library": "libgnss_comm__rosidl_typesupport_cpp.so",
        "line": "\tlibgnss_comm__rosidl_typesupport_cpp.so => /home/dev/ws_iap/install/gnss_comm/lib/libgnss_comm__rosidl_typesupport_cpp.so (0x00007adfab5a5000)",
        "path": "/home/dev/ws_iap/install/gnss_comm/lib/libgnss_comm__rosidl_typesupport_cpp.so"
      },
      {
        "library": "libgnss_comm_lib.so",
        "line": "\tlibgnss_comm_lib.so => /home/dev/ws_iap/install/gnss_comm/lib/libgnss_comm_lib.so (0x00007adfaa800000)",
        "path": "/home/dev/ws_iap/install/gnss_comm/lib/libgnss_comm_lib.so"
      },
      {
        "library": "librclcpp.so",
        "line": "\tlibrclcpp.so => /opt/ros/jazzy/lib/librclcpp.so (0x00007adfaa5a2000)",
        "path": "/opt/ros/jazzy/lib/librclcpp.so"
      },
      {
        "library": "librmw.so",
        "line": "\tlibrmw.so => /opt/ros/jazzy/lib/librmw.so (0x00007adfab598000)",
        "path": "/opt/ros/jazzy/lib/librmw.so"
      },
      {
        "library": "librcutils.so",
        "line": "\tlibrcutils.so => /opt/ros/jazzy/lib/librcutils.so (0x00007adfab578000)",
        "path": "/opt/ros/jazzy/lib/librcutils.so"
      },
      {
        "library": "liblibstatistics_collector.so",
        "line": "\tliblibstatistics_collector.so => /opt/ros/jazzy/lib/liblibstatistics_collector.so (0x00007adfab570000)",
        "path": "/opt/ros/jazzy/lib/liblibstatistics_collector.so"
      },
      {
        "library": "librcl.so",
        "line": "\tlibrcl.so => /opt/ros/jazzy/lib/librcl.so (0x00007adfab529000)",
        "path": "/opt/ros/jazzy/lib/librcl.so"
      },
      {
        "library": "libstatistics_msgs__rosidl_typesupport_cpp.so",
        "line": "\tlibstatistics_msgs__rosidl_typesupport_cpp.so => /opt/ros/jazzy/lib/libstatistics_msgs__rosidl_typesupport_cpp.so (0x00007adfab523000)",
        "path": "/opt/ros/jazzy/lib/libstatistics_msgs__rosidl_typesupport_cpp.so"
      },
      {
        "library": "libtracetools.so",
        "line": "\tlibtracetools.so => /opt/ros/jazzy/lib/libtracetools.so (0x00007adfab507000)",
        "path": "/opt/ros/jazzy/lib/libtracetools.so"
      },
      {
        "library": "libsensor_msgs__rosidl_typesupport_cpp.so",
        "line": "\tlibsensor_msgs__rosidl_typesupport_cpp.so => /opt/ros/jazzy/lib/libsensor_msgs__rosidl_typesupport_cpp.so (0x00007adfab4f8000)",
        "path": "/opt/ros/jazzy/lib/libsensor_msgs__rosidl_typesupport_cpp.so"
      },
      {
        "library": "libstd_msgs__rosidl_typesupport_cpp.so",
        "line": "\tlibstd_msgs__rosidl_typesupport_cpp.so => /opt/ros/jazzy/lib/libstd_msgs__rosidl_typesupport_cpp.so (0x00007adfab4ec000)",
        "path": "/opt/ros/jazzy/lib/libstd_msgs__rosidl_typesupport_cpp.so"
      },
      {
        "library": "libtraj_utils_lib.so",
        "line": "\tlibtraj_utils_lib.so => /home/dev/ws_iap/install/traj_utils/lib/libtraj_utils_lib.so (0x00007adfab4a7000)",
        "path": "/home/dev/ws_iap/build/traj_utils/libtraj_utils_lib.so"
      },
      {
        "library": "libiap.so",
        "line": "\tlibiap.so => /home/dev/ws_iap/src/iap/results/icra27/icra031/install/lib/libiap.so (0x00007adfa9c00000)",
        "path": "/home/dev/ws_iap/src/iap/results/icra27/icra031/install/lib/libiap.so"
      },
      {
        "library": "libiap__rosidl_typesupport_cpp.so",
        "line": "\tlibiap__rosidl_typesupport_cpp.so => /home/dev/ws_iap/src/iap/results/icra27/icra031/install/lib/libiap__rosidl_typesupport_cpp.so (0x00007adfaaffa000)",
        "path": "/home/dev/ws_iap/src/iap/results/icra27/icra031/install/lib/libiap__rosidl_typesupport_cpp.so"
      },
      {
        "library": "libnav_msgs__rosidl_typesupport_cpp.so",
        "line": "\tlibnav_msgs__rosidl_typesupport_cpp.so => /opt/ros/jazzy/lib/libnav_msgs__rosidl_typesupport_cpp.so (0x00007adfaafed000)",
        "path": "/opt/ros/jazzy/lib/libnav_msgs__rosidl_typesupport_cpp.so"
      },
      {
        "library": "libopencv_core.so.406",
        "line": "\tlibopencv_core.so.406 => /usr/lib/x86_64-linux-gnu/libopencv_core.so.406 (0x00007adfa988c000)",
        "path": "/usr/lib/x86_64-linux-gnu/libopencv_core.so.4.6.0"
      },
      {
        "library": "libcephes-gtsam.so.1",
        "line": "\tlibcephes-gtsam.so.1 => /usr/lib/x86_64-linux-gnu/libcephes-gtsam.so.1 (0x00007adfaaf9d000)",
        "path": "/usr/lib/x86_64-linux-gnu/libcephes-gtsam.so.1.0.0"
      },
      {
        "library": "libGL.so.1",
        "line": "\tlibGL.so.1 => /usr/lib/x86_64-linux-gnu/libGL.so.1 (0x00007adfaaf16000)",
        "path": "/usr/lib/x86_64-linux-gnu/libGL.so.1.7.0"
      },
      {
        "library": "libstdc++.so.6",
        "line": "\tlibstdc++.so.6 => /usr/lib/x86_64-linux-gnu/libstdc++.so.6 (0x00007adfa960e000)",
        "path": "/usr/lib/x86_64-linux-gnu/libstdc++.so.6.0.33"
      },
      {
        "library": "libm.so.6",
        "line": "\tlibm.so.6 => /usr/lib/x86_64-linux-gnu/libm.so.6 (0x00007adfaa4b9000)",
        "path": "/usr/lib/x86_64-linux-gnu/libm.so.6"
      },
      {
        "library": "libgcc_s.so.1",
        "line": "\tlibgcc_s.so.1 => /usr/lib/x86_64-linux-gnu/libgcc_s.so.1 (0x00007adfaaee6000)",
        "path": "/usr/lib/x86_64-linux-gnu/libgcc_s.so.1"
      },
      {
        "library": "libc.so.6",
        "line": "\tlibc.so.6 => /usr/lib/x86_64-linux-gnu/libc.so.6 (0x00007adfa93fc000)",
        "path": "/usr/lib/x86_64-linux-gnu/libc.so.6"
      },
      {
        "library": "libvisualization_msgs__rosidl_generator_c.so",
        "line": "\tlibvisualization_msgs__rosidl_generator_c.so => /opt/ros/jazzy/lib/libvisualization_msgs__rosidl_generator_c.so (0x00007adfaaeb2000)",
        "path": "/opt/ros/jazzy/lib/libvisualization_msgs__rosidl_generator_c.so"
      },
      {
        "library": "librosidl_typesupport_cpp.so",
        "line": "\tlibrosidl_typesupport_cpp.so => /opt/ros/jazzy/lib/librosidl_typesupport_cpp.so (0x00007adfaaeac000)",
        "path": "/opt/ros/jazzy/lib/librosidl_typesupport_cpp.so"
      },
      {
        "library": "libtraj_utils__rosidl_generator_c.so",
        "line": "\tlibtraj_utils__rosidl_generator_c.so => /home/dev/ws_iap/install/traj_utils/lib/libtraj_utils__rosidl_generator_c.so (0x00007adfaaea3000)",
        "path": "/home/dev/ws_iap/install/traj_utils/lib/libtraj_utils__rosidl_generator_c.so"
      },
      {
        "library": "libcv_bridge.so",
        "line": "\tlibcv_bridge.so => /opt/ros/jazzy/lib/libcv_bridge.so (0x00007adfaabcf000)",
        "path": "/opt/ros/jazzy/lib/libcv_bridge.so"
      },
      {
        "library": "libmessage_filters.so",
        "line": "\tlibmessage_filters.so => /opt/ros/jazzy/lib/libmessage_filters.so (0x00007adfaae9c000)",
        "path": "/opt/ros/jazzy/lib/libmessage_filters.so"
      },
      {
        "library": "libpcl_common.so.1.14",
        "line": "\tlibpcl_common.so.1.14 => /usr/lib/x86_64-linux-gnu/libpcl_common.so.1.14 (0x00007adfaab35000)",
        "path": "/usr/lib/x86_64-linux-gnu/libpcl_common.so.1.14.0"
      },
      {
        "library": "libgeometry_msgs__rosidl_typesupport_cpp.so",
        "line": "\tlibgeometry_msgs__rosidl_typesupport_cpp.so => /opt/ros/jazzy/lib/libgeometry_msgs__rosidl_typesupport_cpp.so (0x00007adfaae8e000)",
        "path": "/opt/ros/jazzy/lib/libgeometry_msgs__rosidl_typesupport_cpp.so"
      },
      {
        "library": "libgnss_comm__rosidl_generator_c.so",
        "line": "\tlibgnss_comm__rosidl_generator_c.so => /home/dev/ws_iap/install/gnss_comm/lib/libgnss_comm__rosidl_generator_c.so (0x00007adfaa480000)",
        "path": "/home/dev/ws_iap/install/gnss_comm/lib/libgnss_comm__rosidl_generator_c.so"
      },
      {
        "library": "libglog.so.1",
        "line": "\tlibglog.so.1 => /usr/lib/x86_64-linux-gnu/libglog.so.1 (0x00007adfaa44a000)",
        "path": "/usr/lib/x86_64-linux-gnu/libglog.so.0.6.0"
      },
      {
        "library": "librcl_interfaces__rosidl_typesupport_cpp.so",
        "line": "\tlibrcl_interfaces__rosidl_typesupport_cpp.so => /opt/ros/jazzy/lib/librcl_interfaces__rosidl_typesupport_cpp.so (0x00007adfaa42f000)",
        "path": "/opt/ros/jazzy/lib/librcl_interfaces__rosidl_typesupport_cpp.so"
      },
      {
        "library": "librcl_yaml_param_parser.so",
        "line": "\tlibrcl_yaml_param_parser.so => /opt/ros/jazzy/lib/librcl_yaml_param_parser.so (0x00007adfaae80000)",
        "path": "/opt/ros/jazzy/lib/librcl_yaml_param_parser.so"
      },
      {
        "library": "librosgraph_msgs__rosidl_typesupport_cpp.so",
        "line": "\tlibrosgraph_msgs__rosidl_typesupport_cpp.so => /opt/ros/jazzy/lib/librosgraph_msgs__rosidl_typesupport_cpp.so (0x00007adfaab30000)",
        "path": "/opt/ros/jazzy/lib/librosgraph_msgs__rosidl_typesupport_cpp.so"
      },
      {
        "library": "librcl_logging_interface.so",
        "line": "\tlibrcl_logging_interface.so => /opt/ros/jazzy/lib/librcl_logging_interface.so (0x00007adfaab2b000)",
        "path": "/opt/ros/jazzy/lib/librcl_logging_interface.so"
      },
      {
        "library": "librmw_implementation.so",
        "line": "\tlibrmw_implementation.so => /opt/ros/jazzy/lib/librmw_implementation.so (0x00007adfaa422000)",
        "path": "/opt/ros/jazzy/lib/librmw_implementation.so"
      },
      {
        "library": "libament_index_cpp.so",
        "line": "\tlibament_index_cpp.so => /opt/ros/jazzy/lib/libament_index_cpp.so (0x00007adfa93f0000)",
        "path": "/opt/ros/jazzy/lib/libament_index_cpp.so"
      },
      {
        "library": "libtype_description_interfaces__rosidl_typesupport_c.so",
        "line": "\tlibtype_description_interfaces__rosidl_typesupport_c.so => /opt/ros/jazzy/lib/libtype_description_interfaces__rosidl_typesupport_c.so (0x00007adfaa41b000)",
        "path": "/opt/ros/jazzy/lib/libtype_description_interfaces__rosidl_typesupport_c.so"
      },
      {
        "library": "librosidl_dynamic_typesupport.so",
        "line": "\tlibrosidl_dynamic_typesupport.so => /opt/ros/jazzy/lib/librosidl_dynamic_typesupport.so (0x00007adfa93d7000)",
        "path": "/opt/ros/jazzy/lib/librosidl_dynamic_typesupport.so"
      },
      {
        "library": "librosidl_typesupport_introspection_cpp.so",
        "line": "\tlibrosidl_typesupport_introspection_cpp.so => /opt/ros/jazzy/lib/librosidl_typesupport_introspection_cpp.so (0x00007adfa93d2000)",
        "path": "/opt/ros/jazzy/lib/librosidl_typesupport_introspection_cpp.so"
      },
      {
        "library": "librcpputils.so",
        "line": "\tlibrcpputils.so => /opt/ros/jazzy/lib/librcpputils.so (0x00007adfa93c3000)",
        "path": "/opt/ros/jazzy/lib/librcpputils.so"
      },
      {
        "library": "librosidl_runtime_c.so",
        "line": "\tlibrosidl_runtime_c.so => /opt/ros/jazzy/lib/librosidl_runtime_c.so (0x00007adfa93a4000)",
        "path": "/opt/ros/jazzy/lib/librosidl_runtime_c.so"
      },
      {
        "library": "librcl_logging_spdlog.so",
        "line": "\tlibrcl_logging_spdlog.so => /opt/ros/jazzy/lib/librcl_logging_spdlog.so (0x00007adfa939a000)",
        "path": "/opt/ros/jazzy/lib/librcl_logging_spdlog.so"
      },
      {
        "library": "librcl_interfaces__rosidl_typesupport_c.so",
        "line": "\tlibrcl_interfaces__rosidl_typesupport_c.so => /opt/ros/jazzy/lib/librcl_interfaces__rosidl_typesupport_c.so (0x00007adfa938a000)",
        "path": "/opt/ros/jazzy/lib/librcl_interfaces__rosidl_typesupport_c.so"
      },
      {
        "library": "libtype_description_interfaces__rosidl_generator_c.so",
        "line": "\tlibtype_description_interfaces__rosidl_generator_c.so => /opt/ros/jazzy/lib/libtype_description_interfaces__rosidl_generator_c.so (0x00007adfa9372000)",
        "path": "/opt/ros/jazzy/lib/libtype_description_interfaces__rosidl_generator_c.so"
      },
      {
        "library": "libyaml-0.so.2",
        "line": "\tlibyaml-0.so.2 => /usr/lib/x86_64-linux-gnu/libyaml-0.so.2 (0x00007adfa934f000)",
        "path": "/usr/lib/x86_64-linux-gnu/libyaml-0.so.2.0.9"
      },
      {
        "library": "libstatistics_msgs__rosidl_generator_c.so",
        "line": "\tlibstatistics_msgs__rosidl_generator_c.so => /opt/ros/jazzy/lib/libstatistics_msgs__rosidl_generator_c.so (0x00007adfa9346000)",
        "path": "/opt/ros/jazzy/lib/libstatistics_msgs__rosidl_generator_c.so"
      },
      {
        "library": "liblttng-ust.so.1",
        "line": "\tliblttng-ust.so.1 => /usr/lib/x86_64-linux-gnu/liblttng-ust.so.1 (0x00007adfa92c3000)",
        "path": "/usr/lib/x86_64-linux-gnu/liblttng-ust.so.1.0.0"
      },
      {
        "library": "libsensor_msgs__rosidl_generator_c.so",
        "line": "\tlibsensor_msgs__rosidl_generator_c.so => /opt/ros/jazzy/lib/libsensor_msgs__rosidl_generator_c.so (0x00007adfa927f000)",
        "path": "/opt/ros/jazzy/lib/libsensor_msgs__rosidl_generator_c.so"
      },
      {
        "library": "libstd_msgs__rosidl_generator_c.so",
        "line": "\tlibstd_msgs__rosidl_generator_c.so => /opt/ros/jazzy/lib/libstd_msgs__rosidl_generator_c.so (0x00007adfa924e000)",
        "path": "/opt/ros/jazzy/lib/libstd_msgs__rosidl_generator_c.so"
      },
      {
        "library": "libgtsam_points.so.1",
        "line": "\tlibgtsam_points.so.1 => /usr/local/lib/libgtsam_points.so.1 (0x00007adfa8f59000)",
        "path": "/usr/local/lib/libgtsam_points.so.1.2.1"
      },
      {
        "library": "libspdlog.so.1.12",
        "line": "\tlibspdlog.so.1.12 => /usr/lib/x86_64-linux-gnu/libspdlog.so.1.12 (0x00007adfa8ed2000)",
        "path": "/usr/lib/x86_64-linux-gnu/libspdlog.so.1.12.0"
      },
      {
        "library": "libgtsam_points_cuda.so.1",
        "line": "\tlibgtsam_points_cuda.so.1 => /usr/local/lib/libgtsam_points_cuda.so.1 (0x00007adfa8bbb000)",
        "path": "/usr/local/lib/libgtsam_points_cuda.so.1.2.1"
      },
      {
        "library": "libgomp.so.1",
        "line": "\tlibgomp.so.1 => /usr/lib/x86_64-linux-gnu/libgomp.so.1 (0x00007adfa8b65000)",
        "path": "/usr/lib/x86_64-linux-gnu/libgomp.so.1.0.0"
      },
      {
        "library": "libgtsam.so.4",
        "line": "\tlibgtsam.so.4 => /usr/lib/x86_64-linux-gnu/libgtsam.so.4 (0x00007adfa8668000)",
        "path": "/usr/lib/x86_64-linux-gnu/libgtsam.so.4.3a0"
      },
      {
        "library": "libboost_serialization.so.1.83.0",
        "line": "\tlibboost_serialization.so.1.83.0 => /usr/lib/x86_64-linux-gnu/libboost_serialization.so.1.83.0 (0x00007adfa8625000)",
        "path": "/usr/lib/x86_64-linux-gnu/libboost_serialization.so.1.83.0"
      },
      {
        "library": "libboost_filesystem.so.1.83.0",
        "line": "\tlibboost_filesystem.so.1.83.0 => /usr/lib/x86_64-linux-gnu/libboost_filesystem.so.1.83.0 (0x00007adfa8600000)",
        "path": "/usr/lib/x86_64-linux-gnu/libboost_filesystem.so.1.83.0"
      },
      {
        "library": "libfmt.so.9",
        "line": "\tlibfmt.so.9 => /usr/lib/x86_64-linux-gnu/libfmt.so.9 (0x00007adfa85df000)",
        "path": "/usr/lib/x86_64-linux-gnu/libfmt.so.9.1.0"
      },
      {
        "library": "libiap__rosidl_generator_c.so",
        "line": "\tlibiap__rosidl_generator_c.so => /home/dev/ws_iap/src/iap/results/icra27/icra031/install/lib/libiap__rosidl_generator_c.so (0x00007adfa85d1000)",
        "path": "/home/dev/ws_iap/src/iap/results/icra27/icra031/install/lib/libiap__rosidl_generator_c.so"
      },
      {
        "library": "libnav_msgs__rosidl_generator_c.so",
        "line": "\tlibnav_msgs__rosidl_generator_c.so => /opt/ros/jazzy/lib/libnav_msgs__rosidl_generator_c.so (0x00007adfa859e000)",
        "path": "/opt/ros/jazzy/lib/libnav_msgs__rosidl_generator_c.so"
      },
      {
        "library": "libz.so.1",
        "line": "\tlibz.so.1 => /usr/lib/x86_64-linux-gnu/libz.so.1 (0x00007adfa8582000)",
        "path": "/usr/lib/x86_64-linux-gnu/libz.so.1.3"
      },
      {
        "library": "libGLX.so.0",
        "line": "\tlibGLX.so.0 => /usr/lib/x86_64-linux-gnu/libGLX.so.0 (0x00007adfa854d000)",
        "path": "/usr/lib/x86_64-linux-gnu/libGLX.so.0.0.0"
      },
      {
        "library": "liblapack.so.3",
        "line": "\tliblapack.so.3 => /usr/lib/x86_64-linux-gnu/liblapack.so.3 (0x00007adfa7e5d000)",
        "path": "/usr/lib/x86_64-linux-gnu/lapack/liblapack.so.3.12.0"
      },
      {
        "library": "libblas.so.3",
        "line": "\tlibblas.so.3 => /usr/lib/x86_64-linux-gnu/libblas.so.3 (0x00007adfa7db6000)",
        "path": "/usr/lib/x86_64-linux-gnu/blas/libblas.so.3.12.0"
      },
      {
        "library": "libtbb.so.12",
        "line": "\tlibtbb.so.12 => /usr/lib/x86_64-linux-gnu/libtbb.so.12 (0x00007adfa7d62000)",
        "path": "/usr/lib/x86_64-linux-gnu/libtbb.so.12.11"
      },
      {
        "library": "libGLdispatch.so.0",
        "line": "\tlibGLdispatch.so.0 => /usr/lib/x86_64-linux-gnu/libGLdispatch.so.0 (0x00007adfa7caa000)",
        "path": "/usr/lib/x86_64-linux-gnu/libGLdispatch.so.0.0.0"
      },
      {
        "library": "libservice_msgs__rosidl_generator_c.so",
        "line": "\tlibservice_msgs__rosidl_generator_c.so => /opt/ros/jazzy/lib/libservice_msgs__rosidl_generator_c.so (0x00007adfa7ca3000)",
        "path": "/opt/ros/jazzy/lib/libservice_msgs__rosidl_generator_c.so"
      },
      {
        "library": "libgeometry_msgs__rosidl_generator_c.so",
        "line": "\tlibgeometry_msgs__rosidl_generator_c.so => /opt/ros/jazzy/lib/libgeometry_msgs__rosidl_generator_c.so (0x00007adfa7c65000)",
        "path": "/opt/ros/jazzy/lib/libgeometry_msgs__rosidl_generator_c.so"
      },
      {
        "library": "libbuiltin_interfaces__rosidl_generator_c.so",
        "line": "\tlibbuiltin_interfaces__rosidl_generator_c.so => /opt/ros/jazzy/lib/libbuiltin_interfaces__rosidl_generator_c.so (0x00007adfa7c5e000)",
        "path": "/opt/ros/jazzy/lib/libbuiltin_interfaces__rosidl_generator_c.so"
      },
      {
        "library": "libopencv_imgcodecs.so.406",
        "line": "\tlibopencv_imgcodecs.so.406 => /usr/lib/x86_64-linux-gnu/libopencv_imgcodecs.so.406 (0x00007adfa7c05000)",
        "path": "/usr/lib/x86_64-linux-gnu/libopencv_imgcodecs.so.4.6.0"
      },
      {
        "library": "libopencv_imgproc.so.406",
        "line": "\tlibopencv_imgproc.so.406 => /usr/lib/x86_64-linux-gnu/libopencv_imgproc.so.406 (0x00007adfa76ab000)",
        "path": "/usr/lib/x86_64-linux-gnu/libopencv_imgproc.so.4.6.0"
      },
      {
        "library": "libgflags.so.2.2",
        "line": "\tlibgflags.so.2.2 => /usr/lib/x86_64-linux-gnu/libgflags.so.2.2 (0x00007adfa7688000)",
        "path": "/usr/lib/x86_64-linux-gnu/libgflags.so.2.2.2"
      },
      {
        "library": "libunwind.so.8",
        "line": "\tlibunwind.so.8 => /usr/lib/x86_64-linux-gnu/libunwind.so.8 (0x00007adfa766d000)",
        "path": "/usr/lib/x86_64-linux-gnu/libunwind.so.8.0.1"
      },
      {
        "library": "librcl_interfaces__rosidl_generator_c.so",
        "line": "\tlibrcl_interfaces__rosidl_generator_c.so => /opt/ros/jazzy/lib/librcl_interfaces__rosidl_generator_c.so (0x00007adfa761f000)",
        "path": "/opt/ros/jazzy/lib/librcl_interfaces__rosidl_generator_c.so"
      },
      {
        "library": "librosgraph_msgs__rosidl_generator_c.so",
        "line": "\tlibrosgraph_msgs__rosidl_generator_c.so => /opt/ros/jazzy/lib/librosgraph_msgs__rosidl_generator_c.so (0x00007adfa761a000)",
        "path": "/opt/ros/jazzy/lib/librosgraph_msgs__rosidl_generator_c.so"
      },
      {
        "library": "librosidl_typesupport_c.so",
        "line": "\tlibrosidl_typesupport_c.so => /opt/ros/jazzy/lib/librosidl_typesupport_c.so (0x00007adfa7614000)",
        "path": "/opt/ros/jazzy/lib/librosidl_typesupport_c.so"
      },
      {
        "library": "libnuma.so.1",
        "line": "\tlibnuma.so.1 => /usr/lib/x86_64-linux-gnu/libnuma.so.1 (0x00007adfa7604000)",
        "path": "/usr/lib/x86_64-linux-gnu/libnuma.so.1.0.0"
      },
      {
        "library": "liblttng-ust-common.so.1",
        "line": "\tliblttng-ust-common.so.1 => /usr/lib/x86_64-linux-gnu/liblttng-ust-common.so.1 (0x00007adfa75f7000)",
        "path": "/usr/lib/x86_64-linux-gnu/liblttng-ust-common.so.1.0.0"
      },
      {
        "library": "liblttng-ust-tracepoint.so.1",
        "line": "\tliblttng-ust-tracepoint.so.1 => /usr/lib/x86_64-linux-gnu/liblttng-ust-tracepoint.so.1 (0x00007adfa75da000)",
        "path": "/usr/lib/x86_64-linux-gnu/liblttng-ust-tracepoint.so.1.0.0"
      },
      {
        "library": "libboost_timer.so.1.83.0",
        "line": "\tlibboost_timer.so.1.83.0 => /usr/lib/x86_64-linux-gnu/libboost_timer.so.1.83.0 (0x00007adfa75d3000)",
        "path": "/usr/lib/x86_64-linux-gnu/libboost_timer.so.1.83.0"
      },
      {
        "library": "libcudart.so.12",
        "line": "\tlibcudart.so.12 => /usr/local/cuda/targets/x86_64-linux/lib/libcudart.so.12 (0x00007adfa7200000)",
        "path": "/usr/local/cuda-12.5/targets/x86_64-linux/lib/libcudart.so.12.5.82"
      },
      {
        "library": "libmetis.so.5",
        "line": "\tlibmetis.so.5 => /usr/lib/x86_64-linux-gnu/libmetis.so.5 (0x00007adfa7567000)",
        "path": "/usr/lib/x86_64-linux-gnu/libmetis.so.5.1.0"
      },
      {
        "library": "libX11.so.6",
        "line": "\tlibX11.so.6 => /usr/lib/x86_64-linux-gnu/libX11.so.6 (0x00007adfa70c3000)",
        "path": "/usr/lib/x86_64-linux-gnu/libX11.so.6.4.0"
      },
      {
        "library": "libgfortran.so.5",
        "line": "\tlibgfortran.so.5 => /usr/lib/x86_64-linux-gnu/libgfortran.so.5 (0x00007adfa6da5000)",
        "path": "/usr/lib/x86_64-linux-gnu/libgfortran.so.5.0.0"
      },
      {
        "library": "libjpeg.so.8",
        "line": "\tlibjpeg.so.8 => /usr/lib/x86_64-linux-gnu/libjpeg.so.8 (0x00007adfa74e4000)",
        "path": "/usr/lib/x86_64-linux-gnu/libjpeg.so.8.2.2"
      },
      {
        "library": "libwebp.so.7",
        "line": "\tlibwebp.so.7 => /usr/lib/x86_64-linux-gnu/libwebp.so.7 (0x00007adfa6d2a000)",
        "path": "/usr/lib/x86_64-linux-gnu/libwebp.so.7.1.8"
      },
      {
        "library": "libpng16.so.16",
        "line": "\tlibpng16.so.16 => /usr/lib/x86_64-linux-gnu/libpng16.so.16 (0x00007adfa6cf2000)",
        "path": "/usr/lib/x86_64-linux-gnu/libpng16.so.16.43.0"
      },
      {
        "library": "libgdcmMSFF.so.3.0",
        "line": "\tlibgdcmMSFF.so.3.0 => /usr/lib/x86_64-linux-gnu/libgdcmMSFF.so.3.0 (0x00007adfa6ac6000)",
        "path": "/usr/lib/x86_64-linux-gnu/libgdcmMSFF.so.3.0.22"
      },
      {
        "library": "libtiff.so.6",
        "line": "\tlibtiff.so.6 => /usr/lib/x86_64-linux-gnu/libtiff.so.6 (0x00007adfa6a39000)",
        "path": "/usr/lib/x86_64-linux-gnu/libtiff.so.6.0.1"
      },
      {
        "library": "libopenjp2.so.7",
        "line": "\tlibopenjp2.so.7 => /usr/lib/x86_64-linux-gnu/libopenjp2.so.7 (0x00007adfa69d8000)",
        "path": "/usr/lib/x86_64-linux-gnu/libopenjp2.so.2.5.0"
      },
      {
        "library": "libOpenEXR-3_1.so.30",
        "line": "\tlibOpenEXR-3_1.so.30 => /usr/lib/x86_64-linux-gnu/libOpenEXR-3_1.so.30 (0x00007adfa66d3000)",
        "path": "/usr/lib/x86_64-linux-gnu/libOpenEXR-3_1.so.30.5.1"
      },
      {
        "library": "libgdal.so.34",
        "line": "\tlibgdal.so.34 => /usr/lib/x86_64-linux-gnu/libgdal.so.34 (0x00007adfa4efc000)",
        "path": "/usr/lib/x86_64-linux-gnu/libgdal.so.34.3.8.4"
      },
      {
        "library": "libgdcmDSED.so.3.0",
        "line": "\tlibgdcmDSED.so.3.0 => /usr/lib/x86_64-linux-gnu/libgdcmDSED.so.3.0 (0x00007adfa4e04000)",
        "path": "/usr/lib/x86_64-linux-gnu/libgdcmDSED.so.3.0.22"
      },
      {
        "library": "liblzma.so.5",
        "line": "\tliblzma.so.5 => /usr/lib/x86_64-linux-gnu/liblzma.so.5 (0x00007adfa4dd2000)",
        "path": "/usr/lib/x86_64-linux-gnu/liblzma.so.5.4.5"
      },
      {
        "library": "libdl.so.2",
        "line": "\tlibdl.so.2 => /usr/lib/x86_64-linux-gnu/libdl.so.2 (0x00007adfa74db000)",
        "path": "/usr/lib/x86_64-linux-gnu/libdl.so.2"
      },
      {
        "library": "libpthread.so.0",
        "line": "\tlibpthread.so.0 => /usr/lib/x86_64-linux-gnu/libpthread.so.0 (0x00007adfa74d6000)",
        "path": "/usr/lib/x86_64-linux-gnu/libpthread.so.0"
      },
      {
        "library": "librt.so.1",
        "line": "\tlibrt.so.1 => /usr/lib/x86_64-linux-gnu/librt.so.1 (0x00007adfa74d1000)",
        "path": "/usr/lib/x86_64-linux-gnu/librt.so.1"
      },
      {
        "library": "libxcb.so.1",
        "line": "\tlibxcb.so.1 => /usr/lib/x86_64-linux-gnu/libxcb.so.1 (0x00007adfa4da9000)",
        "path": "/usr/lib/x86_64-linux-gnu/libxcb.so.1.1.0"
      },
      {
        "library": "libsharpyuv.so.0",
        "line": "\tlibsharpyuv.so.0 => /usr/lib/x86_64-linux-gnu/libsharpyuv.so.0 (0x00007adfa74c7000)",
        "path": "/usr/lib/x86_64-linux-gnu/libsharpyuv.so.0.0.1"
      },
      {
        "library": "libgdcmDICT.so.3.0",
        "line": "\tlibgdcmDICT.so.3.0 => /usr/lib/x86_64-linux-gnu/libgdcmDICT.so.3.0 (0x00007adfa4ad1000)",
        "path": "/usr/lib/x86_64-linux-gnu/libgdcmDICT.so.3.0.22"
      },
      {
        "library": "libgdcmjpeg8.so.3.0",
        "line": "\tlibgdcmjpeg8.so.3.0 => /usr/lib/x86_64-linux-gnu/libgdcmjpeg8.so.3.0 (0x00007adfa4aa6000)",
        "path": "/usr/lib/x86_64-linux-gnu/libgdcmjpeg8.so.3.0.22"
      },
      {
        "library": "libgdcmjpeg12.so.3.0",
        "line": "\tlibgdcmjpeg12.so.3.0 => /usr/lib/x86_64-linux-gnu/libgdcmjpeg12.so.3.0 (0x00007adfa4a7b000)",
        "path": "/usr/lib/x86_64-linux-gnu/libgdcmjpeg12.so.3.0.22"
      },
      {
        "library": "libgdcmjpeg16.so.3.0",
        "line": "\tlibgdcmjpeg16.so.3.0 => /usr/lib/x86_64-linux-gnu/libgdcmjpeg16.so.3.0 (0x00007adfa4a50000)",
        "path": "/usr/lib/x86_64-linux-gnu/libgdcmjpeg16.so.3.0.22"
      },
      {
        "library": "libcharls.so.2",
        "line": "\tlibcharls.so.2 => /usr/lib/x86_64-linux-gnu/libcharls.so.2 (0x00007adfa49fc000)",
        "path": "/usr/lib/x86_64-linux-gnu/libcharls.so.2.4.2"
      },
      {
        "library": "libuuid.so.1",
        "line": "\tlibuuid.so.1 => /usr/lib/x86_64-linux-gnu/libuuid.so.1 (0x00007adfa74bb000)",
        "path": "/usr/lib/x86_64-linux-gnu/libuuid.so.1.3.0"
      },
      {
        "library": "libjson-c.so.5",
        "line": "\tlibjson-c.so.5 => /usr/lib/x86_64-linux-gnu/libjson-c.so.5 (0x00007adfa49e8000)",
        "path": "/usr/lib/x86_64-linux-gnu/libjson-c.so.5.3.0"
      },
      {
        "library": "libgdcmIOD.so.3.0",
        "line": "\tlibgdcmIOD.so.3.0 => /usr/lib/x86_64-linux-gnu/libgdcmIOD.so.3.0 (0x00007adfa49d2000)",
        "path": "/usr/lib/x86_64-linux-gnu/libgdcmIOD.so.3.0.22"
      },
      {
        "library": "libgdcmCommon.so.3.0",
        "line": "\tlibgdcmCommon.so.3.0 => /usr/lib/x86_64-linux-gnu/libgdcmCommon.so.3.0 (0x00007adfa49ad000)",
        "path": "/usr/lib/x86_64-linux-gnu/libgdcmCommon.so.3.0.22"
      },
      {
        "library": "libzstd.so.1",
        "line": "\tlibzstd.so.1 => /usr/lib/x86_64-linux-gnu/libzstd.so.1 (0x00007adfa48f3000)",
        "path": "/usr/lib/x86_64-linux-gnu/libzstd.so.1.5.5"
      },
      {
        "library": "libLerc.so.4",
        "line": "\tlibLerc.so.4 => /usr/lib/x86_64-linux-gnu/libLerc.so.4 (0x00007adfa486c000)",
        "path": "/usr/lib/x86_64-linux-gnu/libLerc.so.4"
      },
      {
        "library": "libjbig.so.0",
        "line": "\tlibjbig.so.0 => /usr/lib/x86_64-linux-gnu/libjbig.so.0 (0x00007adfa485c000)",
        "path": "/usr/lib/x86_64-linux-gnu/libjbig.so.0"
      },
      {
        "library": "libdeflate.so.0",
        "line": "\tlibdeflate.so.0 => /usr/lib/x86_64-linux-gnu/libdeflate.so.0 (0x00007adfa4849000)",
        "path": "/usr/lib/x86_64-linux-gnu/libdeflate.so.0"
      },
      {
        "library": "libImath-3_1.so.29",
        "line": "\tlibImath-3_1.so.29 => /usr/lib/x86_64-linux-gnu/libImath-3_1.so.29 (0x00007adfa47fb000)",
        "path": "/usr/lib/x86_64-linux-gnu/libImath-3_1.so.29.8.0"
      },
      {
        "library": "libIlmThread-3_1.so.30",
        "line": "\tlibIlmThread-3_1.so.30 => /usr/lib/x86_64-linux-gnu/libIlmThread-3_1.so.30 (0x00007adfa47f1000)",
        "path": "/usr/lib/x86_64-linux-gnu/libIlmThread-3_1.so.30.5.1"
      },
      {
        "library": "libIex-3_1.so.30",
        "line": "\tlibIex-3_1.so.30 => /usr/lib/x86_64-linux-gnu/libIex-3_1.so.30 (0x00007adfa476e000)",
        "path": "/usr/lib/x86_64-linux-gnu/libIex-3_1.so.30.5.1"
      },
      {
        "library": "libcurl.so.4",
        "line": "\tlibcurl.so.4 => /usr/lib/x86_64-linux-gnu/libcurl.so.4 (0x00007adfa46ad000)",
        "path": "/usr/lib/x86_64-linux-gnu/libcurl.so.4.8.0"
      },
      {
        "library": "libodbc.so.2",
        "line": "\tlibodbc.so.2 => /usr/lib/x86_64-linux-gnu/libodbc.so.2 (0x00007adfa463d000)",
        "path": "/usr/lib/x86_64-linux-gnu/libodbc.so.2.0.0"
      },
      {
        "library": "libodbcinst.so.2",
        "line": "\tlibodbcinst.so.2 => /usr/lib/x86_64-linux-gnu/libodbcinst.so.2 (0x00007adfa4629000)",
        "path": "/usr/lib/x86_64-linux-gnu/libodbcinst.so.2.0.0"
      },
      {
        "library": "libxml2.so.2",
        "line": "\tlibxml2.so.2 => /usr/lib/x86_64-linux-gnu/libxml2.so.2 (0x00007adfa4447000)",
        "path": "/usr/lib/x86_64-linux-gnu/libxml2.so.2.9.14"
      },
      {
        "library": "libcrypto.so.3",
        "line": "\tlibcrypto.so.3 => /usr/lib/x86_64-linux-gnu/libcrypto.so.3 (0x00007adfa3f33000)",
        "path": "/usr/lib/x86_64-linux-gnu/libcrypto.so.3"
      },
      {
        "library": "liblz4.so.1",
        "line": "\tliblz4.so.1 => /usr/lib/x86_64-linux-gnu/liblz4.so.1 (0x00007adfa3f11000)",
        "path": "/usr/lib/x86_64-linux-gnu/liblz4.so.1.9.4"
      },
      {
        "library": "libblosc.so.1",
        "line": "\tlibblosc.so.1 => /usr/lib/x86_64-linux-gnu/libblosc.so.1 (0x00007adfa3f01000)",
        "path": "/usr/lib/x86_64-linux-gnu/libblosc.so.1.21.5"
      },
      {
        "library": "libarmadillo.so.12",
        "line": "\tlibarmadillo.so.12 => /lib/libarmadillo.so.12 (0x00007adfa3eee000)",
        "path": "/usr/lib/libarmadillo.so.12.6.7"
      },
      {
        "library": "libqhull_r.so.8.0",
        "line": "\tlibqhull_r.so.8.0 => /usr/lib/x86_64-linux-gnu/libqhull_r.so.8.0 (0x00007adfa3e7e000)",
        "path": "/usr/lib/x86_64-linux-gnu/libqhull_r.so.8.0.2"
      },
      {
        "library": "libxerces-c-3.2.so",
        "line": "\tlibxerces-c-3.2.so => /usr/lib/x86_64-linux-gnu/libxerces-c-3.2.so (0x00007adfa3b29000)",
        "path": "/usr/lib/x86_64-linux-gnu/libxerces-c-3.2.so"
      },
      {
        "library": "libgeotiff.so.5",
        "line": "\tlibgeotiff.so.5 => /usr/lib/x86_64-linux-gnu/libgeotiff.so.5 (0x00007adfa3af3000)",
        "path": "/usr/lib/x86_64-linux-gnu/libgeotiff.so.5.2.1"
      },
      {
        "library": "libheif.so.1",
        "line": "\tlibheif.so.1 => /usr/lib/x86_64-linux-gnu/libheif.so.1 (0x00007adfa3a33000)",
        "path": "/usr/lib/x86_64-linux-gnu/libheif.so.1.17.6"
      },
      {
        "library": "libaec.so.0",
        "line": "\tlibaec.so.0 => /usr/lib/x86_64-linux-gnu/libaec.so.0 (0x00007adfa3a2a000)",
        "path": "/usr/lib/x86_64-linux-gnu/libaec.so.0.1.2"
      },
      {
        "library": "libpoppler.so.134",
        "line": "\tlibpoppler.so.134 => /usr/lib/x86_64-linux-gnu/libpoppler.so.134 (0x00007adfa36b6000)",
        "path": "/usr/lib/x86_64-linux-gnu/libpoppler.so.134.0.0"
      },
      {
        "library": "libgif.so.7",
        "line": "\tlibgif.so.7 => /usr/lib/x86_64-linux-gnu/libgif.so.7 (0x00007adfa36ab000)",
        "path": "/usr/lib/x86_64-linux-gnu/libgif.so.7.2.0"
      },
      {
        "library": "libnetcdf.so.19",
        "line": "\tlibnetcdf.so.19 => /usr/lib/x86_64-linux-gnu/libnetcdf.so.19 (0x00007adfa34c0000)",
        "path": "/usr/lib/x86_64-linux-gnu/libnetcdf.so.19"
      },
      {
        "library": "libcfitsio.so.10",
        "line": "\tlibcfitsio.so.10 => /usr/lib/x86_64-linux-gnu/libcfitsio.so.10 (0x00007adfa31b8000)",
        "path": "/usr/lib/x86_64-linux-gnu/libcfitsio.so.10.4.3.1"
      },
      {
        "library": "libhdf5_serial.so.103",
        "line": "\tlibhdf5_serial.so.103 => /usr/lib/x86_64-linux-gnu/libhdf5_serial.so.103 (0x00007adfa2e44000)",
        "path": "/usr/lib/x86_64-linux-gnu/libhdf5_serial.so.103.4.0"
      },
      {
        "library": "libsqlite3.so.0",
        "line": "\tlibsqlite3.so.0 => /usr/lib/x86_64-linux-gnu/libsqlite3.so.0 (0x00007adfa2cdc000)",
        "path": "/usr/lib/x86_64-linux-gnu/libsqlite3.so.0.8.6"
      },
      {
        "library": "libpq.so.5",
        "line": "\tlibpq.so.5 => /usr/lib/x86_64-linux-gnu/libpq.so.5 (0x00007adfa2c85000)",
        "path": "/usr/lib/x86_64-linux-gnu/libpq.so.5.16"
      },
      {
        "library": "libkmlbase.so.1",
        "line": "\tlibkmlbase.so.1 => /usr/lib/x86_64-linux-gnu/libkmlbase.so.1 (0x00007adfa2c68000)",
        "path": "/usr/lib/x86_64-linux-gnu/libkmlbase.so.1.3.0"
      },
      {
        "library": "libkmldom.so.1",
        "line": "\tlibkmldom.so.1 => /usr/lib/x86_64-linux-gnu/libkmldom.so.1 (0x00007adfa2bd4000)",
        "path": "/usr/lib/x86_64-linux-gnu/libkmldom.so.1.3.0"
      },
      {
        "library": "libkmlengine.so.1",
        "line": "\tlibkmlengine.so.1 => /usr/lib/x86_64-linux-gnu/libkmlengine.so.1 (0x00007adfa2ba6000)",
        "path": "/usr/lib/x86_64-linux-gnu/libkmlengine.so.1.3.0"
      },
      {
        "library": "libfyba.so.0",
        "line": "\tlibfyba.so.0 => /usr/lib/x86_64-linux-gnu/libfyba.so.0 (0x00007adfa2b50000)",
        "path": "/usr/lib/x86_64-linux-gnu/libfyba.so.0.0.0"
      },
      {
        "library": "libpcre2-8.so.0",
        "line": "\tlibpcre2-8.so.0 => /usr/lib/x86_64-linux-gnu/libpcre2-8.so.0 (0x00007adfa2ab6000)",
        "path": "/usr/lib/x86_64-linux-gnu/libpcre2-8.so.0.11.2"
      },
      {
        "library": "libspatialite.so.8",
        "line": "\tlibspatialite.so.8 => /usr/lib/x86_64-linux-gnu/libspatialite.so.8 (0x00007adfa234b000)",
        "path": "/usr/lib/x86_64-linux-gnu/libspatialite.so.8.1.0"
      },
      {
        "library": "libmysqlclient.so.21",
        "line": "\tlibmysqlclient.so.21 => /usr/lib/x86_64-linux-gnu/libmysqlclient.so.21 (0x00007adfa1ccc000)",
        "path": "/usr/lib/x86_64-linux-gnu/libmysqlclient.so.21.2.45"
      },
      {
        "library": "libfreexl.so.1",
        "line": "\tlibfreexl.so.1 => /usr/lib/x86_64-linux-gnu/libfreexl.so.1 (0x00007adfa1cb9000)",
        "path": "/usr/lib/x86_64-linux-gnu/libfreexl.so.1.2.0"
      },
      {
        "library": "libogdi.so.4.1",
        "line": "\tlibogdi.so.4.1 => /usr/lib/x86_64-linux-gnu/libogdi.so.4.1 (0x00007adfa1c9e000)",
        "path": "/usr/lib/x86_64-linux-gnu/libogdi.so.4.1"
      },
      {
        "library": "libexpat.so.1",
        "line": "\tlibexpat.so.1 => /usr/lib/x86_64-linux-gnu/libexpat.so.1 (0x00007adfa1c72000)",
        "path": "/usr/lib/x86_64-linux-gnu/libexpat.so.1.9.1"
      },
      {
        "library": "libgeos_c.so.1",
        "line": "\tlibgeos_c.so.1 => /usr/lib/x86_64-linux-gnu/libgeos_c.so.1 (0x00007adfa1c29000)",
        "path": "/usr/lib/x86_64-linux-gnu/libgeos_c.so.1.18.1"
      },
      {
        "library": "libproj.so.25",
        "line": "\tlibproj.so.25 => /usr/lib/x86_64-linux-gnu/libproj.so.25 (0x00007adfa1867000)",
        "path": "/usr/lib/x86_64-linux-gnu/libproj.so.25.9.4.0"
      },
      {
        "library": "libdfalt.so.0",
        "line": "\tlibdfalt.so.0 => /usr/lib/x86_64-linux-gnu/libdfalt.so.0 (0x00007adfa17c3000)",
        "path": "/usr/lib/x86_64-linux-gnu/libdfalt.so.0.0.0"
      },
      {
        "library": "libmfhdfalt.so.0",
        "line": "\tlibmfhdfalt.so.0 => /usr/lib/x86_64-linux-gnu/libmfhdfalt.so.0 (0x00007adfa1798000)",
        "path": "/usr/lib/x86_64-linux-gnu/libmfhdfalt.so.0.0.0"
      },
      {
        "library": "libXau.so.6",
        "line": "\tlibXau.so.6 => /usr/lib/x86_64-linux-gnu/libXau.so.6 (0x00007adfa1792000)",
        "path": "/usr/lib/x86_64-linux-gnu/libXau.so.6.0.0"
      },
      {
        "library": "libXdmcp.so.6",
        "line": "\tlibXdmcp.so.6 => /usr/lib/x86_64-linux-gnu/libXdmcp.so.6 (0x00007adfa178a000)",
        "path": "/usr/lib/x86_64-linux-gnu/libXdmcp.so.6.0.0"
      },
      {
        "library": "libnghttp2.so.14",
        "line": "\tlibnghttp2.so.14 => /usr/lib/x86_64-linux-gnu/libnghttp2.so.14 (0x00007adfa175f000)",
        "path": "/usr/lib/x86_64-linux-gnu/libnghttp2.so.14.26.0"
      },
      {
        "library": "libidn2.so.0",
        "line": "\tlibidn2.so.0 => /usr/lib/x86_64-linux-gnu/libidn2.so.0 (0x00007adfa173b000)",
        "path": "/usr/lib/x86_64-linux-gnu/libidn2.so.0.4.0"
      },
      {
        "library": "librtmp.so.1",
        "line": "\tlibrtmp.so.1 => /usr/lib/x86_64-linux-gnu/librtmp.so.1 (0x00007adfa171d000)",
        "path": "/usr/lib/x86_64-linux-gnu/librtmp.so.1"
      },
      {
        "library": "libssh.so.4",
        "line": "\tlibssh.so.4 => /usr/lib/x86_64-linux-gnu/libssh.so.4 (0x00007adfa16ab000)",
        "path": "/usr/lib/x86_64-linux-gnu/libssh.so.4.9.6"
      },
      {
        "library": "libpsl.so.5",
        "line": "\tlibpsl.so.5 => /usr/lib/x86_64-linux-gnu/libpsl.so.5 (0x00007adfa1697000)",
        "path": "/usr/lib/x86_64-linux-gnu/libpsl.so.5.3.4"
      },
      {
        "library": "libssl.so.3",
        "line": "\tlibssl.so.3 => /usr/lib/x86_64-linux-gnu/libssl.so.3 (0x00007adfa15ed000)",
        "path": "/usr/lib/x86_64-linux-gnu/libssl.so.3"
      },
      {
        "library": "libgssapi_krb5.so.2",
        "line": "\tlibgssapi_krb5.so.2 => /usr/lib/x86_64-linux-gnu/libgssapi_krb5.so.2 (0x00007adfa1599000)",
        "path": "/usr/lib/x86_64-linux-gnu/libgssapi_krb5.so.2.2"
      },
      {
        "library": "libldap.so.2",
        "line": "\tlibldap.so.2 => /usr/lib/x86_64-linux-gnu/libldap.so.2 (0x00007adfa153a000)",
        "path": "/usr/lib/x86_64-linux-gnu/libldap.so.2.0.200"
      },
      {
        "library": "liblber.so.2",
        "line": "\tliblber.so.2 => /usr/lib/x86_64-linux-gnu/liblber.so.2 (0x00007adfa152a000)",
        "path": "/usr/lib/x86_64-linux-gnu/liblber.so.2.0.200"
      },
      {
        "library": "libbrotlidec.so.1",
        "line": "\tlibbrotlidec.so.1 => /usr/lib/x86_64-linux-gnu/libbrotlidec.so.1 (0x00007adfa151c000)",
        "path": "/usr/lib/x86_64-linux-gnu/libbrotlidec.so.1.1.0"
      },
      {
        "library": "libltdl.so.7",
        "line": "\tlibltdl.so.7 => /usr/lib/x86_64-linux-gnu/libltdl.so.7 (0x00007adfa1511000)",
        "path": "/usr/lib/x86_64-linux-gnu/libltdl.so.7.3.2"
      },
      {
        "library": "libicuuc.so.74",
        "line": "\tlibicuuc.so.74 => /usr/lib/x86_64-linux-gnu/libicuuc.so.74 (0x00007adfa1304000)",
        "path": "/usr/lib/x86_64-linux-gnu/libicuuc.so.74.2"
      },
      {
        "library": "libsnappy.so.1",
        "line": "\tlibsnappy.so.1 => /usr/lib/x86_64-linux-gnu/libsnappy.so.1 (0x00007adfa12f7000)",
        "path": "/usr/lib/x86_64-linux-gnu/libsnappy.so.1.1.10"
      },
      {
        "library": "libarpack.so.2",
        "line": "\tlibarpack.so.2 => /usr/lib/x86_64-linux-gnu/libarpack.so.2 (0x00007adfa12ad000)",
        "path": "/usr/lib/x86_64-linux-gnu/libarpack.so.2.1.0"
      },
      {
        "library": "libsuperlu.so.6",
        "line": "\tlibsuperlu.so.6 => /usr/lib/x86_64-linux-gnu/libsuperlu.so.6 (0x00007adfa123d000)",
        "path": "/usr/lib/x86_64-linux-gnu/libsuperlu.so.6.0.1"
      },
      {
        "library": "libcurl-gnutls.so.4",
        "line": "\tlibcurl-gnutls.so.4 => /usr/lib/x86_64-linux-gnu/libcurl-gnutls.so.4 (0x00007adfa1182000)",
        "path": "/usr/lib/x86_64-linux-gnu/libcurl-gnutls.so.4.8.0"
      },
      {
        "library": "libfreetype.so.6",
        "line": "\tlibfreetype.so.6 => /usr/lib/x86_64-linux-gnu/libfreetype.so.6 (0x00007adfa10b6000)",
        "path": "/usr/lib/x86_64-linux-gnu/libfreetype.so.6.20.1"
      },
      {
        "library": "libfontconfig.so.1",
        "line": "\tlibfontconfig.so.1 => /usr/lib/x86_64-linux-gnu/libfontconfig.so.1 (0x00007adfa1063000)",
        "path": "/usr/lib/x86_64-linux-gnu/libfontconfig.so.1.12.1"
      },
      {
        "library": "liblcms2.so.2",
        "line": "\tliblcms2.so.2 => /usr/lib/x86_64-linux-gnu/liblcms2.so.2 (0x00007adfa1001000)",
        "path": "/usr/lib/x86_64-linux-gnu/liblcms2.so.2.0.14"
      },
      {
        "library": "libnss3.so",
        "line": "\tlibnss3.so => /usr/lib/x86_64-linux-gnu/libnss3.so (0x00007adfa0ed2000)",
        "path": "/usr/lib/x86_64-linux-gnu/libnss3.so"
      },
      {
        "library": "libsmime3.so",
        "line": "\tlibsmime3.so => /usr/lib/x86_64-linux-gnu/libsmime3.so (0x00007adfa0ea9000)",
        "path": "/usr/lib/x86_64-linux-gnu/libsmime3.so"
      },
      {
        "library": "libplc4.so",
        "line": "\tlibplc4.so => /usr/lib/x86_64-linux-gnu/libplc4.so (0x00007adfa0ea2000)",
        "path": "/usr/lib/x86_64-linux-gnu/libplc4.so"
      },
      {
        "library": "libnspr4.so",
        "line": "\tlibnspr4.so => /usr/lib/x86_64-linux-gnu/libnspr4.so (0x00007adfa0e63000)",
        "path": "/usr/lib/x86_64-linux-gnu/libnspr4.so"
      },
      {
        "library": "libhdf5_serial_hl.so.100",
        "line": "\tlibhdf5_serial_hl.so.100 => /usr/lib/x86_64-linux-gnu/libhdf5_serial_hl.so.100 (0x00007adfa0e3c000)",
        "path": "/usr/lib/x86_64-linux-gnu/libhdf5_serial_hl.so.100.1.7"
      },
      {
        "library": "libbz2.so.1.0",
        "line": "\tlibbz2.so.1.0 => /usr/lib/x86_64-linux-gnu/libbz2.so.1.0 (0x00007adfa0e28000)",
        "path": "/usr/lib/x86_64-linux-gnu/libbz2.so.1.0.4"
      },
      {
        "library": "libsz.so.2",
        "line": "\tlibsz.so.2 => /usr/lib/x86_64-linux-gnu/libsz.so.2 (0x00007adfa0e23000)",
        "path": "/usr/lib/x86_64-linux-gnu/libsz.so.2.0.1"
      },
      {
        "library": "libminizip.so.1",
        "line": "\tlibminizip.so.1 => /usr/lib/x86_64-linux-gnu/libminizip.so.1 (0x00007adfa0e16000)",
        "path": "/usr/lib/x86_64-linux-gnu/libminizip.so.1.0.0"
      },
      {
        "library": "liburiparser.so.1",
        "line": "\tliburiparser.so.1 => /usr/lib/x86_64-linux-gnu/liburiparser.so.1 (0x00007adfa0dff000)",
        "path": "/usr/lib/x86_64-linux-gnu/liburiparser.so.1.0.30"
      },
      {
        "library": "libfyut.so.0",
        "line": "\tlibfyut.so.0 => /usr/lib/x86_64-linux-gnu/libfyut.so.0 (0x00007adfa0df2000)",
        "path": "/usr/lib/x86_64-linux-gnu/libfyut.so.0.0.0"
      },
      {
        "library": "libfygm.so.0",
        "line": "\tlibfygm.so.0 => /usr/lib/x86_64-linux-gnu/libfygm.so.0 (0x00007adfa0de9000)",
        "path": "/usr/lib/x86_64-linux-gnu/libfygm.so.0.0.0"
      },
      {
        "library": "librttopo.so.1",
        "line": "\tlibrttopo.so.1 => /usr/lib/x86_64-linux-gnu/librttopo.so.1 (0x00007adfa0d79000)",
        "path": "/usr/lib/x86_64-linux-gnu/librttopo.so.1.1.0"
      },
      {
        "library": "libresolv.so.2",
        "line": "\tlibresolv.so.2 => /usr/lib/x86_64-linux-gnu/libresolv.so.2 (0x00007adfa0d66000)",
        "path": "/usr/lib/x86_64-linux-gnu/libresolv.so.2"
      },
      {
        "library": "libtirpc.so.3",
        "line": "\tlibtirpc.so.3 => /usr/lib/x86_64-linux-gnu/libtirpc.so.3 (0x00007adfa0d39000)",
        "path": "/usr/lib/x86_64-linux-gnu/libtirpc.so.3.0.0"
      },
      {
        "library": "libgeos.so.3.12.1",
        "line": "\tlibgeos.so.3.12.1 => /usr/lib/x86_64-linux-gnu/libgeos.so.3.12.1 (0x00007adfa0acf000)",
        "path": "/usr/lib/x86_64-linux-gnu/libgeos.so.3.12.1"
      },
      {
        "library": "libbsd.so.0",
        "line": "\tlibbsd.so.0 => /usr/lib/x86_64-linux-gnu/libbsd.so.0 (0x00007adfa0ab9000)",
        "path": "/usr/lib/x86_64-linux-gnu/libbsd.so.0.12.1"
      },
      {
        "library": "libunistring.so.5",
        "line": "\tlibunistring.so.5 => /usr/lib/x86_64-linux-gnu/libunistring.so.5 (0x00007adfa090c000)",
        "path": "/usr/lib/x86_64-linux-gnu/libunistring.so.5.0.0"
      },
      {
        "library": "libgnutls.so.30",
        "line": "\tlibgnutls.so.30 => /usr/lib/x86_64-linux-gnu/libgnutls.so.30 (0x00007adfa0712000)",
        "path": "/usr/lib/x86_64-linux-gnu/libgnutls.so.30.37.1"
      },
      {
        "library": "libhogweed.so.6",
        "line": "\tlibhogweed.so.6 => /usr/lib/x86_64-linux-gnu/libhogweed.so.6 (0x00007adfa06ca000)",
        "path": "/usr/lib/x86_64-linux-gnu/libhogweed.so.6.8"
      },
      {
        "library": "libnettle.so.8",
        "line": "\tlibnettle.so.8 => /usr/lib/x86_64-linux-gnu/libnettle.so.8 (0x00007adfa0673000)",
        "path": "/usr/lib/x86_64-linux-gnu/libnettle.so.8.8"
      },
      {
        "library": "libgmp.so.10",
        "line": "\tlibgmp.so.10 => /usr/lib/x86_64-linux-gnu/libgmp.so.10 (0x00007adfa05ef000)",
        "path": "/usr/lib/x86_64-linux-gnu/libgmp.so.10.5.0"
      },
      {
        "library": "libkrb5.so.3",
        "line": "\tlibkrb5.so.3 => /usr/lib/x86_64-linux-gnu/libkrb5.so.3 (0x00007adfa0526000)",
        "path": "/usr/lib/x86_64-linux-gnu/libkrb5.so.3.3"
      },
      {
        "library": "libk5crypto.so.3",
        "line": "\tlibk5crypto.so.3 => /usr/lib/x86_64-linux-gnu/libk5crypto.so.3 (0x00007adfa04fa000)",
        "path": "/usr/lib/x86_64-linux-gnu/libk5crypto.so.3.1"
      },
      {
        "library": "libcom_err.so.2",
        "line": "\tlibcom_err.so.2 => /usr/lib/x86_64-linux-gnu/libcom_err.so.2 (0x00007adfa04f4000)",
        "path": "/usr/lib/x86_64-linux-gnu/libcom_err.so.2.1"
      },
      {
        "library": "libkrb5support.so.0",
        "line": "\tlibkrb5support.so.0 => /usr/lib/x86_64-linux-gnu/libkrb5support.so.0 (0x00007adfa04e5000)",
        "path": "/usr/lib/x86_64-linux-gnu/libkrb5support.so.0.1"
      },
      {
        "library": "libsasl2.so.2",
        "line": "\tlibsasl2.so.2 => /usr/lib/x86_64-linux-gnu/libsasl2.so.2 (0x00007adfa04cb000)",
        "path": "/usr/lib/x86_64-linux-gnu/libsasl2.so.2.0.25"
      },
      {
        "library": "libbrotlicommon.so.1",
        "line": "\tlibbrotlicommon.so.1 => /usr/lib/x86_64-linux-gnu/libbrotlicommon.so.1 (0x00007adfa04a8000)",
        "path": "/usr/lib/x86_64-linux-gnu/libbrotlicommon.so.1.1.0"
      },
      {
        "library": "libicudata.so.74",
        "line": "\tlibicudata.so.74 => /usr/lib/x86_64-linux-gnu/libicudata.so.74 (0x00007adf9e748000)",
        "path": "/usr/lib/x86_64-linux-gnu/libicudata.so.74.2"
      },
      {
        "library": "libnssutil3.so",
        "line": "\tlibnssutil3.so => /usr/lib/x86_64-linux-gnu/libnssutil3.so (0x00007adf9e716000)",
        "path": "/usr/lib/x86_64-linux-gnu/libnssutil3.so"
      },
      {
        "library": "libplds4.so",
        "line": "\tlibplds4.so => /usr/lib/x86_64-linux-gnu/libplds4.so (0x00007adf9e70f000)",
        "path": "/usr/lib/x86_64-linux-gnu/libplds4.so"
      },
      {
        "library": "libmd.so.0",
        "line": "\tlibmd.so.0 => /usr/lib/x86_64-linux-gnu/libmd.so.0 (0x00007adf9e700000)",
        "path": "/usr/lib/x86_64-linux-gnu/libmd.so.0.1.0"
      },
      {
        "library": "libp11-kit.so.0",
        "line": "\tlibp11-kit.so.0 => /usr/lib/x86_64-linux-gnu/libp11-kit.so.0 (0x00007adf9e55c000)",
        "path": "/usr/lib/x86_64-linux-gnu/libp11-kit.so.0.3.1"
      },
      {
        "library": "libtasn1.so.6",
        "line": "\tlibtasn1.so.6 => /usr/lib/x86_64-linux-gnu/libtasn1.so.6 (0x00007adf9e546000)",
        "path": "/usr/lib/x86_64-linux-gnu/libtasn1.so.6.6.3"
      },
      {
        "library": "libkeyutils.so.1",
        "line": "\tlibkeyutils.so.1 => /usr/lib/x86_64-linux-gnu/libkeyutils.so.1 (0x00007adf9e53d000)",
        "path": "/usr/lib/x86_64-linux-gnu/libkeyutils.so.1.10"
      },
      {
        "library": "libffi.so.8",
        "line": "\tlibffi.so.8 => /usr/lib/x86_64-linux-gnu/libffi.so.8 (0x00007adf9e531000)",
        "path": "/usr/lib/x86_64-linux-gnu/libffi.so.8.1.4"
      }
    ],
    "manager": [
      {
        "library": "libiap.so",
        "line": "\tlibiap.so => /home/dev/ws_iap/src/iap/results/icra27/icra031/install/lib/libiap.so (0x0000761b3a400000)",
        "path": "/home/dev/ws_iap/src/iap/results/icra27/icra031/install/lib/libiap.so"
      },
      {
        "library": "libstdc++.so.6",
        "line": "\tlibstdc++.so.6 => /usr/lib/x86_64-linux-gnu/libstdc++.so.6 (0x0000761b3a182000)",
        "path": "/usr/lib/x86_64-linux-gnu/libstdc++.so.6.0.33"
      },
      {
        "library": "libm.so.6",
        "line": "\tlibm.so.6 => /usr/lib/x86_64-linux-gnu/libm.so.6 (0x0000761b3ac58000)",
        "path": "/usr/lib/x86_64-linux-gnu/libm.so.6"
      },
      {
        "library": "libgcc_s.so.1",
        "line": "\tlibgcc_s.so.1 => /usr/lib/x86_64-linux-gnu/libgcc_s.so.1 (0x0000761b3ac2a000)",
        "path": "/usr/lib/x86_64-linux-gnu/libgcc_s.so.1"
      },
      {
        "library": "libc.so.6",
        "line": "\tlibc.so.6 => /usr/lib/x86_64-linux-gnu/libc.so.6 (0x0000761b39f70000)",
        "path": "/usr/lib/x86_64-linux-gnu/libc.so.6"
      },
      {
        "library": "libgtsam_points.so.1",
        "line": "\tlibgtsam_points.so.1 => /usr/local/lib/libgtsam_points.so.1 (0x0000761b39c7d000)",
        "path": "/usr/local/lib/libgtsam_points.so.1.2.1"
      },
      {
        "library": "libspdlog.so.1.12",
        "line": "\tlibspdlog.so.1.12 => /usr/lib/x86_64-linux-gnu/libspdlog.so.1.12 (0x0000761b39bf6000)",
        "path": "/usr/lib/x86_64-linux-gnu/libspdlog.so.1.12.0"
      },
      {
        "library": "libopencv_core.so.406",
        "line": "\tlibopencv_core.so.406 => /usr/lib/x86_64-linux-gnu/libopencv_core.so.406 (0x0000761b39882000)",
        "path": "/usr/lib/x86_64-linux-gnu/libopencv_core.so.4.6.0"
      },
      {
        "library": "libgnss_comm_lib.so",
        "line": "\tlibgnss_comm_lib.so => /home/dev/ws_iap/install/gnss_comm/lib/libgnss_comm_lib.so (0x0000761b39400000)",
        "path": "/home/dev/ws_iap/install/gnss_comm/lib/libgnss_comm_lib.so"
      },
      {
        "library": "libgtsam_points_cuda.so.1",
        "line": "\tlibgtsam_points_cuda.so.1 => /usr/local/lib/libgtsam_points_cuda.so.1 (0x0000761b390e9000)",
        "path": "/usr/local/lib/libgtsam_points_cuda.so.1.2.1"
      },
      {
        "library": "libgomp.so.1",
        "line": "\tlibgomp.so.1 => /usr/lib/x86_64-linux-gnu/libgomp.so.1 (0x0000761b3982c000)",
        "path": "/usr/lib/x86_64-linux-gnu/libgomp.so.1.0.0"
      },
      {
        "library": "libgtsam.so.4",
        "line": "\tlibgtsam.so.4 => /usr/lib/x86_64-linux-gnu/libgtsam.so.4 (0x0000761b38bec000)",
        "path": "/usr/lib/x86_64-linux-gnu/libgtsam.so.4.3a0"
      },
      {
        "library": "libboost_serialization.so.1.83.0",
        "line": "\tlibboost_serialization.so.1.83.0 => /usr/lib/x86_64-linux-gnu/libboost_serialization.so.1.83.0 (0x0000761b397e9000)",
        "path": "/usr/lib/x86_64-linux-gnu/libboost_serialization.so.1.83.0"
      },
      {
        "library": "libboost_filesystem.so.1.83.0",
        "line": "\tlibboost_filesystem.so.1.83.0 => /usr/lib/x86_64-linux-gnu/libboost_filesystem.so.1.83.0 (0x0000761b397c6000)",
        "path": "/usr/lib/x86_64-linux-gnu/libboost_filesystem.so.1.83.0"
      },
      {
        "library": "libcephes-gtsam.so.1",
        "line": "\tlibcephes-gtsam.so.1 => /usr/lib/x86_64-linux-gnu/libcephes-gtsam.so.1 (0x0000761b39794000)",
        "path": "/usr/lib/x86_64-linux-gnu/libcephes-gtsam.so.1.0.0"
      },
      {
        "library": "libfmt.so.9",
        "line": "\tlibfmt.so.9 => /usr/lib/x86_64-linux-gnu/libfmt.so.9 (0x0000761b39773000)",
        "path": "/usr/lib/x86_64-linux-gnu/libfmt.so.9.1.0"
      },
      {
        "library": "libboost_timer.so.1.83.0",
        "line": "\tlibboost_timer.so.1.83.0 => /usr/lib/x86_64-linux-gnu/libboost_timer.so.1.83.0 (0x0000761b3ac1f000)",
        "path": "/usr/lib/x86_64-linux-gnu/libboost_timer.so.1.83.0"
      },
      {
        "library": "libz.so.1",
        "line": "\tlibz.so.1 => /usr/lib/x86_64-linux-gnu/libz.so.1 (0x0000761b39757000)",
        "path": "/usr/lib/x86_64-linux-gnu/libz.so.1.3"
      },
      {
        "library": "libGLX.so.0",
        "line": "\tlibGLX.so.0 => /usr/lib/x86_64-linux-gnu/libGLX.so.0 (0x0000761b38bb9000)",
        "path": "/usr/lib/x86_64-linux-gnu/libGLX.so.0.0.0"
      },
      {
        "library": "liblapack.so.3",
        "line": "\tliblapack.so.3 => /usr/lib/x86_64-linux-gnu/liblapack.so.3 (0x0000761b384c9000)",
        "path": "/usr/lib/x86_64-linux-gnu/lapack/liblapack.so.3.12.0"
      },
      {
        "library": "libblas.so.3",
        "line": "\tlibblas.so.3 => /usr/lib/x86_64-linux-gnu/libblas.so.3 (0x0000761b38422000)",
        "path": "/usr/lib/x86_64-linux-gnu/blas/libblas.so.3.12.0"
      },
      {
        "library": "libtbb.so.12",
        "line": "\tlibtbb.so.12 => /usr/lib/x86_64-linux-gnu/libtbb.so.12 (0x0000761b383ce000)",
        "path": "/usr/lib/x86_64-linux-gnu/libtbb.so.12.11"
      },
      {
        "library": "libglog.so.1",
        "line": "\tlibglog.so.1 => /usr/lib/x86_64-linux-gnu/libglog.so.1 (0x0000761b38398000)",
        "path": "/usr/lib/x86_64-linux-gnu/libglog.so.0.6.0"
      },
      {
        "library": "libcudart.so.12",
        "line": "\tlibcudart.so.12 => /usr/local/cuda/targets/x86_64-linux/lib/libcudart.so.12 (0x0000761b38000000)",
        "path": "/usr/local/cuda-12.5/targets/x86_64-linux/lib/libcudart.so.12.5.82"
      },
      {
        "library": "libmetis.so.5",
        "line": "\tlibmetis.so.5 => /usr/lib/x86_64-linux-gnu/libmetis.so.5 (0x0000761b3832e000)",
        "path": "/usr/lib/x86_64-linux-gnu/libmetis.so.5.1.0"
      },
      {
        "library": "libGLdispatch.so.0",
        "line": "\tlibGLdispatch.so.0 => /usr/lib/x86_64-linux-gnu/libGLdispatch.so.0 (0x0000761b37f48000)",
        "path": "/usr/lib/x86_64-linux-gnu/libGLdispatch.so.0.0.0"
      },
      {
        "library": "libX11.so.6",
        "line": "\tlibX11.so.6 => /usr/lib/x86_64-linux-gnu/libX11.so.6 (0x0000761b37e0b000)",
        "path": "/usr/lib/x86_64-linux-gnu/libX11.so.6.4.0"
      },
      {
        "library": "libgfortran.so.5",
        "line": "\tlibgfortran.so.5 => /usr/lib/x86_64-linux-gnu/libgfortran.so.5 (0x0000761b37aed000)",
        "path": "/usr/lib/x86_64-linux-gnu/libgfortran.so.5.0.0"
      },
      {
        "library": "libgflags.so.2.2",
        "line": "\tlibgflags.so.2.2 => /usr/lib/x86_64-linux-gnu/libgflags.so.2.2 (0x0000761b39736000)",
        "path": "/usr/lib/x86_64-linux-gnu/libgflags.so.2.2.2"
      },
      {
        "library": "libunwind.so.8",
        "line": "\tlibunwind.so.8 => /usr/lib/x86_64-linux-gnu/libunwind.so.8 (0x0000761b38313000)",
        "path": "/usr/lib/x86_64-linux-gnu/libunwind.so.8.0.1"
      },
      {
        "library": "libdl.so.2",
        "line": "\tlibdl.so.2 => /usr/lib/x86_64-linux-gnu/libdl.so.2 (0x0000761b3972f000)",
        "path": "/usr/lib/x86_64-linux-gnu/libdl.so.2"
      },
      {
        "library": "libpthread.so.0",
        "line": "\tlibpthread.so.0 => /usr/lib/x86_64-linux-gnu/libpthread.so.0 (0x0000761b3972a000)",
        "path": "/usr/lib/x86_64-linux-gnu/libpthread.so.0"
      },
      {
        "library": "librt.so.1",
        "line": "\tlibrt.so.1 => /usr/lib/x86_64-linux-gnu/librt.so.1 (0x0000761b3830e000)",
        "path": "/usr/lib/x86_64-linux-gnu/librt.so.1"
      },
      {
        "library": "libxcb.so.1",
        "line": "\tlibxcb.so.1 => /usr/lib/x86_64-linux-gnu/libxcb.so.1 (0x0000761b382e5000)",
        "path": "/usr/lib/x86_64-linux-gnu/libxcb.so.1.1.0"
      },
      {
        "library": "liblzma.so.5",
        "line": "\tliblzma.so.5 => /usr/lib/x86_64-linux-gnu/liblzma.so.5 (0x0000761b382b3000)",
        "path": "/usr/lib/x86_64-linux-gnu/liblzma.so.5.4.5"
      },
      {
        "library": "libXau.so.6",
        "line": "\tlibXau.so.6 => /usr/lib/x86_64-linux-gnu/libXau.so.6 (0x0000761b37ae7000)",
        "path": "/usr/lib/x86_64-linux-gnu/libXau.so.6.0.0"
      },
      {
        "library": "libXdmcp.so.6",
        "line": "\tlibXdmcp.so.6 => /usr/lib/x86_64-linux-gnu/libXdmcp.so.6 (0x0000761b37adf000)",
        "path": "/usr/lib/x86_64-linux-gnu/libXdmcp.so.6.0.0"
      },
      {
        "library": "libbsd.so.0",
        "line": "\tlibbsd.so.0 => /usr/lib/x86_64-linux-gnu/libbsd.so.0 (0x0000761b37ac9000)",
        "path": "/usr/lib/x86_64-linux-gnu/libbsd.so.0.12.1"
      },
      {
        "library": "libmd.so.0",
        "line": "\tlibmd.so.0 => /usr/lib/x86_64-linux-gnu/libmd.so.0 (0x0000761b37aba000)",
        "path": "/usr/lib/x86_64-linux-gnu/libmd.so.0.1.0"
      }
    ]
  }
}
