[INFO] [1787834759.861842090] [drone_0_ego_planner_node]: Wait for 1 second.
[WARN] [1787834760.027715818] [drone_0_ego_planner_node]: Waiting for trigger from [n3ctrl] from RC
[WARN] [1787834760.055427317] [drone_0_ego_planner_node]: Deferring P4 planning until risk grid is ready: reason=snapshot_unavailable snapshot_owned=0 ready=0 stale=1 generation_id=0 stamp_s=0.000000000 frame= defer_count=1
[INFO] [1787834760.359816800] [drone_0_ego_planner_node]: [p0] risk grid ready=0 stale=1 age=inf valid=0.000 unknown=1.000 gen=0 provider_queries=0 occupied_skip=0 provider_stale=0 provider_invalid=0 gnss_used=0 lidar_used=0 prior_used=0 stale_current_prior=0 regularized=0 conservative_max=0 lidar_points=0 lidar_fim_primitives=0 lidar_fim_valid_normals=0 lidar_fim_fallback=not_evaluated dominant_unknown=:0 refresh_stamp=1657065610.680238 grid_stamp=nan elapsed_ms=nan queries=0 reason=not_ready
[INFO] [1787834760.531774711] [drone_0_ego_planner_node]: P4 risk-grid planning admission released: release_stamp_s=1657065610.680237532 release_generation_id=1 defer_count=47
[WARN] [1787834760.537432368] [drone_0_ego_planner_node]: P5 final gate blocked trajectory: action=REQUEST_REPLAN reason=current_low_margin planning_generation_id=1 final_gate_generation_id=1
[ERROR] [1787834760.537452511] [drone_0_ego_planner_node]: Failed to generate the first trajectory!!!
[WARN] [1787834760.552312832] [drone_0_ego_planner_node]: P5 final gate blocked trajectory: action=REQUEST_REPLAN reason=current_low_margin planning_generation_id=1 final_gate_generation_id=1
[ERROR] [1787834760.552336694] [drone_0_ego_planner_node]: Failed to generate the first trajectory!!!
[WARN] [1787834760.566930581] [drone_0_ego_planner_node]: P5 final gate blocked trajectory: action=REQUEST_REPLAN reason=current_low_margin planning_generation_id=1 final_gate_generation_id=1
[ERROR] [1787834760.566950492] [drone_0_ego_planner_node]: Failed to generate the first trajectory!!!
[WARN] [1787834760.583275805] [drone_0_ego_planner_node]: P5 final gate blocked trajectory: action=REQUEST_REPLAN reason=current_low_margin planning_generation_id=1 final_gate_generation_id=1
[ERROR] [1787834760.583303393] [drone_0_ego_planner_node]: Failed to generate the first trajectory!!!
[WARN] [1787834760.599520823] [drone_0_ego_planner_node]: P5 final gate blocked trajectory: action=REQUEST_REPLAN reason=current_low_margin planning_generation_id=1 final_gate_generation_id=1
[ERROR] [1787834760.599551285] [drone_0_ego_planner_node]: Failed to generate the first trajectory!!!
[WARN] [1787834760.614226838] [drone_0_ego_planner_node]: P5 final gate blocked trajectory: action=REQUEST_REPLAN reason=current_low_margin planning_generation_id=1 final_gate_generation_id=1
[ERROR] [1787834760.614249410] [drone_0_ego_planner_node]: Failed to generate the first trajectory!!!
[WARN] [1787834760.628881125] [drone_0_ego_planner_node]: P5 final gate blocked trajectory: action=REQUEST_REPLAN reason=current_low_margin planning_generation_id=1 final_gate_generation_id=1
[ERROR] [1787834760.628901561] [drone_0_ego_planner_node]: Failed to generate the first trajectory!!!
[WARN] [1787834760.645029349] [drone_0_ego_planner_node]: P5 final gate blocked trajectory: action=REQUEST_REPLAN reason=current_low_margin planning_generation_id=1 final_gate_generation_id=1
[ERROR] [1787834760.645055539] [drone_0_ego_planner_node]: Failed to generate the first trajectory!!!
[WARN] [1787834760.659703628] [drone_0_ego_planner_node]: P5 final gate blocked trajectory: action=REQUEST_REPLAN reason=current_low_margin planning_generation_id=1 final_gate_generation_id=1
[ERROR] [1787834760.659727302] [drone_0_ego_planner_node]: Failed to generate the first trajectory!!!
[WARN] [1787834760.675729755] [drone_0_ego_planner_node]: P5 final gate blocked trajectory: action=REQUEST_REPLAN reason=current_low_margin planning_generation_id=1 final_gate_generation_id=1
[ERROR] [1787834760.675752946] [drone_0_ego_planner_node]: Failed to generate the first trajectory!!!
[WARN] [1787834760.692083288] [drone_0_ego_planner_node]: P5 final gate blocked trajectory: action=REQUEST_REPLAN reason=current_low_margin planning_generation_id=1 final_gate_generation_id=1
[ERROR] [1787834760.692110262] [drone_0_ego_planner_node]: Failed to generate the first trajectory!!!
[WARN] [1787834760.706710733] [drone_0_ego_planner_node]: P5 final gate blocked trajectory: action=REQUEST_REPLAN reason=current_low_margin planning_generation_id=1 final_gate_generation_id=1
[ERROR] [1787834760.706730406] [drone_0_ego_planner_node]: Failed to generate the first trajectory!!!
[WARN] [1787834760.722868603] [drone_0_ego_planner_node]: P5 final gate blocked trajectory: action=REQUEST_REPLAN reason=current_low_margin planning_generation_id=1 final_gate_generation_id=1
[ERROR] [1787834760.722893555] [drone_0_ego_planner_node]: Failed to generate the first trajectory!!!
[WARN] [1787834760.737544605] [drone_0_ego_planner_node]: P5 final gate blocked trajectory: action=REQUEST_REPLAN reason=current_low_margin planning_generation_id=1 final_gate_generation_id=1
[ERROR] [1787834760.737566244] [drone_0_ego_planner_node]: Failed to generate the first trajectory!!!
[WARN] [1787834760.753891879] [drone_0_ego_planner_node]: P5 final gate blocked trajectory: action=REQUEST_REPLAN reason=current_low_margin planning_generation_id=1 final_gate_generation_id=1
[ERROR] [1787834760.753916872] [drone_0_ego_planner_node]: Failed to generate the first trajectory!!!
[WARN] [1787834760.770168211] [drone_0_ego_planner_node]: P5 final gate blocked trajectory: action=REQUEST_REPLAN reason=current_low_margin planning_generation_id=1 final_gate_generation_id=1
[ERROR] [1787834760.770194381] [drone_0_ego_planner_node]: Failed to generate the first trajectory!!!
[WARN] [1787834760.784919290] [drone_0_ego_planner_node]: P5 final gate blocked trajectory: action=REQUEST_REPLAN reason=current_low_margin planning_generation_id=1 final_gate_generation_id=1
[ERROR] [1787834760.784943121] [drone_0_ego_planner_node]: Failed to generate the first trajectory!!!
[WARN] [1787834760.801083031] [drone_0_ego_planner_node]: P5 final gate blocked trajectory: action=REQUEST_REPLAN reason=current_low_margin planning_generation_id=1 final_gate_generation_id=1
[ERROR] [1787834760.801110129] [drone_0_ego_planner_node]: Failed to generate the first trajectory!!!
[WARN] [1787834760.815810883] [drone_0_ego_planner_node]: P5 final gate blocked trajectory: action=REQUEST_REPLAN reason=current_low_margin planning_generation_id=1 final_gate_generation_id=1
[ERROR] [1787834760.815833703] [drone_0_ego_planner_node]: Failed to generate the first trajectory!!!
[WARN] [1787834760.832054435] [drone_0_ego_planner_node]: P5 final gate blocked trajectory: action=REQUEST_REPLAN reason=current_low_margin planning_generation_id=1 final_gate_generation_id=1
[ERROR] [1787834760.832089401] [drone_0_ego_planner_node]: Failed to generate the first trajectory!!!
[WARN] [1787834760.848248769] [drone_0_ego_planner_node]: P5 final gate blocked trajectory: action=REQUEST_REPLAN reason=current_low_margin planning_generation_id=1 final_gate_generation_id=1
[ERROR] [1787834760.848275786] [drone_0_ego_planner_node]: Failed to generate the first trajectory!!!
[WARN] [1787834760.864478404] [drone_0_ego_planner_node]: P5 final gate blocked trajectory: action=REQUEST_REPLAN reason=current_low_margin planning_generation_id=1 final_gate_generation_id=1
[ERROR] [1787834760.864506188] [drone_0_ego_planner_node]: Failed to generate the first trajectory!!!
[WARN] [1787834760.879157974] [drone_0_ego_planner_node]: P5 final gate blocked trajectory: action=REQUEST_REPLAN reason=current_low_margin planning_generation_id=1 final_gate_generation_id=1
[ERROR] [1787834760.879182572] [drone_0_ego_planner_node]: Failed to generate the first trajectory!!!
[WARN] [1787834760.895397484] [drone_0_ego_planner_node]: P5 final gate blocked trajectory: action=REQUEST_REPLAN reason=current_low_margin planning_generation_id=1 final_gate_generation_id=1
[ERROR] [1787834760.895423693] [drone_0_ego_planner_node]: Failed to generate the first trajectory!!!
[WARN] [1787834760.911611867] [drone_0_ego_planner_node]: P5 final gate blocked trajectory: action=REQUEST_REPLAN reason=current_low_margin planning_generation_id=1 final_gate_generation_id=1
[ERROR] [1787834760.911640130] [drone_0_ego_planner_node]: Failed to generate the first trajectory!!!
[WARN] [1787834760.927848799] [drone_0_ego_planner_node]: P5 final gate blocked trajectory: action=REQUEST_REPLAN reason=current_low_margin planning_generation_id=1 final_gate_generation_id=1
[ERROR] [1787834760.927875500] [drone_0_ego_planner_node]: Failed to generate the first trajectory!!!
[WARN] [1787834760.944057765] [drone_0_ego_planner_node]: P5 final gate blocked trajectory: action=REQUEST_REPLAN reason=current_low_margin planning_generation_id=1 final_gate_generation_id=1
[ERROR] [1787834760.944092503] [drone_0_ego_planner_node]: Failed to generate the first trajectory!!!
[WARN] [1787834760.958818054] [drone_0_ego_planner_node]: P5 final gate blocked trajectory: action=REQUEST_REPLAN reason=current_low_margin planning_generation_id=1 final_gate_generation_id=1
[ERROR] [1787834760.958841046] [drone_0_ego_planner_node]: Failed to generate the first trajectory!!!
[WARN] [1787834760.974995673] [drone_0_ego_planner_node]: P5 final gate blocked trajectory: action=REQUEST_REPLAN reason=current_low_margin planning_generation_id=1 final_gate_generation_id=1
[ERROR] [1787834760.975021603] [drone_0_ego_planner_node]: Failed to generate the first trajectory!!!
[WARN] [1787834760.991187616] [drone_0_ego_planner_node]: P5 final gate blocked trajectory: action=REQUEST_REPLAN reason=current_low_margin planning_generation_id=1 final_gate_generation_id=1
[ERROR] [1787834760.991212748] [drone_0_ego_planner_node]: Failed to generate the first trajectory!!!
[WARN] [1787834761.007304171] [drone_0_ego_planner_node]: P5 final gate blocked trajectory: action=REQUEST_REPLAN reason=current_low_margin planning_generation_id=1 final_gate_generation_id=1
[ERROR] [1787834761.007332020] [drone_0_ego_planner_node]: Failed to generate the first trajectory!!!
[WARN] [1787834761.023547634] [drone_0_ego_planner_node]: P5 final gate blocked trajectory: action=REQUEST_REPLAN reason=current_low_margin planning_generation_id=1 final_gate_generation_id=1
[ERROR] [1787834761.023574814] [drone_0_ego_planner_node]: Failed to generate the first trajectory!!!
[WARN] [1787834761.039669911] [drone_0_ego_planner_node]: P5 final gate blocked trajectory: action=REQUEST_REPLAN reason=current_low_margin planning_generation_id=1 final_gate_generation_id=1
[ERROR] [1787834761.039694676] [drone_0_ego_planner_node]: Failed to generate the first trajectory!!!
[WARN] [1787834761.055940069] [drone_0_ego_planner_node]: P5 final gate blocked trajectory: action=REQUEST_REPLAN reason=current_low_margin planning_generation_id=1 final_gate_generation_id=1
[ERROR] [1787834761.055968020] [drone_0_ego_planner_node]: Failed to generate the first trajectory!!!
[WARN] [1787834761.072131337] [drone_0_ego_planner_node]: P5 final gate blocked trajectory: action=REQUEST_REPLAN reason=current_low_margin planning_generation_id=1 final_gate_generation_id=1
[ERROR] [1787834761.072157016] [drone_0_ego_planner_node]: Failed to generate the first trajectory!!!
[WARN] [1787834761.086862686] [drone_0_ego_planner_node]: P5 final gate blocked trajectory: action=REQUEST_REPLAN reason=current_low_margin planning_generation_id=1 final_gate_generation_id=1
[ERROR] [1787834761.086885061] [drone_0_ego_planner_node]: Failed to generate the first trajectory!!!
[WARN] [1787834761.102995730] [drone_0_ego_planner_node]: P5 final gate blocked trajectory: action=REQUEST_REPLAN reason=current_low_margin planning_generation_id=1 final_gate_generation_id=1
[ERROR] [1787834761.103021550] [drone_0_ego_planner_node]: Failed to generate the first trajectory!!!
[WARN] [1787834761.119187617] [drone_0_ego_planner_node]: P5 final gate blocked trajectory: action=REQUEST_REPLAN reason=current_low_margin planning_generation_id=1 final_gate_generation_id=1
[ERROR] [1787834761.119215058] [drone_0_ego_planner_node]: Failed to generate the first trajectory!!!
[WARN] [1787834761.135353770] [drone_0_ego_planner_node]: P5 final gate blocked trajectory: action=REQUEST_REPLAN reason=current_low_margin planning_generation_id=1 final_gate_generation_id=1
[ERROR] [1787834761.135381445] [drone_0_ego_planner_node]: Failed to generate the first trajectory!!!
[WARN] [1787834761.154251104] [drone_0_ego_planner_node]: P5 final gate blocked trajectory: action=REQUEST_REPLAN reason=current_low_margin planning_generation_id=2 final_gate_generation_id=2
[ERROR] [1787834761.154273651] [drone_0_ego_planner_node]: Failed to generate the first trajectory!!!
[WARN] [1787834761.168825569] [drone_0_ego_planner_node]: P5 final gate blocked trajectory: action=REQUEST_REPLAN reason=current_low_margin planning_generation_id=2 final_gate_generation_id=2
[ERROR] [1787834761.168846118] [drone_0_ego_planner_node]: Failed to generate the first trajectory!!!
[WARN] [1787834761.184856270] [drone_0_ego_planner_node]: P5 final gate blocked trajectory: action=REQUEST_REPLAN reason=current_low_margin planning_generation_id=2 final_gate_generation_id=2
[ERROR] [1787834761.184884041] [drone_0_ego_planner_node]: Failed to generate the first trajectory!!!
[WARN] [1787834761.200926142] [drone_0_ego_planner_node]: P5 final gate blocked trajectory: action=REQUEST_REPLAN reason=current_low_margin planning_generation_id=2 final_gate_generation_id=2
[ERROR] [1787834761.200956283] [drone_0_ego_planner_node]: Failed to generate the first trajectory!!!
[WARN] [1787834761.215554683] [drone_0_ego_planner_node]: P5 final gate blocked trajectory: action=REQUEST_REPLAN reason=current_low_margin planning_generation_id=2 final_gate_generation_id=2
[ERROR] [1787834761.215580095] [drone_0_ego_planner_node]: Failed to generate the first trajectory!!!
[WARN] [1787834761.231439339] [drone_0_ego_planner_node]: P5 final gate blocked trajectory: action=REQUEST_REPLAN reason=current_low_margin planning_generation_id=2 final_gate_generation_id=2
[ERROR] [1787834761.231464075] [drone_0_ego_planner_node]: Failed to generate the first trajectory!!!
[WARN] [1787834761.247394858] [drone_0_ego_planner_node]: P5 final gate blocked trajectory: action=REQUEST_REPLAN reason=current_low_margin planning_generation_id=2 final_gate_generation_id=2
[ERROR] [1787834761.247420256] [drone_0_ego_planner_node]: Failed to generate the first trajectory!!!
[WARN] [1787834761.261956091] [drone_0_ego_planner_node]: P5 final gate blocked trajectory: action=REQUEST_REPLAN reason=current_low_margin planning_generation_id=2 final_gate_generation_id=2
[ERROR] [1787834761.261976292] [drone_0_ego_planner_node]: Failed to generate the first trajectory!!!
[WARN] [1787834761.277852182] [drone_0_ego_planner_node]: P5 final gate blocked trajectory: action=REQUEST_REPLAN reason=current_low_margin planning_generation_id=2 final_gate_generation_id=2
[ERROR] [1787834761.277877371] [drone_0_ego_planner_node]: Failed to generate the first trajectory!!!
[WARN] [1787834761.293910419] [drone_0_ego_planner_node]: P5 final gate blocked trajectory: action=REQUEST_REPLAN reason=current_low_margin planning_generation_id=2 final_gate_generation_id=2
[ERROR] [1787834761.293939792] [drone_0_ego_planner_node]: Failed to generate the first trajectory!!!
[WARN] [1787834761.308483804] [drone_0_ego_planner_node]: P5 final gate blocked trajectory: action=REQUEST_REPLAN reason=current_low_margin planning_generation_id=2 final_gate_generation_id=2
[ERROR] [1787834761.308505488] [drone_0_ego_planner_node]: Failed to generate the first trajectory!!!
[WARN] [1787834761.323081848] [drone_0_ego_planner_node]: P5 final gate blocked trajectory: action=REQUEST_REPLAN reason=current_low_margin planning_generation_id=2 final_gate_generation_id=2
[ERROR] [1787834761.323103092] [drone_0_ego_planner_node]: Failed to generate the first trajectory!!!
[WARN] [1787834761.337640286] [drone_0_ego_planner_node]: P5 final gate blocked trajectory: action=REQUEST_REPLAN reason=current_low_margin planning_generation_id=2 final_gate_generation_id=2
[ERROR] [1787834761.337661823] [drone_0_ego_planner_node]: Failed to generate the first trajectory!!!
[WARN] [1787834761.353595607] [drone_0_ego_planner_node]: P5 final gate blocked trajectory: action=REQUEST_REPLAN reason=current_low_margin planning_generation_id=2 final_gate_generation_id=2
[ERROR] [1787834761.353621338] [drone_0_ego_planner_node]: Failed to generate the first trajectory!!!
[WARN] [1787834761.369731714] [drone_0_ego_planner_node]: P5 final gate blocked trajectory: action=REQUEST_REPLAN reason=current_low_margin planning_generation_id=2 final_gate_generation_id=2
[ERROR] [1787834761.369758880] [drone_0_ego_planner_node]: Failed to generate the first trajectory!!!
[WARN] [1787834761.384461862] [drone_0_ego_planner_node]: P5 final gate blocked trajectory: action=REQUEST_REPLAN reason=current_low_margin planning_generation_id=2 final_gate_generation_id=2
[ERROR] [1787834761.384485289] [drone_0_ego_planner_node]: Failed to generate the first trajectory!!!
[WARN] [1787834761.399155715] [drone_0_ego_planner_node]: P5 final gate blocked trajectory: action=REQUEST_REPLAN reason=current_low_margin planning_generation_id=2 final_gate_generation_id=2
[ERROR] [1787834761.399176456] [drone_0_ego_planner_node]: Failed to generate the first trajectory!!!
[WARN] [1787834761.413722582] [drone_0_ego_planner_node]: P5 final gate blocked trajectory: action=REQUEST_REPLAN reason=current_low_margin planning_generation_id=2 final_gate_generation_id=2
[ERROR] [1787834761.413744138] [drone_0_ego_planner_node]: Failed to generate the first trajectory!!!
[WARN] [1787834761.429705957] [drone_0_ego_planner_node]: P5 final gate blocked trajectory: action=REQUEST_REPLAN reason=current_low_margin planning_generation_id=2 final_gate_generation_id=2
[ERROR] [1787834761.429732216] [drone_0_ego_planner_node]: Failed to generate the first trajectory!!!
[WARN] [1787834761.445782414] [drone_0_ego_planner_node]: P5 final gate blocked trajectory: action=REQUEST_REPLAN reason=current_low_margin planning_generation_id=2 final_gate_generation_id=2
[ERROR] [1787834761.445810867] [drone_0_ego_planner_node]: Failed to generate the first trajectory!!!
[WARN] [1787834761.461836303] [drone_0_ego_planner_node]: P5 final gate blocked trajectory: action=REQUEST_REPLAN reason=current_low_margin planning_generation_id=2 final_gate_generation_id=2
[ERROR] [1787834761.461861067] [drone_0_ego_planner_node]: Failed to generate the first trajectory!!!
[WARN] [1787834761.477871176] [drone_0_ego_planner_node]: P5 final gate blocked trajectory: action=REQUEST_REPLAN reason=current_low_margin planning_generation_id=2 final_gate_generation_id=2
[ERROR] [1787834761.477897533] [drone_0_ego_planner_node]: Failed to generate the first trajectory!!!
[WARN] [1787834761.493938145] [drone_0_ego_planner_node]: P5 final gate blocked trajectory: action=REQUEST_REPLAN reason=current_low_margin planning_generation_id=2 final_gate_generation_id=2
[ERROR] [1787834761.493965686] [drone_0_ego_planner_node]: Failed to generate the first trajectory!!!
[WARN] [1787834761.509944630] [drone_0_ego_planner_node]: P5 final gate blocked trajectory: action=REQUEST_REPLAN reason=current_low_margin planning_generation_id=2 final_gate_generation_id=2
[ERROR] [1787834761.509971160] [drone_0_ego_planner_node]: Failed to generate the first trajectory!!!
[WARN] [1787834761.524523890] [drone_0_ego_planner_node]: P5 final gate blocked trajectory: action=REQUEST_REPLAN reason=current_low_margin planning_generation_id=2 final_gate_generation_id=2
[ERROR] [1787834761.524544635] [drone_0_ego_planner_node]: Failed to generate the first trajectory!!!
[WARN] [1787834761.540546561] [drone_0_ego_planner_node]: P5 final gate blocked trajectory: action=REQUEST_REPLAN reason=current_low_margin planning_generation_id=2 final_gate_generation_id=2
[ERROR] [1787834761.540572796] [drone_0_ego_planner_node]: Failed to generate the first trajectory!!!
[WARN] [1787834761.556551138] [drone_0_ego_planner_node]: P5 final gate blocked trajectory: action=REQUEST_REPLAN reason=current_low_margin planning_generation_id=2 final_gate_generation_id=2
[ERROR] [1787834761.556581346] [drone_0_ego_planner_node]: Failed to generate the first trajectory!!!
[WARN] [1787834761.572553697] [drone_0_ego_planner_node]: P5 final gate blocked trajectory: action=REQUEST_REPLAN reason=current_low_margin planning_generation_id=2 final_gate_generation_id=2
[ERROR] [1787834761.572580076] [drone_0_ego_planner_node]: Failed to generate the first trajectory!!!
[WARN] [1787834761.588515670] [drone_0_ego_planner_node]: P5 final gate blocked trajectory: action=REQUEST_REPLAN reason=current_low_margin planning_generation_id=2 final_gate_generation_id=2
[ERROR] [1787834761.588541133] [drone_0_ego_planner_node]: Failed to generate the first trajectory!!!
[WARN] [1787834761.604686445] [drone_0_ego_planner_node]: P5 final gate blocked trajectory: action=REQUEST_REPLAN reason=current_low_margin planning_generation_id=2 final_gate_generation_id=2
[ERROR] [1787834761.604713228] [drone_0_ego_planner_node]: Failed to generate the first trajectory!!!
[WARN] [1787834761.619267028] [drone_0_ego_planner_node]: P5 final gate blocked trajectory: action=REQUEST_REPLAN reason=current_low_margin planning_generation_id=2 final_gate_generation_id=2
[ERROR] [1787834761.619290914] [drone_0_ego_planner_node]: Failed to generate the first trajectory!!!
[WARN] [1787834761.635173208] [drone_0_ego_planner_node]: P5 final gate using latest risk snapshot: planning_generation_id=2 final_gate_generation_id=3
[WARN] [1787834761.635323628] [drone_0_ego_planner_node]: P5 final gate blocked trajectory: action=REQUEST_REPLAN reason=current_low_margin planning_generation_id=2 final_gate_generation_id=3
[ERROR] [1787834761.635332817] [drone_0_ego_planner_node]: Failed to generate the first trajectory!!!
[WARN] [1787834761.651449190] [drone_0_ego_planner_node]: P5 final gate blocked trajectory: action=REQUEST_REPLAN reason=current_low_margin planning_generation_id=3 final_gate_generation_id=3
[ERROR] [1787834761.651471635] [drone_0_ego_planner_node]: Failed to generate the first trajectory!!!
[WARN] [1787834761.667414046] [drone_0_ego_planner_node]: P5 final gate blocked trajectory: action=REQUEST_REPLAN reason=current_low_margin planning_generation_id=3 final_gate_generation_id=3
[ERROR] [1787834761.667439593] [drone_0_ego_planner_node]: Failed to generate the first trajectory!!!
[WARN] [1787834761.683475381] [drone_0_ego_planner_node]: P5 final gate blocked trajectory: action=REQUEST_REPLAN reason=current_low_margin planning_generation_id=3 final_gate_generation_id=3
[ERROR] [1787834761.683503016] [drone_0_ego_planner_node]: Failed to generate the first trajectory!!!
[WARN] [1787834761.699493916] [drone_0_ego_planner_node]: P5 final gate blocked trajectory: action=REQUEST_REPLAN reason=current_low_margin planning_generation_id=3 final_gate_generation_id=3
[ERROR] [1787834761.699518870] [drone_0_ego_planner_node]: Failed to generate the first trajectory!!!
[WARN] [1787834761.715599127] [drone_0_ego_planner_node]: P5 final gate blocked trajectory: action=REQUEST_REPLAN reason=current_low_margin planning_generation_id=3 final_gate_generation_id=3
[ERROR] [1787834761.715627618] [drone_0_ego_planner_node]: Failed to generate the first trajectory!!!
[WARN] [1787834761.731721581] [drone_0_ego_planner_node]: P5 final gate blocked trajectory: action=REQUEST_REPLAN reason=current_low_margin planning_generation_id=3 final_gate_generation_id=3
[ERROR] [1787834761.731747123] [drone_0_ego_planner_node]: Failed to generate the first trajectory!!!
[WARN] [1787834761.747815595] [drone_0_ego_planner_node]: P5 final gate blocked trajectory: action=REQUEST_REPLAN reason=current_low_margin planning_generation_id=3 final_gate_generation_id=3
[ERROR] [1787834761.747841046] [drone_0_ego_planner_node]: Failed to generate the first trajectory!!!
[WARN] [1787834761.763909927] [drone_0_ego_planner_node]: P5 final gate blocked trajectory: action=REQUEST_REPLAN reason=current_low_margin planning_generation_id=3 final_gate_generation_id=3
[ERROR] [1787834761.763938420] [drone_0_ego_planner_node]: Failed to generate the first trajectory!!!
[WARN] [1787834761.780136165] [drone_0_ego_planner_node]: P5 final gate blocked trajectory: action=REQUEST_REPLAN reason=current_low_margin planning_generation_id=3 final_gate_generation_id=3
[ERROR] [1787834761.780165236] [drone_0_ego_planner_node]: Failed to generate the first trajectory!!!
[WARN] [1787834761.794812258] [drone_0_ego_planner_node]: P5 final gate blocked trajectory: action=REQUEST_REPLAN reason=current_low_margin planning_generation_id=3 final_gate_generation_id=3
[ERROR] [1787834761.794836610] [drone_0_ego_planner_node]: Failed to generate the first trajectory!!!
[WARN] [1787834761.811147567] [drone_0_ego_planner_node]: P5 final gate blocked trajectory: action=REQUEST_REPLAN reason=current_low_margin planning_generation_id=3 final_gate_generation_id=3
[ERROR] [1787834761.811175895] [drone_0_ego_planner_node]: Failed to generate the first trajectory!!!
[WARN] [1787834761.827463683] [drone_0_ego_planner_node]: P5 final gate blocked trajectory: action=REQUEST_REPLAN reason=current_low_margin planning_generation_id=3 final_gate_generation_id=3
[ERROR] [1787834761.827497744] [drone_0_ego_planner_node]: Failed to generate the first trajectory!!!
[WARN] [1787834761.843611653] [drone_0_ego_planner_node]: P5 final gate blocked trajectory: action=REQUEST_REPLAN reason=current_low_margin planning_generation_id=3 final_gate_generation_id=3
[ERROR] [1787834761.843640735] [drone_0_ego_planner_node]: Failed to generate the first trajectory!!!
[WARN] [1787834761.859673725] [drone_0_ego_planner_node]: P5 final gate blocked trajectory: action=REQUEST_REPLAN reason=current_low_margin planning_generation_id=3 final_gate_generation_id=3
[ERROR] [1787834761.859705312] [drone_0_ego_planner_node]: Failed to generate the first trajectory!!!
[WARN] [1787834761.876017054] [drone_0_ego_planner_node]: P5 final gate blocked trajectory: action=REQUEST_REPLAN reason=current_low_margin planning_generation_id=3 final_gate_generation_id=3
[ERROR] [1787834761.876046524] [drone_0_ego_planner_node]: Failed to generate the first trajectory!!!
[WARN] [1787834761.890696752] [drone_0_ego_planner_node]: P5 final gate blocked trajectory: action=REQUEST_REPLAN reason=current_low_margin planning_generation_id=3 final_gate_generation_id=3
[ERROR] [1787834761.890720831] [drone_0_ego_planner_node]: Failed to generate the first trajectory!!!
[WARN] [1787834761.906706198] [drone_0_ego_planner_node]: P5 final gate blocked trajectory: action=REQUEST_REPLAN reason=current_low_margin planning_generation_id=3 final_gate_generation_id=3
[ERROR] [1787834761.906733408] [drone_0_ego_planner_node]: Failed to generate the first trajectory!!!
[WARN] [1787834761.922727163] [drone_0_ego_planner_node]: P5 final gate blocked trajectory: action=REQUEST_REPLAN reason=current_low_margin planning_generation_id=3 final_gate_generation_id=3
[ERROR] [1787834761.922752987] [drone_0_ego_planner_node]: Failed to generate the first trajectory!!!
[WARN] [1787834761.938683770] [drone_0_ego_planner_node]: P5 final gate blocked trajectory: action=REQUEST_REPLAN reason=current_low_margin planning_generation_id=3 final_gate_generation_id=3
[ERROR] [1787834761.938709520] [drone_0_ego_planner_node]: Failed to generate the first trajectory!!!
[WARN] [1787834761.953230564] [drone_0_ego_planner_node]: P5 final gate blocked trajectory: action=REQUEST_REPLAN reason=current_low_margin planning_generation_id=3 final_gate_generation_id=3
[ERROR] [1787834761.953252828] [drone_0_ego_planner_node]: Failed to generate the first trajectory!!!
[WARN] [1787834761.969196156] [drone_0_ego_planner_node]: P5 final gate blocked trajectory: action=REQUEST_REPLAN reason=current_low_margin planning_generation_id=3 final_gate_generation_id=3
[ERROR] [1787834761.969223087] [drone_0_ego_planner_node]: Failed to generate the first trajectory!!!
[WARN] [1787834761.983828855] [drone_0_ego_planner_node]: P5 final gate blocked trajectory: action=REQUEST_REPLAN reason=current_low_margin planning_generation_id=3 final_gate_generation_id=3
[ERROR] [1787834761.983850162] [drone_0_ego_planner_node]: Failed to generate the first trajectory!!!
[WARN] [1787834761.999704439] [drone_0_ego_planner_node]: P5 final gate blocked trajectory: action=REQUEST_REPLAN reason=current_low_margin planning_generation_id=3 final_gate_generation_id=3
[ERROR] [1787834761.999728512] [drone_0_ego_planner_node]: Failed to generate the first trajectory!!!
[WARN] [1787834762.014344139] [drone_0_ego_planner_node]: P5 final gate blocked trajectory: action=REQUEST_REPLAN reason=current_low_margin planning_generation_id=3 final_gate_generation_id=3
[ERROR] [1787834762.014370445] [drone_0_ego_planner_node]: Failed to generate the first trajectory!!!
[WARN] [1787834762.030434028] [drone_0_ego_planner_node]: P5 final gate blocked trajectory: action=REQUEST_REPLAN reason=current_low_margin planning_generation_id=3 final_gate_generation_id=3
[ERROR] [1787834762.030462143] [drone_0_ego_planner_node]: Failed to generate the first trajectory!!!
[WARN] [1787834762.046507355] [drone_0_ego_planner_node]: P5 final gate blocked trajectory: action=REQUEST_REPLAN reason=current_low_margin planning_generation_id=3 final_gate_generation_id=3
[ERROR] [1787834762.046533827] [drone_0_ego_planner_node]: Failed to generate the first trajectory!!!
[WARN] [1787834762.062539775] [drone_0_ego_planner_node]: P5 final gate blocked trajectory: action=REQUEST_REPLAN reason=current_low_margin planning_generation_id=3 final_gate_generation_id=3
[ERROR] [1787834762.062569430] [drone_0_ego_planner_node]: Failed to generate the first trajectory!!!
[WARN] [1787834762.077128198] [drone_0_ego_planner_node]: P5 final gate blocked trajectory: action=REQUEST_REPLAN reason=current_low_margin planning_generation_id=3 final_gate_generation_id=3
[ERROR] [1787834762.077151096] [drone_0_ego_planner_node]: Failed to generate the first trajectory!!!
[WARN] [1787834762.093103662] [drone_0_ego_planner_node]: P5 final gate blocked trajectory: action=REQUEST_REPLAN reason=current_low_margin planning_generation_id=3 final_gate_generation_id=3
[ERROR] [1787834762.093129476] [drone_0_ego_planner_node]: Failed to generate the first trajectory!!!
[WARN] [1787834762.109220483] [drone_0_ego_planner_node]: P5 final gate blocked trajectory: action=REQUEST_REPLAN reason=current_low_margin planning_generation_id=3 final_gate_generation_id=3
[ERROR] [1787834762.109249164] [drone_0_ego_planner_node]: Failed to generate the first trajectory!!!
[WARN] [1787834762.128325399] [drone_0_ego_planner_node]: P5 final gate blocked trajectory: action=REQUEST_REPLAN reason=current_low_margin planning_generation_id=4 final_gate_generation_id=4
[ERROR] [1787834762.128350921] [drone_0_ego_planner_node]: Failed to generate the first trajectory!!!
[WARN] [1787834762.144377919] [drone_0_ego_planner_node]: P5 final gate blocked trajectory: action=REQUEST_REPLAN reason=current_low_margin planning_generation_id=4 final_gate_generation_id=4
[ERROR] [1787834762.144404603] [drone_0_ego_planner_node]: Failed to generate the first trajectory!!!
[WARN] [1787834762.160419006] [drone_0_ego_planner_node]: P5 final gate blocked trajectory: action=REQUEST_REPLAN reason=current_low_margin planning_generation_id=4 final_gate_generation_id=4
[ERROR] [1787834762.160443783] [drone_0_ego_planner_node]: Failed to generate the first trajectory!!!
[WARN] [1787834762.176485729] [drone_0_ego_planner_node]: P5 final gate blocked trajectory: action=REQUEST_REPLAN reason=current_low_margin planning_generation_id=4 final_gate_generation_id=4
[ERROR] [1787834762.176511680] [drone_0_ego_planner_node]: Failed to generate the first trajectory!!!
[WARN] [1787834762.191057922] [drone_0_ego_planner_node]: P5 final gate blocked trajectory: action=REQUEST_REPLAN reason=current_low_margin planning_generation_id=4 final_gate_generation_id=4
[ERROR] [1787834762.191084878] [drone_0_ego_planner_node]: Failed to generate the first trajectory!!!
[WARN] [1787834762.205599652] [drone_0_ego_planner_node]: P5 final gate blocked trajectory: action=REQUEST_REPLAN reason=current_low_margin planning_generation_id=4 final_gate_generation_id=4
[ERROR] [1787834762.205621054] [drone_0_ego_planner_node]: Failed to generate the first trajectory!!!
[WARN] [1787834762.220104416] [drone_0_ego_planner_node]: P5 final gate blocked trajectory: action=REQUEST_REPLAN reason=current_low_margin planning_generation_id=4 final_gate_generation_id=4
[ERROR] [1787834762.220125406] [drone_0_ego_planner_node]: Failed to generate the first trajectory!!!
[WARN] [1787834762.236135374] [drone_0_ego_planner_node]: P5 final gate blocked trajectory: action=REQUEST_REPLAN reason=current_low_margin planning_generation_id=4 final_gate_generation_id=4
[ERROR] [1787834762.236164663] [drone_0_ego_planner_node]: Failed to generate the first trajectory!!!
[WARN] [1787834762.250755146] [drone_0_ego_planner_node]: P5 final gate blocked trajectory: action=REQUEST_REPLAN reason=current_low_margin planning_generation_id=4 final_gate_generation_id=4
[ERROR] [1787834762.250777034] [drone_0_ego_planner_node]: Failed to generate the first trajectory!!!
[WARN] [1787834762.266777012] [drone_0_ego_planner_node]: P5 final gate blocked trajectory: action=REQUEST_REPLAN reason=current_low_margin planning_generation_id=4 final_gate_generation_id=4
[ERROR] [1787834762.266802007] [drone_0_ego_planner_node]: Failed to generate the first trajectory!!!
[WARN] [1787834762.281466757] [drone_0_ego_planner_node]: P5 final gate blocked trajectory: action=REQUEST_REPLAN reason=current_low_margin planning_generation_id=4 final_gate_generation_id=4
[ERROR] [1787834762.281488736] [drone_0_ego_planner_node]: Failed to generate the first trajectory!!!
[WARN] [1787834762.296015803] [drone_0_ego_planner_node]: P5 final gate blocked trajectory: action=REQUEST_REPLAN reason=current_low_margin planning_generation_id=4 final_gate_generation_id=4
[ERROR] [1787834762.296035852] [drone_0_ego_planner_node]: Failed to generate the first trajectory!!!
[WARN] [1787834762.312015389] [drone_0_ego_planner_node]: P5 final gate blocked trajectory: action=REQUEST_REPLAN reason=current_low_margin planning_generation_id=4 final_gate_generation_id=4
[ERROR] [1787834762.312040047] [drone_0_ego_planner_node]: Failed to generate the first trajectory!!!
[WARN] [1787834762.331169006] [drone_0_ego_planner_node]: P5 final gate blocked trajectory: action=REQUEST_REPLAN reason=current_low_margin planning_generation_id=4 final_gate_generation_id=4
[ERROR] [1787834762.331195245] [drone_0_ego_planner_node]: Failed to generate the first trajectory!!!
[WARN] [1787834762.347221482] [drone_0_ego_planner_node]: P5 final gate blocked trajectory: action=REQUEST_REPLAN reason=current_low_margin planning_generation_id=4 final_gate_generation_id=4
[ERROR] [1787834762.347248735] [drone_0_ego_planner_node]: Failed to generate the first trajectory!!!
[WARN] [1787834762.363316852] [drone_0_ego_planner_node]: P5 final gate blocked trajectory: action=REQUEST_REPLAN reason=current_low_margin planning_generation_id=4 final_gate_generation_id=4
[ERROR] [1787834762.363345496] [drone_0_ego_planner_node]: Failed to generate the first trajectory!!!
[WARN] [1787834762.378077261] [drone_0_ego_planner_node]: P5 final gate blocked trajectory: action=REQUEST_REPLAN reason=current_low_margin planning_generation_id=4 final_gate_generation_id=4
[ERROR] [1787834762.378100552] [drone_0_ego_planner_node]: Failed to generate the first trajectory!!!
[WARN] [1787834762.394189884] [drone_0_ego_planner_node]: P5 final gate blocked trajectory: action=REQUEST_REPLAN reason=current_low_margin planning_generation_id=4 final_gate_generation_id=4
[ERROR] [1787834762.394214590] [drone_0_ego_planner_node]: Failed to generate the first trajectory!!!
[WARN] [1787834762.410319606] [drone_0_ego_planner_node]: P5 final gate blocked trajectory: action=REQUEST_REPLAN reason=current_low_margin planning_generation_id=4 final_gate_generation_id=4
[ERROR] [1787834762.410347307] [drone_0_ego_planner_node]: Failed to generate the first trajectory!!!
[WARN] [1787834762.426422622] [drone_0_ego_planner_node]: P5 final gate blocked trajectory: action=REQUEST_REPLAN reason=current_low_margin planning_generation_id=4 final_gate_generation_id=4
[ERROR] [1787834762.426448761] [drone_0_ego_planner_node]: Failed to generate the first trajectory!!!
[WARN] [1787834762.441045699] [drone_0_ego_planner_node]: P5 final gate blocked trajectory: action=REQUEST_REPLAN reason=current_low_margin planning_generation_id=4 final_gate_generation_id=4
[ERROR] [1787834762.441070564] [drone_0_ego_planner_node]: Failed to generate the first trajectory!!!
[WARN] [1787834762.457096988] [drone_0_ego_planner_node]: P5 final gate blocked trajectory: action=REQUEST_REPLAN reason=current_low_margin planning_generation_id=4 final_gate_generation_id=4
[ERROR] [1787834762.457120884] [drone_0_ego_planner_node]: Failed to generate the first trajectory!!!
[WARN] [1787834762.473099684] [drone_0_ego_planner_node]: P5 final gate blocked trajectory: action=REQUEST_REPLAN reason=current_low_margin planning_generation_id=4 final_gate_generation_id=4
[ERROR] [1787834762.473126906] [drone_0_ego_planner_node]: Failed to generate the first trajectory!!!
[WARN] [1787834762.489138631] [drone_0_ego_planner_node]: P5 final gate blocked trajectory: action=REQUEST_REPLAN reason=current_low_margin planning_generation_id=4 final_gate_generation_id=4
[ERROR] [1787834762.489164129] [drone_0_ego_planner_node]: Failed to generate the first trajectory!!!
[WARN] [1787834762.505148141] [drone_0_ego_planner_node]: P5 final gate blocked trajectory: action=REQUEST_REPLAN reason=current_low_margin planning_generation_id=4 final_gate_generation_id=4
[ERROR] [1787834762.505172473] [drone_0_ego_planner_node]: Failed to generate the first trajectory!!!
[WARN] [1787834762.519704949] [drone_0_ego_planner_node]: P5 final gate blocked trajectory: action=REQUEST_REPLAN reason=current_low_margin planning_generation_id=4 final_gate_generation_id=4
[ERROR] [1787834762.519726283] [drone_0_ego_planner_node]: Failed to generate the first trajectory!!!
[WARN] [1787834762.535793564] [drone_0_ego_planner_node]: P5 final gate blocked trajectory: action=REQUEST_REPLAN reason=current_low_margin planning_generation_id=4 final_gate_generation_id=4
[ERROR] [1787834762.535824044] [drone_0_ego_planner_node]: Failed to generate the first trajectory!!!
[WARN] [1787834762.551941844] [drone_0_ego_planner_node]: P5 final gate blocked trajectory: action=REQUEST_REPLAN reason=current_low_margin planning_generation_id=4 final_gate_generation_id=4
[ERROR] [1787834762.551968197] [drone_0_ego_planner_node]: Failed to generate the first trajectory!!!
[WARN] [1787834762.568168521] [drone_0_ego_planner_node]: P5 final gate blocked trajectory: action=REQUEST_REPLAN reason=current_low_margin planning_generation_id=4 final_gate_generation_id=4
[ERROR] [1787834762.568194405] [drone_0_ego_planner_node]: Failed to generate the first trajectory!!!
[WARN] [1787834762.584279068] [drone_0_ego_planner_node]: P5 final gate blocked trajectory: action=REQUEST_REPLAN reason=current_low_margin planning_generation_id=4 final_gate_generation_id=4
[ERROR] [1787834762.584307019] [drone_0_ego_planner_node]: Failed to generate the first trajectory!!!
[WARN] [1787834762.600356784] [drone_0_ego_planner_node]: P5 final gate blocked trajectory: action=REQUEST_REPLAN reason=current_low_margin planning_generation_id=4 final_gate_generation_id=4
[ERROR] [1787834762.600383547] [drone_0_ego_planner_node]: Failed to generate the first trajectory!!!
[WARN] [1787834762.616542997] [drone_0_ego_planner_node]: P5 final gate blocked trajectory: action=REQUEST_REPLAN reason=current_low_margin planning_generation_id=4 final_gate_generation_id=4
[ERROR] [1787834762.616571026] [drone_0_ego_planner_node]: Failed to generate the first trajectory!!!
[INFO] [1787834762.632398232] [drone_0_ego_planner_node]: [p0] risk grid ready=1 stale=0 age=0.000 valid=0.999 unknown=0.001 gen=5 provider_queries=127840 occupied_skip=160 provider_stale=0 provider_invalid=0 gnss_used=127840 lidar_used=93240 prior_used=127840 stale_current_prior=0 regularized=127840 conservative_max=0 lidar_points=28922 lidar_fim_primitives=481 lidar_fim_valid_normals=481 lidar_fim_fallback= dominant_unknown=occupied_skip:160 refresh_stamp=1657065612.679296 grid_stamp=1657065612.679296 elapsed_ms=272.739 queries=128000 reason=ok
[WARN] [1787834762.634242332] [drone_0_ego_planner_node]: P5 final gate blocked trajectory: action=REQUEST_REPLAN reason=current_low_margin planning_generation_id=5 final_gate_generation_id=5
[ERROR] [1787834762.634267254] [drone_0_ego_planner_node]: Failed to generate the first trajectory!!!
[WARN] [1787834762.650732105] [drone_0_ego_planner_node]: P5 final gate blocked trajectory: action=REQUEST_REPLAN reason=current_low_margin planning_generation_id=5 final_gate_generation_id=5
[ERROR] [1787834762.650761404] [drone_0_ego_planner_node]: Failed to generate the first trajectory!!!
[WARN] [1787834762.666945579] [drone_0_ego_planner_node]: P5 final gate blocked trajectory: action=REQUEST_REPLAN reason=current_low_margin planning_generation_id=5 final_gate_generation_id=5
[ERROR] [1787834762.666977177] [drone_0_ego_planner_node]: Failed to generate the first trajectory!!!
[WARN] [1787834762.683151003] [drone_0_ego_planner_node]: P5 final gate blocked trajectory: action=REQUEST_REPLAN reason=current_low_margin planning_generation_id=5 final_gate_generation_id=5
[ERROR] [1787834762.683178557] [drone_0_ego_planner_node]: Failed to generate the first trajectory!!!
[WARN] [1787834762.697862261] [drone_0_ego_planner_node]: P5 final gate blocked trajectory: action=REQUEST_REPLAN reason=current_low_margin planning_generation_id=5 final_gate_generation_id=5
[ERROR] [1787834762.697886524] [drone_0_ego_planner_node]: Failed to generate the first trajectory!!!
[WARN] [1787834762.713986173] [drone_0_ego_planner_node]: P5 final gate blocked trajectory: action=REQUEST_REPLAN reason=current_low_margin planning_generation_id=5 final_gate_generation_id=5
[ERROR] [1787834762.714009843] [drone_0_ego_planner_node]: Failed to generate the first trajectory!!!
[WARN] [1787834762.730047629] [drone_0_ego_planner_node]: P5 final gate blocked trajectory: action=REQUEST_REPLAN reason=current_low_margin planning_generation_id=5 final_gate_generation_id=5
[ERROR] [1787834762.730079035] [drone_0_ego_planner_node]: Failed to generate the first trajectory!!!
[WARN] [1787834762.744658197] [drone_0_ego_planner_node]: P5 final gate blocked trajectory: action=REQUEST_REPLAN reason=current_low_margin planning_generation_id=5 final_gate_generation_id=5
[ERROR] [1787834762.744680396] [drone_0_ego_planner_node]: Failed to generate the first trajectory!!!
[WARN] [1787834762.760709564] [drone_0_ego_planner_node]: P5 final gate blocked trajectory: action=REQUEST_REPLAN reason=current_low_margin planning_generation_id=5 final_gate_generation_id=5
[ERROR] [1787834762.760735118] [drone_0_ego_planner_node]: Failed to generate the first trajectory!!!
[WARN] [1787834762.776819849] [drone_0_ego_planner_node]: P5 final gate blocked trajectory: action=REQUEST_REPLAN reason=current_low_margin planning_generation_id=5 final_gate_generation_id=5
[ERROR] [1787834762.776846901] [drone_0_ego_planner_node]: Failed to generate the first trajectory!!!
[WARN] [1787834762.792912912] [drone_0_ego_planner_node]: P5 final gate blocked trajectory: action=REQUEST_REPLAN reason=current_low_margin planning_generation_id=5 final_gate_generation_id=5
[ERROR] [1787834762.792940208] [drone_0_ego_planner_node]: Failed to generate the first trajectory!!!
[WARN] [1787834762.808983410] [drone_0_ego_planner_node]: P5 final gate blocked trajectory: action=REQUEST_REPLAN reason=current_low_margin planning_generation_id=5 final_gate_generation_id=5
[ERROR] [1787834762.809009310] [drone_0_ego_planner_node]: Failed to generate the first trajectory!!!
[WARN] [1787834762.824884803] [drone_0_ego_planner_node]: P5 final gate blocked trajectory: action=REQUEST_REPLAN reason=current_low_margin planning_generation_id=5 final_gate_generation_id=5
[ERROR] [1787834762.824909080] [drone_0_ego_planner_node]: Failed to generate the first trajectory!!!
[WARN] [1787834762.840950542] [drone_0_ego_planner_node]: P5 final gate blocked trajectory: action=REQUEST_REPLAN reason=current_low_margin planning_generation_id=5 final_gate_generation_id=5
[ERROR] [1787834762.840976032] [drone_0_ego_planner_node]: Failed to generate the first trajectory!!!
[WARN] [1787834762.857033733] [drone_0_ego_planner_node]: P5 final gate blocked trajectory: action=REQUEST_REPLAN reason=current_low_margin planning_generation_id=5 final_gate_generation_id=5
[ERROR] [1787834762.857059564] [drone_0_ego_planner_node]: Failed to generate the first trajectory!!!
[WARN] [1787834762.871744158] [drone_0_ego_planner_node]: P5 final gate blocked trajectory: action=REQUEST_REPLAN reason=current_low_margin planning_generation_id=5 final_gate_generation_id=5
[ERROR] [1787834762.871765792] [drone_0_ego_planner_node]: Failed to generate the first trajectory!!!
[WARN] [1787834762.887915169] [drone_0_ego_planner_node]: P5 final gate blocked trajectory: action=REQUEST_REPLAN reason=current_low_margin planning_generation_id=5 final_gate_generation_id=5
[ERROR] [1787834762.887942009] [drone_0_ego_planner_node]: Failed to generate the first trajectory!!!
[WARN] [1787834762.903997826] [drone_0_ego_planner_node]: P5 final gate blocked trajectory: action=REQUEST_REPLAN reason=current_low_margin planning_generation_id=5 final_gate_generation_id=5
[ERROR] [1787834762.904023585] [drone_0_ego_planner_node]: Failed to generate the first trajectory!!!
[WARN] [1787834762.920110079] [drone_0_ego_planner_node]: P5 final gate blocked trajectory: action=REQUEST_REPLAN reason=current_low_margin planning_generation_id=5 final_gate_generation_id=5
[ERROR] [1787834762.920135857] [drone_0_ego_planner_node]: Failed to generate the first trajectory!!!
[WARN] [1787834762.934722767] [drone_0_ego_planner_node]: P5 final gate blocked trajectory: action=REQUEST_REPLAN reason=current_low_margin planning_generation_id=5 final_gate_generation_id=5
[ERROR] [1787834762.934743947] [drone_0_ego_planner_node]: Failed to generate the first trajectory!!!
[WARN] [1787834762.950833576] [drone_0_ego_planner_node]: P5 final gate blocked trajectory: action=REQUEST_REPLAN reason=current_low_margin planning_generation_id=5 final_gate_generation_id=5
[ERROR] [1787834762.950859370] [drone_0_ego_planner_node]: Failed to generate the first trajectory!!!
[WARN] [1787834762.966956071] [drone_0_ego_planner_node]: P5 final gate blocked trajectory: action=REQUEST_REPLAN reason=current_low_margin planning_generation_id=5 final_gate_generation_id=5
[ERROR] [1787834762.966983307] [drone_0_ego_planner_node]: Failed to generate the first trajectory!!!
[WARN] [1787834762.983055495] [drone_0_ego_planner_node]: P5 final gate blocked trajectory: action=REQUEST_REPLAN reason=current_low_margin planning_generation_id=5 final_gate_generation_id=5
[ERROR] [1787834762.983084945] [drone_0_ego_planner_node]: Failed to generate the first trajectory!!!
[WARN] [1787834762.999122847] [drone_0_ego_planner_node]: P5 final gate blocked trajectory: action=REQUEST_REPLAN reason=current_low_margin planning_generation_id=5 final_gate_generation_id=5
[ERROR] [1787834762.999146532] [drone_0_ego_planner_node]: Failed to generate the first trajectory!!!
[WARN] [1787834763.015277061] [drone_0_ego_planner_node]: P5 final gate blocked trajectory: action=REQUEST_REPLAN reason=current_low_margin planning_generation_id=5 final_gate_generation_id=5
[ERROR] [1787834763.015304936] [drone_0_ego_planner_node]: Failed to generate the first trajectory!!!
[WARN] [1787834763.031299297] [drone_0_ego_planner_node]: P5 final gate blocked trajectory: action=REQUEST_REPLAN reason=current_low_margin planning_generation_id=5 final_gate_generation_id=5
[ERROR] [1787834763.031323448] [drone_0_ego_planner_node]: Failed to generate the first trajectory!!!
[WARN] [1787834763.047427332] [drone_0_ego_planner_node]: P5 final gate blocked trajectory: action=REQUEST_REPLAN reason=current_low_margin planning_generation_id=5 final_gate_generation_id=5
[ERROR] [1787834763.047453668] [drone_0_ego_planner_node]: Failed to generate the first trajectory!!!
[WARN] [1787834763.064029525] [drone_0_ego_planner_node]: P5 final gate blocked trajectory: action=REQUEST_REPLAN reason=current_low_margin planning_generation_id=5 final_gate_generation_id=5
[ERROR] [1787834763.064057064] [drone_0_ego_planner_node]: Failed to generate the first trajectory!!!
[WARN] [1787834763.080193876] [drone_0_ego_planner_node]: P5 final gate blocked trajectory: action=REQUEST_REPLAN reason=current_low_margin planning_generation_id=5 final_gate_generation_id=5
[ERROR] [1787834763.080222285] [drone_0_ego_planner_node]: Failed to generate the first trajectory!!!
[WARN] [1787834763.096339864] [drone_0_ego_planner_node]: P5 final gate blocked trajectory: action=REQUEST_REPLAN reason=current_low_margin planning_generation_id=5 final_gate_generation_id=5
[ERROR] [1787834763.096366685] [drone_0_ego_planner_node]: Failed to generate the first trajectory!!!
[WARN] [1787834763.112529075] [drone_0_ego_planner_node]: P5 final gate blocked trajectory: action=REQUEST_REPLAN reason=current_low_margin planning_generation_id=5 final_gate_generation_id=5
[ERROR] [1787834763.112556516] [drone_0_ego_planner_node]: Failed to generate the first trajectory!!!
[WARN] [1787834763.128516281] [drone_0_ego_planner_node]: P5 final gate using latest risk snapshot: planning_generation_id=5 final_gate_generation_id=6
[WARN] [1787834763.128670586] [drone_0_ego_planner_node]: P5 final gate blocked trajectory: action=REQUEST_REPLAN reason=current_low_margin planning_generation_id=5 final_gate_generation_id=6
[ERROR] [1787834763.128687146] [drone_0_ego_planner_node]: Failed to generate the first trajectory!!!
[WARN] [1787834763.146188785] [drone_0_ego_planner_node]: P5 final gate blocked trajectory: action=REQUEST_REPLAN reason=current_low_margin planning_generation_id=6 final_gate_generation_id=6
[ERROR] [1787834763.146216281] [drone_0_ego_planner_node]: Failed to generate the first trajectory!!!
[WARN] [1787834763.162204159] [drone_0_ego_planner_node]: P5 final gate blocked trajectory: action=REQUEST_REPLAN reason=current_low_margin planning_generation_id=6 final_gate_generation_id=6
[ERROR] [1787834763.162228496] [drone_0_ego_planner_node]: Failed to generate the first trajectory!!!
[WARN] [1787834763.178273700] [drone_0_ego_planner_node]: P5 final gate blocked trajectory: action=REQUEST_REPLAN reason=current_low_margin planning_generation_id=6 final_gate_generation_id=6
[ERROR] [1787834763.178298918] [drone_0_ego_planner_node]: Failed to generate the first trajectory!!!
[WARN] [1787834763.192837443] [drone_0_ego_planner_node]: P5 final gate blocked trajectory: action=REQUEST_REPLAN reason=current_low_margin planning_generation_id=6 final_gate_generation_id=6
[ERROR] [1787834763.192857687] [drone_0_ego_planner_node]: Failed to generate the first trajectory!!!
[WARN] [1787834763.208910645] [drone_0_ego_planner_node]: P5 final gate blocked trajectory: action=REQUEST_REPLAN reason=current_low_margin planning_generation_id=6 final_gate_generation_id=6
[ERROR] [1787834763.208937713] [drone_0_ego_planner_node]: Failed to generate the first trajectory!!!
[WARN] [1787834763.223511992] [drone_0_ego_planner_node]: P5 final gate blocked trajectory: action=REQUEST_REPLAN reason=current_low_margin planning_generation_id=6 final_gate_generation_id=6
[ERROR] [1787834763.223537811] [drone_0_ego_planner_node]: Failed to generate the first trajectory!!!
[WARN] [1787834763.239563342] [drone_0_ego_planner_node]: P5 final gate blocked trajectory: action=REQUEST_REPLAN reason=current_low_margin planning_generation_id=6 final_gate_generation_id=6
[ERROR] [1787834763.239587774] [drone_0_ego_planner_node]: Failed to generate the first trajectory!!!
[WARN] [1787834763.255580385] [drone_0_ego_planner_node]: P5 final gate blocked trajectory: action=REQUEST_REPLAN reason=current_low_margin planning_generation_id=6 final_gate_generation_id=6
[ERROR] [1787834763.255606890] [drone_0_ego_planner_node]: Failed to generate the first trajectory!!!
[WARN] [1787834763.271630784] [drone_0_ego_planner_node]: P5 final gate blocked trajectory: action=REQUEST_REPLAN reason=current_low_margin planning_generation_id=6 final_gate_generation_id=6
[ERROR] [1787834763.271658159] [drone_0_ego_planner_node]: Failed to generate the first trajectory!!!
[WARN] [1787834763.287829718] [drone_0_ego_planner_node]: P5 final gate blocked trajectory: action=REQUEST_REPLAN reason=current_low_margin planning_generation_id=6 final_gate_generation_id=6
[ERROR] [1787834763.287857208] [drone_0_ego_planner_node]: Failed to generate the first trajectory!!!
[WARN] [1787834763.303903445] [drone_0_ego_planner_node]: P5 final gate blocked trajectory: action=REQUEST_REPLAN reason=current_low_margin planning_generation_id=6 final_gate_generation_id=6
[ERROR] [1787834763.303929004] [drone_0_ego_planner_node]: Failed to generate the first trajectory!!!
[WARN] [1787834763.318459331] [drone_0_ego_planner_node]: P5 final gate blocked trajectory: action=REQUEST_REPLAN reason=current_low_margin planning_generation_id=6 final_gate_generation_id=6
[ERROR] [1787834763.318480760] [drone_0_ego_planner_node]: Failed to generate the first trajectory!!!
[WARN] [1787834763.334597936] [drone_0_ego_planner_node]: P5 final gate blocked trajectory: action=REQUEST_REPLAN reason=current_low_margin planning_generation_id=6 final_gate_generation_id=6
[ERROR] [1787834763.334625219] [drone_0_ego_planner_node]: Failed to generate the first trajectory!!!
[WARN] [1787834763.350572826] [drone_0_ego_planner_node]: P5 final gate blocked trajectory: action=REQUEST_REPLAN reason=current_low_margin planning_generation_id=6 final_gate_generation_id=6
[ERROR] [1787834763.350599551] [drone_0_ego_planner_node]: Failed to generate the first trajectory!!!
[WARN] [1787834763.366738711] [drone_0_ego_planner_node]: P5 final gate blocked trajectory: action=REQUEST_REPLAN reason=current_low_margin planning_generation_id=6 final_gate_generation_id=6
[ERROR] [1787834763.366766329] [drone_0_ego_planner_node]: Failed to generate the first trajectory!!!
[WARN] [1787834763.381255297] [drone_0_ego_planner_node]: P5 final gate blocked trajectory: action=REQUEST_REPLAN reason=current_low_margin planning_generation_id=6 final_gate_generation_id=6
[ERROR] [1787834763.381278213] [drone_0_ego_planner_node]: Failed to generate the first trajectory!!!
[WARN] [1787834763.397296281] [drone_0_ego_planner_node]: P5 final gate blocked trajectory: action=REQUEST_REPLAN reason=current_low_margin planning_generation_id=6 final_gate_generation_id=6
[ERROR] [1787834763.397321986] [drone_0_ego_planner_node]: Failed to generate the first trajectory!!!
[WARN] [1787834763.413744847] [drone_0_ego_planner_node]: P5 final gate blocked trajectory: action=REQUEST_REPLAN reason=current_low_margin planning_generation_id=6 final_gate_generation_id=6
[ERROR] [1787834763.413771893] [drone_0_ego_planner_node]: Failed to generate the first trajectory!!!
[WARN] [1787834763.428343356] [drone_0_ego_planner_node]: P5 final gate blocked trajectory: action=REQUEST_REPLAN reason=current_low_margin planning_generation_id=6 final_gate_generation_id=6
[ERROR] [1787834763.428364787] [drone_0_ego_planner_node]: Failed to generate the first trajectory!!!
[WARN] [1787834763.444424217] [drone_0_ego_planner_node]: P5 final gate blocked trajectory: action=REQUEST_REPLAN reason=current_low_margin planning_generation_id=6 final_gate_generation_id=6
[ERROR] [1787834763.444451665] [drone_0_ego_planner_node]: Failed to generate the first trajectory!!!
[WARN] [1787834763.460547857] [drone_0_ego_planner_node]: P5 final gate blocked trajectory: action=REQUEST_REPLAN reason=current_low_margin planning_generation_id=6 final_gate_generation_id=6
[ERROR] [1787834763.460574408] [drone_0_ego_planner_node]: Failed to generate the first trajectory!!!
[WARN] [1787834763.476563832] [drone_0_ego_planner_node]: P5 final gate blocked trajectory: action=REQUEST_REPLAN reason=current_low_margin planning_generation_id=6 final_gate_generation_id=6
[ERROR] [1787834763.476596904] [drone_0_ego_planner_node]: Failed to generate the first trajectory!!!
[WARN] [1787834763.492636134] [drone_0_ego_planner_node]: P5 final gate blocked trajectory: action=REQUEST_REPLAN reason=current_low_margin planning_generation_id=6 final_gate_generation_id=6
[ERROR] [1787834763.492662223] [drone_0_ego_planner_node]: Failed to generate the first trajectory!!!
[WARN] [1787834763.508719064] [drone_0_ego_planner_node]: P5 final gate blocked trajectory: action=REQUEST_REPLAN reason=current_low_margin planning_generation_id=6 final_gate_generation_id=6
[ERROR] [1787834763.508745632] [drone_0_ego_planner_node]: Failed to generate the first trajectory!!!
[WARN] [1787834763.524770609] [drone_0_ego_planner_node]: P5 final gate blocked trajectory: action=REQUEST_REPLAN reason=current_low_margin planning_generation_id=6 final_gate_generation_id=6
[ERROR] [1787834763.524795391] [drone_0_ego_planner_node]: Failed to generate the first trajectory!!!
[WARN] [1787834763.539338881] [drone_0_ego_planner_node]: P5 final gate blocked trajectory: action=REQUEST_REPLAN reason=current_low_margin planning_generation_id=6 final_gate_generation_id=6
[ERROR] [1787834763.539362930] [drone_0_ego_planner_node]: Failed to generate the first trajectory!!!
[WARN] [1787834763.555440494] [drone_0_ego_planner_node]: P5 final gate blocked trajectory: action=REQUEST_REPLAN reason=current_low_margin planning_generation_id=6 final_gate_generation_id=6
[ERROR] [1787834763.555467812] [drone_0_ego_planner_node]: Failed to generate the first trajectory!!!
[WARN] [1787834763.571712908] [drone_0_ego_planner_node]: P5 final gate blocked trajectory: action=REQUEST_REPLAN reason=current_low_margin planning_generation_id=6 final_gate_generation_id=6
[ERROR] [1787834763.571742506] [drone_0_ego_planner_node]: Failed to generate the first trajectory!!!
[WARN] [1787834763.587734773] [drone_0_ego_planner_node]: P5 final gate blocked trajectory: action=REQUEST_REPLAN reason=current_low_margin planning_generation_id=6 final_gate_generation_id=6
[ERROR] [1787834763.587761096] [drone_0_ego_planner_node]: Failed to generate the first trajectory!!!
[WARN] [1787834763.602345684] [drone_0_ego_planner_node]: P5 final gate blocked trajectory: action=REQUEST_REPLAN reason=current_low_margin planning_generation_id=6 final_gate_generation_id=6
[ERROR] [1787834763.602367022] [drone_0_ego_planner_node]: Failed to generate the first trajectory!!!
[WARN] [1787834763.618463223] [drone_0_ego_planner_node]: P5 final gate blocked trajectory: action=REQUEST_REPLAN reason=current_low_margin planning_generation_id=6 final_gate_generation_id=6
[ERROR] [1787834763.618493095] [drone_0_ego_planner_node]: Failed to generate the first trajectory!!!
[WARN] [1787834763.636007938] [drone_0_ego_planner_node]: P5 final gate blocked trajectory: action=REQUEST_REPLAN reason=current_low_margin planning_generation_id=7 final_gate_generation_id=7
[ERROR] [1787834763.636035399] [drone_0_ego_planner_node]: Failed to generate the first trajectory!!!
[WARN] [1787834763.652041104] [drone_0_ego_planner_node]: P5 final gate blocked trajectory: action=REQUEST_REPLAN reason=current_low_margin planning_generation_id=7 final_gate_generation_id=7
[ERROR] [1787834763.652071829] [drone_0_ego_planner_node]: Failed to generate the first trajectory!!!
[WARN] [1787834763.668022200] [drone_0_ego_planner_node]: P5 final gate blocked trajectory: action=REQUEST_REPLAN reason=current_low_margin planning_generation_id=7 final_gate_generation_id=7
[ERROR] [1787834763.668048028] [drone_0_ego_planner_node]: Failed to generate the first trajectory!!!
[WARN] [1787834763.684009186] [drone_0_ego_planner_node]: P5 final gate blocked trajectory: action=REQUEST_REPLAN reason=current_low_margin planning_generation_id=7 final_gate_generation_id=7
[ERROR] [1787834763.684034847] [drone_0_ego_planner_node]: Failed to generate the first trajectory!!!
[WARN] [1787834763.699975457] [drone_0_ego_planner_node]: P5 final gate blocked trajectory: action=REQUEST_REPLAN reason=current_low_margin planning_generation_id=7 final_gate_generation_id=7
[ERROR] [1787834763.699998886] [drone_0_ego_planner_node]: Failed to generate the first trajectory!!!
[WARN] [1787834763.715929647] [drone_0_ego_planner_node]: P5 final gate blocked trajectory: action=REQUEST_REPLAN reason=current_low_margin planning_generation_id=7 final_gate_generation_id=7
[ERROR] [1787834763.715956015] [drone_0_ego_planner_node]: Failed to generate the first trajectory!!!
[WARN] [1787834763.731981388] [drone_0_ego_planner_node]: P5 final gate blocked trajectory: action=REQUEST_REPLAN reason=current_low_margin planning_generation_id=7 final_gate_generation_id=7
[ERROR] [1787834763.732004771] [drone_0_ego_planner_node]: Failed to generate the first trajectory!!!
[WARN] [1787834763.746520906] [drone_0_ego_planner_node]: P5 final gate blocked trajectory: action=REQUEST_REPLAN reason=current_low_margin planning_generation_id=7 final_gate_generation_id=7
[ERROR] [1787834763.746541751] [drone_0_ego_planner_node]: Failed to generate the first trajectory!!!
[WARN] [1787834763.762529820] [drone_0_ego_planner_node]: P5 final gate blocked trajectory: action=REQUEST_REPLAN reason=current_low_margin planning_generation_id=7 final_gate_generation_id=7
[ERROR] [1787834763.762553030] [drone_0_ego_planner_node]: Failed to generate the first trajectory!!!
[WARN] [1787834763.777095447] [drone_0_ego_planner_node]: P5 final gate blocked trajectory: action=REQUEST_REPLAN reason=current_low_margin planning_generation_id=7 final_gate_generation_id=7
[ERROR] [1787834763.777117968] [drone_0_ego_planner_node]: Failed to generate the first trajectory!!!
[WARN] [1787834763.793072015] [drone_0_ego_planner_node]: P5 final gate blocked trajectory: action=REQUEST_REPLAN reason=current_low_margin planning_generation_id=7 final_gate_generation_id=7
[ERROR] [1787834763.793099105] [drone_0_ego_planner_node]: Failed to generate the first trajectory!!!
[WARN] [1787834763.807744560] [drone_0_ego_planner_node]: P5 final gate blocked trajectory: action=REQUEST_REPLAN reason=current_low_margin planning_generation_id=7 final_gate_generation_id=7
[ERROR] [1787834763.807764862] [drone_0_ego_planner_node]: Failed to generate the first trajectory!!!
[WARN] [1787834763.823790878] [drone_0_ego_planner_node]: P5 final gate blocked trajectory: action=REQUEST_REPLAN reason=current_low_margin planning_generation_id=7 final_gate_generation_id=7
[ERROR] [1787834763.823815779] [drone_0_ego_planner_node]: Failed to generate the first trajectory!!!
[WARN] [1787834763.839838331] [drone_0_ego_planner_node]: P5 final gate blocked trajectory: action=REQUEST_REPLAN reason=current_low_margin planning_generation_id=7 final_gate_generation_id=7
[ERROR] [1787834763.839865993] [drone_0_ego_planner_node]: Failed to generate the first trajectory!!!
[WARN] [1787834763.855895760] [drone_0_ego_planner_node]: P5 final gate blocked trajectory: action=REQUEST_REPLAN reason=current_low_margin planning_generation_id=7 final_gate_generation_id=7
[ERROR] [1787834763.855924753] [drone_0_ego_planner_node]: Failed to generate the first trajectory!!!
[WARN] [1787834763.870490186] [drone_0_ego_planner_node]: P5 final gate blocked trajectory: action=REQUEST_REPLAN reason=current_low_margin planning_generation_id=7 final_gate_generation_id=7
[ERROR] [1787834763.870513698] [drone_0_ego_planner_node]: Failed to generate the first trajectory!!!
[WARN] [1787834763.885155904] [drone_0_ego_planner_node]: P5 final gate blocked trajectory: action=REQUEST_REPLAN reason=current_low_margin planning_generation_id=7 final_gate_generation_id=7
[ERROR] [1787834763.885176906] [drone_0_ego_planner_node]: Failed to generate the first trajectory!!!
[WARN] [1787834763.901108909] [drone_0_ego_planner_node]: P5 final gate blocked trajectory: action=REQUEST_REPLAN reason=current_low_margin planning_generation_id=7 final_gate_generation_id=7
[ERROR] [1787834763.901134298] [drone_0_ego_planner_node]: Failed to generate the first trajectory!!!
[WARN] [1787834763.917174972] [drone_0_ego_planner_node]: P5 final gate blocked trajectory: action=REQUEST_REPLAN reason=current_low_margin planning_generation_id=7 final_gate_generation_id=7
[ERROR] [1787834763.917201473] [drone_0_ego_planner_node]: Failed to generate the first trajectory!!!
[WARN] [1787834763.933259022] [drone_0_ego_planner_node]: P5 final gate blocked trajectory: action=REQUEST_REPLAN reason=current_low_margin planning_generation_id=7 final_gate_generation_id=7
[ERROR] [1787834763.933284272] [drone_0_ego_planner_node]: Failed to generate the first trajectory!!!
[WARN] [1787834763.947872271] [drone_0_ego_planner_node]: P5 final gate blocked trajectory: action=REQUEST_REPLAN reason=current_low_margin planning_generation_id=7 final_gate_generation_id=7
[ERROR] [1787834763.947893119] [drone_0_ego_planner_node]: Failed to generate the first trajectory!!!
[WARN] [1787834763.964054731] [drone_0_ego_planner_node]: P5 final gate blocked trajectory: action=REQUEST_REPLAN reason=current_low_margin planning_generation_id=7 final_gate_generation_id=7
[ERROR] [1787834763.964083866] [drone_0_ego_planner_node]: Failed to generate the first trajectory!!!
[WARN] [1787834763.980413306] [drone_0_ego_planner_node]: P5 final gate blocked trajectory: action=REQUEST_REPLAN reason=current_low_margin planning_generation_id=7 final_gate_generation_id=7
[ERROR] [1787834763.980442634] [drone_0_ego_planner_node]: Failed to generate the first trajectory!!!
[WARN] [1787834763.996428370] [drone_0_ego_planner_node]: P5 final gate blocked trajectory: action=REQUEST_REPLAN reason=current_low_margin planning_generation_id=7 final_gate_generation_id=7
[ERROR] [1787834763.996453477] [drone_0_ego_planner_node]: Failed to generate the first trajectory!!!
[WARN] [1787834764.012681918] [drone_0_ego_planner_node]: P5 final gate blocked trajectory: action=REQUEST_REPLAN reason=current_low_margin planning_generation_id=7 final_gate_generation_id=7
[ERROR] [1787834764.012709223] [drone_0_ego_planner_node]: Failed to generate the first trajectory!!!
[WARN] [1787834764.027255650] [drone_0_ego_planner_node]: P5 final gate blocked trajectory: action=REQUEST_REPLAN reason=current_low_margin planning_generation_id=7 final_gate_generation_id=7
[ERROR] [1787834764.027277182] [drone_0_ego_planner_node]: Failed to generate the first trajectory!!!
[WARN] [1787834764.043270452] [drone_0_ego_planner_node]: P5 final gate blocked trajectory: action=REQUEST_REPLAN reason=current_low_margin planning_generation_id=7 final_gate_generation_id=7
[ERROR] [1787834764.043295968] [drone_0_ego_planner_node]: Failed to generate the first trajectory!!!
[WARN] [1787834764.059351853] [drone_0_ego_planner_node]: P5 final gate blocked trajectory: action=REQUEST_REPLAN reason=current_low_margin planning_generation_id=7 final_gate_generation_id=7
[ERROR] [1787834764.059378470] [drone_0_ego_planner_node]: Failed to generate the first trajectory!!!
[WARN] [1787834764.075359244] [drone_0_ego_planner_node]: P5 final gate blocked trajectory: action=REQUEST_REPLAN reason=current_low_margin planning_generation_id=7 final_gate_generation_id=7
[ERROR] [1787834764.075386430] [drone_0_ego_planner_node]: Failed to generate the first trajectory!!!
[WARN] [1787834764.091414854] [drone_0_ego_planner_node]: P5 final gate blocked trajectory: action=REQUEST_REPLAN reason=current_low_margin planning_generation_id=7 final_gate_generation_id=7
[ERROR] [1787834764.091442392] [drone_0_ego_planner_node]: Failed to generate the first trajectory!!!
[WARN] [1787834764.107488760] [drone_0_ego_planner_node]: P5 final gate blocked trajectory: action=REQUEST_REPLAN reason=current_low_margin planning_generation_id=7 final_gate_generation_id=7
[ERROR] [1787834764.107514602] [drone_0_ego_planner_node]: Failed to generate the first trajectory!!!
[WARN] [1787834764.122112807] [drone_0_ego_planner_node]: P5 final gate blocked trajectory: action=REQUEST_REPLAN reason=current_low_margin planning_generation_id=7 final_gate_generation_id=7
[ERROR] [1787834764.122135106] [drone_0_ego_planner_node]: Failed to generate the first trajectory!!!
[WARN] [1787834764.138161415] [drone_0_ego_planner_node]: P5 final gate blocked trajectory: action=REQUEST_REPLAN reason=current_low_margin planning_generation_id=7 final_gate_generation_id=7
[ERROR] [1787834764.138188681] [drone_0_ego_planner_node]: Failed to generate the first trajectory!!!
[WARN] [1787834764.152644946] [drone_0_ego_planner_node]: P5 final gate using latest risk snapshot: planning_generation_id=7 final_gate_generation_id=8
[WARN] [1787834764.152779369] [drone_0_ego_planner_node]: P5 final gate blocked trajectory: action=REQUEST_REPLAN reason=current_low_margin planning_generation_id=7 final_gate_generation_id=8
[ERROR] [1787834764.152786757] [drone_0_ego_planner_node]: Failed to generate the first trajectory!!!
[WARN] [1787834764.170161140] [drone_0_ego_planner_node]: P5 final gate blocked trajectory: action=REQUEST_REPLAN reason=current_low_margin planning_generation_id=8 final_gate_generation_id=8
[ERROR] [1787834764.170188062] [drone_0_ego_planner_node]: Failed to generate the first trajectory!!!
[WARN] [1787834764.184707197] [drone_0_ego_planner_node]: P5 final gate blocked trajectory: action=REQUEST_REPLAN reason=current_low_margin planning_generation_id=8 final_gate_generation_id=8
[ERROR] [1787834764.184728734] [drone_0_ego_planner_node]: Failed to generate the first trajectory!!!
[WARN] [1787834764.199337635] [drone_0_ego_planner_node]: P5 final gate blocked trajectory: action=REQUEST_REPLAN reason=current_low_margin planning_generation_id=8 final_gate_generation_id=8
[ERROR] [1787834764.199359801] [drone_0_ego_planner_node]: Failed to generate the first trajectory!!!
[WARN] [1787834764.213835207] [drone_0_ego_planner_node]: P5 final gate blocked trajectory: action=REQUEST_REPLAN reason=current_low_margin planning_generation_id=8 final_gate_generation_id=8
[ERROR] [1787834764.213855487] [drone_0_ego_planner_node]: Failed to generate the first trajectory!!!
[WARN] [1787834764.228471101] [drone_0_ego_planner_node]: P5 final gate blocked trajectory: action=REQUEST_REPLAN reason=current_low_margin planning_generation_id=8 final_gate_generation_id=8
[ERROR] [1787834764.228490656] [drone_0_ego_planner_node]: Failed to generate the first trajectory!!!
[WARN] [1787834764.244483604] [drone_0_ego_planner_node]: P5 final gate blocked trajectory: action=REQUEST_REPLAN reason=current_low_margin planning_generation_id=8 final_gate_generation_id=8
[ERROR] [1787834764.244509885] [drone_0_ego_planner_node]: Failed to generate the first trajectory!!!
[WARN] [1787834764.260559102] [drone_0_ego_planner_node]: P5 final gate blocked trajectory: action=REQUEST_REPLAN reason=current_low_margin planning_generation_id=8 final_gate_generation_id=8
[ERROR] [1787834764.260588569] [drone_0_ego_planner_node]: Failed to generate the first trajectory!!!
[WARN] [1787834764.275370141] [drone_0_ego_planner_node]: P5 final gate blocked trajectory: action=REQUEST_REPLAN reason=current_low_margin planning_generation_id=8 final_gate_generation_id=8
[ERROR] [1787834764.275391639] [drone_0_ego_planner_node]: Failed to generate the first trajectory!!!
[WARN] [1787834764.291419445] [drone_0_ego_planner_node]: P5 final gate blocked trajectory: action=REQUEST_REPLAN reason=current_low_margin planning_generation_id=8 final_gate_generation_id=8
[ERROR] [1787834764.291446901] [drone_0_ego_planner_node]: Failed to generate the first trajectory!!!
[WARN] [1787834764.309335491] [drone_0_ego_planner_node]: P5 final gate blocked trajectory: action=REQUEST_REPLAN reason=current_low_margin planning_generation_id=8 final_gate_generation_id=8
[ERROR] [1787834764.309362562] [drone_0_ego_planner_node]: Failed to generate the first trajectory!!!
[WARN] [1787834764.325451217] [drone_0_ego_planner_node]: P5 final gate blocked trajectory: action=REQUEST_REPLAN reason=current_low_margin planning_generation_id=8 final_gate_generation_id=8
[ERROR] [1787834764.325476434] [drone_0_ego_planner_node]: Failed to generate the first trajectory!!!
[WARN] [1787834764.341606753] [drone_0_ego_planner_node]: P5 final gate blocked trajectory: action=REQUEST_REPLAN reason=current_low_margin planning_generation_id=8 final_gate_generation_id=8
[ERROR] [1787834764.341634175] [drone_0_ego_planner_node]: Failed to generate the first trajectory!!!
[WARN] [1787834764.357728401] [drone_0_ego_planner_node]: P5 final gate blocked trajectory: action=REQUEST_REPLAN reason=current_low_margin planning_generation_id=8 final_gate_generation_id=8
[ERROR] [1787834764.357755388] [drone_0_ego_planner_node]: Failed to generate the first trajectory!!!
[WARN] [1787834764.373782296] [drone_0_ego_planner_node]: P5 final gate blocked trajectory: action=REQUEST_REPLAN reason=current_low_margin planning_generation_id=8 final_gate_generation_id=8
[ERROR] [1787834764.373809144] [drone_0_ego_planner_node]: Failed to generate the first trajectory!!!
[WARN] [1787834764.388362113] [drone_0_ego_planner_node]: P5 final gate blocked trajectory: action=REQUEST_REPLAN reason=current_low_margin planning_generation_id=8 final_gate_generation_id=8
[ERROR] [1787834764.388383201] [drone_0_ego_planner_node]: Failed to generate the first trajectory!!!
[WARN] [1787834764.404387904] [drone_0_ego_planner_node]: P5 final gate blocked trajectory: action=REQUEST_REPLAN reason=current_low_margin planning_generation_id=8 final_gate_generation_id=8
[ERROR] [1787834764.404415622] [drone_0_ego_planner_node]: Failed to generate the first trajectory!!!
[WARN] [1787834764.420874443] [drone_0_ego_planner_node]: P5 final gate blocked trajectory: action=REQUEST_REPLAN reason=current_low_margin planning_generation_id=8 final_gate_generation_id=8
[ERROR] [1787834764.420901892] [drone_0_ego_planner_node]: Failed to generate the first trajectory!!!
[WARN] [1787834764.435672376] [drone_0_ego_planner_node]: P5 final gate blocked trajectory: action=REQUEST_REPLAN reason=current_low_margin planning_generation_id=8 final_gate_generation_id=8
[ERROR] [1787834764.435695097] [drone_0_ego_planner_node]: Failed to generate the first trajectory!!!
[WARN] [1787834764.451651566] [drone_0_ego_planner_node]: P5 final gate blocked trajectory: action=REQUEST_REPLAN reason=current_low_margin planning_generation_id=8 final_gate_generation_id=8
[ERROR] [1787834764.451679973] [drone_0_ego_planner_node]: Failed to generate the first trajectory!!!
[WARN] [1787834764.467772695] [drone_0_ego_planner_node]: P5 final gate blocked trajectory: action=REQUEST_REPLAN reason=current_low_margin planning_generation_id=8 final_gate_generation_id=8
[ERROR] [1787834764.467798336] [drone_0_ego_planner_node]: Failed to generate the first trajectory!!!
[WARN] [1787834764.483825146] [drone_0_ego_planner_node]: P5 final gate blocked trajectory: action=REQUEST_REPLAN reason=current_low_margin planning_generation_id=8 final_gate_generation_id=8
[ERROR] [1787834764.483851640] [drone_0_ego_planner_node]: Failed to generate the first trajectory!!!
[WARN] [1787834764.499938523] [drone_0_ego_planner_node]: P5 final gate blocked trajectory: action=REQUEST_REPLAN reason=current_low_margin planning_generation_id=8 final_gate_generation_id=8
[ERROR] [1787834764.499965921] [drone_0_ego_planner_node]: Failed to generate the first trajectory!!!
[WARN] [1787834764.516081412] [drone_0_ego_planner_node]: P5 final gate blocked trajectory: action=REQUEST_REPLAN reason=current_low_margin planning_generation_id=8 final_gate_generation_id=8
[ERROR] [1787834764.516106773] [drone_0_ego_planner_node]: Failed to generate the first trajectory!!!
[WARN] [1787834764.532189717] [drone_0_ego_planner_node]: P5 final gate blocked trajectory: action=REQUEST_REPLAN reason=current_low_margin planning_generation_id=8 final_gate_generation_id=8
[ERROR] [1787834764.532215599] [drone_0_ego_planner_node]: Failed to generate the first trajectory!!!
[WARN] [1787834764.548524220] [drone_0_ego_planner_node]: P5 final gate blocked trajectory: action=REQUEST_REPLAN reason=current_low_margin planning_generation_id=8 final_gate_generation_id=8
[ERROR] [1787834764.548553450] [drone_0_ego_planner_node]: Failed to generate the first trajectory!!!
[WARN] [1787834764.564724900] [drone_0_ego_planner_node]: P5 final gate blocked trajectory: action=REQUEST_REPLAN reason=current_low_margin planning_generation_id=8 final_gate_generation_id=8
[ERROR] [1787834764.564753219] [drone_0_ego_planner_node]: Failed to generate the first trajectory!!!
[WARN] [1787834764.580896347] [drone_0_ego_planner_node]: P5 final gate blocked trajectory: action=REQUEST_REPLAN reason=current_low_margin planning_generation_id=8 final_gate_generation_id=8
[ERROR] [1787834764.580922144] [drone_0_ego_planner_node]: Failed to generate the first trajectory!!!
[WARN] [1787834764.597029611] [drone_0_ego_planner_node]: P5 final gate blocked trajectory: action=REQUEST_REPLAN reason=current_low_margin planning_generation_id=8 final_gate_generation_id=8
[ERROR] [1787834764.597055965] [drone_0_ego_planner_node]: Failed to generate the first trajectory!!!
[WARN] [1787834764.613166870] [drone_0_ego_planner_node]: P5 final gate blocked trajectory: action=REQUEST_REPLAN reason=current_low_margin planning_generation_id=8 final_gate_generation_id=8
[ERROR] [1787834764.613193361] [drone_0_ego_planner_node]: Failed to generate the first trajectory!!!
[WARN] [1787834764.629365013] [drone_0_ego_planner_node]: P5 final gate blocked trajectory: action=REQUEST_REPLAN reason=current_low_margin planning_generation_id=8 final_gate_generation_id=8
[ERROR] [1787834764.629390807] [drone_0_ego_planner_node]: Failed to generate the first trajectory!!!
[WARN] [1787834764.645437922] [drone_0_ego_planner_node]: P5 final gate blocked trajectory: action=REQUEST_REPLAN reason=current_low_margin planning_generation_id=8 final_gate_generation_id=8
[ERROR] [1787834764.645463622] [drone_0_ego_planner_node]: Failed to generate the first trajectory!!!
[WARN] [1787834764.661654720] [drone_0_ego_planner_node]: P5 final gate using latest risk snapshot: planning_generation_id=8 final_gate_generation_id=9
[WARN] [1787834764.661815761] [drone_0_ego_planner_node]: P5 final gate blocked trajectory: action=REQUEST_REPLAN reason=current_low_margin planning_generation_id=8 final_gate_generation_id=9
[ERROR] [1787834764.661827082] [drone_0_ego_planner_node]: Failed to generate the first trajectory!!!
[INFO] [1787834764.666082838] [drone_0_ego_planner_node]: [p0] risk grid ready=1 stale=0 age=0.000 valid=0.999 unknown=0.001 gen=9 provider_queries=127840 occupied_skip=160 provider_stale=0 provider_invalid=0 gnss_used=127840 lidar_used=93240 prior_used=127840 stale_current_prior=0 regularized=127840 conservative_max=0 lidar_points=28922 lidar_fim_primitives=481 lidar_fim_valid_normals=481 lidar_fim_fallback= dominant_unknown=occupied_skip:160 refresh_stamp=1657065614.680233 grid_stamp=1657065614.680233 elapsed_ms=306.427 queries=128000 reason=ok
[WARN] [1787834764.679337519] [drone_0_ego_planner_node]: P5 final gate blocked trajectory: action=REQUEST_REPLAN reason=current_low_margin planning_generation_id=9 final_gate_generation_id=9
[ERROR] [1787834764.679363299] [drone_0_ego_planner_node]: Failed to generate the first trajectory!!!
[WARN] [1787834764.693946293] [drone_0_ego_planner_node]: P5 final gate blocked trajectory: action=REQUEST_REPLAN reason=current_low_margin planning_generation_id=9 final_gate_generation_id=9
[ERROR] [1787834764.693966468] [drone_0_ego_planner_node]: Failed to generate the first trajectory!!!
[WARN] [1787834764.708589509] [drone_0_ego_planner_node]: P5 final gate blocked trajectory: action=REQUEST_REPLAN reason=current_low_margin planning_generation_id=9 final_gate_generation_id=9
[ERROR] [1787834764.708614281] [drone_0_ego_planner_node]: Failed to generate the first trajectory!!!
[WARN] [1787834764.724588846] [drone_0_ego_planner_node]: P5 final gate blocked trajectory: action=REQUEST_REPLAN reason=current_low_margin planning_generation_id=9 final_gate_generation_id=9
[ERROR] [1787834764.724613046] [drone_0_ego_planner_node]: Failed to generate the first trajectory!!!
[WARN] [1787834764.739103528] [drone_0_ego_planner_node]: P5 final gate blocked trajectory: action=REQUEST_REPLAN reason=current_low_margin planning_generation_id=9 final_gate_generation_id=9
[ERROR] [1787834764.739125855] [drone_0_ego_planner_node]: Failed to generate the first trajectory!!!
[WARN] [1787834764.755163525] [drone_0_ego_planner_node]: P5 final gate blocked trajectory: action=REQUEST_REPLAN reason=current_low_margin planning_generation_id=9 final_gate_generation_id=9
[ERROR] [1787834764.755190065] [drone_0_ego_planner_node]: Failed to generate the first trajectory!!!
[WARN] [1787834764.769745886] [drone_0_ego_planner_node]: P5 final gate blocked trajectory: action=REQUEST_REPLAN reason=current_low_margin planning_generation_id=9 final_gate_generation_id=9
[ERROR] [1787834764.769766691] [drone_0_ego_planner_node]: Failed to generate the first trajectory!!!
[WARN] [1787834764.785721337] [drone_0_ego_planner_node]: P5 final gate blocked trajectory: action=REQUEST_REPLAN reason=current_low_margin planning_generation_id=9 final_gate_generation_id=9
[ERROR] [1787834764.785745394] [drone_0_ego_planner_node]: Failed to generate the first trajectory!!!
[WARN] [1787834764.801824525] [drone_0_ego_planner_node]: P5 final gate blocked trajectory: action=REQUEST_REPLAN reason=current_low_margin planning_generation_id=9 final_gate_generation_id=9
[ERROR] [1787834764.801850551] [drone_0_ego_planner_node]: Failed to generate the first trajectory!!!
[WARN] [1787834764.817822980] [drone_0_ego_planner_node]: P5 final gate blocked trajectory: action=REQUEST_REPLAN reason=current_low_margin planning_generation_id=9 final_gate_generation_id=9
[ERROR] [1787834764.817848040] [drone_0_ego_planner_node]: Failed to generate the first trajectory!!!
[WARN] [1787834764.833933085] [drone_0_ego_planner_node]: P5 final gate blocked trajectory: action=REQUEST_REPLAN reason=current_low_margin planning_generation_id=9 final_gate_generation_id=9
[ERROR] [1787834764.833959247] [drone_0_ego_planner_node]: Failed to generate the first trajectory!!!
[WARN] [1787834764.849993579] [drone_0_ego_planner_node]: P5 final gate blocked trajectory: action=REQUEST_REPLAN reason=current_low_margin planning_generation_id=9 final_gate_generation_id=9
[ERROR] [1787834764.850019309] [drone_0_ego_planner_node]: Failed to generate the first trajectory!!!
[WARN] [1787834764.864569740] [drone_0_ego_planner_node]: P5 final gate blocked trajectory: action=REQUEST_REPLAN reason=current_low_margin planning_generation_id=9 final_gate_generation_id=9
[ERROR] [1787834764.864591770] [drone_0_ego_planner_node]: Failed to generate the first trajectory!!!
[WARN] [1787834764.880749202] [drone_0_ego_planner_node]: P5 final gate blocked trajectory: action=REQUEST_REPLAN reason=current_low_margin planning_generation_id=9 final_gate_generation_id=9
[ERROR] [1787834764.880775248] [drone_0_ego_planner_node]: Failed to generate the first trajectory!!!
[WARN] [1787834764.895354832] [drone_0_ego_planner_node]: P5 final gate blocked trajectory: action=REQUEST_REPLAN reason=current_low_margin planning_generation_id=9 final_gate_generation_id=9
[ERROR] [1787834764.895376645] [drone_0_ego_planner_node]: Failed to generate the first trajectory!!!
[WARN] [1787834764.911500748] [drone_0_ego_planner_node]: P5 final gate blocked trajectory: action=REQUEST_REPLAN reason=current_low_margin planning_generation_id=9 final_gate_generation_id=9
[ERROR] [1787834764.911527408] [drone_0_ego_planner_node]: Failed to generate the first trajectory!!!
[WARN] [1787834764.927589960] [drone_0_ego_planner_node]: P5 final gate blocked trajectory: action=REQUEST_REPLAN reason=current_low_margin planning_generation_id=9 final_gate_generation_id=9
[ERROR] [1787834764.927616332] [drone_0_ego_planner_node]: Failed to generate the first trajectory!!!
[WARN] [1787834764.943622007] [drone_0_ego_planner_node]: P5 final gate blocked trajectory: action=REQUEST_REPLAN reason=current_low_margin planning_generation_id=9 final_gate_generation_id=9
[ERROR] [1787834764.943645730] [drone_0_ego_planner_node]: Failed to generate the first trajectory!!!
[WARN] [1787834764.959720587] [drone_0_ego_planner_node]: P5 final gate blocked trajectory: action=REQUEST_REPLAN reason=current_low_margin planning_generation_id=9 final_gate_generation_id=9
[ERROR] [1787834764.959748401] [drone_0_ego_planner_node]: Failed to generate the first trajectory!!!
[WARN] [1787834764.975748532] [drone_0_ego_planner_node]: P5 final gate blocked trajectory: action=REQUEST_REPLAN reason=current_low_margin planning_generation_id=9 final_gate_generation_id=9
[ERROR] [1787834764.975774338] [drone_0_ego_planner_node]: Failed to generate the first trajectory!!!
[WARN] [1787834764.991897489] [drone_0_ego_planner_node]: P5 final gate blocked trajectory: action=REQUEST_REPLAN reason=current_low_margin planning_generation_id=9 final_gate_generation_id=9
[ERROR] [1787834764.991924907] [drone_0_ego_planner_node]: Failed to generate the first trajectory!!!
[WARN] [1787834765.007974004] [drone_0_ego_planner_node]: P5 final gate blocked trajectory: action=REQUEST_REPLAN reason=current_low_margin planning_generation_id=9 final_gate_generation_id=9
[ERROR] [1787834765.008001582] [drone_0_ego_planner_node]: Failed to generate the first trajectory!!!
[WARN] [1787834765.024090183] [drone_0_ego_planner_node]: P5 final gate blocked trajectory: action=REQUEST_REPLAN reason=current_low_margin planning_generation_id=9 final_gate_generation_id=9
[ERROR] [1787834765.024117131] [drone_0_ego_planner_node]: Failed to generate the first trajectory!!!
[WARN] [1787834765.040275419] [drone_0_ego_planner_node]: P5 final gate blocked trajectory: action=REQUEST_REPLAN reason=current_low_margin planning_generation_id=9 final_gate_generation_id=9
[ERROR] [1787834765.040301889] [drone_0_ego_planner_node]: Failed to generate the first trajectory!!!
[WARN] [1787834765.054913942] [drone_0_ego_planner_node]: P5 final gate blocked trajectory: action=REQUEST_REPLAN reason=current_low_margin planning_generation_id=9 final_gate_generation_id=9
[ERROR] [1787834765.054937639] [drone_0_ego_planner_node]: Failed to generate the first trajectory!!!
[WARN] [1787834765.071233503] [drone_0_ego_planner_node]: P5 final gate blocked trajectory: action=REQUEST_REPLAN reason=current_low_margin planning_generation_id=9 final_gate_generation_id=9
[ERROR] [1787834765.071260060] [drone_0_ego_planner_node]: Failed to generate the first trajectory!!!
[WARN] [1787834765.085929294] [drone_0_ego_planner_node]: P5 final gate blocked trajectory: action=REQUEST_REPLAN reason=current_low_margin planning_generation_id=9 final_gate_generation_id=9
[ERROR] [1787834765.085952147] [drone_0_ego_planner_node]: Failed to generate the first trajectory!!!
[WARN] [1787834765.101982575] [drone_0_ego_planner_node]: P5 final gate blocked trajectory: action=REQUEST_REPLAN reason=current_low_margin planning_generation_id=9 final_gate_generation_id=9
[ERROR] [1787834765.102008430] [drone_0_ego_planner_node]: Failed to generate the first trajectory!!!
[WARN] [1787834765.118157791] [drone_0_ego_planner_node]: P5 final gate blocked trajectory: action=REQUEST_REPLAN reason=current_low_margin planning_generation_id=9 final_gate_generation_id=9
[ERROR] [1787834765.118186623] [drone_0_ego_planner_node]: Failed to generate the first trajectory!!!
[WARN] [1787834765.132686665] [drone_0_ego_planner_node]: P5 final gate using latest risk snapshot: planning_generation_id=9 final_gate_generation_id=10
[WARN] [1787834765.132822381] [drone_0_ego_planner_node]: P5 final gate blocked trajectory: action=REQUEST_REPLAN reason=current_low_margin planning_generation_id=9 final_gate_generation_id=10
[ERROR] [1787834765.132829878] [drone_0_ego_planner_node]: Failed to generate the first trajectory!!!
[WARN] [1787834765.150196131] [drone_0_ego_planner_node]: P5 final gate blocked trajectory: action=REQUEST_REPLAN reason=current_low_margin planning_generation_id=10 final_gate_generation_id=10
[ERROR] [1787834765.150222815] [drone_0_ego_planner_node]: Failed to generate the first trajectory!!!
[WARN] [1787834765.164737638] [drone_0_ego_planner_node]: P5 final gate blocked trajectory: action=REQUEST_REPLAN reason=current_low_margin planning_generation_id=10 final_gate_generation_id=10
[ERROR] [1787834765.164758789] [drone_0_ego_planner_node]: Failed to generate the first trajectory!!!
[WARN] [1787834765.180680250] [drone_0_ego_planner_node]: P5 final gate blocked trajectory: action=REQUEST_REPLAN reason=current_low_margin planning_generation_id=10 final_gate_generation_id=10
[ERROR] [1787834765.180705630] [drone_0_ego_planner_node]: Failed to generate the first trajectory!!!
[WARN] [1787834765.196746401] [drone_0_ego_planner_node]: P5 final gate blocked trajectory: action=REQUEST_REPLAN reason=current_low_margin planning_generation_id=10 final_gate_generation_id=10
[ERROR] [1787834765.196772947] [drone_0_ego_planner_node]: Failed to generate the first trajectory!!!
[WARN] [1787834765.211330422] [drone_0_ego_planner_node]: P5 final gate blocked trajectory: action=REQUEST_REPLAN reason=current_low_margin planning_generation_id=10 final_gate_generation_id=10
[ERROR] [1787834765.211353829] [drone_0_ego_planner_node]: Failed to generate the first trajectory!!!
[WARN] [1787834765.227418679] [drone_0_ego_planner_node]: P5 final gate blocked trajectory: action=REQUEST_REPLAN reason=current_low_margin planning_generation_id=10 final_gate_generation_id=10
[ERROR] [1787834765.227446110] [drone_0_ego_planner_node]: Failed to generate the first trajectory!!!
[WARN] [1787834765.241995737] [drone_0_ego_planner_node]: P5 final gate blocked trajectory: action=REQUEST_REPLAN reason=current_low_margin planning_generation_id=10 final_gate_generation_id=10
[ERROR] [1787834765.242017834] [drone_0_ego_planner_node]: Failed to generate the first trajectory!!!
[WARN] [1787834765.256546000] [drone_0_ego_planner_node]: P5 final gate blocked trajectory: action=REQUEST_REPLAN reason=current_low_margin planning_generation_id=10 final_gate_generation_id=10
[ERROR] [1787834765.256567056] [drone_0_ego_planner_node]: Failed to generate the first trajectory!!!
[WARN] [1787834765.271236160] [drone_0_ego_planner_node]: P5 final gate blocked trajectory: action=REQUEST_REPLAN reason=current_low_margin planning_generation_id=10 final_gate_generation_id=10
[ERROR] [1787834765.271260409] [drone_0_ego_planner_node]: Failed to generate the first trajectory!!!
[WARN] [1787834765.287274683] [drone_0_ego_planner_node]: P5 final gate blocked trajectory: action=REQUEST_REPLAN reason=current_low_margin planning_generation_id=10 final_gate_generation_id=10
[ERROR] [1787834765.287301565] [drone_0_ego_planner_node]: Failed to generate the first trajectory!!!
[WARN] [1787834765.301735205] [drone_0_ego_planner_node]: P5 final gate blocked trajectory: action=REQUEST_REPLAN reason=current_low_margin planning_generation_id=10 final_gate_generation_id=10
[ERROR] [1787834765.301756437] [drone_0_ego_planner_node]: Failed to generate the first trajectory!!!
[WARN] [1787834765.317681650] [drone_0_ego_planner_node]: P5 final gate blocked trajectory: action=REQUEST_REPLAN reason=current_low_margin planning_generation_id=10 final_gate_generation_id=10
[ERROR] [1787834765.317704971] [drone_0_ego_planner_node]: Failed to generate the first trajectory!!!
[WARN] [1787834765.332236448] [drone_0_ego_planner_node]: P5 final gate blocked trajectory: action=REQUEST_REPLAN reason=current_low_margin planning_generation_id=10 final_gate_generation_id=10
[ERROR] [1787834765.332257323] [drone_0_ego_planner_node]: Failed to generate the first trajectory!!!
[WARN] [1787834765.346705884] [drone_0_ego_planner_node]: P5 final gate blocked trajectory: action=REQUEST_REPLAN reason=current_low_margin planning_generation_id=10 final_gate_generation_id=10
[ERROR] [1787834765.346724063] [drone_0_ego_planner_node]: Failed to generate the first trajectory!!!
[WARN] [1787834765.361355743] [drone_0_ego_planner_node]: P5 final gate blocked trajectory: action=REQUEST_REPLAN reason=current_low_margin planning_generation_id=10 final_gate_generation_id=10
[ERROR] [1787834765.361383622] [drone_0_ego_planner_node]: Failed to generate the first trajectory!!!
[WARN] [1787834765.377425914] [drone_0_ego_planner_node]: P5 final gate blocked trajectory: action=REQUEST_REPLAN reason=current_low_margin planning_generation_id=10 final_gate_generation_id=10
[ERROR] [1787834765.377451578] [drone_0_ego_planner_node]: Failed to generate the first trajectory!!!
[WARN] [1787834765.393601961] [drone_0_ego_planner_node]: P5 final gate blocked trajectory: action=REQUEST_REPLAN reason=current_low_margin planning_generation_id=10 final_gate_generation_id=10
[ERROR] [1787834765.393631459] [drone_0_ego_planner_node]: Failed to generate the first trajectory!!!
[WARN] [1787834765.408151503] [drone_0_ego_planner_node]: P5 final gate blocked trajectory: action=REQUEST_REPLAN reason=current_low_margin planning_generation_id=10 final_gate_generation_id=10
[ERROR] [1787834765.408173877] [drone_0_ego_planner_node]: Failed to generate the first trajectory!!!
[WARN] [1787834765.424326267] [drone_0_ego_planner_node]: P5 final gate blocked trajectory: action=REQUEST_REPLAN reason=current_low_margin planning_generation_id=10 final_gate_generation_id=10
[ERROR] [1787834765.424355408] [drone_0_ego_planner_node]: Failed to generate the first trajectory!!!
[WARN] [1787834765.438936922] [drone_0_ego_planner_node]: P5 final gate blocked trajectory: action=REQUEST_REPLAN reason=current_low_margin planning_generation_id=10 final_gate_generation_id=10
[ERROR] [1787834765.438957687] [drone_0_ego_planner_node]: Failed to generate the first trajectory!!!
[WARN] [1787834765.455037315] [drone_0_ego_planner_node]: P5 final gate blocked trajectory: action=REQUEST_REPLAN reason=current_low_margin planning_generation_id=10 final_gate_generation_id=10
[ERROR] [1787834765.455062460] [drone_0_ego_planner_node]: Failed to generate the first trajectory!!!
[WARN] [1787834765.471193368] [drone_0_ego_planner_node]: P5 final gate blocked trajectory: action=REQUEST_REPLAN reason=current_low_margin planning_generation_id=10 final_gate_generation_id=10
[ERROR] [1787834765.471219256] [drone_0_ego_planner_node]: Failed to generate the first trajectory!!!
[WARN] [1787834765.487300916] [drone_0_ego_planner_node]: P5 final gate blocked trajectory: action=REQUEST_REPLAN reason=current_low_margin planning_generation_id=10 final_gate_generation_id=10
[ERROR] [1787834765.487327615] [drone_0_ego_planner_node]: Failed to generate the first trajectory!!!
[WARN] [1787834765.503368761] [drone_0_ego_planner_node]: P5 final gate blocked trajectory: action=REQUEST_REPLAN reason=current_low_margin planning_generation_id=10 final_gate_generation_id=10
[ERROR] [1787834765.503391953] [drone_0_ego_planner_node]: Failed to generate the first trajectory!!!
[WARN] [1787834765.519469732] [drone_0_ego_planner_node]: P5 final gate blocked trajectory: action=REQUEST_REPLAN reason=current_low_margin planning_generation_id=10 final_gate_generation_id=10
[ERROR] [1787834765.519495992] [drone_0_ego_planner_node]: Failed to generate the first trajectory!!!
[WARN] [1787834765.535560916] [drone_0_ego_planner_node]: P5 final gate blocked trajectory: action=REQUEST_REPLAN reason=current_low_margin planning_generation_id=10 final_gate_generation_id=10
[ERROR] [1787834765.535590476] [drone_0_ego_planner_node]: Failed to generate the first trajectory!!!
[WARN] [1787834765.551668076] [drone_0_ego_planner_node]: P5 final gate blocked trajectory: action=REQUEST_REPLAN reason=current_low_margin planning_generation_id=10 final_gate_generation_id=10
[ERROR] [1787834765.551696336] [drone_0_ego_planner_node]: Failed to generate the first trajectory!!!
[WARN] [1787834765.567933300] [drone_0_ego_planner_node]: P5 final gate blocked trajectory: action=REQUEST_REPLAN reason=current_low_margin planning_generation_id=10 final_gate_generation_id=10
[ERROR] [1787834765.567963985] [drone_0_ego_planner_node]: Failed to generate the first trajectory!!!
[WARN] [1787834765.582923909] [drone_0_ego_planner_node]: P5 final gate blocked trajectory: action=REQUEST_REPLAN reason=current_low_margin planning_generation_id=10 final_gate_generation_id=10
[ERROR] [1787834765.582947075] [drone_0_ego_planner_node]: Failed to generate the first trajectory!!!
[WARN] [1787834765.600093119] [drone_0_ego_planner_node]: P5 final gate blocked trajectory: action=REQUEST_REPLAN reason=current_low_margin planning_generation_id=10 final_gate_generation_id=10
[ERROR] [1787834765.600126006] [drone_0_ego_planner_node]: Failed to generate the first trajectory!!!
[WARN] [1787834765.616243190] [drone_0_ego_planner_node]: P5 final gate blocked trajectory: action=REQUEST_REPLAN reason=current_low_margin planning_generation_id=10 final_gate_generation_id=10
[ERROR] [1787834765.616270789] [drone_0_ego_planner_node]: Failed to generate the first trajectory!!!
[WARN] [1787834765.630909649] [drone_0_ego_planner_node]: P5 final gate blocked trajectory: action=REQUEST_REPLAN reason=current_low_margin planning_generation_id=10 final_gate_generation_id=10
[ERROR] [1787834765.630932792] [drone_0_ego_planner_node]: Failed to generate the first trajectory!!!
[WARN] [1787834765.649552740] [drone_0_ego_planner_node]: P5 final gate blocked trajectory: action=REQUEST_REPLAN reason=current_low_margin planning_generation_id=11 final_gate_generation_id=11
[ERROR] [1787834765.649579419] [drone_0_ego_planner_node]: Failed to generate the first trajectory!!!
[WARN] [1787834765.665542698] [drone_0_ego_planner_node]: P5 final gate blocked trajectory: action=REQUEST_REPLAN reason=current_low_margin planning_generation_id=11 final_gate_generation_id=11
[ERROR] [1787834765.665567353] [drone_0_ego_planner_node]: Failed to generate the first trajectory!!!
[WARN] [1787834765.681466078] [drone_0_ego_planner_node]: P5 final gate blocked trajectory: action=REQUEST_REPLAN reason=current_low_margin planning_generation_id=11 final_gate_generation_id=11
[ERROR] [1787834765.681491861] [drone_0_ego_planner_node]: Failed to generate the first trajectory!!!
[WARN] [1787834765.697495797] [drone_0_ego_planner_node]: P5 final gate blocked trajectory: action=REQUEST_REPLAN reason=current_low_margin planning_generation_id=11 final_gate_generation_id=11
[ERROR] [1787834765.697522523] [drone_0_ego_planner_node]: Failed to generate the first trajectory!!!
[WARN] [1787834765.713481316] [drone_0_ego_planner_node]: P5 final gate blocked trajectory: action=REQUEST_REPLAN reason=current_low_margin planning_generation_id=11 final_gate_generation_id=11
[ERROR] [1787834765.713506390] [drone_0_ego_planner_node]: Failed to generate the first trajectory!!!
[WARN] [1787834765.729690923] [drone_0_ego_planner_node]: P5 final gate blocked trajectory: action=REQUEST_REPLAN reason=current_low_margin planning_generation_id=11 final_gate_generation_id=11
[ERROR] [1787834765.729716960] [drone_0_ego_planner_node]: Failed to generate the first trajectory!!!
[WARN] [1787834765.745745680] [drone_0_ego_planner_node]: P5 final gate blocked trajectory: action=REQUEST_REPLAN reason=current_low_margin planning_generation_id=11 final_gate_generation_id=11
[ERROR] [1787834765.745772037] [drone_0_ego_planner_node]: Failed to generate the first trajectory!!!
[WARN] [1787834765.761772770] [drone_0_ego_planner_node]: P5 final gate blocked trajectory: action=REQUEST_REPLAN reason=current_low_margin planning_generation_id=11 final_gate_generation_id=11
[ERROR] [1787834765.761799310] [drone_0_ego_planner_node]: Failed to generate the first trajectory!!!
[WARN] [1787834765.777675170] [drone_0_ego_planner_node]: P5 final gate blocked trajectory: action=REQUEST_REPLAN reason=current_low_margin planning_generation_id=11 final_gate_generation_id=11
[ERROR] [1787834765.777702398] [drone_0_ego_planner_node]: Failed to generate the first trajectory!!!
[WARN] [1787834765.793691677] [drone_0_ego_planner_node]: P5 final gate blocked trajectory: action=REQUEST_REPLAN reason=current_low_margin planning_generation_id=11 final_gate_generation_id=11
[ERROR] [1787834765.793720531] [drone_0_ego_planner_node]: Failed to generate the first trajectory!!!
[WARN] [1787834765.808188778] [drone_0_ego_planner_node]: P5 final gate blocked trajectory: action=REQUEST_REPLAN reason=current_low_margin planning_generation_id=11 final_gate_generation_id=11
[ERROR] [1787834765.808207570] [drone_0_ego_planner_node]: Failed to generate the first trajectory!!!
[WARN] [1787834765.824091392] [drone_0_ego_planner_node]: P5 final gate blocked trajectory: action=REQUEST_REPLAN reason=current_low_margin planning_generation_id=11 final_gate_generation_id=11
[ERROR] [1787834765.824117853] [drone_0_ego_planner_node]: Failed to generate the first trajectory!!!
[WARN] [1787834765.840016391] [drone_0_ego_planner_node]: P5 final gate blocked trajectory: action=REQUEST_REPLAN reason=current_low_margin planning_generation_id=11 final_gate_generation_id=11
[ERROR] [1787834765.840041787] [drone_0_ego_planner_node]: Failed to generate the first trajectory!!!
[WARN] [1787834765.855952412] [drone_0_ego_planner_node]: P5 final gate blocked trajectory: action=REQUEST_REPLAN reason=current_low_margin planning_generation_id=11 final_gate_generation_id=11
[ERROR] [1787834765.855978163] [drone_0_ego_planner_node]: Failed to generate the first trajectory!!!
[WARN] [1787834765.870612246] [drone_0_ego_planner_node]: P5 final gate blocked trajectory: action=REQUEST_REPLAN reason=current_low_margin planning_generation_id=11 final_gate_generation_id=11
[ERROR] [1787834765.870634655] [drone_0_ego_planner_node]: Failed to generate the first trajectory!!!
[WARN] [1787834765.886653039] [drone_0_ego_planner_node]: P5 final gate blocked trajectory: action=REQUEST_REPLAN reason=current_low_margin planning_generation_id=11 final_gate_generation_id=11
[ERROR] [1787834765.886681609] [drone_0_ego_planner_node]: Failed to generate the first trajectory!!!
[WARN] [1787834765.902675299] [drone_0_ego_planner_node]: P5 final gate blocked trajectory: action=REQUEST_REPLAN reason=current_low_margin planning_generation_id=11 final_gate_generation_id=11
[ERROR] [1787834765.902697165] [drone_0_ego_planner_node]: Failed to generate the first trajectory!!!
[WARN] [1787834765.918770566] [drone_0_ego_planner_node]: P5 final gate blocked trajectory: action=REQUEST_REPLAN reason=current_low_margin planning_generation_id=11 final_gate_generation_id=11
[ERROR] [1787834765.918798788] [drone_0_ego_planner_node]: Failed to generate the first trajectory!!!
[WARN] [1787834765.933368830] [drone_0_ego_planner_node]: P5 final gate blocked trajectory: action=REQUEST_REPLAN reason=current_low_margin planning_generation_id=11 final_gate_generation_id=11
[ERROR] [1787834765.933390595] [drone_0_ego_planner_node]: Failed to generate the first trajectory!!!
[WARN] [1787834765.949383621] [drone_0_ego_planner_node]: P5 final gate blocked trajectory: action=REQUEST_REPLAN reason=current_low_margin planning_generation_id=11 final_gate_generation_id=11
[ERROR] [1787834765.949411344] [drone_0_ego_planner_node]: Failed to generate the first trajectory!!!
[WARN] [1787834765.965408444] [drone_0_ego_planner_node]: P5 final gate blocked trajectory: action=REQUEST_REPLAN reason=current_low_margin planning_generation_id=11 final_gate_generation_id=11
[ERROR] [1787834765.965435355] [drone_0_ego_planner_node]: Failed to generate the first trajectory!!!
[WARN] [1787834765.980045731] [drone_0_ego_planner_node]: P5 final gate blocked trajectory: action=REQUEST_REPLAN reason=current_low_margin planning_generation_id=11 final_gate_generation_id=11
[ERROR] [1787834765.980070571] [drone_0_ego_planner_node]: Failed to generate the first trajectory!!!
[WARN] [1787834765.996110875] [drone_0_ego_planner_node]: P5 final gate blocked trajectory: action=REQUEST_REPLAN reason=current_low_margin planning_generation_id=11 final_gate_generation_id=11
[ERROR] [1787834765.996137808] [drone_0_ego_planner_node]: Failed to generate the first trajectory!!!
[WARN] [1787834766.012120651] [drone_0_ego_planner_node]: P5 final gate blocked trajectory: action=REQUEST_REPLAN reason=current_low_margin planning_generation_id=11 final_gate_generation_id=11
[ERROR] [1787834766.012145392] [drone_0_ego_planner_node]: Failed to generate the first trajectory!!!
[WARN] [1787834766.028140100] [drone_0_ego_planner_node]: P5 final gate blocked trajectory: action=REQUEST_REPLAN reason=current_low_margin planning_generation_id=11 final_gate_generation_id=11
[ERROR] [1787834766.028166021] [drone_0_ego_planner_node]: Failed to generate the first trajectory!!!
[WARN] [1787834766.044091556] [drone_0_ego_planner_node]: P5 final gate blocked trajectory: action=REQUEST_REPLAN reason=current_low_margin planning_generation_id=11 final_gate_generation_id=11
[ERROR] [1787834766.044116250] [drone_0_ego_planner_node]: Failed to generate the first trajectory!!!
[WARN] [1787834766.060115933] [drone_0_ego_planner_node]: P5 final gate blocked trajectory: action=REQUEST_REPLAN reason=current_low_margin planning_generation_id=11 final_gate_generation_id=11
[ERROR] [1787834766.060141034] [drone_0_ego_planner_node]: Failed to generate the first trajectory!!!
[WARN] [1787834766.076130161] [drone_0_ego_planner_node]: P5 final gate blocked trajectory: action=REQUEST_REPLAN reason=current_low_margin planning_generation_id=11 final_gate_generation_id=11
[ERROR] [1787834766.076157822] [drone_0_ego_planner_node]: Failed to generate the first trajectory!!!
[WARN] [1787834766.092279684] [drone_0_ego_planner_node]: P5 final gate blocked trajectory: action=REQUEST_REPLAN reason=current_low_margin planning_generation_id=11 final_gate_generation_id=11
[ERROR] [1787834766.092307394] [drone_0_ego_planner_node]: Failed to generate the first trajectory!!!
[WARN] [1787834766.108327168] [drone_0_ego_planner_node]: P5 final gate blocked trajectory: action=REQUEST_REPLAN reason=current_low_margin planning_generation_id=11 final_gate_generation_id=11
[ERROR] [1787834766.108354509] [drone_0_ego_planner_node]: Failed to generate the first trajectory!!!
[WARN] [1787834766.124310172] [drone_0_ego_planner_node]: P5 final gate using latest risk snapshot: planning_generation_id=11 final_gate_generation_id=12
[WARN] [1787834766.124463450] [drone_0_ego_planner_node]: P5 final gate blocked trajectory: action=REQUEST_REPLAN reason=current_low_margin planning_generation_id=11 final_gate_generation_id=12
[ERROR] [1787834766.124473666] [drone_0_ego_planner_node]: Failed to generate the first trajectory!!!
[WARN] [1787834766.142614615] [drone_0_ego_planner_node]: P5 final gate blocked trajectory: action=REQUEST_REPLAN reason=current_low_margin planning_generation_id=12 final_gate_generation_id=12
[ERROR] [1787834766.142638928] [drone_0_ego_planner_node]: Failed to generate the first trajectory!!!
[WARN] [1787834766.157234625] [drone_0_ego_planner_node]: P5 final gate blocked trajectory: action=REQUEST_REPLAN reason=current_low_margin planning_generation_id=12 final_gate_generation_id=12
[ERROR] [1787834766.157256784] [drone_0_ego_planner_node]: Failed to generate the first trajectory!!!
[WARN] [1787834766.173261957] [drone_0_ego_planner_node]: P5 final gate blocked trajectory: action=REQUEST_REPLAN reason=current_low_margin planning_generation_id=12 final_gate_generation_id=12
[ERROR] [1787834766.173287130] [drone_0_ego_planner_node]: Failed to generate the first trajectory!!!
[WARN] [1787834766.187902215] [drone_0_ego_planner_node]: P5 final gate blocked trajectory: action=REQUEST_REPLAN reason=current_low_margin planning_generation_id=12 final_gate_generation_id=12
[ERROR] [1787834766.187926348] [drone_0_ego_planner_node]: Failed to generate the first trajectory!!!
[WARN] [1787834766.203946169] [drone_0_ego_planner_node]: P5 final gate blocked trajectory: action=REQUEST_REPLAN reason=current_low_margin planning_generation_id=12 final_gate_generation_id=12
[ERROR] [1787834766.203970193] [drone_0_ego_planner_node]: Failed to generate the first trajectory!!!
[WARN] [1787834766.218553922] [drone_0_ego_planner_node]: P5 final gate blocked trajectory: action=REQUEST_REPLAN reason=current_low_margin planning_generation_id=12 final_gate_generation_id=12
[ERROR] [1787834766.218577172] [drone_0_ego_planner_node]: Failed to generate the first trajectory!!!
[WARN] [1787834766.234541661] [drone_0_ego_planner_node]: P5 final gate blocked trajectory: action=REQUEST_REPLAN reason=current_low_margin planning_generation_id=12 final_gate_generation_id=12
[ERROR] [1787834766.234565418] [drone_0_ego_planner_node]: Failed to generate the first trajectory!!!
[WARN] [1787834766.250553240] [drone_0_ego_planner_node]: P5 final gate blocked trajectory: action=REQUEST_REPLAN reason=current_low_margin planning_generation_id=12 final_gate_generation_id=12
[ERROR] [1787834766.250578041] [drone_0_ego_planner_node]: Failed to generate the first trajectory!!!
[WARN] [1787834766.266565210] [drone_0_ego_planner_node]: P5 final gate blocked trajectory: action=REQUEST_REPLAN reason=current_low_margin planning_generation_id=12 final_gate_generation_id=12
[ERROR] [1787834766.266592568] [drone_0_ego_planner_node]: Failed to generate the first trajectory!!!
[WARN] [1787834766.281197581] [drone_0_ego_planner_node]: P5 final gate blocked trajectory: action=REQUEST_REPLAN reason=current_low_margin planning_generation_id=12 final_gate_generation_id=12
[ERROR] [1787834766.281220001] [drone_0_ego_planner_node]: Failed to generate the first trajectory!!!
[WARN] [1787834766.297360354] [drone_0_ego_planner_node]: P5 final gate blocked trajectory: action=REQUEST_REPLAN reason=current_low_margin planning_generation_id=12 final_gate_generation_id=12
[ERROR] [1787834766.297387039] [drone_0_ego_planner_node]: Failed to generate the first trajectory!!!
[WARN] [1787834766.313549488] [drone_0_ego_planner_node]: P5 final gate blocked trajectory: action=REQUEST_REPLAN reason=current_low_margin planning_generation_id=12 final_gate_generation_id=12
[ERROR] [1787834766.313576687] [drone_0_ego_planner_node]: Failed to generate the first trajectory!!!
[WARN] [1787834766.328161916] [drone_0_ego_planner_node]: P5 final gate blocked trajectory: action=REQUEST_REPLAN reason=current_low_margin planning_generation_id=12 final_gate_generation_id=12
[ERROR] [1787834766.328183342] [drone_0_ego_planner_node]: Failed to generate the first trajectory!!!
[WARN] [1787834766.344179532] [drone_0_ego_planner_node]: P5 final gate blocked trajectory: action=REQUEST_REPLAN reason=current_low_margin planning_generation_id=12 final_gate_generation_id=12
[ERROR] [1787834766.344204438] [drone_0_ego_planner_node]: Failed to generate the first trajectory!!!
[WARN] [1787834766.360329841] [drone_0_ego_planner_node]: P5 final gate blocked trajectory: action=REQUEST_REPLAN reason=current_low_margin planning_generation_id=12 final_gate_generation_id=12
[ERROR] [1787834766.360359945] [drone_0_ego_planner_node]: Failed to generate the first trajectory!!!
[WARN] [1787834766.376449168] [drone_0_ego_planner_node]: P5 final gate blocked trajectory: action=REQUEST_REPLAN reason=current_low_margin planning_generation_id=12 final_gate_generation_id=12
[ERROR] [1787834766.376480824] [drone_0_ego_planner_node]: Failed to generate the first trajectory!!!
[WARN] [1787834766.391103479] [drone_0_ego_planner_node]: P5 final gate blocked trajectory: action=REQUEST_REPLAN reason=current_low_margin planning_generation_id=12 final_gate_generation_id=12
[ERROR] [1787834766.391124794] [drone_0_ego_planner_node]: Failed to generate the first trajectory!!!
[WARN] [1787834766.407161456] [drone_0_ego_planner_node]: P5 final gate blocked trajectory: action=REQUEST_REPLAN reason=current_low_margin planning_generation_id=12 final_gate_generation_id=12
[ERROR] [1787834766.407188906] [drone_0_ego_planner_node]: Failed to generate the first trajectory!!!
[WARN] [1787834766.423218313] [drone_0_ego_planner_node]: P5 final gate blocked trajectory: action=REQUEST_REPLAN reason=current_low_margin planning_generation_id=12 final_gate_generation_id=12
[ERROR] [1787834766.423243721] [drone_0_ego_planner_node]: Failed to generate the first trajectory!!!
[WARN] [1787834766.439363190] [drone_0_ego_planner_node]: P5 final gate blocked trajectory: action=REQUEST_REPLAN reason=current_low_margin planning_generation_id=12 final_gate_generation_id=12
[ERROR] [1787834766.439390750] [drone_0_ego_planner_node]: Failed to generate the first trajectory!!!
[WARN] [1787834766.455463237] [drone_0_ego_planner_node]: P5 final gate blocked trajectory: action=REQUEST_REPLAN reason=current_low_margin planning_generation_id=12 final_gate_generation_id=12
[ERROR] [1787834766.455490188] [drone_0_ego_planner_node]: Failed to generate the first trajectory!!!
[WARN] [1787834766.471669568] [drone_0_ego_planner_node]: P5 final gate blocked trajectory: action=REQUEST_REPLAN reason=current_low_margin planning_generation_id=12 final_gate_generation_id=12
[ERROR] [1787834766.471696753] [drone_0_ego_planner_node]: Failed to generate the first trajectory!!!
[WARN] [1787834766.487884871] [drone_0_ego_planner_node]: P5 final gate blocked trajectory: action=REQUEST_REPLAN reason=current_low_margin planning_generation_id=12 final_gate_generation_id=12
[ERROR] [1787834766.487913266] [drone_0_ego_planner_node]: Failed to generate the first trajectory!!!
[WARN] [1787834766.503874961] [drone_0_ego_planner_node]: P5 final gate blocked trajectory: action=REQUEST_REPLAN reason=current_low_margin planning_generation_id=12 final_gate_generation_id=12
[ERROR] [1787834766.503899681] [drone_0_ego_planner_node]: Failed to generate the first trajectory!!!
[WARN] [1787834766.520047411] [drone_0_ego_planner_node]: P5 final gate blocked trajectory: action=REQUEST_REPLAN reason=current_low_margin planning_generation_id=12 final_gate_generation_id=12
[ERROR] [1787834766.520076042] [drone_0_ego_planner_node]: Failed to generate the first trajectory!!!
[WARN] [1787834766.534618223] [drone_0_ego_planner_node]: P5 final gate blocked trajectory: action=REQUEST_REPLAN reason=current_low_margin planning_generation_id=12 final_gate_generation_id=12
[ERROR] [1787834766.534639204] [drone_0_ego_planner_node]: Failed to generate the first trajectory!!!
[WARN] [1787834766.549191996] [drone_0_ego_planner_node]: P5 final gate blocked trajectory: action=REQUEST_REPLAN reason=current_low_margin planning_generation_id=12 final_gate_generation_id=12
[ERROR] [1787834766.549213721] [drone_0_ego_planner_node]: Failed to generate the first trajectory!!!
[WARN] [1787834766.565228074] [drone_0_ego_planner_node]: P5 final gate blocked trajectory: action=REQUEST_REPLAN reason=current_low_margin planning_generation_id=12 final_gate_generation_id=12
[ERROR] [1787834766.565252900] [drone_0_ego_planner_node]: Failed to generate the first trajectory!!!
[WARN] [1787834766.581298342] [drone_0_ego_planner_node]: P5 final gate blocked trajectory: action=REQUEST_REPLAN reason=current_low_margin planning_generation_id=12 final_gate_generation_id=12
[ERROR] [1787834766.581324793] [drone_0_ego_planner_node]: Failed to generate the first trajectory!!!
[WARN] [1787834766.597475167] [drone_0_ego_planner_node]: P5 final gate blocked trajectory: action=REQUEST_REPLAN reason=current_low_margin planning_generation_id=12 final_gate_generation_id=12
[ERROR] [1787834766.597503076] [drone_0_ego_planner_node]: Failed to generate the first trajectory!!!
[WARN] [1787834766.613758249] [drone_0_ego_planner_node]: P5 final gate blocked trajectory: action=REQUEST_REPLAN reason=current_low_margin planning_generation_id=12 final_gate_generation_id=12
[ERROR] [1787834766.613788429] [drone_0_ego_planner_node]: Failed to generate the first trajectory!!!
[WARN] [1787834766.628338646] [drone_0_ego_planner_node]: P5 final gate blocked trajectory: action=REQUEST_REPLAN reason=current_low_margin planning_generation_id=12 final_gate_generation_id=12
[ERROR] [1787834766.628360912] [drone_0_ego_planner_node]: Failed to generate the first trajectory!!!
[WARN] [1787834766.645689068] [drone_0_ego_planner_node]: P5 final gate blocked trajectory: action=REQUEST_REPLAN reason=current_low_margin planning_generation_id=13 final_gate_generation_id=13
[ERROR] [1787834766.645714775] [drone_0_ego_planner_node]: Failed to generate the first trajectory!!!
[WARN] [1787834766.661760333] [drone_0_ego_planner_node]: P5 final gate blocked trajectory: action=REQUEST_REPLAN reason=current_low_margin planning_generation_id=13 final_gate_generation_id=13
[ERROR] [1787834766.661787623] [drone_0_ego_planner_node]: Failed to generate the first trajectory!!!
[WARN] [1787834766.677726847] [drone_0_ego_planner_node]: P5 final gate blocked trajectory: action=REQUEST_REPLAN reason=current_low_margin planning_generation_id=13 final_gate_generation_id=13
[ERROR] [1787834766.677753703] [drone_0_ego_planner_node]: Failed to generate the first trajectory!!!
[WARN] [1787834766.694735915] [drone_0_ego_planner_node]: P5 final gate blocked trajectory: action=REQUEST_REPLAN reason=current_low_margin planning_generation_id=13 final_gate_generation_id=13
[ERROR] [1787834766.694764345] [drone_0_ego_planner_node]: Failed to generate the first trajectory!!!
[WARN] [1787834766.710708553] [drone_0_ego_planner_node]: P5 final gate blocked trajectory: action=REQUEST_REPLAN reason=current_low_margin planning_generation_id=13 final_gate_generation_id=13
[ERROR] [1787834766.710733962] [drone_0_ego_planner_node]: Failed to generate the first trajectory!!!
[WARN] [1787834766.725258018] [drone_0_ego_planner_node]: P5 final gate blocked trajectory: action=REQUEST_REPLAN reason=current_low_margin planning_generation_id=13 final_gate_generation_id=13
[ERROR] [1787834766.725279644] [drone_0_ego_planner_node]: Failed to generate the first trajectory!!!
[WARN] [1787834766.741316498] [drone_0_ego_planner_node]: P5 final gate blocked trajectory: action=REQUEST_REPLAN reason=current_low_margin planning_generation_id=13 final_gate_generation_id=13
[ERROR] [1787834766.741342708] [drone_0_ego_planner_node]: Failed to generate the first trajectory!!!
[WARN] [1787834766.757446644] [drone_0_ego_planner_node]: P5 final gate blocked trajectory: action=REQUEST_REPLAN reason=current_low_margin planning_generation_id=13 final_gate_generation_id=13
[ERROR] [1787834766.757476181] [drone_0_ego_planner_node]: Failed to generate the first trajectory!!!
[WARN] [1787834766.773537711] [drone_0_ego_planner_node]: P5 final gate blocked trajectory: action=REQUEST_REPLAN reason=current_low_margin planning_generation_id=13 final_gate_generation_id=13
[ERROR] [1787834766.773562945] [drone_0_ego_planner_node]: Failed to generate the first trajectory!!!
[WARN] [1787834766.788133852] [drone_0_ego_planner_node]: P5 final gate blocked trajectory: action=REQUEST_REPLAN reason=current_low_margin planning_generation_id=13 final_gate_generation_id=13
[ERROR] [1787834766.788158674] [drone_0_ego_planner_node]: Failed to generate the first trajectory!!!
[WARN] [1787834766.804139829] [drone_0_ego_planner_node]: P5 final gate blocked trajectory: action=REQUEST_REPLAN reason=current_low_margin planning_generation_id=13 final_gate_generation_id=13
[ERROR] [1787834766.804164671] [drone_0_ego_planner_node]: Failed to generate the first trajectory!!!
[WARN] [1787834766.820310743] [drone_0_ego_planner_node]: P5 final gate blocked trajectory: action=REQUEST_REPLAN reason=current_low_margin planning_generation_id=13 final_gate_generation_id=13
[ERROR] [1787834766.820339654] [drone_0_ego_planner_node]: Failed to generate the first trajectory!!!
[WARN] [1787834766.836384175] [drone_0_ego_planner_node]: P5 final gate blocked trajectory: action=REQUEST_REPLAN reason=current_low_margin planning_generation_id=13 final_gate_generation_id=13
[ERROR] [1787834766.836410647] [drone_0_ego_planner_node]: Failed to generate the first trajectory!!!
[WARN] [1787834766.852467489] [drone_0_ego_planner_node]: P5 final gate blocked trajectory: action=REQUEST_REPLAN reason=current_low_margin planning_generation_id=13 final_gate_generation_id=13
[ERROR] [1787834766.852494321] [drone_0_ego_planner_node]: Failed to generate the first trajectory!!!
[INFO] [1787834766.859652804] [drone_0_ego_planner_node]: [p0] risk grid ready=1 stale=0 age=0.000 valid=0.999 unknown=0.001 gen=13 provider_queries=127840 occupied_skip=160 provider_stale=0 provider_invalid=0 gnss_used=127840 lidar_used=93240 prior_used=127840 stale_current_prior=0 regularized=127840 conservative_max=0 lidar_points=28922 lidar_fim_primitives=481 lidar_fim_valid_normals=481 lidar_fim_fallback= dominant_unknown=occupied_skip:160 refresh_stamp=1657065616.680424 grid_stamp=1657065616.680424 elapsed_ms=282.640 queries=128000 reason=ok
[WARN] [1787834766.868621463] [drone_0_ego_planner_node]: P5 final gate blocked trajectory: action=REQUEST_REPLAN reason=current_low_margin planning_generation_id=13 final_gate_generation_id=13
[ERROR] [1787834766.868652243] [drone_0_ego_planner_node]: Failed to generate the first trajectory!!!
[WARN] [1787834766.883339690] [drone_0_ego_planner_node]: P5 final gate blocked trajectory: action=REQUEST_REPLAN reason=current_low_margin planning_generation_id=13 final_gate_generation_id=13
[ERROR] [1787834766.883361692] [drone_0_ego_planner_node]: Failed to generate the first trajectory!!!
[WARN] [1787834766.899437978] [drone_0_ego_planner_node]: P5 final gate blocked trajectory: action=REQUEST_REPLAN reason=current_low_margin planning_generation_id=13 final_gate_generation_id=13
[ERROR] [1787834766.899465558] [drone_0_ego_planner_node]: Failed to generate the first trajectory!!!
[WARN] [1787834766.915530276] [drone_0_ego_planner_node]: P5 final gate blocked trajectory: action=REQUEST_REPLAN reason=current_low_margin planning_generation_id=13 final_gate_generation_id=13
[ERROR] [1787834766.915556644] [drone_0_ego_planner_node]: Failed to generate the first trajectory!!!
[WARN] [1787834766.930145572] [drone_0_ego_planner_node]: P5 final gate blocked trajectory: action=REQUEST_REPLAN reason=current_low_margin planning_generation_id=13 final_gate_generation_id=13
[ERROR] [1787834766.930166905] [drone_0_ego_planner_node]: Failed to generate the first trajectory!!!
[WARN] [1787834766.944685174] [drone_0_ego_planner_node]: P5 final gate blocked trajectory: action=REQUEST_REPLAN reason=current_low_margin planning_generation_id=13 final_gate_generation_id=13
[ERROR] [1787834766.944706589] [drone_0_ego_planner_node]: Failed to generate the first trajectory!!!
[WARN] [1787834766.959306274] [drone_0_ego_planner_node]: P5 final gate blocked trajectory: action=REQUEST_REPLAN reason=current_low_margin planning_generation_id=13 final_gate_generation_id=13
[ERROR] [1787834766.959328428] [drone_0_ego_planner_node]: Failed to generate the first trajectory!!!
[WARN] [1787834766.975361796] [drone_0_ego_planner_node]: P5 final gate blocked trajectory: action=REQUEST_REPLAN reason=current_low_margin planning_generation_id=13 final_gate_generation_id=13
[ERROR] [1787834766.975387750] [drone_0_ego_planner_node]: Failed to generate the first trajectory!!!
[WARN] [1787834766.991517396] [drone_0_ego_planner_node]: P5 final gate blocked trajectory: action=REQUEST_REPLAN reason=current_low_margin planning_generation_id=13 final_gate_generation_id=13
[ERROR] [1787834766.991544545] [drone_0_ego_planner_node]: Failed to generate the first trajectory!!!
[WARN] [1787834767.007627572] [drone_0_ego_planner_node]: P5 final gate blocked trajectory: action=REQUEST_REPLAN reason=current_low_margin planning_generation_id=13 final_gate_generation_id=13
[ERROR] [1787834767.007656262] [drone_0_ego_planner_node]: Failed to generate the first trajectory!!!
[WARN] [1787834767.023739675] [drone_0_ego_planner_node]: P5 final gate blocked trajectory: action=REQUEST_REPLAN reason=current_low_margin planning_generation_id=13 final_gate_generation_id=13
[ERROR] [1787834767.023766832] [drone_0_ego_planner_node]: Failed to generate the first trajectory!!!
[WARN] [1787834767.039902303] [drone_0_ego_planner_node]: P5 final gate blocked trajectory: action=REQUEST_REPLAN reason=current_low_margin planning_generation_id=13 final_gate_generation_id=13
[ERROR] [1787834767.039928167] [drone_0_ego_planner_node]: Failed to generate the first trajectory!!!
[WARN] [1787834767.056074669] [drone_0_ego_planner_node]: P5 final gate blocked trajectory: action=REQUEST_REPLAN reason=current_low_margin planning_generation_id=13 final_gate_generation_id=13
[ERROR] [1787834767.056103221] [drone_0_ego_planner_node]: Failed to generate the first trajectory!!!
[WARN] [1787834767.070690733] [drone_0_ego_planner_node]: P5 final gate blocked trajectory: action=REQUEST_REPLAN reason=current_low_margin planning_generation_id=13 final_gate_generation_id=13
[ERROR] [1787834767.070712003] [drone_0_ego_planner_node]: Failed to generate the first trajectory!!!
[WARN] [1787834767.085303514] [drone_0_ego_planner_node]: P5 final gate blocked trajectory: action=REQUEST_REPLAN reason=current_low_margin planning_generation_id=13 final_gate_generation_id=13
[ERROR] [1787834767.085325673] [drone_0_ego_planner_node]: Failed to generate the first trajectory!!!
[WARN] [1787834767.099879075] [drone_0_ego_planner_node]: P5 final gate blocked trajectory: action=REQUEST_REPLAN reason=current_low_margin planning_generation_id=13 final_gate_generation_id=13
[ERROR] [1787834767.099901217] [drone_0_ego_planner_node]: Failed to generate the first trajectory!!!
[WARN] [1787834767.114481656] [drone_0_ego_planner_node]: P5 final gate blocked trajectory: action=REQUEST_REPLAN reason=current_low_margin planning_generation_id=13 final_gate_generation_id=13
[ERROR] [1787834767.114505471] [drone_0_ego_planner_node]: Failed to generate the first trajectory!!!
[WARN] [1787834767.130554056] [drone_0_ego_planner_node]: P5 final gate blocked trajectory: action=REQUEST_REPLAN reason=current_low_margin planning_generation_id=13 final_gate_generation_id=13
[ERROR] [1787834767.130579042] [drone_0_ego_planner_node]: Failed to generate the first trajectory!!!
[WARN] [1787834767.147013095] [drone_0_ego_planner_node]: P5 final gate blocked trajectory: action=REQUEST_REPLAN reason=current_low_margin planning_generation_id=13 final_gate_generation_id=13
[ERROR] [1787834767.147041628] [drone_0_ego_planner_node]: Failed to generate the first trajectory!!!
[WARN] [1787834767.163174983] [drone_0_ego_planner_node]: P5 final gate blocked trajectory: action=REQUEST_REPLAN reason=current_low_margin planning_generation_id=14 final_gate_generation_id=14
[ERROR] [1787834767.163197462] [drone_0_ego_planner_node]: Failed to generate the first trajectory!!!
[WARN] [1787834767.177759329] [drone_0_ego_planner_node]: P5 final gate blocked trajectory: action=REQUEST_REPLAN reason=current_low_margin planning_generation_id=14 final_gate_generation_id=14
[ERROR] [1787834767.177781638] [drone_0_ego_planner_node]: Failed to generate the first trajectory!!!
[WARN] [1787834767.193770380] [drone_0_ego_planner_node]: P5 final gate blocked trajectory: action=REQUEST_REPLAN reason=current_low_margin planning_generation_id=14 final_gate_generation_id=14
[ERROR] [1787834767.193800563] [drone_0_ego_planner_node]: Failed to generate the first trajectory!!!
[WARN] [1787834767.208327841] [drone_0_ego_planner_node]: P5 final gate blocked trajectory: action=REQUEST_REPLAN reason=current_low_margin planning_generation_id=14 final_gate_generation_id=14
[ERROR] [1787834767.208348707] [drone_0_ego_planner_node]: Failed to generate the first trajectory!!!
[WARN] [1787834767.222909746] [drone_0_ego_planner_node]: P5 final gate blocked trajectory: action=REQUEST_REPLAN reason=current_low_margin planning_generation_id=14 final_gate_generation_id=14
[ERROR] [1787834767.222932657] [drone_0_ego_planner_node]: Failed to generate the first trajectory!!!
[WARN] [1787834767.238890769] [drone_0_ego_planner_node]: P5 final gate blocked trajectory: action=REQUEST_REPLAN reason=current_low_margin planning_generation_id=14 final_gate_generation_id=14
[ERROR] [1787834767.238916761] [drone_0_ego_planner_node]: Failed to generate the first trajectory!!!
[WARN] [1787834767.255105157] [drone_0_ego_planner_node]: P5 final gate blocked trajectory: action=REQUEST_REPLAN reason=current_low_margin planning_generation_id=14 final_gate_generation_id=14
[ERROR] [1787834767.255132023] [drone_0_ego_planner_node]: Failed to generate the first trajectory!!!
[WARN] [1787834767.271229313] [drone_0_ego_planner_node]: P5 final gate blocked trajectory: action=REQUEST_REPLAN reason=current_low_margin planning_generation_id=14 final_gate_generation_id=14
[ERROR] [1787834767.271258324] [drone_0_ego_planner_node]: Failed to generate the first trajectory!!!
[WARN] [1787834767.287261383] [drone_0_ego_planner_node]: P5 final gate blocked trajectory: action=REQUEST_REPLAN reason=current_low_margin planning_generation_id=14 final_gate_generation_id=14
[ERROR] [1787834767.287289085] [drone_0_ego_planner_node]: Failed to generate the first trajectory!!!
[WARN] [1787834767.301813054] [drone_0_ego_planner_node]: P5 final gate blocked trajectory: action=REQUEST_REPLAN reason=current_low_margin planning_generation_id=14 final_gate_generation_id=14
[ERROR] [1787834767.301835495] [drone_0_ego_planner_node]: Failed to generate the first trajectory!!!
[WARN] [1787834767.316332102] [drone_0_ego_planner_node]: P5 final gate blocked trajectory: action=REQUEST_REPLAN reason=current_low_margin planning_generation_id=14 final_gate_generation_id=14
[ERROR] [1787834767.316354547] [drone_0_ego_planner_node]: Failed to generate the first trajectory!!!
[WARN] [1787834767.331007105] [drone_0_ego_planner_node]: P5 final gate blocked trajectory: action=REQUEST_REPLAN reason=current_low_margin planning_generation_id=14 final_gate_generation_id=14
[ERROR] [1787834767.331028456] [drone_0_ego_planner_node]: Failed to generate the first trajectory!!!
[WARN] [1787834767.345528546] [drone_0_ego_planner_node]: P5 final gate blocked trajectory: action=REQUEST_REPLAN reason=current_low_margin planning_generation_id=14 final_gate_generation_id=14
[ERROR] [1787834767.345550241] [drone_0_ego_planner_node]: Failed to generate the first trajectory!!!
[WARN] [1787834767.361639432] [drone_0_ego_planner_node]: P5 final gate blocked trajectory: action=REQUEST_REPLAN reason=current_low_margin planning_generation_id=14 final_gate_generation_id=14
[ERROR] [1787834767.361668352] [drone_0_ego_planner_node]: Failed to generate the first trajectory!!!
[WARN] [1787834767.376317355] [drone_0_ego_planner_node]: P5 final gate blocked trajectory: action=REQUEST_REPLAN reason=current_low_margin planning_generation_id=14 final_gate_generation_id=14
[ERROR] [1787834767.376339832] [drone_0_ego_planner_node]: Failed to generate the first trajectory!!!
[WARN] [1787834767.392405389] [drone_0_ego_planner_node]: P5 final gate blocked trajectory: action=REQUEST_REPLAN reason=current_low_margin planning_generation_id=14 final_gate_generation_id=14
[ERROR] [1787834767.392432820] [drone_0_ego_planner_node]: Failed to generate the first trajectory!!!
[WARN] [1787834767.406992232] [drone_0_ego_planner_node]: P5 final gate blocked trajectory: action=REQUEST_REPLAN reason=current_low_margin planning_generation_id=14 final_gate_generation_id=14
[ERROR] [1787834767.407013190] [drone_0_ego_planner_node]: Failed to generate the first trajectory!!!
[WARN] [1787834767.422997884] [drone_0_ego_planner_node]: P5 final gate blocked trajectory: action=REQUEST_REPLAN reason=current_low_margin planning_generation_id=14 final_gate_generation_id=14
[ERROR] [1787834767.423022990] [drone_0_ego_planner_node]: Failed to generate the first trajectory!!!
[WARN] [1787834767.438950798] [drone_0_ego_planner_node]: P5 final gate blocked trajectory: action=REQUEST_REPLAN reason=current_low_margin planning_generation_id=14 final_gate_generation_id=14
[ERROR] [1787834767.438976633] [drone_0_ego_planner_node]: Failed to generate the first trajectory!!!
[WARN] [1787834767.454952872] [drone_0_ego_planner_node]: P5 final gate blocked trajectory: action=REQUEST_REPLAN reason=current_low_margin planning_generation_id=14 final_gate_generation_id=14
[ERROR] [1787834767.454978912] [drone_0_ego_planner_node]: Failed to generate the first trajectory!!!
[WARN] [1787834767.470918616] [drone_0_ego_planner_node]: P5 final gate blocked trajectory: action=REQUEST_REPLAN reason=current_low_margin planning_generation_id=14 final_gate_generation_id=14
[ERROR] [1787834767.470943949] [drone_0_ego_planner_node]: Failed to generate the first trajectory!!!
[WARN] [1787834767.486986005] [drone_0_ego_planner_node]: P5 final gate blocked trajectory: action=REQUEST_REPLAN reason=current_low_margin planning_generation_id=14 final_gate_generation_id=14
[ERROR] [1787834767.487012371] [drone_0_ego_planner_node]: Failed to generate the first trajectory!!!
[WARN] [1787834767.502919604] [drone_0_ego_planner_node]: P5 final gate blocked trajectory: action=REQUEST_REPLAN reason=current_low_margin planning_generation_id=14 final_gate_generation_id=14
[ERROR] [1787834767.502945281] [drone_0_ego_planner_node]: Failed to generate the first trajectory!!!
[WARN] [1787834767.517555910] [drone_0_ego_planner_node]: P5 final gate blocked trajectory: action=REQUEST_REPLAN reason=current_low_margin planning_generation_id=14 final_gate_generation_id=14
[ERROR] [1787834767.517577931] [drone_0_ego_planner_node]: Failed to generate the first trajectory!!!
[WARN] [1787834767.533569096] [drone_0_ego_planner_node]: P5 final gate blocked trajectory: action=REQUEST_REPLAN reason=current_low_margin planning_generation_id=14 final_gate_generation_id=14
[ERROR] [1787834767.533594679] [drone_0_ego_planner_node]: Failed to generate the first trajectory!!!
[WARN] [1787834767.549697263] [drone_0_ego_planner_node]: P5 final gate blocked trajectory: action=REQUEST_REPLAN reason=current_low_margin planning_generation_id=14 final_gate_generation_id=14
[ERROR] [1787834767.549727204] [drone_0_ego_planner_node]: Failed to generate the first trajectory!!!
[WARN] [1787834767.565803295] [drone_0_ego_planner_node]: P5 final gate blocked trajectory: action=REQUEST_REPLAN reason=current_low_margin planning_generation_id=14 final_gate_generation_id=14
[ERROR] [1787834767.565829257] [drone_0_ego_planner_node]: Failed to generate the first trajectory!!!
[WARN] [1787834767.581906063] [drone_0_ego_planner_node]: P5 final gate blocked trajectory: action=REQUEST_REPLAN reason=current_low_margin planning_generation_id=14 final_gate_generation_id=14
[ERROR] [1787834767.581933622] [drone_0_ego_planner_node]: Failed to generate the first trajectory!!!
[WARN] [1787834767.597950830] [drone_0_ego_planner_node]: P5 final gate blocked trajectory: action=REQUEST_REPLAN reason=current_low_margin planning_generation_id=14 final_gate_generation_id=14
[ERROR] [1787834767.597978321] [drone_0_ego_planner_node]: Failed to generate the first trajectory!!!
[WARN] [1787834767.613997882] [drone_0_ego_planner_node]: P5 final gate blocked trajectory: action=REQUEST_REPLAN reason=current_low_margin planning_generation_id=14 final_gate_generation_id=14
[ERROR] [1787834767.614024604] [drone_0_ego_planner_node]: Failed to generate the first trajectory!!!
[WARN] [1787834767.628603754] [drone_0_ego_planner_node]: P5 final gate blocked trajectory: action=REQUEST_REPLAN reason=current_low_margin planning_generation_id=14 final_gate_generation_id=14
[ERROR] [1787834767.628626171] [drone_0_ego_planner_node]: Failed to generate the first trajectory!!!
[WARN] [1787834767.648458702] [drone_0_ego_planner_node]: P5 final gate blocked trajectory: action=REQUEST_REPLAN reason=current_low_margin planning_generation_id=15 final_gate_generation_id=15
[ERROR] [1787834767.648484869] [drone_0_ego_planner_node]: Failed to generate the first trajectory!!!
[WARN] [1787834767.664487588] [drone_0_ego_planner_node]: P5 final gate blocked trajectory: action=REQUEST_REPLAN reason=current_low_margin planning_generation_id=15 final_gate_generation_id=15
[ERROR] [1787834767.664512049] [drone_0_ego_planner_node]: Failed to generate the first trajectory!!!
[WARN] [1787834767.680560574] [drone_0_ego_planner_node]: P5 final gate blocked trajectory: action=REQUEST_REPLAN reason=current_low_margin planning_generation_id=15 final_gate_generation_id=15
[ERROR] [1787834767.680588389] [drone_0_ego_planner_node]: Failed to generate the first trajectory!!!
[WARN] [1787834767.696670139] [drone_0_ego_planner_node]: P5 final gate blocked trajectory: action=REQUEST_REPLAN reason=current_low_margin planning_generation_id=15 final_gate_generation_id=15
[ERROR] [1787834767.696694769] [drone_0_ego_planner_node]: Failed to generate the first trajectory!!!
[WARN] [1787834767.712729293] [drone_0_ego_planner_node]: P5 final gate blocked trajectory: action=REQUEST_REPLAN reason=current_low_margin planning_generation_id=15 final_gate_generation_id=15
[ERROR] [1787834767.712755191] [drone_0_ego_planner_node]: Failed to generate the first trajectory!!!
[WARN] [1787834767.727261487] [drone_0_ego_planner_node]: P5 final gate blocked trajectory: action=REQUEST_REPLAN reason=current_low_margin planning_generation_id=15 final_gate_generation_id=15
[ERROR] [1787834767.727283131] [drone_0_ego_planner_node]: Failed to generate the first trajectory!!!
[WARN] [1787834767.741781445] [drone_0_ego_planner_node]: P5 final gate blocked trajectory: action=REQUEST_REPLAN reason=current_low_margin planning_generation_id=15 final_gate_generation_id=15
[ERROR] [1787834767.741802102] [drone_0_ego_planner_node]: Failed to generate the first trajectory!!!
[WARN] [1787834767.757746440] [drone_0_ego_planner_node]: P5 final gate blocked trajectory: action=REQUEST_REPLAN reason=current_low_margin planning_generation_id=15 final_gate_generation_id=15
[ERROR] [1787834767.757774487] [drone_0_ego_planner_node]: Failed to generate the first trajectory!!!
[WARN] [1787834767.774569918] [drone_0_ego_planner_node]: P5 final gate blocked trajectory: action=REQUEST_REPLAN reason=current_low_margin planning_generation_id=15 final_gate_generation_id=15
[ERROR] [1787834767.774597090] [drone_0_ego_planner_node]: Failed to generate the first trajectory!!!
[WARN] [1787834767.789210067] [drone_0_ego_planner_node]: P5 final gate blocked trajectory: action=REQUEST_REPLAN reason=current_low_margin planning_generation_id=15 final_gate_generation_id=15
[ERROR] [1787834767.789231682] [drone_0_ego_planner_node]: Failed to generate the first trajectory!!!
[WARN] [1787834767.805184898] [drone_0_ego_planner_node]: P5 final gate blocked trajectory: action=REQUEST_REPLAN reason=current_low_margin planning_generation_id=15 final_gate_generation_id=15
[ERROR] [1787834767.805204510] [drone_0_ego_planner_node]: Failed to generate the first trajectory!!!
[WARN] [1787834767.819608518] [drone_0_ego_planner_node]: P5 final gate blocked trajectory: action=REQUEST_REPLAN reason=current_low_margin planning_generation_id=15 final_gate_generation_id=15
[ERROR] [1787834767.819628506] [drone_0_ego_planner_node]: Failed to generate the first trajectory!!!
[WARN] [1787834767.834162339] [drone_0_ego_planner_node]: P5 final gate blocked trajectory: action=REQUEST_REPLAN reason=current_low_margin planning_generation_id=15 final_gate_generation_id=15
[ERROR] [1787834767.834184402] [drone_0_ego_planner_node]: Failed to generate the first trajectory!!!
[WARN] [1787834767.850283593] [drone_0_ego_planner_node]: P5 final gate blocked trajectory: action=REQUEST_REPLAN reason=current_low_margin planning_generation_id=15 final_gate_generation_id=15
[ERROR] [1787834767.850310160] [drone_0_ego_planner_node]: Failed to generate the first trajectory!!!
[WARN] [1787834767.864885390] [drone_0_ego_planner_node]: P5 final gate blocked trajectory: action=REQUEST_REPLAN reason=current_low_margin planning_generation_id=15 final_gate_generation_id=15
[ERROR] [1787834767.864907135] [drone_0_ego_planner_node]: Failed to generate the first trajectory!!!
[WARN] [1787834767.879575069] [drone_0_ego_planner_node]: P5 final gate blocked trajectory: action=REQUEST_REPLAN reason=current_low_margin planning_generation_id=15 final_gate_generation_id=15
[ERROR] [1787834767.879598147] [drone_0_ego_planner_node]: Failed to generate the first trajectory!!!
[WARN] [1787834767.895845232] [drone_0_ego_planner_node]: P5 final gate blocked trajectory: action=REQUEST_REPLAN reason=current_low_margin planning_generation_id=15 final_gate_generation_id=15
[ERROR] [1787834767.895871709] [drone_0_ego_planner_node]: Failed to generate the first trajectory!!!
[WARN] [1787834767.912027687] [drone_0_ego_planner_node]: P5 final gate blocked trajectory: action=REQUEST_REPLAN reason=current_low_margin planning_generation_id=15 final_gate_generation_id=15
[ERROR] [1787834767.912055096] [drone_0_ego_planner_node]: Failed to generate the first trajectory!!!
[WARN] [1787834767.928174304] [drone_0_ego_planner_node]: P5 final gate blocked trajectory: action=REQUEST_REPLAN reason=current_low_margin planning_generation_id=15 final_gate_generation_id=15
[ERROR] [1787834767.928201378] [drone_0_ego_planner_node]: Failed to generate the first trajectory!!!
[WARN] [1787834767.944293521] [drone_0_ego_planner_node]: P5 final gate blocked trajectory: action=REQUEST_REPLAN reason=current_low_margin planning_generation_id=15 final_gate_generation_id=15
[ERROR] [1787834767.944319973] [drone_0_ego_planner_node]: Failed to generate the first trajectory!!!
[WARN] [1787834767.960361622] [drone_0_ego_planner_node]: P5 final gate blocked trajectory: action=REQUEST_REPLAN reason=current_low_margin planning_generation_id=15 final_gate_generation_id=15
[ERROR] [1787834767.960386838] [drone_0_ego_planner_node]: Failed to generate the first trajectory!!!
[WARN] [1787834767.974925804] [drone_0_ego_planner_node]: P5 final gate blocked trajectory: action=REQUEST_REPLAN reason=current_low_margin planning_generation_id=15 final_gate_generation_id=15
[ERROR] [1787834767.974947036] [drone_0_ego_planner_node]: Failed to generate the first trajectory!!!
[WARN] [1787834767.989511359] [drone_0_ego_planner_node]: P5 final gate blocked trajectory: action=REQUEST_REPLAN reason=current_low_margin planning_generation_id=15 final_gate_generation_id=15
[ERROR] [1787834767.989535063] [drone_0_ego_planner_node]: Failed to generate the first trajectory!!!
[WARN] [1787834768.005541107] [drone_0_ego_planner_node]: P5 final gate blocked trajectory: action=REQUEST_REPLAN reason=current_low_margin planning_generation_id=15 final_gate_generation_id=15
[ERROR] [1787834768.005566247] [drone_0_ego_planner_node]: Failed to generate the first trajectory!!!
[WARN] [1787834768.021705409] [drone_0_ego_planner_node]: P5 final gate blocked trajectory: action=REQUEST_REPLAN reason=current_low_margin planning_generation_id=15 final_gate_generation_id=15
[ERROR] [1787834768.021732360] [drone_0_ego_planner_node]: Failed to generate the first trajectory!!!
[WARN] [1787834768.037756631] [drone_0_ego_planner_node]: P5 final gate blocked trajectory: action=REQUEST_REPLAN reason=current_low_margin planning_generation_id=15 final_gate_generation_id=15
[ERROR] [1787834768.037783887] [drone_0_ego_planner_node]: Failed to generate the first trajectory!!!
[WARN] [1787834768.054040250] [drone_0_ego_planner_node]: P5 final gate blocked trajectory: action=REQUEST_REPLAN reason=current_low_margin planning_generation_id=15 final_gate_generation_id=15
[ERROR] [1787834768.054070511] [drone_0_ego_planner_node]: Failed to generate the first trajectory!!!
[WARN] [1787834768.070261952] [drone_0_ego_planner_node]: P5 final gate blocked trajectory: action=REQUEST_REPLAN reason=current_low_margin planning_generation_id=15 final_gate_generation_id=15
[ERROR] [1787834768.070287565] [drone_0_ego_planner_node]: Failed to generate the first trajectory!!!
[WARN] [1787834768.084896431] [drone_0_ego_planner_node]: P5 final gate blocked trajectory: action=REQUEST_REPLAN reason=current_low_margin planning_generation_id=15 final_gate_generation_id=15
[ERROR] [1787834768.084918714] [drone_0_ego_planner_node]: Failed to generate the first trajectory!!!
[WARN] [1787834768.099517249] [drone_0_ego_planner_node]: P5 final gate blocked trajectory: action=REQUEST_REPLAN reason=current_low_margin planning_generation_id=15 final_gate_generation_id=15
[ERROR] [1787834768.099539050] [drone_0_ego_planner_node]: Failed to generate the first trajectory!!!
[WARN] [1787834768.114217708] [drone_0_ego_planner_node]: P5 final gate blocked trajectory: action=REQUEST_REPLAN reason=current_low_margin planning_generation_id=15 final_gate_generation_id=15
[ERROR] [1787834768.114239383] [drone_0_ego_planner_node]: Failed to generate the first trajectory!!!
[WARN] [1787834768.128752454] [drone_0_ego_planner_node]: P5 final gate using latest risk snapshot: planning_generation_id=15 final_gate_generation_id=16
[WARN] [1787834768.128912752] [drone_0_ego_planner_node]: P5 final gate blocked trajectory: action=REQUEST_REPLAN reason=current_low_margin planning_generation_id=15 final_gate_generation_id=16
[ERROR] [1787834768.128920883] [drone_0_ego_planner_node]: Failed to generate the first trajectory!!!
[WARN] [1787834768.146369654] [drone_0_ego_planner_node]: P5 final gate blocked trajectory: action=REQUEST_REPLAN reason=current_low_margin planning_generation_id=16 final_gate_generation_id=16
[ERROR] [1787834768.146396095] [drone_0_ego_planner_node]: Failed to generate the first trajectory!!!
[WARN] [1787834768.162365890] [drone_0_ego_planner_node]: P5 final gate blocked trajectory: action=REQUEST_REPLAN reason=current_low_margin planning_generation_id=16 final_gate_generation_id=16
[ERROR] [1787834768.162390570] [drone_0_ego_planner_node]: Failed to generate the first trajectory!!!
[WARN] [1787834768.178365208] [drone_0_ego_planner_node]: P5 final gate blocked trajectory: action=REQUEST_REPLAN reason=current_low_margin planning_generation_id=16 final_gate_generation_id=16
[ERROR] [1787834768.178391537] [drone_0_ego_planner_node]: Failed to generate the first trajectory!!!
[WARN] [1787834768.194245455] [drone_0_ego_planner_node]: P5 final gate blocked trajectory: action=REQUEST_REPLAN reason=current_low_margin planning_generation_id=16 final_gate_generation_id=16
[ERROR] [1787834768.194269139] [drone_0_ego_planner_node]: Failed to generate the first trajectory!!!
[WARN] [1787834768.210228368] [drone_0_ego_planner_node]: P5 final gate blocked trajectory: action=REQUEST_REPLAN reason=current_low_margin planning_generation_id=16 final_gate_generation_id=16
[ERROR] [1787834768.210254136] [drone_0_ego_planner_node]: Failed to generate the first trajectory!!!
[WARN] [1787834768.226250283] [drone_0_ego_planner_node]: P5 final gate blocked trajectory: action=REQUEST_REPLAN reason=current_low_margin planning_generation_id=16 final_gate_generation_id=16
[ERROR] [1787834768.226276979] [drone_0_ego_planner_node]: Failed to generate the first trajectory!!!
[WARN] [1787834768.242241830] [drone_0_ego_planner_node]: P5 final gate blocked trajectory: action=REQUEST_REPLAN reason=current_low_margin planning_generation_id=16 final_gate_generation_id=16
[ERROR] [1787834768.242269218] [drone_0_ego_planner_node]: Failed to generate the first trajectory!!!
[WARN] [1787834768.256817797] [drone_0_ego_planner_node]: P5 final gate blocked trajectory: action=REQUEST_REPLAN reason=current_low_margin planning_generation_id=16 final_gate_generation_id=16
[ERROR] [1787834768.256841649] [drone_0_ego_planner_node]: Failed to generate the first trajectory!!!
[WARN] [1787834768.272773654] [drone_0_ego_planner_node]: P5 final gate blocked trajectory: action=REQUEST_REPLAN reason=current_low_margin planning_generation_id=16 final_gate_generation_id=16
[ERROR] [1787834768.272803611] [drone_0_ego_planner_node]: Failed to generate the first trajectory!!!
[WARN] [1787834768.288830093] [drone_0_ego_planner_node]: P5 final gate blocked trajectory: action=REQUEST_REPLAN reason=current_low_margin planning_generation_id=16 final_gate_generation_id=16
[ERROR] [1787834768.288857954] [drone_0_ego_planner_node]: Failed to generate the first trajectory!!!
[WARN] [1787834768.303347926] [drone_0_ego_planner_node]: P5 final gate blocked trajectory: action=REQUEST_REPLAN reason=current_low_margin planning_generation_id=16 final_gate_generation_id=16
[ERROR] [1787834768.303370413] [drone_0_ego_planner_node]: Failed to generate the first trajectory!!!
[WARN] [1787834768.317860176] [drone_0_ego_planner_node]: P5 final gate blocked trajectory: action=REQUEST_REPLAN reason=current_low_margin planning_generation_id=16 final_gate_generation_id=16
[ERROR] [1787834768.317881516] [drone_0_ego_planner_node]: Failed to generate the first trajectory!!!
[WARN] [1787834768.332447819] [drone_0_ego_planner_node]: P5 final gate blocked trajectory: action=REQUEST_REPLAN reason=current_low_margin planning_generation_id=16 final_gate_generation_id=16
[ERROR] [1787834768.332467492] [drone_0_ego_planner_node]: Failed to generate the first trajectory!!!
[WARN] [1787834768.348394928] [drone_0_ego_planner_node]: P5 final gate blocked trajectory: action=REQUEST_REPLAN reason=current_low_margin planning_generation_id=16 final_gate_generation_id=16
[ERROR] [1787834768.348424397] [drone_0_ego_planner_node]: Failed to generate the first trajectory!!!
[WARN] [1787834768.364417676] [drone_0_ego_planner_node]: P5 final gate blocked trajectory: action=REQUEST_REPLAN reason=current_low_margin planning_generation_id=16 final_gate_generation_id=16
[ERROR] [1787834768.364447410] [drone_0_ego_planner_node]: Failed to generate the first trajectory!!!
[WARN] [1787834768.380529549] [drone_0_ego_planner_node]: P5 final gate blocked trajectory: action=REQUEST_REPLAN reason=current_low_margin planning_generation_id=16 final_gate_generation_id=16
[ERROR] [1787834768.380558899] [drone_0_ego_planner_node]: Failed to generate the first trajectory!!!
[WARN] [1787834768.396622534] [drone_0_ego_planner_node]: P5 final gate blocked trajectory: action=REQUEST_REPLAN reason=current_low_margin planning_generation_id=16 final_gate_generation_id=16
[ERROR] [1787834768.396653576] [drone_0_ego_planner_node]: Failed to generate the first trajectory!!!
[WARN] [1787834768.411395762] [drone_0_ego_planner_node]: P5 final gate blocked trajectory: action=REQUEST_REPLAN reason=current_low_margin planning_generation_id=16 final_gate_generation_id=16
[ERROR] [1787834768.411419074] [drone_0_ego_planner_node]: Failed to generate the first trajectory!!!
[WARN] [1787834768.427380023] [drone_0_ego_planner_node]: P5 final gate blocked trajectory: action=REQUEST_REPLAN reason=current_low_margin planning_generation_id=16 final_gate_generation_id=16
[ERROR] [1787834768.427407287] [drone_0_ego_planner_node]: Failed to generate the first trajectory!!!
[WARN] [1787834768.443430970] [drone_0_ego_planner_node]: P5 final gate blocked trajectory: action=REQUEST_REPLAN reason=current_low_margin planning_generation_id=16 final_gate_generation_id=16
[ERROR] [1787834768.443459573] [drone_0_ego_planner_node]: Failed to generate the first trajectory!!!
[WARN] [1787834768.459412510] [drone_0_ego_planner_node]: P5 final gate blocked trajectory: action=REQUEST_REPLAN reason=current_low_margin planning_generation_id=16 final_gate_generation_id=16
[ERROR] [1787834768.459441268] [drone_0_ego_planner_node]: Failed to generate the first trajectory!!!
[WARN] [1787834768.474010136] [drone_0_ego_planner_node]: P5 final gate blocked trajectory: action=REQUEST_REPLAN reason=current_low_margin planning_generation_id=16 final_gate_generation_id=16
[ERROR] [1787834768.474032759] [drone_0_ego_planner_node]: Failed to generate the first trajectory!!!
[WARN] [1787834768.490059656] [drone_0_ego_planner_node]: P5 final gate blocked trajectory: action=REQUEST_REPLAN reason=current_low_margin planning_generation_id=16 final_gate_generation_id=16
[ERROR] [1787834768.490091149] [drone_0_ego_planner_node]: Failed to generate the first trajectory!!!
[WARN] [1787834768.506038615] [drone_0_ego_planner_node]: P5 final gate blocked trajectory: action=REQUEST_REPLAN reason=current_low_margin planning_generation_id=16 final_gate_generation_id=16
[ERROR] [1787834768.506070484] [drone_0_ego_planner_node]: Failed to generate the first trajectory!!!
[WARN] [1787834768.520604827] [drone_0_ego_planner_node]: P5 final gate blocked trajectory: action=REQUEST_REPLAN reason=current_low_margin planning_generation_id=16 final_gate_generation_id=16
[ERROR] [1787834768.520626594] [drone_0_ego_planner_node]: Failed to generate the first trajectory!!!
[WARN] [1787834768.535166060] [drone_0_ego_planner_node]: P5 final gate blocked trajectory: action=REQUEST_REPLAN reason=current_low_margin planning_generation_id=16 final_gate_generation_id=16
[ERROR] [1787834768.535188417] [drone_0_ego_planner_node]: Failed to generate the first trajectory!!!
[WARN] [1787834768.551150830] [drone_0_ego_planner_node]: P5 final gate blocked trajectory: action=REQUEST_REPLAN reason=current_low_margin planning_generation_id=16 final_gate_generation_id=16
[ERROR] [1787834768.551178293] [drone_0_ego_planner_node]: Failed to generate the first trajectory!!!
[WARN] [1787834768.567199398] [drone_0_ego_planner_node]: P5 final gate blocked trajectory: action=REQUEST_REPLAN reason=current_low_margin planning_generation_id=16 final_gate_generation_id=16
[ERROR] [1787834768.567228422] [drone_0_ego_planner_node]: Failed to generate the first trajectory!!!
[WARN] [1787834768.581773399] [drone_0_ego_planner_node]: P5 final gate blocked trajectory: action=REQUEST_REPLAN reason=current_low_margin planning_generation_id=16 final_gate_generation_id=16
[ERROR] [1787834768.581798823] [drone_0_ego_planner_node]: Failed to generate the first trajectory!!!
[WARN] [1787834768.597708525] [drone_0_ego_planner_node]: P5 final gate blocked trajectory: action=REQUEST_REPLAN reason=current_low_margin planning_generation_id=16 final_gate_generation_id=16
[ERROR] [1787834768.597738168] [drone_0_ego_planner_node]: Failed to generate the first trajectory!!!
[WARN] [1787834768.613745070] [drone_0_ego_planner_node]: P5 final gate blocked trajectory: action=REQUEST_REPLAN reason=current_low_margin planning_generation_id=16 final_gate_generation_id=16
[ERROR] [1787834768.613777329] [drone_0_ego_planner_node]: Failed to generate the first trajectory!!!
[WARN] [1787834768.629726138] [drone_0_ego_planner_node]: P5 final gate using latest risk snapshot: planning_generation_id=16 final_gate_generation_id=17
[WARN] [1787834768.629917832] [drone_0_ego_planner_node]: P5 final gate blocked trajectory: action=REQUEST_REPLAN reason=current_low_margin planning_generation_id=16 final_gate_generation_id=17
[ERROR] [1787834768.629931685] [drone_0_ego_planner_node]: Failed to generate the first trajectory!!!
[WARN] [1787834768.647307427] [drone_0_ego_planner_node]: P5 final gate blocked trajectory: action=REQUEST_REPLAN reason=current_low_margin planning_generation_id=17 final_gate_generation_id=17
[ERROR] [1787834768.647335106] [drone_0_ego_planner_node]: Failed to generate the first trajectory!!!
[WARN] [1787834768.663379916] [drone_0_ego_planner_node]: P5 final gate blocked trajectory: action=REQUEST_REPLAN reason=current_low_margin planning_generation_id=17 final_gate_generation_id=17
[ERROR] [1787834768.663406838] [drone_0_ego_planner_node]: Failed to generate the first trajectory!!!
[WARN] [1787834768.679503690] [drone_0_ego_planner_node]: P5 final gate blocked trajectory: action=REQUEST_REPLAN reason=current_low_margin planning_generation_id=17 final_gate_generation_id=17
[ERROR] [1787834768.679530405] [drone_0_ego_planner_node]: Failed to generate the first trajectory!!!
[WARN] [1787834768.694156577] [drone_0_ego_planner_node]: P5 final gate blocked trajectory: action=REQUEST_REPLAN reason=current_low_margin planning_generation_id=17 final_gate_generation_id=17
[ERROR] [1787834768.694179852] [drone_0_ego_planner_node]: Failed to generate the first trajectory!!!
[WARN] [1787834768.708724923] [drone_0_ego_planner_node]: P5 final gate blocked trajectory: action=REQUEST_REPLAN reason=current_low_margin planning_generation_id=17 final_gate_generation_id=17
[ERROR] [1787834768.708751442] [drone_0_ego_planner_node]: Failed to generate the first trajectory!!!
[WARN] [1787834768.723250531] [drone_0_ego_planner_node]: P5 final gate blocked trajectory: action=REQUEST_REPLAN reason=current_low_margin planning_generation_id=17 final_gate_generation_id=17
[ERROR] [1787834768.723272824] [drone_0_ego_planner_node]: Failed to generate the first trajectory!!!
[WARN] [1787834768.737762001] [drone_0_ego_planner_node]: P5 final gate blocked trajectory: action=REQUEST_REPLAN reason=current_low_margin planning_generation_id=17 final_gate_generation_id=17
[ERROR] [1787834768.737782912] [drone_0_ego_planner_node]: Failed to generate the first trajectory!!!
[WARN] [1787834768.752324856] [drone_0_ego_planner_node]: P5 final gate blocked trajectory: action=REQUEST_REPLAN reason=current_low_margin planning_generation_id=17 final_gate_generation_id=17
[ERROR] [1787834768.752349480] [drone_0_ego_planner_node]: Failed to generate the first trajectory!!!
[WARN] [1787834768.768498950] [drone_0_ego_planner_node]: P5 final gate blocked trajectory: action=REQUEST_REPLAN reason=current_low_margin planning_generation_id=17 final_gate_generation_id=17
[ERROR] [1787834768.768527058] [drone_0_ego_planner_node]: Failed to generate the first trajectory!!!
[WARN] [1787834768.783189356] [drone_0_ego_planner_node]: P5 final gate blocked trajectory: action=REQUEST_REPLAN reason=current_low_margin planning_generation_id=17 final_gate_generation_id=17
[ERROR] [1787834768.783209006] [drone_0_ego_planner_node]: Failed to generate the first trajectory!!!
[WARN] [1787834768.799345547] [drone_0_ego_planner_node]: P5 final gate blocked trajectory: action=REQUEST_REPLAN reason=current_low_margin planning_generation_id=17 final_gate_generation_id=17
[ERROR] [1787834768.799376079] [drone_0_ego_planner_node]: Failed to generate the first trajectory!!!
[WARN] [1787834768.815444355] [drone_0_ego_planner_node]: P5 final gate blocked trajectory: action=REQUEST_REPLAN reason=current_low_margin planning_generation_id=17 final_gate_generation_id=17
[ERROR] [1787834768.815473584] [drone_0_ego_planner_node]: Failed to generate the first trajectory!!!
[WARN] [1787834768.831443093] [drone_0_ego_planner_node]: P5 final gate blocked trajectory: action=REQUEST_REPLAN reason=current_low_margin planning_generation_id=17 final_gate_generation_id=17
[ERROR] [1787834768.831469437] [drone_0_ego_planner_node]: Failed to generate the first trajectory!!!
[WARN] [1787834768.846039835] [drone_0_ego_planner_node]: P5 final gate blocked trajectory: action=REQUEST_REPLAN reason=current_low_margin planning_generation_id=17 final_gate_generation_id=17
[ERROR] [1787834768.846062206] [drone_0_ego_planner_node]: Failed to generate the first trajectory!!!
[WARN] [1787834768.860562664] [drone_0_ego_planner_node]: P5 final gate blocked trajectory: action=REQUEST_REPLAN reason=current_low_margin planning_generation_id=17 final_gate_generation_id=17
[ERROR] [1787834768.860583679] [drone_0_ego_planner_node]: Failed to generate the first trajectory!!!
[WARN] [1787834768.876795353] [drone_0_ego_planner_node]: P5 final gate blocked trajectory: action=REQUEST_REPLAN reason=current_low_margin planning_generation_id=17 final_gate_generation_id=17
[ERROR] [1787834768.876829245] [drone_0_ego_planner_node]: Failed to generate the first trajectory!!!
[WARN] [1787834768.891457107] [drone_0_ego_planner_node]: P5 final gate blocked trajectory: action=REQUEST_REPLAN reason=current_low_margin planning_generation_id=17 final_gate_generation_id=17
[ERROR] [1787834768.891479042] [drone_0_ego_planner_node]: Failed to generate the first trajectory!!!
[WARN] [1787834768.906024114] [drone_0_ego_planner_node]: P5 final gate blocked trajectory: action=REQUEST_REPLAN reason=current_low_margin planning_generation_id=17 final_gate_generation_id=17
[ERROR] [1787834768.906047651] [drone_0_ego_planner_node]: Failed to generate the first trajectory!!!
[WARN] [1787834768.920593013] [drone_0_ego_planner_node]: P5 final gate blocked trajectory: action=REQUEST_REPLAN reason=current_low_margin planning_generation_id=17 final_gate_generation_id=17
[ERROR] [1787834768.920616076] [drone_0_ego_planner_node]: Failed to generate the first trajectory!!!
[WARN] [1787834768.936706173] [drone_0_ego_planner_node]: P5 final gate blocked trajectory: action=REQUEST_REPLAN reason=current_low_margin planning_generation_id=17 final_gate_generation_id=17
[ERROR] [1787834768.936736378] [drone_0_ego_planner_node]: Failed to generate the first trajectory!!!
[WARN] [1787834768.953320468] [drone_0_ego_planner_node]: P5 final gate blocked trajectory: action=REQUEST_REPLAN reason=current_low_margin planning_generation_id=17 final_gate_generation_id=17
[ERROR] [1787834768.953349385] [drone_0_ego_planner_node]: Failed to generate the first trajectory!!!
[WARN] [1787834768.969416042] [drone_0_ego_planner_node]: P5 final gate blocked trajectory: action=REQUEST_REPLAN reason=current_low_margin planning_generation_id=17 final_gate_generation_id=17
[ERROR] [1787834768.969445487] [drone_0_ego_planner_node]: Failed to generate the first trajectory!!!
[WARN] [1787834768.985533318] [drone_0_ego_planner_node]: P5 final gate blocked trajectory: action=REQUEST_REPLAN reason=current_low_margin planning_generation_id=17 final_gate_generation_id=17
[ERROR] [1787834768.985563185] [drone_0_ego_planner_node]: Failed to generate the first trajectory!!!
[WARN] [1787834769.000099435] [drone_0_ego_planner_node]: P5 final gate blocked trajectory: action=REQUEST_REPLAN reason=current_low_margin planning_generation_id=17 final_gate_generation_id=17
[ERROR] [1787834769.000121493] [drone_0_ego_planner_node]: Failed to generate the first trajectory!!!
[WARN] [1787834769.016229318] [drone_0_ego_planner_node]: P5 final gate blocked trajectory: action=REQUEST_REPLAN reason=current_low_margin planning_generation_id=17 final_gate_generation_id=17
[ERROR] [1787834769.016257625] [drone_0_ego_planner_node]: Failed to generate the first trajectory!!!
[WARN] [1787834769.030785173] [drone_0_ego_planner_node]: P5 final gate blocked trajectory: action=REQUEST_REPLAN reason=current_low_margin planning_generation_id=17 final_gate_generation_id=17
[ERROR] [1787834769.030806040] [drone_0_ego_planner_node]: Failed to generate the first trajectory!!!
[WARN] [1787834769.046888646] [drone_0_ego_planner_node]: P5 final gate blocked trajectory: action=REQUEST_REPLAN reason=current_low_margin planning_generation_id=17 final_gate_generation_id=17
[ERROR] [1787834769.046916141] [drone_0_ego_planner_node]: Failed to generate the first trajectory!!!
[WARN] [1787834769.062921713] [drone_0_ego_planner_node]: P5 final gate blocked trajectory: action=REQUEST_REPLAN reason=current_low_margin planning_generation_id=17 final_gate_generation_id=17
[ERROR] [1787834769.062950267] [drone_0_ego_planner_node]: Failed to generate the first trajectory!!!
[WARN] [1787834769.079097640] [drone_0_ego_planner_node]: P5 final gate blocked trajectory: action=REQUEST_REPLAN reason=current_low_margin planning_generation_id=17 final_gate_generation_id=17
[ERROR] [1787834769.079126578] [drone_0_ego_planner_node]: Failed to generate the first trajectory!!!
[WARN] [1787834769.093730190] [drone_0_ego_planner_node]: P5 final gate blocked trajectory: action=REQUEST_REPLAN reason=current_low_margin planning_generation_id=17 final_gate_generation_id=17
[ERROR] [1787834769.093753552] [drone_0_ego_planner_node]: Failed to generate the first trajectory!!!
[WARN] [1787834769.109929689] [drone_0_ego_planner_node]: P5 final gate blocked trajectory: action=REQUEST_REPLAN reason=current_low_margin planning_generation_id=17 final_gate_generation_id=17
[ERROR] [1787834769.109957933] [drone_0_ego_planner_node]: Failed to generate the first trajectory!!!
[WARN] [1787834769.126095931] [drone_0_ego_planner_node]: P5 final gate blocked trajectory: action=REQUEST_REPLAN reason=current_low_margin planning_generation_id=17 final_gate_generation_id=17
[ERROR] [1787834769.126124945] [drone_0_ego_planner_node]: Failed to generate the first trajectory!!!
[WARN] [1787834769.142242750] [drone_0_ego_planner_node]: P5 final gate blocked trajectory: action=REQUEST_REPLAN reason=current_low_margin planning_generation_id=17 final_gate_generation_id=17
[ERROR] [1787834769.142270176] [drone_0_ego_planner_node]: Failed to generate the first trajectory!!!
[WARN] [1787834769.159916078] [drone_0_ego_planner_node]: P5 final gate blocked trajectory: action=REQUEST_REPLAN reason=current_low_margin planning_generation_id=18 final_gate_generation_id=18
[ERROR] [1787834769.159949406] [drone_0_ego_planner_node]: Failed to generate the first trajectory!!!
[INFO] [1787834769.163443804] [drone_0_ego_planner_node]: [p0] risk grid ready=1 stale=0 age=0.000 valid=0.999 unknown=0.001 gen=18 provider_queries=127840 occupied_skip=160 provider_stale=0 provider_invalid=0 gnss_used=127840 lidar_used=93240 prior_used=127840 stale_current_prior=0 regularized=127840 conservative_max=0 lidar_points=28922 lidar_fim_primitives=481 lidar_fim_valid_normals=481 lidar_fim_fallback= dominant_unknown=occupied_skip:160 refresh_stamp=1657065619.180375 grid_stamp=1657065619.180375 elapsed_ms=303.691 queries=128000 reason=ok
[WARN] [1787834769.175992253] [drone_0_ego_planner_node]: P5 final gate blocked trajectory: action=REQUEST_REPLAN reason=current_low_margin planning_generation_id=18 final_gate_generation_id=18
[ERROR] [1787834769.176024502] [drone_0_ego_planner_node]: Failed to generate the first trajectory!!!
[WARN] [1787834769.191910177] [drone_0_ego_planner_node]: P5 final gate blocked trajectory: action=REQUEST_REPLAN reason=current_low_margin planning_generation_id=18 final_gate_generation_id=18
[ERROR] [1787834769.191936381] [drone_0_ego_planner_node]: Failed to generate the first trajectory!!!
[WARN] [1787834769.207890995] [drone_0_ego_planner_node]: P5 final gate blocked trajectory: action=REQUEST_REPLAN reason=current_low_margin planning_generation_id=18 final_gate_generation_id=18
[ERROR] [1787834769.207919210] [drone_0_ego_planner_node]: Failed to generate the first trajectory!!!
[WARN] [1787834769.223992878] [drone_0_ego_planner_node]: P5 final gate blocked trajectory: action=REQUEST_REPLAN reason=current_low_margin planning_generation_id=18 final_gate_generation_id=18
[ERROR] [1787834769.224021774] [drone_0_ego_planner_node]: Failed to generate the first trajectory!!!
[WARN] [1787834769.238503856] [drone_0_ego_planner_node]: P5 final gate blocked trajectory: action=REQUEST_REPLAN reason=current_low_margin planning_generation_id=18 final_gate_generation_id=18
[ERROR] [1787834769.238525458] [drone_0_ego_planner_node]: Failed to generate the first trajectory!!!
[WARN] [1787834769.254491182] [drone_0_ego_planner_node]: P5 final gate blocked trajectory: action=REQUEST_REPLAN reason=current_low_margin planning_generation_id=18 final_gate_generation_id=18
[ERROR] [1787834769.254519214] [drone_0_ego_planner_node]: Failed to generate the first trajectory!!!
[WARN] [1787834769.270543747] [drone_0_ego_planner_node]: P5 final gate blocked trajectory: action=REQUEST_REPLAN reason=current_low_margin planning_generation_id=18 final_gate_generation_id=18
[ERROR] [1787834769.270572689] [drone_0_ego_planner_node]: Failed to generate the first trajectory!!!
[WARN] [1787834769.286752109] [drone_0_ego_planner_node]: P5 final gate blocked trajectory: action=REQUEST_REPLAN reason=current_low_margin planning_generation_id=18 final_gate_generation_id=18
[ERROR] [1787834769.286784941] [drone_0_ego_planner_node]: Failed to generate the first trajectory!!!
[WARN] [1787834769.302699593] [drone_0_ego_planner_node]: P5 final gate blocked trajectory: action=REQUEST_REPLAN reason=current_low_margin planning_generation_id=18 final_gate_generation_id=18
[ERROR] [1787834769.302729909] [drone_0_ego_planner_node]: Failed to generate the first trajectory!!!
[WARN] [1787834769.318647909] [drone_0_ego_planner_node]: P5 final gate blocked trajectory: action=REQUEST_REPLAN reason=current_low_margin planning_generation_id=18 final_gate_generation_id=18
[ERROR] [1787834769.318676619] [drone_0_ego_planner_node]: Failed to generate the first trajectory!!!
[WARN] [1787834769.335184498] [drone_0_ego_planner_node]: P5 final gate blocked trajectory: action=REQUEST_REPLAN reason=current_low_margin planning_generation_id=18 final_gate_generation_id=18
[ERROR] [1787834769.335215135] [drone_0_ego_planner_node]: Failed to generate the first trajectory!!!
[WARN] [1787834769.349750598] [drone_0_ego_planner_node]: P5 final gate blocked trajectory: action=REQUEST_REPLAN reason=current_low_margin planning_generation_id=18 final_gate_generation_id=18
[ERROR] [1787834769.349773942] [drone_0_ego_planner_node]: Failed to generate the first trajectory!!!
[WARN] [1787834769.365982109] [drone_0_ego_planner_node]: P5 final gate blocked trajectory: action=REQUEST_REPLAN reason=current_low_margin planning_generation_id=18 final_gate_generation_id=18
[ERROR] [1787834769.366012592] [drone_0_ego_planner_node]: Failed to generate the first trajectory!!!
[WARN] [1787834769.382177630] [drone_0_ego_planner_node]: P5 final gate blocked trajectory: action=REQUEST_REPLAN reason=current_low_margin planning_generation_id=18 final_gate_generation_id=18
[ERROR] [1787834769.382209285] [drone_0_ego_planner_node]: Failed to generate the first trajectory!!!
[WARN] [1787834769.398240953] [drone_0_ego_planner_node]: P5 final gate blocked trajectory: action=REQUEST_REPLAN reason=current_low_margin planning_generation_id=18 final_gate_generation_id=18
[ERROR] [1787834769.398271317] [drone_0_ego_planner_node]: Failed to generate the first trajectory!!!
[WARN] [1787834769.414270468] [drone_0_ego_planner_node]: P5 final gate blocked trajectory: action=REQUEST_REPLAN reason=current_low_margin planning_generation_id=18 final_gate_generation_id=18
[ERROR] [1787834769.414298986] [drone_0_ego_planner_node]: Failed to generate the first trajectory!!!
[WARN] [1787834769.428798040] [drone_0_ego_planner_node]: P5 final gate blocked trajectory: action=REQUEST_REPLAN reason=current_low_margin planning_generation_id=18 final_gate_generation_id=18
[ERROR] [1787834769.428821180] [drone_0_ego_planner_node]: Failed to generate the first trajectory!!!
[WARN] [1787834769.444838714] [drone_0_ego_planner_node]: P5 final gate blocked trajectory: action=REQUEST_REPLAN reason=current_low_margin planning_generation_id=18 final_gate_generation_id=18
[ERROR] [1787834769.444868313] [drone_0_ego_planner_node]: Failed to generate the first trajectory!!!
[WARN] [1787834769.460841606] [drone_0_ego_planner_node]: P5 final gate blocked trajectory: action=REQUEST_REPLAN reason=current_low_margin planning_generation_id=18 final_gate_generation_id=18
[ERROR] [1787834769.460871543] [drone_0_ego_planner_node]: Failed to generate the first trajectory!!!
[WARN] [1787834769.475536051] [drone_0_ego_planner_node]: P5 final gate blocked trajectory: action=REQUEST_REPLAN reason=current_low_margin planning_generation_id=18 final_gate_generation_id=18
[ERROR] [1787834769.475559527] [drone_0_ego_planner_node]: Failed to generate the first trajectory!!!
[WARN] [1787834769.491547198] [drone_0_ego_planner_node]: P5 final gate blocked trajectory: action=REQUEST_REPLAN reason=current_low_margin planning_generation_id=18 final_gate_generation_id=18
[ERROR] [1787834769.491574142] [drone_0_ego_planner_node]: Failed to generate the first trajectory!!!
[WARN] [1787834769.506112730] [drone_0_ego_planner_node]: P5 final gate blocked trajectory: action=REQUEST_REPLAN reason=current_low_margin planning_generation_id=18 final_gate_generation_id=18
[ERROR] [1787834769.506136343] [drone_0_ego_planner_node]: Failed to generate the first trajectory!!!
[WARN] [1787834769.520708789] [drone_0_ego_planner_node]: P5 final gate blocked trajectory: action=REQUEST_REPLAN reason=current_low_margin planning_generation_id=18 final_gate_generation_id=18
[ERROR] [1787834769.520732591] [drone_0_ego_planner_node]: Failed to generate the first trajectory!!!
[WARN] [1787834769.536713799] [drone_0_ego_planner_node]: P5 final gate blocked trajectory: action=REQUEST_REPLAN reason=current_low_margin planning_generation_id=18 final_gate_generation_id=18
[ERROR] [1787834769.536743484] [drone_0_ego_planner_node]: Failed to generate the first trajectory!!!
[WARN] [1787834769.552809379] [drone_0_ego_planner_node]: P5 final gate blocked trajectory: action=REQUEST_REPLAN reason=current_low_margin planning_generation_id=18 final_gate_generation_id=18
[ERROR] [1787834769.552835899] [drone_0_ego_planner_node]: Failed to generate the first trajectory!!!
[WARN] [1787834769.568849817] [drone_0_ego_planner_node]: P5 final gate blocked trajectory: action=REQUEST_REPLAN reason=current_low_margin planning_generation_id=18 final_gate_generation_id=18
[ERROR] [1787834769.568882266] [drone_0_ego_planner_node]: Failed to generate the first trajectory!!!
[WARN] [1787834769.584885365] [drone_0_ego_planner_node]: P5 final gate blocked trajectory: action=REQUEST_REPLAN reason=current_low_margin planning_generation_id=18 final_gate_generation_id=18
[ERROR] [1787834769.584911680] [drone_0_ego_planner_node]: Failed to generate the first trajectory!!!
[WARN] [1787834769.600893398] [drone_0_ego_planner_node]: P5 final gate blocked trajectory: action=REQUEST_REPLAN reason=current_low_margin planning_generation_id=18 final_gate_generation_id=18
[ERROR] [1787834769.600920092] [drone_0_ego_planner_node]: Failed to generate the first trajectory!!!
[WARN] [1787834769.616878421] [drone_0_ego_planner_node]: P5 final gate blocked trajectory: action=REQUEST_REPLAN reason=current_low_margin planning_generation_id=18 final_gate_generation_id=18
[ERROR] [1787834769.616906528] [drone_0_ego_planner_node]: Failed to generate the first trajectory!!!
[WARN] [1787834769.632761597] [drone_0_ego_planner_node]: P5 final gate using latest risk snapshot: planning_generation_id=18 final_gate_generation_id=19
[WARN] [1787834769.632925816] [drone_0_ego_planner_node]: P5 final gate blocked trajectory: action=REQUEST_REPLAN reason=current_low_margin planning_generation_id=18 final_gate_generation_id=19
[ERROR] [1787834769.632940509] [drone_0_ego_planner_node]: Failed to generate the first trajectory!!!
[WARN] [1787834769.650324159] [drone_0_ego_planner_node]: P5 final gate blocked trajectory: action=REQUEST_REPLAN reason=current_low_margin planning_generation_id=19 final_gate_generation_id=19
[ERROR] [1787834769.650352701] [drone_0_ego_planner_node]: Failed to generate the first trajectory!!!
[WARN] [1787834769.666380742] [drone_0_ego_planner_node]: P5 final gate blocked trajectory: action=REQUEST_REPLAN reason=current_low_margin planning_generation_id=19 final_gate_generation_id=19
[ERROR] [1787834769.666411005] [drone_0_ego_planner_node]: Failed to generate the first trajectory!!!
[WARN] [1787834769.682500299] [drone_0_ego_planner_node]: P5 final gate blocked trajectory: action=REQUEST_REPLAN reason=current_low_margin planning_generation_id=19 final_gate_generation_id=19
[ERROR] [1787834769.682531815] [drone_0_ego_planner_node]: Failed to generate the first trajectory!!!
[WARN] [1787834769.698614675] [drone_0_ego_planner_node]: P5 final gate blocked trajectory: action=REQUEST_REPLAN reason=current_low_margin planning_generation_id=19 final_gate_generation_id=19
[ERROR] [1787834769.698643841] [drone_0_ego_planner_node]: Failed to generate the first trajectory!!!
[WARN] [1787834769.714670240] [drone_0_ego_planner_node]: P5 final gate blocked trajectory: action=REQUEST_REPLAN reason=current_low_margin planning_generation_id=19 final_gate_generation_id=19
[ERROR] [1787834769.714698191] [drone_0_ego_planner_node]: Failed to generate the first trajectory!!!
[WARN] [1787834769.730622564] [drone_0_ego_planner_node]: P5 final gate blocked trajectory: action=REQUEST_REPLAN reason=current_low_margin planning_generation_id=19 final_gate_generation_id=19
[ERROR] [1787834769.730649709] [drone_0_ego_planner_node]: Failed to generate the first trajectory!!!
[WARN] [1787834769.746751180] [drone_0_ego_planner_node]: P5 final gate blocked trajectory: action=REQUEST_REPLAN reason=current_low_margin planning_generation_id=19 final_gate_generation_id=19
[ERROR] [1787834769.746780519] [drone_0_ego_planner_node]: Failed to generate the first trajectory!!!
[WARN] [1787834769.762748458] [drone_0_ego_planner_node]: P5 final gate blocked trajectory: action=REQUEST_REPLAN reason=current_low_margin planning_generation_id=19 final_gate_generation_id=19
[ERROR] [1787834769.762773275] [drone_0_ego_planner_node]: Failed to generate the first trajectory!!!
[WARN] [1787834769.777304284] [drone_0_ego_planner_node]: P5 final gate blocked trajectory: action=REQUEST_REPLAN reason=current_low_margin planning_generation_id=19 final_gate_generation_id=19
[ERROR] [1787834769.777327937] [drone_0_ego_planner_node]: Failed to generate the first trajectory!!!
[WARN] [1787834769.793366181] [drone_0_ego_planner_node]: P5 final gate blocked trajectory: action=REQUEST_REPLAN reason=current_low_margin planning_generation_id=19 final_gate_generation_id=19
[ERROR] [1787834769.793394475] [drone_0_ego_planner_node]: Failed to generate the first trajectory!!!
[WARN] [1787834769.807953351] [drone_0_ego_planner_node]: P5 final gate blocked trajectory: action=REQUEST_REPLAN reason=current_low_margin planning_generation_id=19 final_gate_generation_id=19
[ERROR] [1787834769.807975762] [drone_0_ego_planner_node]: Failed to generate the first trajectory!!!
[WARN] [1787834769.824062234] [drone_0_ego_planner_node]: P5 final gate blocked trajectory: action=REQUEST_REPLAN reason=current_low_margin planning_generation_id=19 final_gate_generation_id=19
[ERROR] [1787834769.824096665] [drone_0_ego_planner_node]: Failed to generate the first trajectory!!!
[WARN] [1787834769.840365151] [drone_0_ego_planner_node]: P5 final gate blocked trajectory: action=REQUEST_REPLAN reason=current_low_margin planning_generation_id=19 final_gate_generation_id=19
[ERROR] [1787834769.840396815] [drone_0_ego_planner_node]: Failed to generate the first trajectory!!!
[WARN] [1787834769.854979315] [drone_0_ego_planner_node]: P5 final gate blocked trajectory: action=REQUEST_REPLAN reason=current_low_margin planning_generation_id=19 final_gate_generation_id=19
[ERROR] [1787834769.855003556] [drone_0_ego_planner_node]: Failed to generate the first trajectory!!!
[WARN] [1787834769.869604273] [drone_0_ego_planner_node]: P5 final gate blocked trajectory: action=REQUEST_REPLAN reason=current_low_margin planning_generation_id=19 final_gate_generation_id=19
[ERROR] [1787834769.869629842] [drone_0_ego_planner_node]: Failed to generate the first trajectory!!!
[WARN] [1787834769.884277406] [drone_0_ego_planner_node]: P5 final gate blocked trajectory: action=REQUEST_REPLAN reason=current_low_margin planning_generation_id=19 final_gate_generation_id=19
[ERROR] [1787834769.884302110] [drone_0_ego_planner_node]: Failed to generate the first trajectory!!!
[WARN] [1787834769.898935129] [drone_0_ego_planner_node]: P5 final gate blocked trajectory: action=REQUEST_REPLAN reason=current_low_margin planning_generation_id=19 final_gate_generation_id=19
[ERROR] [1787834769.899040806] [drone_0_ego_planner_node]: Failed to generate the first trajectory!!!
[WARN] [1787834769.913575378] [drone_0_ego_planner_node]: P5 final gate blocked trajectory: action=REQUEST_REPLAN reason=current_low_margin planning_generation_id=19 final_gate_generation_id=19
[ERROR] [1787834769.913601447] [drone_0_ego_planner_node]: Failed to generate the first trajectory!!!
[WARN] [1787834769.929679386] [drone_0_ego_planner_node]: P5 final gate blocked trajectory: action=REQUEST_REPLAN reason=current_low_margin planning_generation_id=19 final_gate_generation_id=19
[ERROR] [1787834769.929708293] [drone_0_ego_planner_node]: Failed to generate the first trajectory!!!
[WARN] [1787834769.945817093] [drone_0_ego_planner_node]: P5 final gate blocked trajectory: action=REQUEST_REPLAN reason=current_low_margin planning_generation_id=19 final_gate_generation_id=19
[ERROR] [1787834769.945846221] [drone_0_ego_planner_node]: Failed to generate the first trajectory!!!
[WARN] [1787834769.962006093] [drone_0_ego_planner_node]: P5 final gate blocked trajectory: action=REQUEST_REPLAN reason=current_low_margin planning_generation_id=19 final_gate_generation_id=19
[ERROR] [1787834769.962035208] [drone_0_ego_planner_node]: Failed to generate the first trajectory!!!
[WARN] [1787834769.978136806] [drone_0_ego_planner_node]: P5 final gate blocked trajectory: action=REQUEST_REPLAN reason=current_low_margin planning_generation_id=19 final_gate_generation_id=19
[ERROR] [1787834769.978165634] [drone_0_ego_planner_node]: Failed to generate the first trajectory!!!
[WARN] [1787834769.994335063] [drone_0_ego_planner_node]: P5 final gate blocked trajectory: action=REQUEST_REPLAN reason=current_low_margin planning_generation_id=19 final_gate_generation_id=19
[ERROR] [1787834769.994367984] [drone_0_ego_planner_node]: Failed to generate the first trajectory!!!
[WARN] [1787834770.010503131] [drone_0_ego_planner_node]: P5 final gate blocked trajectory: action=REQUEST_REPLAN reason=current_low_margin planning_generation_id=19 final_gate_generation_id=19
[ERROR] [1787834770.010532905] [drone_0_ego_planner_node]: Failed to generate the first trajectory!!!
[WARN] [1787834770.026631220] [drone_0_ego_planner_node]: P5 final gate blocked trajectory: action=REQUEST_REPLAN reason=current_low_margin planning_generation_id=19 final_gate_generation_id=19
[ERROR] [1787834770.026660196] [drone_0_ego_planner_node]: Failed to generate the first trajectory!!!
[WARN] [1787834770.042843721] [drone_0_ego_planner_node]: P5 final gate blocked trajectory: action=REQUEST_REPLAN reason=current_low_margin planning_generation_id=19 final_gate_generation_id=19
[ERROR] [1787834770.042875538] [drone_0_ego_planner_node]: Failed to generate the first trajectory!!!
[WARN] [1787834770.058951281] [drone_0_ego_planner_node]: P5 final gate blocked trajectory: action=REQUEST_REPLAN reason=current_low_margin planning_generation_id=19 final_gate_generation_id=19
[ERROR] [1787834770.058980641] [drone_0_ego_planner_node]: Failed to generate the first trajectory!!!
[WARN] [1787834770.073538535] [drone_0_ego_planner_node]: P5 final gate blocked trajectory: action=REQUEST_REPLAN reason=current_low_margin planning_generation_id=19 final_gate_generation_id=19
[ERROR] [1787834770.073562561] [drone_0_ego_planner_node]: Failed to generate the first trajectory!!!
[WARN] [1787834770.089658470] [drone_0_ego_planner_node]: P5 final gate blocked trajectory: action=REQUEST_REPLAN reason=current_low_margin planning_generation_id=19 final_gate_generation_id=19
[ERROR] [1787834770.089687601] [drone_0_ego_planner_node]: Failed to generate the first trajectory!!!
[WARN] [1787834770.105737988] [drone_0_ego_planner_node]: P5 final gate blocked trajectory: action=REQUEST_REPLAN reason=current_low_margin planning_generation_id=19 final_gate_generation_id=19
[ERROR] [1787834770.105772038] [drone_0_ego_planner_node]: Failed to generate the first trajectory!!!
[WARN] [1787834770.121916283] [drone_0_ego_planner_node]: P5 final gate blocked trajectory: action=REQUEST_REPLAN reason=current_low_margin planning_generation_id=19 final_gate_generation_id=19
[ERROR] [1787834770.121945300] [drone_0_ego_planner_node]: Failed to generate the first trajectory!!!
[WARN] [1787834770.136522157] [drone_0_ego_planner_node]: P5 final gate using latest risk snapshot: planning_generation_id=19 final_gate_generation_id=20
[WARN] [1787834770.136659465] [drone_0_ego_planner_node]: P5 final gate blocked trajectory: action=REQUEST_REPLAN reason=current_low_margin planning_generation_id=19 final_gate_generation_id=20
[ERROR] [1787834770.136667020] [drone_0_ego_planner_node]: Failed to generate the first trajectory!!!
[WARN] [1787834770.152725365] [drone_0_ego_planner_node]: P5 final gate blocked trajectory: action=REQUEST_REPLAN reason=current_low_margin planning_generation_id=20 final_gate_generation_id=20
[ERROR] [1787834770.152750060] [drone_0_ego_planner_node]: Failed to generate the first trajectory!!!
[WARN] [1787834770.168829025] [drone_0_ego_planner_node]: P5 final gate blocked trajectory: action=REQUEST_REPLAN reason=current_low_margin planning_generation_id=20 final_gate_generation_id=20
[ERROR] [1787834770.168858385] [drone_0_ego_planner_node]: Failed to generate the first trajectory!!!
[WARN] [1787834770.184947549] [drone_0_ego_planner_node]: P5 final gate blocked trajectory: action=REQUEST_REPLAN reason=current_low_margin planning_generation_id=20 final_gate_generation_id=20
[ERROR] [1787834770.184976176] [drone_0_ego_planner_node]: Failed to generate the first trajectory!!!
[WARN] [1787834770.199503135] [drone_0_ego_planner_node]: P5 final gate blocked trajectory: action=REQUEST_REPLAN reason=current_low_margin planning_generation_id=20 final_gate_generation_id=20
[ERROR] [1787834770.199525823] [drone_0_ego_planner_node]: Failed to generate the first trajectory!!!
[WARN] [1787834770.214040831] [drone_0_ego_planner_node]: P5 final gate blocked trajectory: action=REQUEST_REPLAN reason=current_low_margin planning_generation_id=20 final_gate_generation_id=20
[ERROR] [1787834770.214067075] [drone_0_ego_planner_node]: Failed to generate the first trajectory!!!
[WARN] [1787834770.230120059] [drone_0_ego_planner_node]: P5 final gate blocked trajectory: action=REQUEST_REPLAN reason=current_low_margin planning_generation_id=20 final_gate_generation_id=20
[ERROR] [1787834770.230149579] [drone_0_ego_planner_node]: Failed to generate the first trajectory!!!
[WARN] [1787834770.246198451] [drone_0_ego_planner_node]: P5 final gate blocked trajectory: action=REQUEST_REPLAN reason=current_low_margin planning_generation_id=20 final_gate_generation_id=20
[ERROR] [1787834770.246226326] [drone_0_ego_planner_node]: Failed to generate the first trajectory!!!
[WARN] [1787834770.262176406] [drone_0_ego_planner_node]: P5 final gate blocked trajectory: action=REQUEST_REPLAN reason=current_low_margin planning_generation_id=20 final_gate_generation_id=20
[ERROR] [1787834770.262201742] [drone_0_ego_planner_node]: Failed to generate the first trajectory!!!
[WARN] [1787834770.278271279] [drone_0_ego_planner_node]: P5 final gate blocked trajectory: action=REQUEST_REPLAN reason=current_low_margin planning_generation_id=20 final_gate_generation_id=20
[ERROR] [1787834770.278298853] [drone_0_ego_planner_node]: Failed to generate the first trajectory!!!
[WARN] [1787834770.292829239] [drone_0_ego_planner_node]: P5 final gate blocked trajectory: action=REQUEST_REPLAN reason=current_low_margin planning_generation_id=20 final_gate_generation_id=20
[ERROR] [1787834770.292854405] [drone_0_ego_planner_node]: Failed to generate the first trajectory!!!
[WARN] [1787834770.308902546] [drone_0_ego_planner_node]: P5 final gate blocked trajectory: action=REQUEST_REPLAN reason=current_low_margin planning_generation_id=20 final_gate_generation_id=20
[ERROR] [1787834770.308930474] [drone_0_ego_planner_node]: Failed to generate the first trajectory!!!
[WARN] [1787834770.323332521] [drone_0_ego_planner_node]: P5 final gate blocked trajectory: action=REQUEST_REPLAN reason=current_low_margin planning_generation_id=20 final_gate_generation_id=20
[ERROR] [1787834770.323352689] [drone_0_ego_planner_node]: Failed to generate the first trajectory!!!
[WARN] [1787834770.339362848] [drone_0_ego_planner_node]: P5 final gate blocked trajectory: action=REQUEST_REPLAN reason=current_low_margin planning_generation_id=20 final_gate_generation_id=20
[ERROR] [1787834770.339389121] [drone_0_ego_planner_node]: Failed to generate the first trajectory!!!
[WARN] [1787834770.355346133] [drone_0_ego_planner_node]: P5 final gate blocked trajectory: action=REQUEST_REPLAN reason=current_low_margin planning_generation_id=20 final_gate_generation_id=20
[ERROR] [1787834770.355370452] [drone_0_ego_planner_node]: Failed to generate the first trajectory!!!
[WARN] [1787834770.371529107] [drone_0_ego_planner_node]: P5 final gate blocked trajectory: action=REQUEST_REPLAN reason=current_low_margin planning_generation_id=20 final_gate_generation_id=20
[ERROR] [1787834770.371557417] [drone_0_ego_planner_node]: Failed to generate the first trajectory!!!
[WARN] [1787834770.387631772] [drone_0_ego_planner_node]: P5 final gate blocked trajectory: action=REQUEST_REPLAN reason=current_low_margin planning_generation_id=20 final_gate_generation_id=20
[ERROR] [1787834770.387658853] [drone_0_ego_planner_node]: Failed to generate the first trajectory!!!
[WARN] [1787834770.403782249] [drone_0_ego_planner_node]: P5 final gate blocked trajectory: action=REQUEST_REPLAN reason=current_low_margin planning_generation_id=20 final_gate_generation_id=20
[ERROR] [1787834770.403814793] [drone_0_ego_planner_node]: Failed to generate the first trajectory!!!
[WARN] [1787834770.418365859] [drone_0_ego_planner_node]: P5 final gate blocked trajectory: action=REQUEST_REPLAN reason=current_low_margin planning_generation_id=20 final_gate_generation_id=20
[ERROR] [1787834770.418387909] [drone_0_ego_planner_node]: Failed to generate the first trajectory!!!
[WARN] [1787834770.432986319] [drone_0_ego_planner_node]: P5 final gate blocked trajectory: action=REQUEST_REPLAN reason=current_low_margin planning_generation_id=20 final_gate_generation_id=20
[ERROR] [1787834770.433010076] [drone_0_ego_planner_node]: Failed to generate the first trajectory!!!
[WARN] [1787834770.449135194] [drone_0_ego_planner_node]: P5 final gate blocked trajectory: action=REQUEST_REPLAN reason=current_low_margin planning_generation_id=20 final_gate_generation_id=20
[ERROR] [1787834770.449164249] [drone_0_ego_planner_node]: Failed to generate the first trajectory!!!
[WARN] [1787834770.463767621] [drone_0_ego_planner_node]: P5 final gate blocked trajectory: action=REQUEST_REPLAN reason=current_low_margin planning_generation_id=20 final_gate_generation_id=20
[ERROR] [1787834770.463792246] [drone_0_ego_planner_node]: Failed to generate the first trajectory!!!
[WARN] [1787834770.479744389] [drone_0_ego_planner_node]: P5 final gate blocked trajectory: action=REQUEST_REPLAN reason=current_low_margin planning_generation_id=20 final_gate_generation_id=20
[ERROR] [1787834770.479774114] [drone_0_ego_planner_node]: Failed to generate the first trajectory!!!
[WARN] [1787834770.495779605] [drone_0_ego_planner_node]: P5 final gate blocked trajectory: action=REQUEST_REPLAN reason=current_low_margin planning_generation_id=20 final_gate_generation_id=20
[ERROR] [1787834770.495805551] [drone_0_ego_planner_node]: Failed to generate the first trajectory!!!
[WARN] [1787834770.510390452] [drone_0_ego_planner_node]: P5 final gate blocked trajectory: action=REQUEST_REPLAN reason=current_low_margin planning_generation_id=20 final_gate_generation_id=20
[ERROR] [1787834770.510414821] [drone_0_ego_planner_node]: Failed to generate the first trajectory!!!
[WARN] [1787834770.526473483] [drone_0_ego_planner_node]: P5 final gate blocked trajectory: action=REQUEST_REPLAN reason=current_low_margin planning_generation_id=20 final_gate_generation_id=20
[ERROR] [1787834770.526502465] [drone_0_ego_planner_node]: Failed to generate the first trajectory!!!
[WARN] [1787834770.542658612] [drone_0_ego_planner_node]: P5 final gate blocked trajectory: action=REQUEST_REPLAN reason=current_low_margin planning_generation_id=20 final_gate_generation_id=20
[ERROR] [1787834770.542689718] [drone_0_ego_planner_node]: Failed to generate the first trajectory!!!
[WARN] [1787834770.558708506] [drone_0_ego_planner_node]: P5 final gate blocked trajectory: action=REQUEST_REPLAN reason=current_low_margin planning_generation_id=20 final_gate_generation_id=20
[ERROR] [1787834770.558737808] [drone_0_ego_planner_node]: Failed to generate the first trajectory!!!
[WARN] [1787834770.574805595] [drone_0_ego_planner_node]: P5 final gate blocked trajectory: action=REQUEST_REPLAN reason=current_low_margin planning_generation_id=20 final_gate_generation_id=20
[ERROR] [1787834770.574834538] [drone_0_ego_planner_node]: Failed to generate the first trajectory!!!
[WARN] [1787834770.590852778] [drone_0_ego_planner_node]: P5 final gate blocked trajectory: action=REQUEST_REPLAN reason=current_low_margin planning_generation_id=20 final_gate_generation_id=20
[ERROR] [1787834770.590883625] [drone_0_ego_planner_node]: Failed to generate the first trajectory!!!
[WARN] [1787834770.606911697] [drone_0_ego_planner_node]: P5 final gate blocked trajectory: action=REQUEST_REPLAN reason=current_low_margin planning_generation_id=20 final_gate_generation_id=20
[ERROR] [1787834770.606940023] [drone_0_ego_planner_node]: Failed to generate the first trajectory!!!
[WARN] [1787834770.621415806] [drone_0_ego_planner_node]: P5 final gate blocked trajectory: action=REQUEST_REPLAN reason=current_low_margin planning_generation_id=20 final_gate_generation_id=20
[ERROR] [1787834770.621439872] [drone_0_ego_planner_node]: Failed to generate the first trajectory!!!
[WARN] [1787834770.637568116] [drone_0_ego_planner_node]: P5 final gate blocked trajectory: action=REQUEST_REPLAN reason=current_low_margin planning_generation_id=21 final_gate_generation_id=21
[ERROR] [1787834770.637593316] [drone_0_ego_planner_node]: Failed to generate the first trajectory!!!
[WARN] [1787834770.653713777] [drone_0_ego_planner_node]: P5 final gate blocked trajectory: action=REQUEST_REPLAN reason=current_low_margin planning_generation_id=21 final_gate_generation_id=21
[ERROR] [1787834770.653742303] [drone_0_ego_planner_node]: Failed to generate the first trajectory!!!
[WARN] [1787834770.669784880] [drone_0_ego_planner_node]: P5 final gate blocked trajectory: action=REQUEST_REPLAN reason=current_low_margin planning_generation_id=21 final_gate_generation_id=21
[ERROR] [1787834770.669813171] [drone_0_ego_planner_node]: Failed to generate the first trajectory!!!
[WARN] [1787834770.685784260] [drone_0_ego_planner_node]: P5 final gate blocked trajectory: action=REQUEST_REPLAN reason=current_low_margin planning_generation_id=21 final_gate_generation_id=21
[ERROR] [1787834770.685813280] [drone_0_ego_planner_node]: Failed to generate the first trajectory!!!
[WARN] [1787834770.700307863] [drone_0_ego_planner_node]: P5 final gate blocked trajectory: action=REQUEST_REPLAN reason=current_low_margin planning_generation_id=21 final_gate_generation_id=21
[ERROR] [1787834770.700329731] [drone_0_ego_planner_node]: Failed to generate the first trajectory!!!
[WARN] [1787834770.714784812] [drone_0_ego_planner_node]: P5 final gate blocked trajectory: action=REQUEST_REPLAN reason=current_low_margin planning_generation_id=21 final_gate_generation_id=21
[ERROR] [1787834770.714805660] [drone_0_ego_planner_node]: Failed to generate the first trajectory!!!
[WARN] [1787834770.730871113] [drone_0_ego_planner_node]: P5 final gate blocked trajectory: action=REQUEST_REPLAN reason=current_low_margin planning_generation_id=21 final_gate_generation_id=21
[ERROR] [1787834770.730901802] [drone_0_ego_planner_node]: Failed to generate the first trajectory!!!
[WARN] [1787834770.746953945] [drone_0_ego_planner_node]: P5 final gate blocked trajectory: action=REQUEST_REPLAN reason=current_low_margin planning_generation_id=21 final_gate_generation_id=21
[ERROR] [1787834770.746981593] [drone_0_ego_planner_node]: Failed to generate the first trajectory!!!
[WARN] [1787834770.763074315] [drone_0_ego_planner_node]: P5 final gate blocked trajectory: action=REQUEST_REPLAN reason=current_low_margin planning_generation_id=21 final_gate_generation_id=21
[ERROR] [1787834770.763104196] [drone_0_ego_planner_node]: Failed to generate the first trajectory!!!
[WARN] [1787834770.777609064] [drone_0_ego_planner_node]: P5 final gate blocked trajectory: action=REQUEST_REPLAN reason=current_low_margin planning_generation_id=21 final_gate_generation_id=21
[ERROR] [1787834770.777632048] [drone_0_ego_planner_node]: Failed to generate the first trajectory!!!
[WARN] [1787834770.793626598] [drone_0_ego_planner_node]: P5 final gate blocked trajectory: action=REQUEST_REPLAN reason=current_low_margin planning_generation_id=21 final_gate_generation_id=21
[ERROR] [1787834770.793654548] [drone_0_ego_planner_node]: Failed to generate the first trajectory!!!
[WARN] [1787834770.809759285] [drone_0_ego_planner_node]: P5 final gate blocked trajectory: action=REQUEST_REPLAN reason=current_low_margin planning_generation_id=21 final_gate_generation_id=21
[ERROR] [1787834770.809790804] [drone_0_ego_planner_node]: Failed to generate the first trajectory!!!
[WARN] [1787834770.825747508] [drone_0_ego_planner_node]: P5 final gate blocked trajectory: action=REQUEST_REPLAN reason=current_low_margin planning_generation_id=21 final_gate_generation_id=21
[ERROR] [1787834770.825777299] [drone_0_ego_planner_node]: Failed to generate the first trajectory!!!
[WARN] [1787834770.841776389] [drone_0_ego_planner_node]: P5 final gate blocked trajectory: action=REQUEST_REPLAN reason=current_low_margin planning_generation_id=21 final_gate_generation_id=21
[ERROR] [1787834770.841809770] [drone_0_ego_planner_node]: Failed to generate the first trajectory!!!
[WARN] [1787834770.857818164] [drone_0_ego_planner_node]: P5 final gate blocked trajectory: action=REQUEST_REPLAN reason=current_low_margin planning_generation_id=21 final_gate_generation_id=21
[ERROR] [1787834770.857845975] [drone_0_ego_planner_node]: Failed to generate the first trajectory!!!
[WARN] [1787834770.872470866] [drone_0_ego_planner_node]: P5 final gate blocked trajectory: action=REQUEST_REPLAN reason=current_low_margin planning_generation_id=21 final_gate_generation_id=21
[ERROR] [1787834770.872494570] [drone_0_ego_planner_node]: Failed to generate the first trajectory!!!
[WARN] [1787834770.888789044] [drone_0_ego_planner_node]: P5 final gate blocked trajectory: action=REQUEST_REPLAN reason=current_low_margin planning_generation_id=21 final_gate_generation_id=21
[ERROR] [1787834770.888821191] [drone_0_ego_planner_node]: Failed to generate the first trajectory!!!
[WARN] [1787834770.904934967] [drone_0_ego_planner_node]: P5 final gate blocked trajectory: action=REQUEST_REPLAN reason=current_low_margin planning_generation_id=21 final_gate_generation_id=21
[ERROR] [1787834770.904965094] [drone_0_ego_planner_node]: Failed to generate the first trajectory!!!
[WARN] [1787834770.921021215] [drone_0_ego_planner_node]: P5 final gate blocked trajectory: action=REQUEST_REPLAN reason=current_low_margin planning_generation_id=21 final_gate_generation_id=21
[ERROR] [1787834770.921049700] [drone_0_ego_planner_node]: Failed to generate the first trajectory!!!
[WARN] [1787834770.937171939] [drone_0_ego_planner_node]: P5 final gate blocked trajectory: action=REQUEST_REPLAN reason=current_low_margin planning_generation_id=21 final_gate_generation_id=21
[ERROR] [1787834770.937201063] [drone_0_ego_planner_node]: Failed to generate the first trajectory!!!
[WARN] [1787834770.951715188] [drone_0_ego_planner_node]: P5 final gate blocked trajectory: action=REQUEST_REPLAN reason=current_low_margin planning_generation_id=21 final_gate_generation_id=21
[ERROR] [1787834770.951738016] [drone_0_ego_planner_node]: Failed to generate the first trajectory!!!
[WARN] [1787834770.967799322] [drone_0_ego_planner_node]: P5 final gate blocked trajectory: action=REQUEST_REPLAN reason=current_low_margin planning_generation_id=21 final_gate_generation_id=21
[ERROR] [1787834770.967826778] [drone_0_ego_planner_node]: Failed to generate the first trajectory!!!
[WARN] [1787834770.983897068] [drone_0_ego_planner_node]: P5 final gate blocked trajectory: action=REQUEST_REPLAN reason=current_low_margin planning_generation_id=21 final_gate_generation_id=21
[ERROR] [1787834770.983927208] [drone_0_ego_planner_node]: Failed to generate the first trajectory!!!
[WARN] [1787834770.998477494] [drone_0_ego_planner_node]: P5 final gate blocked trajectory: action=REQUEST_REPLAN reason=current_low_margin planning_generation_id=21 final_gate_generation_id=21
[ERROR] [1787834770.998498128] [drone_0_ego_planner_node]: Failed to generate the first trajectory!!!
[WARN] [1787834771.013025741] [drone_0_ego_planner_node]: P5 final gate blocked trajectory: action=REQUEST_REPLAN reason=current_low_margin planning_generation_id=21 final_gate_generation_id=21
[ERROR] [1787834771.013048121] [drone_0_ego_planner_node]: Failed to generate the first trajectory!!!
[WARN] [1787834771.027591084] [drone_0_ego_planner_node]: P5 final gate blocked trajectory: action=REQUEST_REPLAN reason=current_low_margin planning_generation_id=21 final_gate_generation_id=21
[ERROR] [1787834771.027614094] [drone_0_ego_planner_node]: Failed to generate the first trajectory!!!
[WARN] [1787834771.043693456] [drone_0_ego_planner_node]: P5 final gate blocked trajectory: action=REQUEST_REPLAN reason=current_low_margin planning_generation_id=21 final_gate_generation_id=21
[ERROR] [1787834771.043721715] [drone_0_ego_planner_node]: Failed to generate the first trajectory!!!
[WARN] [1787834771.059752329] [drone_0_ego_planner_node]: P5 final gate blocked trajectory: action=REQUEST_REPLAN reason=current_low_margin planning_generation_id=21 final_gate_generation_id=21
[ERROR] [1787834771.059781848] [drone_0_ego_planner_node]: Failed to generate the first trajectory!!!
[WARN] [1787834771.075838146] [drone_0_ego_planner_node]: P5 final gate blocked trajectory: action=REQUEST_REPLAN reason=current_low_margin planning_generation_id=21 final_gate_generation_id=21
[ERROR] [1787834771.075867622] [drone_0_ego_planner_node]: Failed to generate the first trajectory!!!
[WARN] [1787834771.091898629] [drone_0_ego_planner_node]: P5 final gate blocked trajectory: action=REQUEST_REPLAN reason=current_low_margin planning_generation_id=21 final_gate_generation_id=21
[ERROR] [1787834771.091929167] [drone_0_ego_planner_node]: Failed to generate the first trajectory!!!
[WARN] [1787834771.108146635] [drone_0_ego_planner_node]: P5 final gate blocked trajectory: action=REQUEST_REPLAN reason=current_low_margin planning_generation_id=21 final_gate_generation_id=21
[ERROR] [1787834771.108177369] [drone_0_ego_planner_node]: Failed to generate the first trajectory!!!
[WARN] [1787834771.124163413] [drone_0_ego_planner_node]: P5 final gate using latest risk snapshot: planning_generation_id=21 final_gate_generation_id=22
[WARN] [1787834771.124318014] [drone_0_ego_planner_node]: P5 final gate blocked trajectory: action=REQUEST_REPLAN reason=current_low_margin planning_generation_id=21 final_gate_generation_id=22
[ERROR] [1787834771.124329281] [drone_0_ego_planner_node]: Failed to generate the first trajectory!!!
[WARN] [1787834771.141717236] [drone_0_ego_planner_node]: P5 final gate blocked trajectory: action=REQUEST_REPLAN reason=current_low_margin planning_generation_id=22 final_gate_generation_id=22
[ERROR] [1787834771.141746861] [drone_0_ego_planner_node]: Failed to generate the first trajectory!!!
[WARN] [1787834771.156259875] [drone_0_ego_planner_node]: P5 final gate blocked trajectory: action=REQUEST_REPLAN reason=current_low_margin planning_generation_id=22 final_gate_generation_id=22
[ERROR] [1787834771.156283204] [drone_0_ego_planner_node]: Failed to generate the first trajectory!!!
[WARN] [1787834771.170858952] [drone_0_ego_planner_node]: P5 final gate blocked trajectory: action=REQUEST_REPLAN reason=current_low_margin planning_generation_id=22 final_gate_generation_id=22
[ERROR] [1787834771.170880664] [drone_0_ego_planner_node]: Failed to generate the first trajectory!!!
[WARN] [1787834771.187050923] [drone_0_ego_planner_node]: P5 final gate blocked trajectory: action=REQUEST_REPLAN reason=current_low_margin planning_generation_id=22 final_gate_generation_id=22
[ERROR] [1787834771.187081945] [drone_0_ego_planner_node]: Failed to generate the first trajectory!!!
[WARN] [1787834771.203187319] [drone_0_ego_planner_node]: P5 final gate blocked trajectory: action=REQUEST_REPLAN reason=current_low_margin planning_generation_id=22 final_gate_generation_id=22
[ERROR] [1787834771.203214901] [drone_0_ego_planner_node]: Failed to generate the first trajectory!!!
[WARN] [1787834771.219206756] [drone_0_ego_planner_node]: P5 final gate blocked trajectory: action=REQUEST_REPLAN reason=current_low_margin planning_generation_id=22 final_gate_generation_id=22
[ERROR] [1787834771.219234959] [drone_0_ego_planner_node]: Failed to generate the first trajectory!!!
[WARN] [1787834771.235504201] [drone_0_ego_planner_node]: P5 final gate blocked trajectory: action=REQUEST_REPLAN reason=current_low_margin planning_generation_id=22 final_gate_generation_id=22
[ERROR] [1787834771.235534908] [drone_0_ego_planner_node]: Failed to generate the first trajectory!!!
[WARN] [1787834771.250071693] [drone_0_ego_planner_node]: P5 final gate blocked trajectory: action=REQUEST_REPLAN reason=current_low_margin planning_generation_id=22 final_gate_generation_id=22
[ERROR] [1787834771.250095265] [drone_0_ego_planner_node]: Failed to generate the first trajectory!!!
[WARN] [1787834771.266218216] [drone_0_ego_planner_node]: P5 final gate blocked trajectory: action=REQUEST_REPLAN reason=current_low_margin planning_generation_id=22 final_gate_generation_id=22
[ERROR] [1787834771.266249711] [drone_0_ego_planner_node]: Failed to generate the first trajectory!!!
[WARN] [1787834771.280833110] [drone_0_ego_planner_node]: P5 final gate blocked trajectory: action=REQUEST_REPLAN reason=current_low_margin planning_generation_id=22 final_gate_generation_id=22
[ERROR] [1787834771.280857114] [drone_0_ego_planner_node]: Failed to generate the first trajectory!!!
[WARN] [1787834771.296950502] [drone_0_ego_planner_node]: P5 final gate blocked trajectory: action=REQUEST_REPLAN reason=current_low_margin planning_generation_id=22 final_gate_generation_id=22
[ERROR] [1787834771.296981437] [drone_0_ego_planner_node]: Failed to generate the first trajectory!!!
[WARN] [1787834771.313011499] [drone_0_ego_planner_node]: P5 final gate blocked trajectory: action=REQUEST_REPLAN reason=current_low_margin planning_generation_id=22 final_gate_generation_id=22
[ERROR] [1787834771.313041252] [drone_0_ego_planner_node]: Failed to generate the first trajectory!!!
[WARN] [1787834771.328998595] [drone_0_ego_planner_node]: P5 final gate blocked trajectory: action=REQUEST_REPLAN reason=current_low_margin planning_generation_id=22 final_gate_generation_id=22
[ERROR] [1787834771.329025026] [drone_0_ego_planner_node]: Failed to generate the first trajectory!!!
[WARN] [1787834771.345013883] [drone_0_ego_planner_node]: P5 final gate blocked trajectory: action=REQUEST_REPLAN reason=current_low_margin planning_generation_id=22 final_gate_generation_id=22
[ERROR] [1787834771.345040998] [drone_0_ego_planner_node]: Failed to generate the first trajectory!!!
[INFO] [1787834771.359637809] [drone_0_ego_planner_node]: [p0] risk grid ready=1 stale=0 age=0.000 valid=0.999 unknown=0.001 gen=22 provider_queries=127840 occupied_skip=160 provider_stale=0 provider_invalid=0 gnss_used=127840 lidar_used=93240 prior_used=127840 stale_current_prior=0 regularized=127840 conservative_max=0 lidar_points=28922 lidar_fim_primitives=481 lidar_fim_valid_normals=481 lidar_fim_fallback= dominant_unknown=occupied_skip:160 refresh_stamp=1657065621.180425 grid_stamp=1657065621.180425 elapsed_ms=270.369 queries=128000 reason=ok
[WARN] [1787834771.361240863] [drone_0_ego_planner_node]: P5 final gate blocked trajectory: action=REQUEST_REPLAN reason=current_low_margin planning_generation_id=22 final_gate_generation_id=22
[ERROR] [1787834771.361268616] [drone_0_ego_planner_node]: Failed to generate the first trajectory!!!
[WARN] [1787834771.377404937] [drone_0_ego_planner_node]: P5 final gate blocked trajectory: action=REQUEST_REPLAN reason=current_low_margin planning_generation_id=22 final_gate_generation_id=22
[ERROR] [1787834771.377433323] [drone_0_ego_planner_node]: Failed to generate the first trajectory!!!
[WARN] [1787834771.393540705] [drone_0_ego_planner_node]: P5 final gate blocked trajectory: action=REQUEST_REPLAN reason=current_low_margin planning_generation_id=22 final_gate_generation_id=22
[ERROR] [1787834771.393568885] [drone_0_ego_planner_node]: Failed to generate the first trajectory!!!
[WARN] [1787834771.409724593] [drone_0_ego_planner_node]: P5 final gate blocked trajectory: action=REQUEST_REPLAN reason=current_low_margin planning_generation_id=22 final_gate_generation_id=22
[ERROR] [1787834771.409754494] [drone_0_ego_planner_node]: Failed to generate the first trajectory!!!
[WARN] [1787834771.425764203] [drone_0_ego_planner_node]: P5 final gate blocked trajectory: action=REQUEST_REPLAN reason=current_low_margin planning_generation_id=22 final_gate_generation_id=22
[ERROR] [1787834771.425794401] [drone_0_ego_planner_node]: Failed to generate the first trajectory!!!
[WARN] [1787834771.442083576] [drone_0_ego_planner_node]: P5 final gate blocked trajectory: action=REQUEST_REPLAN reason=current_low_margin planning_generation_id=22 final_gate_generation_id=22
[ERROR] [1787834771.442111068] [drone_0_ego_planner_node]: Failed to generate the first trajectory!!!
[WARN] [1787834771.458125875] [drone_0_ego_planner_node]: P5 final gate blocked trajectory: action=REQUEST_REPLAN reason=current_low_margin planning_generation_id=22 final_gate_generation_id=22
[ERROR] [1787834771.458153024] [drone_0_ego_planner_node]: Failed to generate the first trajectory!!!
[WARN] [1787834771.474337559] [drone_0_ego_planner_node]: P5 final gate blocked trajectory: action=REQUEST_REPLAN reason=current_low_margin planning_generation_id=22 final_gate_generation_id=22
[ERROR] [1787834771.474365173] [drone_0_ego_planner_node]: Failed to generate the first trajectory!!!
[WARN] [1787834771.488880830] [drone_0_ego_planner_node]: P5 final gate blocked trajectory: action=REQUEST_REPLAN reason=current_low_margin planning_generation_id=22 final_gate_generation_id=22
[ERROR] [1787834771.488901560] [drone_0_ego_planner_node]: Failed to generate the first trajectory!!!
[WARN] [1787834771.504865637] [drone_0_ego_planner_node]: P5 final gate blocked trajectory: action=REQUEST_REPLAN reason=current_low_margin planning_generation_id=22 final_gate_generation_id=22
[ERROR] [1787834771.504893751] [drone_0_ego_planner_node]: Failed to generate the first trajectory!!!
[WARN] [1787834771.520886915] [drone_0_ego_planner_node]: P5 final gate blocked trajectory: action=REQUEST_REPLAN reason=current_low_margin planning_generation_id=22 final_gate_generation_id=22
[ERROR] [1787834771.520915638] [drone_0_ego_planner_node]: Failed to generate the first trajectory!!!
[WARN] [1787834771.536958370] [drone_0_ego_planner_node]: P5 final gate blocked trajectory: action=REQUEST_REPLAN reason=current_low_margin planning_generation_id=22 final_gate_generation_id=22
[ERROR] [1787834771.536985066] [drone_0_ego_planner_node]: Failed to generate the first trajectory!!!
[WARN] [1787834771.552999585] [drone_0_ego_planner_node]: P5 final gate blocked trajectory: action=REQUEST_REPLAN reason=current_low_margin planning_generation_id=22 final_gate_generation_id=22
[ERROR] [1787834771.553025834] [drone_0_ego_planner_node]: Failed to generate the first trajectory!!!
[WARN] [1787834771.569093981] [drone_0_ego_planner_node]: P5 final gate blocked trajectory: action=REQUEST_REPLAN reason=current_low_margin planning_generation_id=22 final_gate_generation_id=22
[ERROR] [1787834771.569124677] [drone_0_ego_planner_node]: Failed to generate the first trajectory!!!
[WARN] [1787834771.585180199] [drone_0_ego_planner_node]: P5 final gate blocked trajectory: action=REQUEST_REPLAN reason=current_low_margin planning_generation_id=22 final_gate_generation_id=22
[ERROR] [1787834771.585207000] [drone_0_ego_planner_node]: Failed to generate the first trajectory!!!
[WARN] [1787834771.601285312] [drone_0_ego_planner_node]: P5 final gate blocked trajectory: action=REQUEST_REPLAN reason=current_low_margin planning_generation_id=22 final_gate_generation_id=22
[ERROR] [1787834771.601313893] [drone_0_ego_planner_node]: Failed to generate the first trajectory!!!
[WARN] [1787834771.617433271] [drone_0_ego_planner_node]: P5 final gate blocked trajectory: action=REQUEST_REPLAN reason=current_low_margin planning_generation_id=22 final_gate_generation_id=22
[ERROR] [1787834771.617461011] [drone_0_ego_planner_node]: Failed to generate the first trajectory!!!
[WARN] [1787834771.633477395] [drone_0_ego_planner_node]: P5 final gate using latest risk snapshot: planning_generation_id=22 final_gate_generation_id=23
[WARN] [1787834771.633629985] [drone_0_ego_planner_node]: P5 final gate blocked trajectory: action=REQUEST_REPLAN reason=current_low_margin planning_generation_id=22 final_gate_generation_id=23
[ERROR] [1787834771.633642034] [drone_0_ego_planner_node]: Failed to generate the first trajectory!!!
[WARN] [1787834771.649635901] [drone_0_ego_planner_node]: P5 final gate blocked trajectory: action=REQUEST_REPLAN reason=current_low_margin planning_generation_id=23 final_gate_generation_id=23
[ERROR] [1787834771.649660284] [drone_0_ego_planner_node]: Failed to generate the first trajectory!!!
[WARN] [1787834771.665566368] [drone_0_ego_planner_node]: P5 final gate blocked trajectory: action=REQUEST_REPLAN reason=current_low_margin planning_generation_id=23 final_gate_generation_id=23
[ERROR] [1787834771.665594251] [drone_0_ego_planner_node]: Failed to generate the first trajectory!!!
[WARN] [1787834771.681549344] [drone_0_ego_planner_node]: P5 final gate blocked trajectory: action=REQUEST_REPLAN reason=current_low_margin planning_generation_id=23 final_gate_generation_id=23
[ERROR] [1787834771.681577597] [drone_0_ego_planner_node]: Failed to generate the first trajectory!!!
[WARN] [1787834771.696167237] [drone_0_ego_planner_node]: P5 final gate blocked trajectory: action=REQUEST_REPLAN reason=current_low_margin planning_generation_id=23 final_gate_generation_id=23
[ERROR] [1787834771.696190913] [drone_0_ego_planner_node]: Failed to generate the first trajectory!!!
[WARN] [1787834771.710711284] [drone_0_ego_planner_node]: P5 final gate blocked trajectory: action=REQUEST_REPLAN reason=current_low_margin planning_generation_id=23 final_gate_generation_id=23
[ERROR] [1787834771.710734547] [drone_0_ego_planner_node]: Failed to generate the first trajectory!!!
[WARN] [1787834771.726686600] [drone_0_ego_planner_node]: P5 final gate blocked trajectory: action=REQUEST_REPLAN reason=current_low_margin planning_generation_id=23 final_gate_generation_id=23
[ERROR] [1787834771.726712947] [drone_0_ego_planner_node]: Failed to generate the first trajectory!!!
[WARN] [1787834771.741291710] [drone_0_ego_planner_node]: P5 final gate blocked trajectory: action=REQUEST_REPLAN reason=current_low_margin planning_generation_id=23 final_gate_generation_id=23
[ERROR] [1787834771.741315076] [drone_0_ego_planner_node]: Failed to generate the first trajectory!!!
[WARN] [1787834771.757321232] [drone_0_ego_planner_node]: P5 final gate blocked trajectory: action=REQUEST_REPLAN reason=current_low_margin planning_generation_id=23 final_gate_generation_id=23
[ERROR] [1787834771.757351956] [drone_0_ego_planner_node]: Failed to generate the first trajectory!!!
[WARN] [1787834771.773562407] [drone_0_ego_planner_node]: P5 final gate blocked trajectory: action=REQUEST_REPLAN reason=current_low_margin planning_generation_id=23 final_gate_generation_id=23
[ERROR] [1787834771.773592881] [drone_0_ego_planner_node]: Failed to generate the first trajectory!!!
[WARN] [1787834771.789602611] [drone_0_ego_planner_node]: P5 final gate blocked trajectory: action=REQUEST_REPLAN reason=current_low_margin planning_generation_id=23 final_gate_generation_id=23
[ERROR] [1787834771.789631946] [drone_0_ego_planner_node]: Failed to generate the first trajectory!!!
[WARN] [1787834771.804197612] [drone_0_ego_planner_node]: P5 final gate blocked trajectory: action=REQUEST_REPLAN reason=current_low_margin planning_generation_id=23 final_gate_generation_id=23
[ERROR] [1787834771.804217175] [drone_0_ego_planner_node]: Failed to generate the first trajectory!!!
[WARN] [1787834771.820198387] [drone_0_ego_planner_node]: P5 final gate blocked trajectory: action=REQUEST_REPLAN reason=current_low_margin planning_generation_id=23 final_gate_generation_id=23
[ERROR] [1787834771.820227341] [drone_0_ego_planner_node]: Failed to generate the first trajectory!!!
[WARN] [1787834771.836219469] [drone_0_ego_planner_node]: P5 final gate blocked trajectory: action=REQUEST_REPLAN reason=current_low_margin planning_generation_id=23 final_gate_generation_id=23
[ERROR] [1787834771.836246422] [drone_0_ego_planner_node]: Failed to generate the first trajectory!!!
[WARN] [1787834771.852154245] [drone_0_ego_planner_node]: P5 final gate blocked trajectory: action=REQUEST_REPLAN reason=current_low_margin planning_generation_id=23 final_gate_generation_id=23
[ERROR] [1787834771.852181342] [drone_0_ego_planner_node]: Failed to generate the first trajectory!!!
[WARN] [1787834771.866800457] [drone_0_ego_planner_node]: P5 final gate blocked trajectory: action=REQUEST_REPLAN reason=current_low_margin planning_generation_id=23 final_gate_generation_id=23
[ERROR] [1787834771.866826666] [drone_0_ego_planner_node]: Failed to generate the first trajectory!!!
[WARN] [1787834771.882964041] [drone_0_ego_planner_node]: P5 final gate blocked trajectory: action=REQUEST_REPLAN reason=current_low_margin planning_generation_id=23 final_gate_generation_id=23
[ERROR] [1787834771.882993919] [drone_0_ego_planner_node]: Failed to generate the first trajectory!!!
[WARN] [1787834771.897785190] [drone_0_ego_planner_node]: P5 final gate blocked trajectory: action=REQUEST_REPLAN reason=current_low_margin planning_generation_id=23 final_gate_generation_id=23
[ERROR] [1787834771.897808908] [drone_0_ego_planner_node]: Failed to generate the first trajectory!!!
[WARN] [1787834771.913792437] [drone_0_ego_planner_node]: P5 final gate blocked trajectory: action=REQUEST_REPLAN reason=current_low_margin planning_generation_id=23 final_gate_generation_id=23
[ERROR] [1787834771.913820533] [drone_0_ego_planner_node]: Failed to generate the first trajectory!!!
[WARN] [1787834771.928323233] [drone_0_ego_planner_node]: P5 final gate blocked trajectory: action=REQUEST_REPLAN reason=current_low_margin planning_generation_id=23 final_gate_generation_id=23
[ERROR] [1787834771.928345689] [drone_0_ego_planner_node]: Failed to generate the first trajectory!!!
[WARN] [1787834771.942878327] [drone_0_ego_planner_node]: P5 final gate blocked trajectory: action=REQUEST_REPLAN reason=current_low_margin planning_generation_id=23 final_gate_generation_id=23
[ERROR] [1787834771.942900098] [drone_0_ego_planner_node]: Failed to generate the first trajectory!!!
[WARN] [1787834771.959095623] [drone_0_ego_planner_node]: P5 final gate blocked trajectory: action=REQUEST_REPLAN reason=current_low_margin planning_generation_id=23 final_gate_generation_id=23
[ERROR] [1787834771.959125232] [drone_0_ego_planner_node]: Failed to generate the first trajectory!!!
[WARN] [1787834771.975173698] [drone_0_ego_planner_node]: P5 final gate blocked trajectory: action=REQUEST_REPLAN reason=current_low_margin planning_generation_id=23 final_gate_generation_id=23
[ERROR] [1787834771.975201495] [drone_0_ego_planner_node]: Failed to generate the first trajectory!!!
[WARN] [1787834771.991425793] [drone_0_ego_planner_node]: P5 final gate blocked trajectory: action=REQUEST_REPLAN reason=current_low_margin planning_generation_id=23 final_gate_generation_id=23
[ERROR] [1787834771.991454194] [drone_0_ego_planner_node]: Failed to generate the first trajectory!!!
[WARN] [1787834772.005944849] [drone_0_ego_planner_node]: P5 final gate blocked trajectory: action=REQUEST_REPLAN reason=current_low_margin planning_generation_id=23 final_gate_generation_id=23
[ERROR] [1787834772.005967538] [drone_0_ego_planner_node]: Failed to generate the first trajectory!!!
[WARN] [1787834772.021958211] [drone_0_ego_planner_node]: P5 final gate blocked trajectory: action=REQUEST_REPLAN reason=current_low_margin planning_generation_id=23 final_gate_generation_id=23
[ERROR] [1787834772.021987281] [drone_0_ego_planner_node]: Failed to generate the first trajectory!!!
[WARN] [1787834772.037957129] [drone_0_ego_planner_node]: P5 final gate blocked trajectory: action=REQUEST_REPLAN reason=current_low_margin planning_generation_id=23 final_gate_generation_id=23
[ERROR] [1787834772.037984529] [drone_0_ego_planner_node]: Failed to generate the first trajectory!!!
[WARN] [1787834772.053915448] [drone_0_ego_planner_node]: P5 final gate blocked trajectory: action=REQUEST_REPLAN reason=current_low_margin planning_generation_id=23 final_gate_generation_id=23
[ERROR] [1787834772.053944028] [drone_0_ego_planner_node]: Failed to generate the first trajectory!!!
[WARN] [1787834772.068523908] [drone_0_ego_planner_node]: P5 final gate blocked trajectory: action=REQUEST_REPLAN reason=current_low_margin planning_generation_id=23 final_gate_generation_id=23
[ERROR] [1787834772.068547308] [drone_0_ego_planner_node]: Failed to generate the first trajectory!!!
[WARN] [1787834772.083087280] [drone_0_ego_planner_node]: P5 final gate blocked trajectory: action=REQUEST_REPLAN reason=current_low_margin planning_generation_id=23 final_gate_generation_id=23
[ERROR] [1787834772.083110883] [drone_0_ego_planner_node]: Failed to generate the first trajectory!!!
[WARN] [1787834772.099117688] [drone_0_ego_planner_node]: P5 final gate blocked trajectory: action=REQUEST_REPLAN reason=current_low_margin planning_generation_id=23 final_gate_generation_id=23
[ERROR] [1787834772.099147325] [drone_0_ego_planner_node]: Failed to generate the first trajectory!!!
[WARN] [1787834772.113774513] [drone_0_ego_planner_node]: P5 final gate blocked trajectory: action=REQUEST_REPLAN reason=current_low_margin planning_generation_id=23 final_gate_generation_id=23
[ERROR] [1787834772.113800154] [drone_0_ego_planner_node]: Failed to generate the first trajectory!!!
[WARN] [1787834772.128515589] [drone_0_ego_planner_node]: P5 final gate blocked trajectory: action=REQUEST_REPLAN reason=current_low_margin planning_generation_id=23 final_gate_generation_id=23
[ERROR] [1787834772.128539603] [drone_0_ego_planner_node]: Failed to generate the first trajectory!!!
[WARN] [1787834772.146079254] [drone_0_ego_planner_node]: P5 final gate blocked trajectory: action=REQUEST_REPLAN reason=current_low_margin planning_generation_id=24 final_gate_generation_id=24
[ERROR] [1787834772.146109211] [drone_0_ego_planner_node]: Failed to generate the first trajectory!!!
[WARN] [1787834772.160689146] [drone_0_ego_planner_node]: P5 final gate blocked trajectory: action=REQUEST_REPLAN reason=current_low_margin planning_generation_id=24 final_gate_generation_id=24
[ERROR] [1787834772.160711806] [drone_0_ego_planner_node]: Failed to generate the first trajectory!!!
[WARN] [1787834772.176743145] [drone_0_ego_planner_node]: P5 final gate blocked trajectory: action=REQUEST_REPLAN reason=current_low_margin planning_generation_id=24 final_gate_generation_id=24
[ERROR] [1787834772.176771205] [drone_0_ego_planner_node]: Failed to generate the first trajectory!!!
[WARN] [1787834772.191344044] [drone_0_ego_planner_node]: P5 final gate blocked trajectory: action=REQUEST_REPLAN reason=current_low_margin planning_generation_id=24 final_gate_generation_id=24
[ERROR] [1787834772.191366460] [drone_0_ego_planner_node]: Failed to generate the first trajectory!!!
[WARN] [1787834772.207342893] [drone_0_ego_planner_node]: P5 final gate blocked trajectory: action=REQUEST_REPLAN reason=current_low_margin planning_generation_id=24 final_gate_generation_id=24
[ERROR] [1787834772.207368686] [drone_0_ego_planner_node]: Failed to generate the first trajectory!!!
[WARN] [1787834772.223348445] [drone_0_ego_planner_node]: P5 final gate blocked trajectory: action=REQUEST_REPLAN reason=current_low_margin planning_generation_id=24 final_gate_generation_id=24
[ERROR] [1787834772.223376091] [drone_0_ego_planner_node]: Failed to generate the first trajectory!!!
[WARN] [1787834772.239450684] [drone_0_ego_planner_node]: P5 final gate blocked trajectory: action=REQUEST_REPLAN reason=current_low_margin planning_generation_id=24 final_gate_generation_id=24
[ERROR] [1787834772.239478517] [drone_0_ego_planner_node]: Failed to generate the first trajectory!!!
[WARN] [1787834772.255513032] [drone_0_ego_planner_node]: P5 final gate blocked trajectory: action=REQUEST_REPLAN reason=current_low_margin planning_generation_id=24 final_gate_generation_id=24
[ERROR] [1787834772.255541197] [drone_0_ego_planner_node]: Failed to generate the first trajectory!!!
[WARN] [1787834772.270092488] [drone_0_ego_planner_node]: P5 final gate blocked trajectory: action=REQUEST_REPLAN reason=current_low_margin planning_generation_id=24 final_gate_generation_id=24
[ERROR] [1787834772.270114706] [drone_0_ego_planner_node]: Failed to generate the first trajectory!!!
[WARN] [1787834772.286107198] [drone_0_ego_planner_node]: P5 final gate blocked trajectory: action=REQUEST_REPLAN reason=current_low_margin planning_generation_id=24 final_gate_generation_id=24
[ERROR] [1787834772.286135293] [drone_0_ego_planner_node]: Failed to generate the first trajectory!!!
[WARN] [1787834772.302145146] [drone_0_ego_planner_node]: P5 final gate blocked trajectory: action=REQUEST_REPLAN reason=current_low_margin planning_generation_id=24 final_gate_generation_id=24
[ERROR] [1787834772.302171800] [drone_0_ego_planner_node]: Failed to generate the first trajectory!!!
[WARN] [1787834772.318159237] [drone_0_ego_planner_node]: P5 final gate blocked trajectory: action=REQUEST_REPLAN reason=current_low_margin planning_generation_id=24 final_gate_generation_id=24
[ERROR] [1787834772.318186353] [drone_0_ego_planner_node]: Failed to generate the first trajectory!!!
[WARN] [1787834772.334309197] [drone_0_ego_planner_node]: P5 final gate blocked trajectory: action=REQUEST_REPLAN reason=current_low_margin planning_generation_id=24 final_gate_generation_id=24
[ERROR] [1787834772.334338074] [drone_0_ego_planner_node]: Failed to generate the first trajectory!!!
[WARN] [1787834772.350341366] [drone_0_ego_planner_node]: P5 final gate blocked trajectory: action=REQUEST_REPLAN reason=current_low_margin planning_generation_id=24 final_gate_generation_id=24
[ERROR] [1787834772.350367978] [drone_0_ego_planner_node]: Failed to generate the first trajectory!!!
[WARN] [1787834772.366535386] [drone_0_ego_planner_node]: P5 final gate blocked trajectory: action=REQUEST_REPLAN reason=current_low_margin planning_generation_id=24 final_gate_generation_id=24
[ERROR] [1787834772.366565533] [drone_0_ego_planner_node]: Failed to generate the first trajectory!!!
[WARN] [1787834772.381144694] [drone_0_ego_planner_node]: P5 final gate blocked trajectory: action=REQUEST_REPLAN reason=current_low_margin planning_generation_id=24 final_gate_generation_id=24
[ERROR] [1787834772.381168286] [drone_0_ego_planner_node]: Failed to generate the first trajectory!!!
[WARN] [1787834772.397300706] [drone_0_ego_planner_node]: P5 final gate blocked trajectory: action=REQUEST_REPLAN reason=current_low_margin planning_generation_id=24 final_gate_generation_id=24
[ERROR] [1787834772.397330358] [drone_0_ego_planner_node]: Failed to generate the first trajectory!!!
[WARN] [1787834772.413370380] [drone_0_ego_planner_node]: P5 final gate blocked trajectory: action=REQUEST_REPLAN reason=current_low_margin planning_generation_id=24 final_gate_generation_id=24
[ERROR] [1787834772.413397742] [drone_0_ego_planner_node]: Failed to generate the first trajectory!!!
[WARN] [1787834772.429504271] [drone_0_ego_planner_node]: P5 final gate blocked trajectory: action=REQUEST_REPLAN reason=current_low_margin planning_generation_id=24 final_gate_generation_id=24
[ERROR] [1787834772.429532237] [drone_0_ego_planner_node]: Failed to generate the first trajectory!!!
[WARN] [1787834772.445595608] [drone_0_ego_planner_node]: P5 final gate blocked trajectory: action=REQUEST_REPLAN reason=current_low_margin planning_generation_id=24 final_gate_generation_id=24
[ERROR] [1787834772.445622483] [drone_0_ego_planner_node]: Failed to generate the first trajectory!!!
[WARN] [1787834772.461673401] [drone_0_ego_planner_node]: P5 final gate blocked trajectory: action=REQUEST_REPLAN reason=current_low_margin planning_generation_id=24 final_gate_generation_id=24
[ERROR] [1787834772.461700488] [drone_0_ego_planner_node]: Failed to generate the first trajectory!!!
[WARN] [1787834772.477701490] [drone_0_ego_planner_node]: P5 final gate blocked trajectory: action=REQUEST_REPLAN reason=current_low_margin planning_generation_id=24 final_gate_generation_id=24
[ERROR] [1787834772.477727000] [drone_0_ego_planner_node]: Failed to generate the first trajectory!!!
[WARN] [1787834772.492266608] [drone_0_ego_planner_node]: P5 final gate blocked trajectory: action=REQUEST_REPLAN reason=current_low_margin planning_generation_id=24 final_gate_generation_id=24
[ERROR] [1787834772.492288698] [drone_0_ego_planner_node]: Failed to generate the first trajectory!!!
[WARN] [1787834772.508319260] [drone_0_ego_planner_node]: P5 final gate blocked trajectory: action=REQUEST_REPLAN reason=current_low_margin planning_generation_id=24 final_gate_generation_id=24
[ERROR] [1787834772.508346890] [drone_0_ego_planner_node]: Failed to generate the first trajectory!!!
[WARN] [1787834772.522933112] [drone_0_ego_planner_node]: P5 final gate blocked trajectory: action=REQUEST_REPLAN reason=current_low_margin planning_generation_id=24 final_gate_generation_id=24
[ERROR] [1787834772.522956573] [drone_0_ego_planner_node]: Failed to generate the first trajectory!!!
[WARN] [1787834772.538974885] [drone_0_ego_planner_node]: P5 final gate blocked trajectory: action=REQUEST_REPLAN reason=current_low_margin planning_generation_id=24 final_gate_generation_id=24
[ERROR] [1787834772.539001094] [drone_0_ego_planner_node]: Failed to generate the first trajectory!!!
[WARN] [1787834772.555018250] [drone_0_ego_planner_node]: P5 final gate blocked trajectory: action=REQUEST_REPLAN reason=current_low_margin planning_generation_id=24 final_gate_generation_id=24
[ERROR] [1787834772.555046492] [drone_0_ego_planner_node]: Failed to generate the first trajectory!!!
[WARN] [1787834772.571080940] [drone_0_ego_planner_node]: P5 final gate blocked trajectory: action=REQUEST_REPLAN reason=current_low_margin planning_generation_id=24 final_gate_generation_id=24
[ERROR] [1787834772.571108306] [drone_0_ego_planner_node]: Failed to generate the first trajectory!!!
[WARN] [1787834772.587189730] [drone_0_ego_planner_node]: P5 final gate blocked trajectory: action=REQUEST_REPLAN reason=current_low_margin planning_generation_id=24 final_gate_generation_id=24
[ERROR] [1787834772.587218605] [drone_0_ego_planner_node]: Failed to generate the first trajectory!!!
[WARN] [1787834772.603230443] [drone_0_ego_planner_node]: P5 final gate blocked trajectory: action=REQUEST_REPLAN reason=current_low_margin planning_generation_id=24 final_gate_generation_id=24
[ERROR] [1787834772.603256247] [drone_0_ego_planner_node]: Failed to generate the first trajectory!!!
[WARN] [1787834772.619430226] [drone_0_ego_planner_node]: P5 final gate blocked trajectory: action=REQUEST_REPLAN reason=current_low_margin planning_generation_id=24 final_gate_generation_id=24
[ERROR] [1787834772.619459841] [drone_0_ego_planner_node]: Failed to generate the first trajectory!!!
[WARN] [1787834772.636867462] [drone_0_ego_planner_node]: P5 final gate blocked trajectory: action=REQUEST_REPLAN reason=current_low_margin planning_generation_id=25 final_gate_generation_id=25
[ERROR] [1787834772.636896717] [drone_0_ego_planner_node]: Failed to generate the first trajectory!!!
[WARN] [1787834772.652872782] [drone_0_ego_planner_node]: P5 final gate blocked trajectory: action=REQUEST_REPLAN reason=current_low_margin planning_generation_id=25 final_gate_generation_id=25
[ERROR] [1787834772.652904370] [drone_0_ego_planner_node]: Failed to generate the first trajectory!!!
[WARN] [1787834772.667519690] [drone_0_ego_planner_node]: P5 final gate blocked trajectory: action=REQUEST_REPLAN reason=current_low_margin planning_generation_id=25 final_gate_generation_id=25
[ERROR] [1787834772.667542446] [drone_0_ego_planner_node]: Failed to generate the first trajectory!!!
[WARN] [1787834772.683580183] [drone_0_ego_planner_node]: P5 final gate blocked trajectory: action=REQUEST_REPLAN reason=current_low_margin planning_generation_id=25 final_gate_generation_id=25
[ERROR] [1787834772.683611734] [drone_0_ego_planner_node]: Failed to generate the first trajectory!!!
[WARN] [1787834772.698240097] [drone_0_ego_planner_node]: P5 final gate blocked trajectory: action=REQUEST_REPLAN reason=current_low_margin planning_generation_id=25 final_gate_generation_id=25
[ERROR] [1787834772.698262508] [drone_0_ego_planner_node]: Failed to generate the first trajectory!!!
[WARN] [1787834772.712867141] [drone_0_ego_planner_node]: P5 final gate blocked trajectory: action=REQUEST_REPLAN reason=current_low_margin planning_generation_id=25 final_gate_generation_id=25
[ERROR] [1787834772.712890821] [drone_0_ego_planner_node]: Failed to generate the first trajectory!!!
[WARN] [1787834772.728862760] [drone_0_ego_planner_node]: P5 final gate blocked trajectory: action=REQUEST_REPLAN reason=current_low_margin planning_generation_id=25 final_gate_generation_id=25
[ERROR] [1787834772.728889794] [drone_0_ego_planner_node]: Failed to generate the first trajectory!!!
[WARN] [1787834772.744885534] [drone_0_ego_planner_node]: P5 final gate blocked trajectory: action=REQUEST_REPLAN reason=current_low_margin planning_generation_id=25 final_gate_generation_id=25
[ERROR] [1787834772.744913545] [drone_0_ego_planner_node]: Failed to generate the first trajectory!!!
[WARN] [1787834772.760902825] [drone_0_ego_planner_node]: P5 final gate blocked trajectory: action=REQUEST_REPLAN reason=current_low_margin planning_generation_id=25 final_gate_generation_id=25
[ERROR] [1787834772.760930479] [drone_0_ego_planner_node]: Failed to generate the first trajectory!!!
[WARN] [1787834772.776879602] [drone_0_ego_planner_node]: P5 final gate blocked trajectory: action=REQUEST_REPLAN reason=current_low_margin planning_generation_id=25 final_gate_generation_id=25
[ERROR] [1787834772.776906574] [drone_0_ego_planner_node]: Failed to generate the first trajectory!!!
[WARN] [1787834772.791478070] [drone_0_ego_planner_node]: P5 final gate blocked trajectory: action=REQUEST_REPLAN reason=current_low_margin planning_generation_id=25 final_gate_generation_id=25
[ERROR] [1787834772.791504053] [drone_0_ego_planner_node]: Failed to generate the first trajectory!!!
[WARN] [1787834772.807415117] [drone_0_ego_planner_node]: P5 final gate blocked trajectory: action=REQUEST_REPLAN reason=current_low_margin planning_generation_id=25 final_gate_generation_id=25
[ERROR] [1787834772.807442192] [drone_0_ego_planner_node]: Failed to generate the first trajectory!!!
[WARN] [1787834772.823378511] [drone_0_ego_planner_node]: P5 final gate blocked trajectory: action=REQUEST_REPLAN reason=current_low_margin planning_generation_id=25 final_gate_generation_id=25
[ERROR] [1787834772.823405073] [drone_0_ego_planner_node]: Failed to generate the first trajectory!!!
[WARN] [1787834772.839386758] [drone_0_ego_planner_node]: P5 final gate blocked trajectory: action=REQUEST_REPLAN reason=current_low_margin planning_generation_id=25 final_gate_generation_id=25
[ERROR] [1787834772.839415916] [drone_0_ego_planner_node]: Failed to generate the first trajectory!!!
[WARN] [1787834772.855485892] [drone_0_ego_planner_node]: P5 final gate blocked trajectory: action=REQUEST_REPLAN reason=current_low_margin planning_generation_id=25 final_gate_generation_id=25
[ERROR] [1787834772.855517642] [drone_0_ego_planner_node]: Failed to generate the first trajectory!!!
[WARN] [1787834772.871625687] [drone_0_ego_planner_node]: P5 final gate blocked trajectory: action=REQUEST_REPLAN reason=current_low_margin planning_generation_id=25 final_gate_generation_id=25
[ERROR] [1787834772.871656417] [drone_0_ego_planner_node]: Failed to generate the first trajectory!!!
[WARN] [1787834772.887752113] [drone_0_ego_planner_node]: P5 final gate blocked trajectory: action=REQUEST_REPLAN reason=current_low_margin planning_generation_id=25 final_gate_generation_id=25
[ERROR] [1787834772.887783178] [drone_0_ego_planner_node]: Failed to generate the first trajectory!!!
[WARN] [1787834772.902409058] [drone_0_ego_planner_node]: P5 final gate blocked trajectory: action=REQUEST_REPLAN reason=current_low_margin planning_generation_id=25 final_gate_generation_id=25
[ERROR] [1787834772.902433891] [drone_0_ego_planner_node]: Failed to generate the first trajectory!!!
[WARN] [1787834772.918450157] [drone_0_ego_planner_node]: P5 final gate blocked trajectory: action=REQUEST_REPLAN reason=current_low_margin planning_generation_id=25 final_gate_generation_id=25
[ERROR] [1787834772.918477214] [drone_0_ego_planner_node]: Failed to generate the first trajectory!!!
[WARN] [1787834772.934440924] [drone_0_ego_planner_node]: P5 final gate blocked trajectory: action=REQUEST_REPLAN reason=current_low_margin planning_generation_id=25 final_gate_generation_id=25
[ERROR] [1787834772.934468805] [drone_0_ego_planner_node]: Failed to generate the first trajectory!!!
[WARN] [1787834772.950458637] [drone_0_ego_planner_node]: P5 final gate blocked trajectory: action=REQUEST_REPLAN reason=current_low_margin planning_generation_id=25 final_gate_generation_id=25
[ERROR] [1787834772.950487088] [drone_0_ego_planner_node]: Failed to generate the first trajectory!!!
[WARN] [1787834772.965067538] [drone_0_ego_planner_node]: P5 final gate blocked trajectory: action=REQUEST_REPLAN reason=current_low_margin planning_generation_id=25 final_gate_generation_id=25
[ERROR] [1787834772.965092172] [drone_0_ego_planner_node]: Failed to generate the first trajectory!!!
[WARN] [1787834772.981081781] [drone_0_ego_planner_node]: P5 final gate blocked trajectory: action=REQUEST_REPLAN reason=current_low_margin planning_generation_id=25 final_gate_generation_id=25
[ERROR] [1787834772.981111229] [drone_0_ego_planner_node]: Failed to generate the first trajectory!!!
[WARN] [1787834772.997121886] [drone_0_ego_planner_node]: P5 final gate blocked trajectory: action=REQUEST_REPLAN reason=current_low_margin planning_generation_id=25 final_gate_generation_id=25
[ERROR] [1787834772.997150112] [drone_0_ego_planner_node]: Failed to generate the first trajectory!!!
[WARN] [1787834773.013221903] [drone_0_ego_planner_node]: P5 final gate blocked trajectory: action=REQUEST_REPLAN reason=current_low_margin planning_generation_id=25 final_gate_generation_id=25
[ERROR] [1787834773.013251242] [drone_0_ego_planner_node]: Failed to generate the first trajectory!!!
[WARN] [1787834773.029256588] [drone_0_ego_planner_node]: P5 final gate blocked trajectory: action=REQUEST_REPLAN reason=current_low_margin planning_generation_id=25 final_gate_generation_id=25
[ERROR] [1787834773.029287635] [drone_0_ego_planner_node]: Failed to generate the first trajectory!!!
[WARN] [1787834773.045288833] [drone_0_ego_planner_node]: P5 final gate blocked trajectory: action=REQUEST_REPLAN reason=current_low_margin planning_generation_id=25 final_gate_generation_id=25
[ERROR] [1787834773.045316438] [drone_0_ego_planner_node]: Failed to generate the first trajectory!!!
[WARN] [1787834773.061350613] [drone_0_ego_planner_node]: P5 final gate blocked trajectory: action=REQUEST_REPLAN reason=current_low_margin planning_generation_id=25 final_gate_generation_id=25
[ERROR] [1787834773.061379622] [drone_0_ego_planner_node]: Failed to generate the first trajectory!!!
[WARN] [1787834773.077384482] [drone_0_ego_planner_node]: P5 final gate blocked trajectory: action=REQUEST_REPLAN reason=current_low_margin planning_generation_id=25 final_gate_generation_id=25
[ERROR] [1787834773.077412299] [drone_0_ego_planner_node]: Failed to generate the first trajectory!!!
[WARN] [1787834773.093404337] [drone_0_ego_planner_node]: P5 final gate blocked trajectory: action=REQUEST_REPLAN reason=current_low_margin planning_generation_id=25 final_gate_generation_id=25
[ERROR] [1787834773.093433058] [drone_0_ego_planner_node]: Failed to generate the first trajectory!!!
[WARN] [1787834773.107968332] [drone_0_ego_planner_node]: P5 final gate blocked trajectory: action=REQUEST_REPLAN reason=current_low_margin planning_generation_id=25 final_gate_generation_id=25
[ERROR] [1787834773.107992791] [drone_0_ego_planner_node]: Failed to generate the first trajectory!!!
[WARN] [1787834773.124167398] [drone_0_ego_planner_node]: P5 final gate blocked trajectory: action=REQUEST_REPLAN reason=current_low_margin planning_generation_id=25 final_gate_generation_id=25
[ERROR] [1787834773.124198330] [drone_0_ego_planner_node]: Failed to generate the first trajectory!!!
[WARN] [1787834773.141498896] [drone_0_ego_planner_node]: P5 final gate blocked trajectory: action=REQUEST_REPLAN reason=current_low_margin planning_generation_id=26 final_gate_generation_id=26
[ERROR] [1787834773.141527532] [drone_0_ego_planner_node]: Failed to generate the first trajectory!!!
[WARN] [1787834773.157589282] [drone_0_ego_planner_node]: P5 final gate blocked trajectory: action=REQUEST_REPLAN reason=current_low_margin planning_generation_id=26 final_gate_generation_id=26
[ERROR] [1787834773.157618108] [drone_0_ego_planner_node]: Failed to generate the first trajectory!!!
[WARN] [1787834773.173968135] [drone_0_ego_planner_node]: P5 final gate blocked trajectory: action=REQUEST_REPLAN reason=current_low_margin planning_generation_id=26 final_gate_generation_id=26
[ERROR] [1787834773.174001536] [drone_0_ego_planner_node]: Failed to generate the first trajectory!!!
[WARN] [1787834773.190116337] [drone_0_ego_planner_node]: P5 final gate blocked trajectory: action=REQUEST_REPLAN reason=current_low_margin planning_generation_id=26 final_gate_generation_id=26
[ERROR] [1787834773.190146766] [drone_0_ego_planner_node]: Failed to generate the first trajectory!!!
[WARN] [1787834773.204666982] [drone_0_ego_planner_node]: P5 final gate blocked trajectory: action=REQUEST_REPLAN reason=current_low_margin planning_generation_id=26 final_gate_generation_id=26
[ERROR] [1787834773.204690897] [drone_0_ego_planner_node]: Failed to generate the first trajectory!!!
[WARN] [1787834773.220960922] [drone_0_ego_planner_node]: P5 final gate blocked trajectory: action=REQUEST_REPLAN reason=current_low_margin planning_generation_id=26 final_gate_generation_id=26
[ERROR] [1787834773.220989096] [drone_0_ego_planner_node]: Failed to generate the first trajectory!!!
[WARN] [1787834773.237013374] [drone_0_ego_planner_node]: P5 final gate blocked trajectory: action=REQUEST_REPLAN reason=current_low_margin planning_generation_id=26 final_gate_generation_id=26
[ERROR] [1787834773.237042199] [drone_0_ego_planner_node]: Failed to generate the first trajectory!!!
[WARN] [1787834773.253194357] [drone_0_ego_planner_node]: P5 final gate blocked trajectory: action=REQUEST_REPLAN reason=current_low_margin planning_generation_id=26 final_gate_generation_id=26
[ERROR] [1787834773.253221550] [drone_0_ego_planner_node]: Failed to generate the first trajectory!!!
[WARN] [1787834773.269327604] [drone_0_ego_planner_node]: P5 final gate blocked trajectory: action=REQUEST_REPLAN reason=current_low_margin planning_generation_id=26 final_gate_generation_id=26
[ERROR] [1787834773.269356194] [drone_0_ego_planner_node]: Failed to generate the first trajectory!!!
[WARN] [1787834773.285565108] [drone_0_ego_planner_node]: P5 final gate blocked trajectory: action=REQUEST_REPLAN reason=current_low_margin planning_generation_id=26 final_gate_generation_id=26
[ERROR] [1787834773.285598143] [drone_0_ego_planner_node]: Failed to generate the first trajectory!!!
[WARN] [1787834773.301604382] [drone_0_ego_planner_node]: P5 final gate blocked trajectory: action=REQUEST_REPLAN reason=current_low_margin planning_generation_id=26 final_gate_generation_id=26
[ERROR] [1787834773.301631778] [drone_0_ego_planner_node]: Failed to generate the first trajectory!!!
[WARN] [1787834773.317686937] [drone_0_ego_planner_node]: P5 final gate blocked trajectory: action=REQUEST_REPLAN reason=current_low_margin planning_generation_id=26 final_gate_generation_id=26
[ERROR] [1787834773.317718902] [drone_0_ego_planner_node]: Failed to generate the first trajectory!!!
[WARN] [1787834773.333802938] [drone_0_ego_planner_node]: P5 final gate blocked trajectory: action=REQUEST_REPLAN reason=current_low_margin planning_generation_id=26 final_gate_generation_id=26
[ERROR] [1787834773.333832404] [drone_0_ego_planner_node]: Failed to generate the first trajectory!!!
[WARN] [1787834773.348401685] [drone_0_ego_planner_node]: P5 final gate blocked trajectory: action=REQUEST_REPLAN reason=current_low_margin planning_generation_id=26 final_gate_generation_id=26
[ERROR] [1787834773.348425553] [drone_0_ego_planner_node]: Failed to generate the first trajectory!!!
[WARN] [1787834773.364487430] [drone_0_ego_planner_node]: P5 final gate blocked trajectory: action=REQUEST_REPLAN reason=current_low_margin planning_generation_id=26 final_gate_generation_id=26
[ERROR] [1787834773.364516387] [drone_0_ego_planner_node]: Failed to generate the first trajectory!!!
[WARN] [1787834773.380606163] [drone_0_ego_planner_node]: P5 final gate blocked trajectory: action=REQUEST_REPLAN reason=current_low_margin planning_generation_id=26 final_gate_generation_id=26
[ERROR] [1787834773.380636088] [drone_0_ego_planner_node]: Failed to generate the first trajectory!!!
[WARN] [1787834773.395221934] [drone_0_ego_planner_node]: P5 final gate blocked trajectory: action=REQUEST_REPLAN reason=current_low_margin planning_generation_id=26 final_gate_generation_id=26
[ERROR] [1787834773.395245309] [drone_0_ego_planner_node]: Failed to generate the first trajectory!!!
[WARN] [1787834773.409794783] [drone_0_ego_planner_node]: P5 final gate blocked trajectory: action=REQUEST_REPLAN reason=current_low_margin planning_generation_id=26 final_gate_generation_id=26
[ERROR] [1787834773.409820241] [drone_0_ego_planner_node]: Failed to generate the first trajectory!!!
[WARN] [1787834773.425856842] [drone_0_ego_planner_node]: P5 final gate blocked trajectory: action=REQUEST_REPLAN reason=current_low_margin planning_generation_id=26 final_gate_generation_id=26
[ERROR] [1787834773.425886507] [drone_0_ego_planner_node]: Failed to generate the first trajectory!!!
[WARN] [1787834773.441934108] [drone_0_ego_planner_node]: P5 final gate blocked trajectory: action=REQUEST_REPLAN reason=current_low_margin planning_generation_id=26 final_gate_generation_id=26
[ERROR] [1787834773.441961938] [drone_0_ego_planner_node]: Failed to generate the first trajectory!!!
[WARN] [1787834773.458086343] [drone_0_ego_planner_node]: P5 final gate blocked trajectory: action=REQUEST_REPLAN reason=current_low_margin planning_generation_id=26 final_gate_generation_id=26
[ERROR] [1787834773.458115055] [drone_0_ego_planner_node]: Failed to generate the first trajectory!!!
[WARN] [1787834773.474151088] [drone_0_ego_planner_node]: P5 final gate blocked trajectory: action=REQUEST_REPLAN reason=current_low_margin planning_generation_id=26 final_gate_generation_id=26
[ERROR] [1787834773.474179491] [drone_0_ego_planner_node]: Failed to generate the first trajectory!!!
[WARN] [1787834773.488750229] [drone_0_ego_planner_node]: P5 final gate blocked trajectory: action=REQUEST_REPLAN reason=current_low_margin planning_generation_id=26 final_gate_generation_id=26
[ERROR] [1787834773.488775658] [drone_0_ego_planner_node]: Failed to generate the first trajectory!!!
[WARN] [1787834773.504873894] [drone_0_ego_planner_node]: P5 final gate blocked trajectory: action=REQUEST_REPLAN reason=current_low_margin planning_generation_id=26 final_gate_generation_id=26
[ERROR] [1787834773.504901431] [drone_0_ego_planner_node]: Failed to generate the first trajectory!!!
[WARN] [1787834773.521096639] [drone_0_ego_planner_node]: P5 final gate blocked trajectory: action=REQUEST_REPLAN reason=current_low_margin planning_generation_id=26 final_gate_generation_id=26
[ERROR] [1787834773.521130255] [drone_0_ego_planner_node]: Failed to generate the first trajectory!!!
[WARN] [1787834773.537196631] [drone_0_ego_planner_node]: P5 final gate blocked trajectory: action=REQUEST_REPLAN reason=current_low_margin planning_generation_id=26 final_gate_generation_id=26
[ERROR] [1787834773.537224472] [drone_0_ego_planner_node]: Failed to generate the first trajectory!!!
[WARN] [1787834773.553382557] [drone_0_ego_planner_node]: P5 final gate blocked trajectory: action=REQUEST_REPLAN reason=current_low_margin planning_generation_id=26 final_gate_generation_id=26
[ERROR] [1787834773.553410919] [drone_0_ego_planner_node]: Failed to generate the first trajectory!!!
[WARN] [1787834773.569544560] [drone_0_ego_planner_node]: P5 final gate blocked trajectory: action=REQUEST_REPLAN reason=current_low_margin planning_generation_id=26 final_gate_generation_id=26
[ERROR] [1787834773.569574345] [drone_0_ego_planner_node]: Failed to generate the first trajectory!!!
[WARN] [1787834773.584217743] [drone_0_ego_planner_node]: P5 final gate blocked trajectory: action=REQUEST_REPLAN reason=current_low_margin planning_generation_id=26 final_gate_generation_id=26
[ERROR] [1787834773.584242162] [drone_0_ego_planner_node]: Failed to generate the first trajectory!!!
[WARN] [1787834773.598816800] [drone_0_ego_planner_node]: P5 final gate blocked trajectory: action=REQUEST_REPLAN reason=current_low_margin planning_generation_id=26 final_gate_generation_id=26
[ERROR] [1787834773.598840101] [drone_0_ego_planner_node]: Failed to generate the first trajectory!!!
[WARN] [1787834773.614860644] [drone_0_ego_planner_node]: P5 final gate blocked trajectory: action=REQUEST_REPLAN reason=current_low_margin planning_generation_id=26 final_gate_generation_id=26
[ERROR] [1787834773.614889413] [drone_0_ego_planner_node]: Failed to generate the first trajectory!!!
[INFO] [1787834773.634735084] [drone_0_ego_planner_node]: [p0] risk grid ready=1 stale=0 age=0.000 valid=0.999 unknown=0.001 gen=27 provider_queries=127840 occupied_skip=160 provider_stale=0 provider_invalid=0 gnss_used=127840 lidar_used=93240 prior_used=127840 stale_current_prior=0 regularized=127840 conservative_max=0 lidar_points=28922 lidar_fim_primitives=481 lidar_fim_valid_normals=481 lidar_fim_fallback= dominant_unknown=occupied_skip:160 refresh_stamp=1657065623.680379 grid_stamp=1657065623.680379 elapsed_ms=275.099 queries=128000 reason=ok
[WARN] [1787834773.634914754] [drone_0_ego_planner_node]: P5 final gate blocked trajectory: action=REQUEST_REPLAN reason=current_low_margin planning_generation_id=27 final_gate_generation_id=27
[ERROR] [1787834773.634934852] [drone_0_ego_planner_node]: Failed to generate the first trajectory!!!
[WARN] [1787834773.649420991] [drone_0_ego_planner_node]: P5 final gate blocked trajectory: action=REQUEST_REPLAN reason=current_low_margin planning_generation_id=27 final_gate_generation_id=27
[ERROR] [1787834773.649442970] [drone_0_ego_planner_node]: Failed to generate the first trajectory!!!
[WARN] [1787834773.665409786] [drone_0_ego_planner_node]: P5 final gate blocked trajectory: action=REQUEST_REPLAN reason=current_low_margin planning_generation_id=27 final_gate_generation_id=27
[ERROR] [1787834773.665438311] [drone_0_ego_planner_node]: Failed to generate the first trajectory!!!
[WARN] [1787834773.679957240] [drone_0_ego_planner_node]: P5 final gate blocked trajectory: action=REQUEST_REPLAN reason=current_low_margin planning_generation_id=27 final_gate_generation_id=27
[ERROR] [1787834773.679978251] [drone_0_ego_planner_node]: Failed to generate the first trajectory!!!
[WARN] [1787834773.694591483] [drone_0_ego_planner_node]: P5 final gate blocked trajectory: action=REQUEST_REPLAN reason=current_low_margin planning_generation_id=27 final_gate_generation_id=27
[ERROR] [1787834773.694615162] [drone_0_ego_planner_node]: Failed to generate the first trajectory!!!
[WARN] [1787834773.710616609] [drone_0_ego_planner_node]: P5 final gate blocked trajectory: action=REQUEST_REPLAN reason=current_low_margin planning_generation_id=27 final_gate_generation_id=27
[ERROR] [1787834773.710644440] [drone_0_ego_planner_node]: Failed to generate the first trajectory!!!
[WARN] [1787834773.725224607] [drone_0_ego_planner_node]: P5 final gate blocked trajectory: action=REQUEST_REPLAN reason=current_low_margin planning_generation_id=27 final_gate_generation_id=27
[ERROR] [1787834773.725247714] [drone_0_ego_planner_node]: Failed to generate the first trajectory!!!
[WARN] [1787834773.741215766] [drone_0_ego_planner_node]: P5 final gate blocked trajectory: action=REQUEST_REPLAN reason=current_low_margin planning_generation_id=27 final_gate_generation_id=27
[ERROR] [1787834773.741241985] [drone_0_ego_planner_node]: Failed to generate the first trajectory!!!
[WARN] [1787834773.757255966] [drone_0_ego_planner_node]: P5 final gate blocked trajectory: action=REQUEST_REPLAN reason=current_low_margin planning_generation_id=27 final_gate_generation_id=27
[ERROR] [1787834773.757284774] [drone_0_ego_planner_node]: Failed to generate the first trajectory!!!
[WARN] [1787834773.773311730] [drone_0_ego_planner_node]: P5 final gate blocked trajectory: action=REQUEST_REPLAN reason=current_low_margin planning_generation_id=27 final_gate_generation_id=27
[ERROR] [1787834773.773338870] [drone_0_ego_planner_node]: Failed to generate the first trajectory!!!
[WARN] [1787834773.789332088] [drone_0_ego_planner_node]: P5 final gate blocked trajectory: action=REQUEST_REPLAN reason=current_low_margin planning_generation_id=27 final_gate_generation_id=27
[ERROR] [1787834773.789359760] [drone_0_ego_planner_node]: Failed to generate the first trajectory!!!
[WARN] [1787834773.803872291] [drone_0_ego_planner_node]: P5 final gate blocked trajectory: action=REQUEST_REPLAN reason=current_low_margin planning_generation_id=27 final_gate_generation_id=27
[ERROR] [1787834773.803889635] [drone_0_ego_planner_node]: Failed to generate the first trajectory!!!
[WARN] [1787834773.819983798] [drone_0_ego_planner_node]: P5 final gate blocked trajectory: action=REQUEST_REPLAN reason=current_low_margin planning_generation_id=27 final_gate_generation_id=27
[ERROR] [1787834773.820013149] [drone_0_ego_planner_node]: Failed to generate the first trajectory!!!
[WARN] [1787834773.835893742] [drone_0_ego_planner_node]: P5 final gate blocked trajectory: action=REQUEST_REPLAN reason=current_low_margin planning_generation_id=27 final_gate_generation_id=27
[ERROR] [1787834773.835919818] [drone_0_ego_planner_node]: Failed to generate the first trajectory!!!
[WARN] [1787834773.851876264] [drone_0_ego_planner_node]: P5 final gate blocked trajectory: action=REQUEST_REPLAN reason=current_low_margin planning_generation_id=27 final_gate_generation_id=27
[ERROR] [1787834773.851903158] [drone_0_ego_planner_node]: Failed to generate the first trajectory!!!
[WARN] [1787834773.866545134] [drone_0_ego_planner_node]: P5 final gate blocked trajectory: action=REQUEST_REPLAN reason=current_low_margin planning_generation_id=27 final_gate_generation_id=27
[ERROR] [1787834773.866571639] [drone_0_ego_planner_node]: Failed to generate the first trajectory!!!
[WARN] [1787834773.881302831] [drone_0_ego_planner_node]: P5 final gate blocked trajectory: action=REQUEST_REPLAN reason=current_low_margin planning_generation_id=27 final_gate_generation_id=27
[ERROR] [1787834773.881326795] [drone_0_ego_planner_node]: Failed to generate the first trajectory!!!
[WARN] [1787834773.897416403] [drone_0_ego_planner_node]: P5 final gate blocked trajectory: action=REQUEST_REPLAN reason=current_low_margin planning_generation_id=27 final_gate_generation_id=27
[ERROR] [1787834773.897447829] [drone_0_ego_planner_node]: Failed to generate the first trajectory!!!
[WARN] [1787834773.912034487] [drone_0_ego_planner_node]: P5 final gate blocked trajectory: action=REQUEST_REPLAN reason=current_low_margin planning_generation_id=27 final_gate_generation_id=27
[ERROR] [1787834773.912058462] [drone_0_ego_planner_node]: Failed to generate the first trajectory!!!
[WARN] [1787834773.926630281] [drone_0_ego_planner_node]: P5 final gate blocked trajectory: action=REQUEST_REPLAN reason=current_low_margin planning_generation_id=27 final_gate_generation_id=27
[ERROR] [1787834773.926652931] [drone_0_ego_planner_node]: Failed to generate the first trajectory!!!
[WARN] [1787834773.942566136] [drone_0_ego_planner_node]: P5 final gate blocked trajectory: action=REQUEST_REPLAN reason=current_low_margin planning_generation_id=27 final_gate_generation_id=27
[ERROR] [1787834773.942594072] [drone_0_ego_planner_node]: Failed to generate the first trajectory!!!
[WARN] [1787834773.957156399] [drone_0_ego_planner_node]: P5 final gate blocked trajectory: action=REQUEST_REPLAN reason=current_low_margin planning_generation_id=27 final_gate_generation_id=27
[ERROR] [1787834773.957180912] [drone_0_ego_planner_node]: Failed to generate the first trajectory!!!
[WARN] [1787834773.973273309] [drone_0_ego_planner_node]: P5 final gate blocked trajectory: action=REQUEST_REPLAN reason=current_low_margin planning_generation_id=27 final_gate_generation_id=27
[ERROR] [1787834773.973301913] [drone_0_ego_planner_node]: Failed to generate the first trajectory!!!
[WARN] [1787834773.987980455] [drone_0_ego_planner_node]: P5 final gate blocked trajectory: action=REQUEST_REPLAN reason=current_low_margin planning_generation_id=27 final_gate_generation_id=27
[ERROR] [1787834773.988004926] [drone_0_ego_planner_node]: Failed to generate the first trajectory!!!
[WARN] [1787834774.003902402] [drone_0_ego_planner_node]: P5 final gate blocked trajectory: action=REQUEST_REPLAN reason=current_low_margin planning_generation_id=27 final_gate_generation_id=27
[ERROR] [1787834774.003930146] [drone_0_ego_planner_node]: Failed to generate the first trajectory!!!
[WARN] [1787834774.020177066] [drone_0_ego_planner_node]: P5 final gate blocked trajectory: action=REQUEST_REPLAN reason=current_low_margin planning_generation_id=27 final_gate_generation_id=27
[ERROR] [1787834774.020207364] [drone_0_ego_planner_node]: Failed to generate the first trajectory!!!
[WARN] [1787834774.036176662] [drone_0_ego_planner_node]: P5 final gate blocked trajectory: action=REQUEST_REPLAN reason=current_low_margin planning_generation_id=27 final_gate_generation_id=27
[ERROR] [1787834774.036204679] [drone_0_ego_planner_node]: Failed to generate the first trajectory!!!
[WARN] [1787834774.052271581] [drone_0_ego_planner_node]: P5 final gate blocked trajectory: action=REQUEST_REPLAN reason=current_low_margin planning_generation_id=27 final_gate_generation_id=27
[ERROR] [1787834774.052302308] [drone_0_ego_planner_node]: Failed to generate the first trajectory!!!
[WARN] [1787834774.068453341] [drone_0_ego_planner_node]: P5 final gate blocked trajectory: action=REQUEST_REPLAN reason=current_low_margin planning_generation_id=27 final_gate_generation_id=27
[ERROR] [1787834774.068482012] [drone_0_ego_planner_node]: Failed to generate the first trajectory!!!
[WARN] [1787834774.083128770] [drone_0_ego_planner_node]: P5 final gate blocked trajectory: action=REQUEST_REPLAN reason=current_low_margin planning_generation_id=27 final_gate_generation_id=27
[ERROR] [1787834774.083155682] [drone_0_ego_planner_node]: Failed to generate the first trajectory!!!
[WARN] [1787834774.099193431] [drone_0_ego_planner_node]: P5 final gate blocked trajectory: action=REQUEST_REPLAN reason=current_low_margin planning_generation_id=27 final_gate_generation_id=27
[ERROR] [1787834774.099223838] [drone_0_ego_planner_node]: Failed to generate the first trajectory!!!
[WARN] [1787834774.115239604] [drone_0_ego_planner_node]: P5 final gate blocked trajectory: action=REQUEST_REPLAN reason=current_low_margin planning_generation_id=27 final_gate_generation_id=27
[ERROR] [1787834774.115268458] [drone_0_ego_planner_node]: Failed to generate the first trajectory!!!
[WARN] [1787834774.132962320] [drone_0_ego_planner_node]: P5 final gate blocked trajectory: action=REQUEST_REPLAN reason=current_low_margin planning_generation_id=28 final_gate_generation_id=28
[ERROR] [1787834774.132990617] [drone_0_ego_planner_node]: Failed to generate the first trajectory!!!
[WARN] [1787834774.149029416] [drone_0_ego_planner_node]: P5 final gate blocked trajectory: action=REQUEST_REPLAN reason=current_low_margin planning_generation_id=28 final_gate_generation_id=28
[ERROR] [1787834774.149059213] [drone_0_ego_planner_node]: Failed to generate the first trajectory!!!
[WARN] [1787834774.163590801] [drone_0_ego_planner_node]: P5 final gate blocked trajectory: action=REQUEST_REPLAN reason=current_low_margin planning_generation_id=28 final_gate_generation_id=28
[ERROR] [1787834774.163612987] [drone_0_ego_planner_node]: Failed to generate the first trajectory!!!
[WARN] [1787834774.179688237] [drone_0_ego_planner_node]: P5 final gate blocked trajectory: action=REQUEST_REPLAN reason=current_low_margin planning_generation_id=28 final_gate_generation_id=28
[ERROR] [1787834774.179717116] [drone_0_ego_planner_node]: Failed to generate the first trajectory!!!
[WARN] [1787834774.194194962] [drone_0_ego_planner_node]: P5 final gate blocked trajectory: action=REQUEST_REPLAN reason=current_low_margin planning_generation_id=28 final_gate_generation_id=28
[ERROR] [1787834774.194217908] [drone_0_ego_planner_node]: Failed to generate the first trajectory!!!
[WARN] [1787834774.208708978] [drone_0_ego_planner_node]: P5 final gate blocked trajectory: action=REQUEST_REPLAN reason=current_low_margin planning_generation_id=28 final_gate_generation_id=28
[ERROR] [1787834774.208730065] [drone_0_ego_planner_node]: Failed to generate the first trajectory!!!
[WARN] [1787834774.224778075] [drone_0_ego_planner_node]: P5 final gate blocked trajectory: action=REQUEST_REPLAN reason=current_low_margin planning_generation_id=28 final_gate_generation_id=28
[ERROR] [1787834774.224807239] [drone_0_ego_planner_node]: Failed to generate the first trajectory!!!
[WARN] [1787834774.239392002] [drone_0_ego_planner_node]: P5 final gate blocked trajectory: action=REQUEST_REPLAN reason=current_low_margin planning_generation_id=28 final_gate_generation_id=28
[ERROR] [1787834774.239415832] [drone_0_ego_planner_node]: Failed to generate the first trajectory!!!
[WARN] [1787834774.255499902] [drone_0_ego_planner_node]: P5 final gate blocked trajectory: action=REQUEST_REPLAN reason=current_low_margin planning_generation_id=28 final_gate_generation_id=28
[ERROR] [1787834774.255529746] [drone_0_ego_planner_node]: Failed to generate the first trajectory!!!
[WARN] [1787834774.271706863] [drone_0_ego_planner_node]: P5 final gate blocked trajectory: action=REQUEST_REPLAN reason=current_low_margin planning_generation_id=28 final_gate_generation_id=28
[ERROR] [1787834774.271737042] [drone_0_ego_planner_node]: Failed to generate the first trajectory!!!
[WARN] [1787834774.287812100] [drone_0_ego_planner_node]: P5 final gate blocked trajectory: action=REQUEST_REPLAN reason=current_low_margin planning_generation_id=28 final_gate_generation_id=28
[ERROR] [1787834774.287844766] [drone_0_ego_planner_node]: Failed to generate the first trajectory!!!
[WARN] [1787834774.302384130] [drone_0_ego_planner_node]: P5 final gate blocked trajectory: action=REQUEST_REPLAN reason=current_low_margin planning_generation_id=28 final_gate_generation_id=28
[ERROR] [1787834774.302406670] [drone_0_ego_planner_node]: Failed to generate the first trajectory!!!
[WARN] [1787834774.318729062] [drone_0_ego_planner_node]: P5 final gate blocked trajectory: action=REQUEST_REPLAN reason=current_low_margin planning_generation_id=28 final_gate_generation_id=28
[ERROR] [1787834774.318757008] [drone_0_ego_planner_node]: Failed to generate the first trajectory!!!
[WARN] [1787834774.333213940] [drone_0_ego_planner_node]: P5 final gate blocked trajectory: action=REQUEST_REPLAN reason=current_low_margin planning_generation_id=28 final_gate_generation_id=28
[ERROR] [1787834774.333238114] [drone_0_ego_planner_node]: Failed to generate the first trajectory!!!
[WARN] [1787834774.349267567] [drone_0_ego_planner_node]: P5 final gate blocked trajectory: action=REQUEST_REPLAN reason=current_low_margin planning_generation_id=28 final_gate_generation_id=28
[ERROR] [1787834774.349294818] [drone_0_ego_planner_node]: Failed to generate the first trajectory!!!
[WARN] [1787834774.365397966] [drone_0_ego_planner_node]: P5 final gate blocked trajectory: action=REQUEST_REPLAN reason=current_low_margin planning_generation_id=28 final_gate_generation_id=28
[ERROR] [1787834774.365428531] [drone_0_ego_planner_node]: Failed to generate the first trajectory!!!
[WARN] [1787834774.381615347] [drone_0_ego_planner_node]: P5 final gate blocked trajectory: action=REQUEST_REPLAN reason=current_low_margin planning_generation_id=28 final_gate_generation_id=28
[ERROR] [1787834774.381646834] [drone_0_ego_planner_node]: Failed to generate the first trajectory!!!
[WARN] [1787834774.397726908] [drone_0_ego_planner_node]: P5 final gate blocked trajectory: action=REQUEST_REPLAN reason=current_low_margin planning_generation_id=28 final_gate_generation_id=28
[ERROR] [1787834774.397759122] [drone_0_ego_planner_node]: Failed to generate the first trajectory!!!
[WARN] [1787834774.413813449] [drone_0_ego_planner_node]: P5 final gate blocked trajectory: action=REQUEST_REPLAN reason=current_low_margin planning_generation_id=28 final_gate_generation_id=28
[ERROR] [1787834774.413843095] [drone_0_ego_planner_node]: Failed to generate the first trajectory!!!
[WARN] [1787834774.429897063] [drone_0_ego_planner_node]: P5 final gate blocked trajectory: action=REQUEST_REPLAN reason=current_low_margin planning_generation_id=28 final_gate_generation_id=28
[ERROR] [1787834774.429926917] [drone_0_ego_planner_node]: Failed to generate the first trajectory!!!
[WARN] [1787834774.445969352] [drone_0_ego_planner_node]: P5 final gate blocked trajectory: action=REQUEST_REPLAN reason=current_low_margin planning_generation_id=28 final_gate_generation_id=28
[ERROR] [1787834774.445997641] [drone_0_ego_planner_node]: Failed to generate the first trajectory!!!
[WARN] [1787834774.462043437] [drone_0_ego_planner_node]: P5 final gate blocked trajectory: action=REQUEST_REPLAN reason=current_low_margin planning_generation_id=28 final_gate_generation_id=28
[ERROR] [1787834774.462079773] [drone_0_ego_planner_node]: Failed to generate the first trajectory!!!
[WARN] [1787834774.478299170] [drone_0_ego_planner_node]: P5 final gate blocked trajectory: action=REQUEST_REPLAN reason=current_low_margin planning_generation_id=28 final_gate_generation_id=28
[ERROR] [1787834774.478327975] [drone_0_ego_planner_node]: Failed to generate the first trajectory!!!
[WARN] [1787834774.492893766] [drone_0_ego_planner_node]: P5 final gate blocked trajectory: action=REQUEST_REPLAN reason=current_low_margin planning_generation_id=28 final_gate_generation_id=28
[ERROR] [1787834774.492919887] [drone_0_ego_planner_node]: Failed to generate the first trajectory!!!
[WARN] [1787834774.508865683] [drone_0_ego_planner_node]: P5 final gate blocked trajectory: action=REQUEST_REPLAN reason=current_low_margin planning_generation_id=28 final_gate_generation_id=28
[ERROR] [1787834774.508894074] [drone_0_ego_planner_node]: Failed to generate the first trajectory!!!
[WARN] [1787834774.523418548] [drone_0_ego_planner_node]: P5 final gate blocked trajectory: action=REQUEST_REPLAN reason=current_low_margin planning_generation_id=28 final_gate_generation_id=28
[ERROR] [1787834774.523442790] [drone_0_ego_planner_node]: Failed to generate the first trajectory!!!
[WARN] [1787834774.537952196] [drone_0_ego_planner_node]: P5 final gate blocked trajectory: action=REQUEST_REPLAN reason=current_low_margin planning_generation_id=28 final_gate_generation_id=28
[ERROR] [1787834774.537974538] [drone_0_ego_planner_node]: Failed to generate the first trajectory!!!
[WARN] [1787834774.552569759] [drone_0_ego_planner_node]: P5 final gate blocked trajectory: action=REQUEST_REPLAN reason=current_low_margin planning_generation_id=28 final_gate_generation_id=28
[ERROR] [1787834774.552598050] [drone_0_ego_planner_node]: Failed to generate the first trajectory!!!
[WARN] [1787834774.568599994] [drone_0_ego_planner_node]: P5 final gate blocked trajectory: action=REQUEST_REPLAN reason=current_low_margin planning_generation_id=28 final_gate_generation_id=28
[ERROR] [1787834774.568627996] [drone_0_ego_planner_node]: Failed to generate the first trajectory!!!
[WARN] [1787834774.583221742] [drone_0_ego_planner_node]: P5 final gate blocked trajectory: action=REQUEST_REPLAN reason=current_low_margin planning_generation_id=28 final_gate_generation_id=28
[ERROR] [1787834774.583245781] [drone_0_ego_planner_node]: Failed to generate the first trajectory!!!
[WARN] [1787834774.599314051] [drone_0_ego_planner_node]: P5 final gate blocked trajectory: action=REQUEST_REPLAN reason=current_low_margin planning_generation_id=28 final_gate_generation_id=28
[ERROR] [1787834774.599341554] [drone_0_ego_planner_node]: Failed to generate the first trajectory!!!
[WARN] [1787834774.615489554] [drone_0_ego_planner_node]: P5 final gate blocked trajectory: action=REQUEST_REPLAN reason=current_low_margin planning_generation_id=28 final_gate_generation_id=28
[ERROR] [1787834774.615544114] [drone_0_ego_planner_node]: Failed to generate the first trajectory!!!
[WARN] [1787834774.631713982] [drone_0_ego_planner_node]: P5 final gate using latest risk snapshot: planning_generation_id=28 final_gate_generation_id=29
[WARN] [1787834774.631877354] [drone_0_ego_planner_node]: P5 final gate blocked trajectory: action=REQUEST_REPLAN reason=current_low_margin planning_generation_id=28 final_gate_generation_id=29
[ERROR] [1787834774.631891988] [drone_0_ego_planner_node]: Failed to generate the first trajectory!!!
[WARN] [1787834774.647921146] [drone_0_ego_planner_node]: P5 final gate blocked trajectory: action=REQUEST_REPLAN reason=current_low_margin planning_generation_id=29 final_gate_generation_id=29
[ERROR] [1787834774.647944419] [drone_0_ego_planner_node]: Failed to generate the first trajectory!!!
[WARN] [1787834774.662430336] [drone_0_ego_planner_node]: P5 final gate blocked trajectory: action=REQUEST_REPLAN reason=current_low_margin planning_generation_id=29 final_gate_generation_id=29
[ERROR] [1787834774.662451259] [drone_0_ego_planner_node]: Failed to generate the first trajectory!!!
[WARN] [1787834774.678420370] [drone_0_ego_planner_node]: P5 final gate blocked trajectory: action=REQUEST_REPLAN reason=current_low_margin planning_generation_id=29 final_gate_generation_id=29
[ERROR] [1787834774.678449250] [drone_0_ego_planner_node]: Failed to generate the first trajectory!!!
[WARN] [1787834774.692967227] [drone_0_ego_planner_node]: P5 final gate blocked trajectory: action=REQUEST_REPLAN reason=current_low_margin planning_generation_id=29 final_gate_generation_id=29
[ERROR] [1787834774.692989759] [drone_0_ego_planner_node]: Failed to generate the first trajectory!!!
[WARN] [1787834774.708954250] [drone_0_ego_planner_node]: P5 final gate blocked trajectory: action=REQUEST_REPLAN reason=current_low_margin planning_generation_id=29 final_gate_generation_id=29
[ERROR] [1787834774.708982532] [drone_0_ego_planner_node]: Failed to generate the first trajectory!!!
[WARN] [1787834774.724949811] [drone_0_ego_planner_node]: P5 final gate blocked trajectory: action=REQUEST_REPLAN reason=current_low_margin planning_generation_id=29 final_gate_generation_id=29
[ERROR] [1787834774.724976480] [drone_0_ego_planner_node]: Failed to generate the first trajectory!!!
[WARN] [1787834774.739503293] [drone_0_ego_planner_node]: P5 final gate blocked trajectory: action=REQUEST_REPLAN reason=current_low_margin planning_generation_id=29 final_gate_generation_id=29
[ERROR] [1787834774.739524201] [drone_0_ego_planner_node]: Failed to generate the first trajectory!!!
[WARN] [1787834774.754115359] [drone_0_ego_planner_node]: P5 final gate blocked trajectory: action=REQUEST_REPLAN reason=current_low_margin planning_generation_id=29 final_gate_generation_id=29
[ERROR] [1787834774.754139355] [drone_0_ego_planner_node]: Failed to generate the first trajectory!!!
[WARN] [1787834774.768734791] [drone_0_ego_planner_node]: P5 final gate blocked trajectory: action=REQUEST_REPLAN reason=current_low_margin planning_generation_id=29 final_gate_generation_id=29
[ERROR] [1787834774.768758317] [drone_0_ego_planner_node]: Failed to generate the first trajectory!!!
[WARN] [1787834774.783365972] [drone_0_ego_planner_node]: P5 final gate blocked trajectory: action=REQUEST_REPLAN reason=current_low_margin planning_generation_id=29 final_gate_generation_id=29
[ERROR] [1787834774.783390899] [drone_0_ego_planner_node]: Failed to generate the first trajectory!!!
[WARN] [1787834774.799447784] [drone_0_ego_planner_node]: P5 final gate blocked trajectory: action=REQUEST_REPLAN reason=current_low_margin planning_generation_id=29 final_gate_generation_id=29
[ERROR] [1787834774.799477065] [drone_0_ego_planner_node]: Failed to generate the first trajectory!!!
[WARN] [1787834774.815492066] [drone_0_ego_planner_node]: P5 final gate blocked trajectory: action=REQUEST_REPLAN reason=current_low_margin planning_generation_id=29 final_gate_generation_id=29
[ERROR] [1787834774.815523176] [drone_0_ego_planner_node]: Failed to generate the first trajectory!!!
[WARN] [1787834774.831456091] [drone_0_ego_planner_node]: P5 final gate blocked trajectory: action=REQUEST_REPLAN reason=current_low_margin planning_generation_id=29 final_gate_generation_id=29
[ERROR] [1787834774.831483470] [drone_0_ego_planner_node]: Failed to generate the first trajectory!!!
[WARN] [1787834774.847404563] [drone_0_ego_planner_node]: P5 final gate blocked trajectory: action=REQUEST_REPLAN reason=current_low_margin planning_generation_id=29 final_gate_generation_id=29
[ERROR] [1787834774.847430874] [drone_0_ego_planner_node]: Failed to generate the first trajectory!!!
[WARN] [1787834774.862058731] [drone_0_ego_planner_node]: P5 final gate blocked trajectory: action=REQUEST_REPLAN reason=current_low_margin planning_generation_id=29 final_gate_generation_id=29
[ERROR] [1787834774.862087625] [drone_0_ego_planner_node]: Failed to generate the first trajectory!!!
[WARN] [1787834774.876746415] [drone_0_ego_planner_node]: P5 final gate blocked trajectory: action=REQUEST_REPLAN reason=current_low_margin planning_generation_id=29 final_gate_generation_id=29
[ERROR] [1787834774.876775236] [drone_0_ego_planner_node]: Failed to generate the first trajectory!!!
[WARN] [1787834774.892802402] [drone_0_ego_planner_node]: P5 final gate blocked trajectory: action=REQUEST_REPLAN reason=current_low_margin planning_generation_id=29 final_gate_generation_id=29
[ERROR] [1787834774.892830232] [drone_0_ego_planner_node]: Failed to generate the first trajectory!!!
[WARN] [1787834774.908792868] [drone_0_ego_planner_node]: P5 final gate blocked trajectory: action=REQUEST_REPLAN reason=current_low_margin planning_generation_id=29 final_gate_generation_id=29
[ERROR] [1787834774.908823194] [drone_0_ego_planner_node]: Failed to generate the first trajectory!!!
[WARN] [1787834774.924988654] [drone_0_ego_planner_node]: P5 final gate blocked trajectory: action=REQUEST_REPLAN reason=current_low_margin planning_generation_id=29 final_gate_generation_id=29
[ERROR] [1787834774.925017962] [drone_0_ego_planner_node]: Failed to generate the first trajectory!!!
[WARN] [1787834774.941032710] [drone_0_ego_planner_node]: P5 final gate blocked trajectory: action=REQUEST_REPLAN reason=current_low_margin planning_generation_id=29 final_gate_generation_id=29
[ERROR] [1787834774.941060260] [drone_0_ego_planner_node]: Failed to generate the first trajectory!!!
[WARN] [1787834774.957199755] [drone_0_ego_planner_node]: P5 final gate blocked trajectory: action=REQUEST_REPLAN reason=current_low_margin planning_generation_id=29 final_gate_generation_id=29
[ERROR] [1787834774.957227023] [drone_0_ego_planner_node]: Failed to generate the first trajectory!!!
[WARN] [1787834774.973256397] [drone_0_ego_planner_node]: P5 final gate blocked trajectory: action=REQUEST_REPLAN reason=current_low_margin planning_generation_id=29 final_gate_generation_id=29
[ERROR] [1787834774.973286368] [drone_0_ego_planner_node]: Failed to generate the first trajectory!!!
[WARN] [1787834774.989339285] [drone_0_ego_planner_node]: P5 final gate blocked trajectory: action=REQUEST_REPLAN reason=current_low_margin planning_generation_id=29 final_gate_generation_id=29
[ERROR] [1787834774.989369842] [drone_0_ego_planner_node]: Failed to generate the first trajectory!!!
[WARN] [1787834775.003909549] [drone_0_ego_planner_node]: P5 final gate blocked trajectory: action=REQUEST_REPLAN reason=current_low_margin planning_generation_id=29 final_gate_generation_id=29
[ERROR] [1787834775.003932284] [drone_0_ego_planner_node]: Failed to generate the first trajectory!!!
[WARN] [1787834775.019900257] [drone_0_ego_planner_node]: P5 final gate blocked trajectory: action=REQUEST_REPLAN reason=current_low_margin planning_generation_id=29 final_gate_generation_id=29
[ERROR] [1787834775.019929533] [drone_0_ego_planner_node]: Failed to generate the first trajectory!!!
[WARN] [1787834775.035960264] [drone_0_ego_planner_node]: P5 final gate blocked trajectory: action=REQUEST_REPLAN reason=current_low_margin planning_generation_id=29 final_gate_generation_id=29
[ERROR] [1787834775.035988693] [drone_0_ego_planner_node]: Failed to generate the first trajectory!!!
[WARN] [1787834775.052007243] [drone_0_ego_planner_node]: P5 final gate blocked trajectory: action=REQUEST_REPLAN reason=current_low_margin planning_generation_id=29 final_gate_generation_id=29
[ERROR] [1787834775.052034936] [drone_0_ego_planner_node]: Failed to generate the first trajectory!!!
[WARN] [1787834775.066620415] [drone_0_ego_planner_node]: P5 final gate blocked trajectory: action=REQUEST_REPLAN reason=current_low_margin planning_generation_id=29 final_gate_generation_id=29
[ERROR] [1787834775.066644235] [drone_0_ego_planner_node]: Failed to generate the first trajectory!!!
[WARN] [1787834775.083059631] [drone_0_ego_planner_node]: P5 final gate blocked trajectory: action=REQUEST_REPLAN reason=current_low_margin planning_generation_id=29 final_gate_generation_id=29
[ERROR] [1787834775.083093716] [drone_0_ego_planner_node]: Failed to generate the first trajectory!!!
[WARN] [1787834775.099070863] [drone_0_ego_planner_node]: P5 final gate blocked trajectory: action=REQUEST_REPLAN reason=current_low_margin planning_generation_id=29 final_gate_generation_id=29
[ERROR] [1787834775.099100536] [drone_0_ego_planner_node]: Failed to generate the first trajectory!!!
[WARN] [1787834775.113678395] [drone_0_ego_planner_node]: P5 final gate blocked trajectory: action=REQUEST_REPLAN reason=current_low_margin planning_generation_id=29 final_gate_generation_id=29
[ERROR] [1787834775.113702982] [drone_0_ego_planner_node]: Failed to generate the first trajectory!!!
[WARN] [1787834775.128313375] [drone_0_ego_planner_node]: P5 final gate using latest risk snapshot: planning_generation_id=29 final_gate_generation_id=30
[WARN] [1787834775.128450912] [drone_0_ego_planner_node]: P5 final gate blocked trajectory: action=REQUEST_REPLAN reason=current_low_margin planning_generation_id=29 final_gate_generation_id=30
[ERROR] [1787834775.128459117] [drone_0_ego_planner_node]: Failed to generate the first trajectory!!!
[WARN] [1787834775.144607514] [drone_0_ego_planner_node]: P5 final gate blocked trajectory: action=REQUEST_REPLAN reason=current_low_margin planning_generation_id=30 final_gate_generation_id=30
[ERROR] [1787834775.144632523] [drone_0_ego_planner_node]: Failed to generate the first trajectory!!!
[WARN] [1787834775.160638818] [drone_0_ego_planner_node]: P5 final gate blocked trajectory: action=REQUEST_REPLAN reason=current_low_margin planning_generation_id=30 final_gate_generation_id=30
[ERROR] [1787834775.160667571] [drone_0_ego_planner_node]: Failed to generate the first trajectory!!!
[WARN] [1787834775.176710969] [drone_0_ego_planner_node]: P5 final gate blocked trajectory: action=REQUEST_REPLAN reason=current_low_margin planning_generation_id=30 final_gate_generation_id=30
[ERROR] [1787834775.176741130] [drone_0_ego_planner_node]: Failed to generate the first trajectory!!!
[WARN] [1787834775.192769794] [drone_0_ego_planner_node]: P5 final gate blocked trajectory: action=REQUEST_REPLAN reason=current_low_margin planning_generation_id=30 final_gate_generation_id=30
[ERROR] [1787834775.192798612] [drone_0_ego_planner_node]: Failed to generate the first trajectory!!!
[WARN] [1787834775.207312495] [drone_0_ego_planner_node]: P5 final gate blocked trajectory: action=REQUEST_REPLAN reason=current_low_margin planning_generation_id=30 final_gate_generation_id=30
[ERROR] [1787834775.207336083] [drone_0_ego_planner_node]: Failed to generate the first trajectory!!!
[WARN] [1787834775.221892384] [drone_0_ego_planner_node]: P5 final gate blocked trajectory: action=REQUEST_REPLAN reason=current_low_margin planning_generation_id=30 final_gate_generation_id=30
[ERROR] [1787834775.221914786] [drone_0_ego_planner_node]: Failed to generate the first trajectory!!!
[WARN] [1787834775.236394841] [drone_0_ego_planner_node]: P5 final gate blocked trajectory: action=REQUEST_REPLAN reason=current_low_margin planning_generation_id=30 final_gate_generation_id=30
[ERROR] [1787834775.236414429] [drone_0_ego_planner_node]: Failed to generate the first trajectory!!!
[WARN] [1787834775.252461081] [drone_0_ego_planner_node]: P5 final gate blocked trajectory: action=REQUEST_REPLAN reason=current_low_margin planning_generation_id=30 final_gate_generation_id=30
[ERROR] [1787834775.252487942] [drone_0_ego_planner_node]: Failed to generate the first trajectory!!!
[WARN] [1787834775.268512086] [drone_0_ego_planner_node]: P5 final gate blocked trajectory: action=REQUEST_REPLAN reason=current_low_margin planning_generation_id=30 final_gate_generation_id=30
[ERROR] [1787834775.268537950] [drone_0_ego_planner_node]: Failed to generate the first trajectory!!!
[WARN] [1787834775.283126999] [drone_0_ego_planner_node]: P5 final gate blocked trajectory: action=REQUEST_REPLAN reason=current_low_margin planning_generation_id=30 final_gate_generation_id=30
[ERROR] [1787834775.283151011] [drone_0_ego_planner_node]: Failed to generate the first trajectory!!!
[WARN] [1787834775.297709783] [drone_0_ego_planner_node]: P5 final gate blocked trajectory: action=REQUEST_REPLAN reason=current_low_margin planning_generation_id=30 final_gate_generation_id=30
[ERROR] [1787834775.297734275] [drone_0_ego_planner_node]: Failed to generate the first trajectory!!!
[WARN] [1787834775.312305318] [drone_0_ego_planner_node]: P5 final gate blocked trajectory: action=REQUEST_REPLAN reason=current_low_margin planning_generation_id=30 final_gate_generation_id=30
[ERROR] [1787834775.312329368] [drone_0_ego_planner_node]: Failed to generate the first trajectory!!!
[WARN] [1787834775.326893038] [drone_0_ego_planner_node]: P5 final gate blocked trajectory: action=REQUEST_REPLAN reason=current_low_margin planning_generation_id=30 final_gate_generation_id=30
[ERROR] [1787834775.326918049] [drone_0_ego_planner_node]: Failed to generate the first trajectory!!!
[WARN] [1787834775.341535398] [drone_0_ego_planner_node]: P5 final gate blocked trajectory: action=REQUEST_REPLAN reason=current_low_margin planning_generation_id=30 final_gate_generation_id=30
[ERROR] [1787834775.341561795] [drone_0_ego_planner_node]: Failed to generate the first trajectory!!!
[WARN] [1787834775.357616036] [drone_0_ego_planner_node]: P5 final gate blocked trajectory: action=REQUEST_REPLAN reason=current_low_margin planning_generation_id=30 final_gate_generation_id=30
[ERROR] [1787834775.357642999] [drone_0_ego_planner_node]: Failed to generate the first trajectory!!!
[WARN] [1787834775.372310542] [drone_0_ego_planner_node]: P5 final gate blocked trajectory: action=REQUEST_REPLAN reason=current_low_margin planning_generation_id=30 final_gate_generation_id=30
[ERROR] [1787834775.372333024] [drone_0_ego_planner_node]: Failed to generate the first trajectory!!!
[WARN] [1787834775.388462528] [drone_0_ego_planner_node]: P5 final gate blocked trajectory: action=REQUEST_REPLAN reason=current_low_margin planning_generation_id=30 final_gate_generation_id=30
[ERROR] [1787834775.388493609] [drone_0_ego_planner_node]: Failed to generate the first trajectory!!!
[WARN] [1787834775.403044013] [drone_0_ego_planner_node]: P5 final gate blocked trajectory: action=REQUEST_REPLAN reason=current_low_margin planning_generation_id=30 final_gate_generation_id=30
[ERROR] [1787834775.403069827] [drone_0_ego_planner_node]: Failed to generate the first trajectory!!!
[WARN] [1787834775.417673805] [drone_0_ego_planner_node]: P5 final gate blocked trajectory: action=REQUEST_REPLAN reason=current_low_margin planning_generation_id=30 final_gate_generation_id=30
[ERROR] [1787834775.417698485] [drone_0_ego_planner_node]: Failed to generate the first trajectory!!!
[WARN] [1787834775.432266832] [drone_0_ego_planner_node]: P5 final gate blocked trajectory: action=REQUEST_REPLAN reason=current_low_margin planning_generation_id=30 final_gate_generation_id=30
[ERROR] [1787834775.432289089] [drone_0_ego_planner_node]: Failed to generate the first trajectory!!!
[WARN] [1787834775.448403323] [drone_0_ego_planner_node]: P5 final gate blocked trajectory: action=REQUEST_REPLAN reason=current_low_margin planning_generation_id=30 final_gate_generation_id=30
[ERROR] [1787834775.448432057] [drone_0_ego_planner_node]: Failed to generate the first trajectory!!!
[WARN] [1787834775.464505979] [drone_0_ego_planner_node]: P5 final gate blocked trajectory: action=REQUEST_REPLAN reason=current_low_margin planning_generation_id=30 final_gate_generation_id=30
[ERROR] [1787834775.464535180] [drone_0_ego_planner_node]: Failed to generate the first trajectory!!!
[WARN] [1787834775.480624457] [drone_0_ego_planner_node]: P5 final gate blocked trajectory: action=REQUEST_REPLAN reason=current_low_margin planning_generation_id=30 final_gate_generation_id=30
[ERROR] [1787834775.480652581] [drone_0_ego_planner_node]: Failed to generate the first trajectory!!!
[WARN] [1787834775.496680737] [drone_0_ego_planner_node]: P5 final gate blocked trajectory: action=REQUEST_REPLAN reason=current_low_margin planning_generation_id=30 final_gate_generation_id=30
[ERROR] [1787834775.496707403] [drone_0_ego_planner_node]: Failed to generate the first trajectory!!!
[WARN] [1787834775.513117472] [drone_0_ego_planner_node]: P5 final gate blocked trajectory: action=REQUEST_REPLAN reason=current_low_margin planning_generation_id=30 final_gate_generation_id=30
[ERROR] [1787834775.513146798] [drone_0_ego_planner_node]: Failed to generate the first trajectory!!!
[WARN] [1787834775.529182349] [drone_0_ego_planner_node]: P5 final gate blocked trajectory: action=REQUEST_REPLAN reason=current_low_margin planning_generation_id=30 final_gate_generation_id=30
[ERROR] [1787834775.529211009] [drone_0_ego_planner_node]: Failed to generate the first trajectory!!!
[WARN] [1787834775.545273230] [drone_0_ego_planner_node]: P5 final gate blocked trajectory: action=REQUEST_REPLAN reason=current_low_margin planning_generation_id=30 final_gate_generation_id=30
[ERROR] [1787834775.545301373] [drone_0_ego_planner_node]: Failed to generate the first trajectory!!!
[WARN] [1787834775.561329210] [drone_0_ego_planner_node]: P5 final gate blocked trajectory: action=REQUEST_REPLAN reason=current_low_margin planning_generation_id=30 final_gate_generation_id=30
[ERROR] [1787834775.561356510] [drone_0_ego_planner_node]: Failed to generate the first trajectory!!!
[WARN] [1787834775.575913574] [drone_0_ego_planner_node]: P5 final gate blocked trajectory: action=REQUEST_REPLAN reason=current_low_margin planning_generation_id=30 final_gate_generation_id=30
[ERROR] [1787834775.575938328] [drone_0_ego_planner_node]: Failed to generate the first trajectory!!!
[WARN] [1787834775.592131971] [drone_0_ego_planner_node]: P5 final gate blocked trajectory: action=REQUEST_REPLAN reason=current_low_margin planning_generation_id=30 final_gate_generation_id=30
[ERROR] [1787834775.592160347] [drone_0_ego_planner_node]: Failed to generate the first trajectory!!!
[WARN] [1787834775.606709169] [drone_0_ego_planner_node]: P5 final gate blocked trajectory: action=REQUEST_REPLAN reason=current_low_margin planning_generation_id=30 final_gate_generation_id=30
[ERROR] [1787834775.606732150] [drone_0_ego_planner_node]: Failed to generate the first trajectory!!!
[WARN] [1787834775.621408258] [drone_0_ego_planner_node]: P5 final gate blocked trajectory: action=REQUEST_REPLAN reason=current_low_margin planning_generation_id=30 final_gate_generation_id=30
[ERROR] [1787834775.621431327] [drone_0_ego_planner_node]: Failed to generate the first trajectory!!!
[WARN] [1787834775.637741800] [drone_0_ego_planner_node]: P5 final gate blocked trajectory: action=REQUEST_REPLAN reason=current_low_margin planning_generation_id=31 final_gate_generation_id=31
[ERROR] [1787834775.637766807] [drone_0_ego_planner_node]: Failed to generate the first trajectory!!!
[INFO] [1787834775.641867670] [drone_0_ego_planner_node]: [p0] risk grid ready=1 stale=0 age=0.000 valid=0.999 unknown=0.001 gen=31 provider_queries=127840 occupied_skip=160 provider_stale=0 provider_invalid=0 gnss_used=127840 lidar_used=93240 prior_used=127840 stale_current_prior=0 regularized=127840 conservative_max=0 lidar_points=28922 lidar_fim_primitives=481 lidar_fim_valid_normals=481 lidar_fim_fallback= dominant_unknown=occupied_skip:160 refresh_stamp=1657065625.680433 grid_stamp=1657065625.680433 elapsed_ms=282.104 queries=128000 reason=ok
[WARN] [1787834775.653838745] [drone_0_ego_planner_node]: P5 final gate blocked trajectory: action=REQUEST_REPLAN reason=current_low_margin planning_generation_id=31 final_gate_generation_id=31
[ERROR] [1787834775.653867421] [drone_0_ego_planner_node]: Failed to generate the first trajectory!!!
[WARN] [1787834775.669906918] [drone_0_ego_planner_node]: P5 final gate blocked trajectory: action=REQUEST_REPLAN reason=current_low_margin planning_generation_id=31 final_gate_generation_id=31
[ERROR] [1787834775.669935527] [drone_0_ego_planner_node]: Failed to generate the first trajectory!!!
[WARN] [1787834775.686039326] [drone_0_ego_planner_node]: P5 final gate blocked trajectory: action=REQUEST_REPLAN reason=current_low_margin planning_generation_id=31 final_gate_generation_id=31
[ERROR] [1787834775.686070497] [drone_0_ego_planner_node]: Failed to generate the first trajectory!!!
[WARN] [1787834775.702135464] [drone_0_ego_planner_node]: P5 final gate blocked trajectory: action=REQUEST_REPLAN reason=current_low_margin planning_generation_id=31 final_gate_generation_id=31
[ERROR] [1787834775.702163386] [drone_0_ego_planner_node]: Failed to generate the first trajectory!!!
[WARN] [1787834775.718350148] [drone_0_ego_planner_node]: P5 final gate blocked trajectory: action=REQUEST_REPLAN reason=current_low_margin planning_generation_id=31 final_gate_generation_id=31
[ERROR] [1787834775.718378846] [drone_0_ego_planner_node]: Failed to generate the first trajectory!!!
[WARN] [1787834775.734367685] [drone_0_ego_planner_node]: P5 final gate blocked trajectory: action=REQUEST_REPLAN reason=current_low_margin planning_generation_id=31 final_gate_generation_id=31
[ERROR] [1787834775.734394187] [drone_0_ego_planner_node]: Failed to generate the first trajectory!!!
[WARN] [1787834775.748932945] [drone_0_ego_planner_node]: P5 final gate blocked trajectory: action=REQUEST_REPLAN reason=current_low_margin planning_generation_id=31 final_gate_generation_id=31
[ERROR] [1787834775.748955106] [drone_0_ego_planner_node]: Failed to generate the first trajectory!!!
[WARN] [1787834775.764999128] [drone_0_ego_planner_node]: P5 final gate blocked trajectory: action=REQUEST_REPLAN reason=current_low_margin planning_generation_id=31 final_gate_generation_id=31
[ERROR] [1787834775.765028075] [drone_0_ego_planner_node]: Failed to generate the first trajectory!!!
[WARN] [1787834775.781206275] [drone_0_ego_planner_node]: P5 final gate blocked trajectory: action=REQUEST_REPLAN reason=current_low_margin planning_generation_id=31 final_gate_generation_id=31
[ERROR] [1787834775.781229548] [drone_0_ego_planner_node]: Failed to generate the first trajectory!!!
[WARN] [1787834775.795757689] [drone_0_ego_planner_node]: P5 final gate blocked trajectory: action=REQUEST_REPLAN reason=current_low_margin planning_generation_id=31 final_gate_generation_id=31
[ERROR] [1787834775.795780346] [drone_0_ego_planner_node]: Failed to generate the first trajectory!!!
[WARN] [1787834775.811766545] [drone_0_ego_planner_node]: P5 final gate blocked trajectory: action=REQUEST_REPLAN reason=current_low_margin planning_generation_id=31 final_gate_generation_id=31
[ERROR] [1787834775.811798284] [drone_0_ego_planner_node]: Failed to generate the first trajectory!!!
[WARN] [1787834775.827901545] [drone_0_ego_planner_node]: P5 final gate blocked trajectory: action=REQUEST_REPLAN reason=current_low_margin planning_generation_id=31 final_gate_generation_id=31
[ERROR] [1787834775.827930372] [drone_0_ego_planner_node]: Failed to generate the first trajectory!!!
[WARN] [1787834775.844024980] [drone_0_ego_planner_node]: P5 final gate blocked trajectory: action=REQUEST_REPLAN reason=current_low_margin planning_generation_id=31 final_gate_generation_id=31
[ERROR] [1787834775.844055322] [drone_0_ego_planner_node]: Failed to generate the first trajectory!!!
[WARN] [1787834775.858635524] [drone_0_ego_planner_node]: P5 final gate blocked trajectory: action=REQUEST_REPLAN reason=current_low_margin planning_generation_id=31 final_gate_generation_id=31
[ERROR] [1787834775.858660769] [drone_0_ego_planner_node]: Failed to generate the first trajectory!!!
[WARN] [1787834775.875008742] [drone_0_ego_planner_node]: P5 final gate blocked trajectory: action=REQUEST_REPLAN reason=current_low_margin planning_generation_id=31 final_gate_generation_id=31
[ERROR] [1787834775.875042471] [drone_0_ego_planner_node]: Failed to generate the first trajectory!!!
[WARN] [1787834775.891370212] [drone_0_ego_planner_node]: P5 final gate blocked trajectory: action=REQUEST_REPLAN reason=current_low_margin planning_generation_id=31 final_gate_generation_id=31
[ERROR] [1787834775.891399565] [drone_0_ego_planner_node]: Failed to generate the first trajectory!!!
[WARN] [1787834775.905914370] [drone_0_ego_planner_node]: P5 final gate blocked trajectory: action=REQUEST_REPLAN reason=current_low_margin planning_generation_id=31 final_gate_generation_id=31
[ERROR] [1787834775.905937485] [drone_0_ego_planner_node]: Failed to generate the first trajectory!!!
[WARN] [1787834775.920515373] [drone_0_ego_planner_node]: P5 final gate blocked trajectory: action=REQUEST_REPLAN reason=current_low_margin planning_generation_id=31 final_gate_generation_id=31
[ERROR] [1787834775.920539749] [drone_0_ego_planner_node]: Failed to generate the first trajectory!!!
[WARN] [1787834775.936610515] [drone_0_ego_planner_node]: P5 final gate blocked trajectory: action=REQUEST_REPLAN reason=current_low_margin planning_generation_id=31 final_gate_generation_id=31
[ERROR] [1787834775.936637182] [drone_0_ego_planner_node]: Failed to generate the first trajectory!!!
[WARN] [1787834775.951139749] [drone_0_ego_planner_node]: P5 final gate blocked trajectory: action=REQUEST_REPLAN reason=current_low_margin planning_generation_id=31 final_gate_generation_id=31
[ERROR] [1787834775.951162448] [drone_0_ego_planner_node]: Failed to generate the first trajectory!!!
[WARN] [1787834775.967183150] [drone_0_ego_planner_node]: P5 final gate blocked trajectory: action=REQUEST_REPLAN reason=current_low_margin planning_generation_id=31 final_gate_generation_id=31
[ERROR] [1787834775.967210316] [drone_0_ego_planner_node]: Failed to generate the first trajectory!!!
[WARN] [1787834775.983346914] [drone_0_ego_planner_node]: P5 final gate blocked trajectory: action=REQUEST_REPLAN reason=current_low_margin planning_generation_id=31 final_gate_generation_id=31
[ERROR] [1787834775.983374304] [drone_0_ego_planner_node]: Failed to generate the first trajectory!!!
[WARN] [1787834775.999496969] [drone_0_ego_planner_node]: P5 final gate blocked trajectory: action=REQUEST_REPLAN reason=current_low_margin planning_generation_id=31 final_gate_generation_id=31
[ERROR] [1787834775.999527792] [drone_0_ego_planner_node]: Failed to generate the first trajectory!!!
[WARN] [1787834776.015762466] [drone_0_ego_planner_node]: P5 final gate blocked trajectory: action=REQUEST_REPLAN reason=current_low_margin planning_generation_id=31 final_gate_generation_id=31
[ERROR] [1787834776.015793388] [drone_0_ego_planner_node]: Failed to generate the first trajectory!!!
[WARN] [1787834776.030417158] [drone_0_ego_planner_node]: P5 final gate blocked trajectory: action=REQUEST_REPLAN reason=current_low_margin planning_generation_id=31 final_gate_generation_id=31
[ERROR] [1787834776.030441278] [drone_0_ego_planner_node]: Failed to generate the first trajectory!!!
[WARN] [1787834776.046508563] [drone_0_ego_planner_node]: P5 final gate blocked trajectory: action=REQUEST_REPLAN reason=current_low_margin planning_generation_id=31 final_gate_generation_id=31
[ERROR] [1787834776.046535955] [drone_0_ego_planner_node]: Failed to generate the first trajectory!!!
[WARN] [1787834776.062645638] [drone_0_ego_planner_node]: P5 final gate blocked trajectory: action=REQUEST_REPLAN reason=current_low_margin planning_generation_id=31 final_gate_generation_id=31
[ERROR] [1787834776.062674525] [drone_0_ego_planner_node]: Failed to generate the first trajectory!!!
[WARN] [1787834776.077285489] [drone_0_ego_planner_node]: P5 final gate blocked trajectory: action=REQUEST_REPLAN reason=current_low_margin planning_generation_id=31 final_gate_generation_id=31
[ERROR] [1787834776.077308994] [drone_0_ego_planner_node]: Failed to generate the first trajectory!!!
[WARN] [1787834776.093389626] [drone_0_ego_planner_node]: P5 final gate blocked trajectory: action=REQUEST_REPLAN reason=current_low_margin planning_generation_id=31 final_gate_generation_id=31
[ERROR] [1787834776.093417138] [drone_0_ego_planner_node]: Failed to generate the first trajectory!!!
[WARN] [1787834776.109443436] [drone_0_ego_planner_node]: P5 final gate blocked trajectory: action=REQUEST_REPLAN reason=current_low_margin planning_generation_id=31 final_gate_generation_id=31
[ERROR] [1787834776.109471555] [drone_0_ego_planner_node]: Failed to generate the first trajectory!!!
[WARN] [1787834776.125792112] [drone_0_ego_planner_node]: P5 final gate blocked trajectory: action=REQUEST_REPLAN reason=current_low_margin planning_generation_id=31 final_gate_generation_id=31
[ERROR] [1787834776.125822535] [drone_0_ego_planner_node]: Failed to generate the first trajectory!!!
[WARN] [1787834776.141929032] [drone_0_ego_planner_node]: P5 final gate blocked trajectory: action=REQUEST_REPLAN reason=current_low_margin planning_generation_id=32 final_gate_generation_id=32
[ERROR] [1787834776.141952343] [drone_0_ego_planner_node]: Failed to generate the first trajectory!!!
[WARN] [1787834776.156470855] [drone_0_ego_planner_node]: P5 final gate blocked trajectory: action=REQUEST_REPLAN reason=current_low_margin planning_generation_id=32 final_gate_generation_id=32
[ERROR] [1787834776.156494839] [drone_0_ego_planner_node]: Failed to generate the first trajectory!!!
[WARN] [1787834776.172552014] [drone_0_ego_planner_node]: P5 final gate blocked trajectory: action=REQUEST_REPLAN reason=current_low_margin planning_generation_id=32 final_gate_generation_id=32
[ERROR] [1787834776.172580691] [drone_0_ego_planner_node]: Failed to generate the first trajectory!!!
[WARN] [1787834776.188622425] [drone_0_ego_planner_node]: P5 final gate blocked trajectory: action=REQUEST_REPLAN reason=current_low_margin planning_generation_id=32 final_gate_generation_id=32
[ERROR] [1787834776.188651007] [drone_0_ego_planner_node]: Failed to generate the first trajectory!!!
[WARN] [1787834776.204601221] [drone_0_ego_planner_node]: P5 final gate blocked trajectory: action=REQUEST_REPLAN reason=current_low_margin planning_generation_id=32 final_gate_generation_id=32
[ERROR] [1787834776.204627749] [drone_0_ego_planner_node]: Failed to generate the first trajectory!!!
[WARN] [1787834776.220682814] [drone_0_ego_planner_node]: P5 final gate blocked trajectory: action=REQUEST_REPLAN reason=current_low_margin planning_generation_id=32 final_gate_generation_id=32
[ERROR] [1787834776.220712475] [drone_0_ego_planner_node]: Failed to generate the first trajectory!!!
[WARN] [1787834776.236746591] [drone_0_ego_planner_node]: P5 final gate blocked trajectory: action=REQUEST_REPLAN reason=current_low_margin planning_generation_id=32 final_gate_generation_id=32
[ERROR] [1787834776.236773963] [drone_0_ego_planner_node]: Failed to generate the first trajectory!!!
[WARN] [1787834776.252749979] [drone_0_ego_planner_node]: P5 final gate blocked trajectory: action=REQUEST_REPLAN reason=current_low_margin planning_generation_id=32 final_gate_generation_id=32
[ERROR] [1787834776.252776713] [drone_0_ego_planner_node]: Failed to generate the first trajectory!!!
[WARN] [1787834776.268787567] [drone_0_ego_planner_node]: P5 final gate blocked trajectory: action=REQUEST_REPLAN reason=current_low_margin planning_generation_id=32 final_gate_generation_id=32
[ERROR] [1787834776.268814335] [drone_0_ego_planner_node]: Failed to generate the first trajectory!!!
[WARN] [1787834776.284849919] [drone_0_ego_planner_node]: P5 final gate blocked trajectory: action=REQUEST_REPLAN reason=current_low_margin planning_generation_id=32 final_gate_generation_id=32
[ERROR] [1787834776.284880297] [drone_0_ego_planner_node]: Failed to generate the first trajectory!!!
[WARN] [1787834776.299445611] [drone_0_ego_planner_node]: P5 final gate blocked trajectory: action=REQUEST_REPLAN reason=current_low_margin planning_generation_id=32 final_gate_generation_id=32
[ERROR] [1787834776.299466174] [drone_0_ego_planner_node]: Failed to generate the first trajectory!!!
[WARN] [1787834776.315501786] [drone_0_ego_planner_node]: P5 final gate blocked trajectory: action=REQUEST_REPLAN reason=current_low_margin planning_generation_id=32 final_gate_generation_id=32
[ERROR] [1787834776.315528954] [drone_0_ego_planner_node]: Failed to generate the first trajectory!!!
[WARN] [1787834776.330045574] [drone_0_ego_planner_node]: P5 final gate blocked trajectory: action=REQUEST_REPLAN reason=current_low_margin planning_generation_id=32 final_gate_generation_id=32
[ERROR] [1787834776.330069923] [drone_0_ego_planner_node]: Failed to generate the first trajectory!!!
[WARN] [1787834776.344612986] [drone_0_ego_planner_node]: P5 final gate blocked trajectory: action=REQUEST_REPLAN reason=current_low_margin planning_generation_id=32 final_gate_generation_id=32
[ERROR] [1787834776.344636438] [drone_0_ego_planner_node]: Failed to generate the first trajectory!!!
[WARN] [1787834776.360828807] [drone_0_ego_planner_node]: P5 final gate blocked trajectory: action=REQUEST_REPLAN reason=current_low_margin planning_generation_id=32 final_gate_generation_id=32
[ERROR] [1787834776.360861861] [drone_0_ego_planner_node]: Failed to generate the first trajectory!!!
[WARN] [1787834776.375416792] [drone_0_ego_planner_node]: P5 final gate blocked trajectory: action=REQUEST_REPLAN reason=current_low_margin planning_generation_id=32 final_gate_generation_id=32
[ERROR] [1787834776.375441105] [drone_0_ego_planner_node]: Failed to generate the first trajectory!!!
[WARN] [1787834776.390130292] [drone_0_ego_planner_node]: P5 final gate blocked trajectory: action=REQUEST_REPLAN reason=current_low_margin planning_generation_id=32 final_gate_generation_id=32
[ERROR] [1787834776.390156531] [drone_0_ego_planner_node]: Failed to generate the first trajectory!!!
[WARN] [1787834776.406089493] [drone_0_ego_planner_node]: P5 final gate blocked trajectory: action=REQUEST_REPLAN reason=current_low_margin planning_generation_id=32 final_gate_generation_id=32
[ERROR] [1787834776.406118905] [drone_0_ego_planner_node]: Failed to generate the first trajectory!!!
[WARN] [1787834776.422230302] [drone_0_ego_planner_node]: P5 final gate blocked trajectory: action=REQUEST_REPLAN reason=current_low_margin planning_generation_id=32 final_gate_generation_id=32
[ERROR] [1787834776.422257370] [drone_0_ego_planner_node]: Failed to generate the first trajectory!!!
[WARN] [1787834776.436793095] [drone_0_ego_planner_node]: P5 final gate blocked trajectory: action=REQUEST_REPLAN reason=current_low_margin planning_generation_id=32 final_gate_generation_id=32
[ERROR] [1787834776.436814500] [drone_0_ego_planner_node]: Failed to generate the first trajectory!!!
[WARN] [1787834776.452809722] [drone_0_ego_planner_node]: P5 final gate blocked trajectory: action=REQUEST_REPLAN reason=current_low_margin planning_generation_id=32 final_gate_generation_id=32
[ERROR] [1787834776.452839470] [drone_0_ego_planner_node]: Failed to generate the first trajectory!!!
[WARN] [1787834776.468899529] [drone_0_ego_planner_node]: P5 final gate blocked trajectory: action=REQUEST_REPLAN reason=current_low_margin planning_generation_id=32 final_gate_generation_id=32
[ERROR] [1787834776.468927090] [drone_0_ego_planner_node]: Failed to generate the first trajectory!!!
[WARN] [1787834776.485097466] [drone_0_ego_planner_node]: P5 final gate blocked trajectory: action=REQUEST_REPLAN reason=current_low_margin planning_generation_id=32 final_gate_generation_id=32
[ERROR] [1787834776.485126313] [drone_0_ego_planner_node]: Failed to generate the first trajectory!!!
[WARN] [1787834776.501182695] [drone_0_ego_planner_node]: P5 final gate blocked trajectory: action=REQUEST_REPLAN reason=current_low_margin planning_generation_id=32 final_gate_generation_id=32
[ERROR] [1787834776.501211600] [drone_0_ego_planner_node]: Failed to generate the first trajectory!!!
[WARN] [1787834776.517311863] [drone_0_ego_planner_node]: P5 final gate blocked trajectory: action=REQUEST_REPLAN reason=current_low_margin planning_generation_id=32 final_gate_generation_id=32
[ERROR] [1787834776.517340825] [drone_0_ego_planner_node]: Failed to generate the first trajectory!!!
[WARN] [1787834776.531908300] [drone_0_ego_planner_node]: P5 final gate blocked trajectory: action=REQUEST_REPLAN reason=current_low_margin planning_generation_id=32 final_gate_generation_id=32
[ERROR] [1787834776.531931474] [drone_0_ego_planner_node]: Failed to generate the first trajectory!!!
[WARN] [1787834776.546644355] [drone_0_ego_planner_node]: P5 final gate blocked trajectory: action=REQUEST_REPLAN reason=current_low_margin planning_generation_id=32 final_gate_generation_id=32
[ERROR] [1787834776.546667321] [drone_0_ego_planner_node]: Failed to generate the first trajectory!!!
[WARN] [1787834776.562738209] [drone_0_ego_planner_node]: P5 final gate blocked trajectory: action=REQUEST_REPLAN reason=current_low_margin planning_generation_id=32 final_gate_generation_id=32
[ERROR] [1787834776.562769633] [drone_0_ego_planner_node]: Failed to generate the first trajectory!!!
[WARN] [1787834776.578876917] [drone_0_ego_planner_node]: P5 final gate blocked trajectory: action=REQUEST_REPLAN reason=current_low_margin planning_generation_id=32 final_gate_generation_id=32
[ERROR] [1787834776.578906738] [drone_0_ego_planner_node]: Failed to generate the first trajectory!!!
[WARN] [1787834776.595122801] [drone_0_ego_planner_node]: P5 final gate blocked trajectory: action=REQUEST_REPLAN reason=current_low_margin planning_generation_id=32 final_gate_generation_id=32
[ERROR] [1787834776.595148560] [drone_0_ego_planner_node]: Failed to generate the first trajectory!!!
[WARN] [1787834776.611224287] [drone_0_ego_planner_node]: P5 final gate blocked trajectory: action=REQUEST_REPLAN reason=current_low_margin planning_generation_id=32 final_gate_generation_id=32
[ERROR] [1787834776.611253243] [drone_0_ego_planner_node]: Failed to generate the first trajectory!!!
[WARN] [1787834776.627411838] [drone_0_ego_planner_node]: P5 final gate blocked trajectory: action=REQUEST_REPLAN reason=current_low_margin planning_generation_id=32 final_gate_generation_id=32
[ERROR] [1787834776.627442881] [drone_0_ego_planner_node]: Failed to generate the first trajectory!!!
[WARN] [1787834776.644987089] [drone_0_ego_planner_node]: P5 final gate blocked trajectory: action=REQUEST_REPLAN reason=current_low_margin planning_generation_id=33 final_gate_generation_id=33
[ERROR] [1787834776.645016718] [drone_0_ego_planner_node]: Failed to generate the first trajectory!!!
[WARN] [1787834776.659488735] [drone_0_ego_planner_node]: P5 final gate blocked trajectory: action=REQUEST_REPLAN reason=current_low_margin planning_generation_id=33 final_gate_generation_id=33
[ERROR] [1787834776.659512069] [drone_0_ego_planner_node]: Failed to generate the first trajectory!!!
[WARN] [1787834776.674061465] [drone_0_ego_planner_node]: P5 final gate blocked trajectory: action=REQUEST_REPLAN reason=current_low_margin planning_generation_id=33 final_gate_generation_id=33
[ERROR] [1787834776.674088827] [drone_0_ego_planner_node]: Failed to generate the first trajectory!!!
[WARN] [1787834776.690238454] [drone_0_ego_planner_node]: P5 final gate blocked trajectory: action=REQUEST_REPLAN reason=current_low_margin planning_generation_id=33 final_gate_generation_id=33
[ERROR] [1787834776.690270496] [drone_0_ego_planner_node]: Failed to generate the first trajectory!!!
[WARN] [1787834776.706686197] [drone_0_ego_planner_node]: P5 final gate blocked trajectory: action=REQUEST_REPLAN reason=current_low_margin planning_generation_id=33 final_gate_generation_id=33
[ERROR] [1787834776.706717792] [drone_0_ego_planner_node]: Failed to generate the first trajectory!!!
[WARN] [1787834776.722839871] [drone_0_ego_planner_node]: P5 final gate blocked trajectory: action=REQUEST_REPLAN reason=current_low_margin planning_generation_id=33 final_gate_generation_id=33
[ERROR] [1787834776.722873117] [drone_0_ego_planner_node]: Failed to generate the first trajectory!!!
[WARN] [1787834776.738929815] [drone_0_ego_planner_node]: P5 final gate blocked trajectory: action=REQUEST_REPLAN reason=current_low_margin planning_generation_id=33 final_gate_generation_id=33
[ERROR] [1787834776.738958599] [drone_0_ego_planner_node]: Failed to generate the first trajectory!!!
[WARN] [1787834776.754946678] [drone_0_ego_planner_node]: P5 final gate blocked trajectory: action=REQUEST_REPLAN reason=current_low_margin planning_generation_id=33 final_gate_generation_id=33
[ERROR] [1787834776.754975306] [drone_0_ego_planner_node]: Failed to generate the first trajectory!!!
[WARN] [1787834776.769720949] [drone_0_ego_planner_node]: P5 final gate blocked trajectory: action=REQUEST_REPLAN reason=current_low_margin planning_generation_id=33 final_gate_generation_id=33
[ERROR] [1787834776.769744298] [drone_0_ego_planner_node]: Failed to generate the first trajectory!!!
[WARN] [1787834776.785687285] [drone_0_ego_planner_node]: P5 final gate blocked trajectory: action=REQUEST_REPLAN reason=current_low_margin planning_generation_id=33 final_gate_generation_id=33
[ERROR] [1787834776.785714944] [drone_0_ego_planner_node]: Failed to generate the first trajectory!!!
[WARN] [1787834776.800242122] [drone_0_ego_planner_node]: P5 final gate blocked trajectory: action=REQUEST_REPLAN reason=current_low_margin planning_generation_id=33 final_gate_generation_id=33
[ERROR] [1787834776.800264211] [drone_0_ego_planner_node]: Failed to generate the first trajectory!!!
[WARN] [1787834776.816502769] [drone_0_ego_planner_node]: P5 final gate blocked trajectory: action=REQUEST_REPLAN reason=current_low_margin planning_generation_id=33 final_gate_generation_id=33
[ERROR] [1787834776.816531658] [drone_0_ego_planner_node]: Failed to generate the first trajectory!!!
[WARN] [1787834776.830996744] [drone_0_ego_planner_node]: P5 final gate blocked trajectory: action=REQUEST_REPLAN reason=current_low_margin planning_generation_id=33 final_gate_generation_id=33
[ERROR] [1787834776.831017097] [drone_0_ego_planner_node]: Failed to generate the first trajectory!!!
[WARN] [1787834776.846889572] [drone_0_ego_planner_node]: P5 final gate blocked trajectory: action=REQUEST_REPLAN reason=current_low_margin planning_generation_id=33 final_gate_generation_id=33
[ERROR] [1787834776.846919451] [drone_0_ego_planner_node]: Failed to generate the first trajectory!!!
[WARN] [1787834776.862932403] [drone_0_ego_planner_node]: P5 final gate blocked trajectory: action=REQUEST_REPLAN reason=current_low_margin planning_generation_id=33 final_gate_generation_id=33
[ERROR] [1787834776.862962675] [drone_0_ego_planner_node]: Failed to generate the first trajectory!!!
[WARN] [1787834776.878998186] [drone_0_ego_planner_node]: P5 final gate blocked trajectory: action=REQUEST_REPLAN reason=current_low_margin planning_generation_id=33 final_gate_generation_id=33
[ERROR] [1787834776.879026129] [drone_0_ego_planner_node]: Failed to generate the first trajectory!!!
[WARN] [1787834776.895094505] [drone_0_ego_planner_node]: P5 final gate blocked trajectory: action=REQUEST_REPLAN reason=current_low_margin planning_generation_id=33 final_gate_generation_id=33
[ERROR] [1787834776.895125529] [drone_0_ego_planner_node]: Failed to generate the first trajectory!!!
[WARN] [1787834776.909713356] [drone_0_ego_planner_node]: P5 final gate blocked trajectory: action=REQUEST_REPLAN reason=current_low_margin planning_generation_id=33 final_gate_generation_id=33
[ERROR] [1787834776.909738456] [drone_0_ego_planner_node]: Failed to generate the first trajectory!!!
[WARN] [1787834776.924262340] [drone_0_ego_planner_node]: P5 final gate blocked trajectory: action=REQUEST_REPLAN reason=current_low_margin planning_generation_id=33 final_gate_generation_id=33
[ERROR] [1787834776.924288886] [drone_0_ego_planner_node]: Failed to generate the first trajectory!!!
[WARN] [1787834776.940361511] [drone_0_ego_planner_node]: P5 final gate blocked trajectory: action=REQUEST_REPLAN reason=current_low_margin planning_generation_id=33 final_gate_generation_id=33
[ERROR] [1787834776.940392903] [drone_0_ego_planner_node]: Failed to generate the first trajectory!!!
[WARN] [1787834776.956437341] [drone_0_ego_planner_node]: P5 final gate blocked trajectory: action=REQUEST_REPLAN reason=current_low_margin planning_generation_id=33 final_gate_generation_id=33
[ERROR] [1787834776.956465113] [drone_0_ego_planner_node]: Failed to generate the first trajectory!!!
[WARN] [1787834776.972515608] [drone_0_ego_planner_node]: P5 final gate blocked trajectory: action=REQUEST_REPLAN reason=current_low_margin planning_generation_id=33 final_gate_generation_id=33
[ERROR] [1787834776.972544606] [drone_0_ego_planner_node]: Failed to generate the first trajectory!!!
[WARN] [1787834776.988586644] [drone_0_ego_planner_node]: P5 final gate blocked trajectory: action=REQUEST_REPLAN reason=current_low_margin planning_generation_id=33 final_gate_generation_id=33
[ERROR] [1787834776.988614062] [drone_0_ego_planner_node]: Failed to generate the first trajectory!!!
[WARN] [1787834777.004518058] [drone_0_ego_planner_node]: P5 final gate blocked trajectory: action=REQUEST_REPLAN reason=current_low_margin planning_generation_id=33 final_gate_generation_id=33
[ERROR] [1787834777.004545252] [drone_0_ego_planner_node]: Failed to generate the first trajectory!!!
[WARN] [1787834777.020554080] [drone_0_ego_planner_node]: P5 final gate blocked trajectory: action=REQUEST_REPLAN reason=current_low_margin planning_generation_id=33 final_gate_generation_id=33
[ERROR] [1787834777.020584154] [drone_0_ego_planner_node]: Failed to generate the first trajectory!!!
[WARN] [1787834777.036578655] [drone_0_ego_planner_node]: P5 final gate blocked trajectory: action=REQUEST_REPLAN reason=current_low_margin planning_generation_id=33 final_gate_generation_id=33
[ERROR] [1787834777.036606094] [drone_0_ego_planner_node]: Failed to generate the first trajectory!!!
[WARN] [1787834777.052607892] [drone_0_ego_planner_node]: P5 final gate blocked trajectory: action=REQUEST_REPLAN reason=current_low_margin planning_generation_id=33 final_gate_generation_id=33
[ERROR] [1787834777.052636663] [drone_0_ego_planner_node]: Failed to generate the first trajectory!!!
[WARN] [1787834777.068664470] [drone_0_ego_planner_node]: P5 final gate blocked trajectory: action=REQUEST_REPLAN reason=current_low_margin planning_generation_id=33 final_gate_generation_id=33
[ERROR] [1787834777.068692083] [drone_0_ego_planner_node]: Failed to generate the first trajectory!!!
[WARN] [1787834777.084738690] [drone_0_ego_planner_node]: P5 final gate blocked trajectory: action=REQUEST_REPLAN reason=current_low_margin planning_generation_id=33 final_gate_generation_id=33
[ERROR] [1787834777.084766374] [drone_0_ego_planner_node]: Failed to generate the first trajectory!!!
[WARN] [1787834777.100711995] [drone_0_ego_planner_node]: P5 final gate blocked trajectory: action=REQUEST_REPLAN reason=current_low_margin planning_generation_id=33 final_gate_generation_id=33
[ERROR] [1787834777.100741192] [drone_0_ego_planner_node]: Failed to generate the first trajectory!!!
[WARN] [1787834777.116764045] [drone_0_ego_planner_node]: P5 final gate blocked trajectory: action=REQUEST_REPLAN reason=current_low_margin planning_generation_id=33 final_gate_generation_id=33
[ERROR] [1787834777.116793317] [drone_0_ego_planner_node]: Failed to generate the first trajectory!!!
[WARN] [1787834777.137267661] [drone_0_ego_planner_node]: P5 final gate blocked trajectory: action=REQUEST_REPLAN reason=current_low_margin planning_generation_id=34 final_gate_generation_id=34
[ERROR] [1787834777.137289180] [drone_0_ego_planner_node]: Failed to generate the first trajectory!!!
[WARN] [1787834777.151829943] [drone_0_ego_planner_node]: P5 final gate blocked trajectory: action=REQUEST_REPLAN reason=current_low_margin planning_generation_id=34 final_gate_generation_id=34
[ERROR] [1787834777.151853068] [drone_0_ego_planner_node]: Failed to generate the first trajectory!!!
[WARN] [1787834777.167803164] [drone_0_ego_planner_node]: P5 final gate blocked trajectory: action=REQUEST_REPLAN reason=current_low_margin planning_generation_id=34 final_gate_generation_id=34
[ERROR] [1787834777.167831142] [drone_0_ego_planner_node]: Failed to generate the first trajectory!!!
[WARN] [1787834777.182474263] [drone_0_ego_planner_node]: P5 final gate blocked trajectory: action=REQUEST_REPLAN reason=current_low_margin planning_generation_id=34 final_gate_generation_id=34
[ERROR] [1787834777.182500462] [drone_0_ego_planner_node]: Failed to generate the first trajectory!!!
[WARN] [1787834777.198500702] [drone_0_ego_planner_node]: P5 final gate blocked trajectory: action=REQUEST_REPLAN reason=current_low_margin planning_generation_id=34 final_gate_generation_id=34
[ERROR] [1787834777.198527418] [drone_0_ego_planner_node]: Failed to generate the first trajectory!!!
[WARN] [1787834777.214628934] [drone_0_ego_planner_node]: P5 final gate blocked trajectory: action=REQUEST_REPLAN reason=current_low_margin planning_generation_id=34 final_gate_generation_id=34
[ERROR] [1787834777.214658692] [drone_0_ego_planner_node]: Failed to generate the first trajectory!!!
[WARN] [1787834777.230849450] [drone_0_ego_planner_node]: P5 final gate blocked trajectory: action=REQUEST_REPLAN reason=current_low_margin planning_generation_id=34 final_gate_generation_id=34
[ERROR] [1787834777.230880771] [drone_0_ego_planner_node]: Failed to generate the first trajectory!!!
[WARN] [1787834777.246972915] [drone_0_ego_planner_node]: P5 final gate blocked trajectory: action=REQUEST_REPLAN reason=current_low_margin planning_generation_id=34 final_gate_generation_id=34
[ERROR] [1787834777.247002196] [drone_0_ego_planner_node]: Failed to generate the first trajectory!!!
[WARN] [1787834777.262999845] [drone_0_ego_planner_node]: P5 final gate blocked trajectory: action=REQUEST_REPLAN reason=current_low_margin planning_generation_id=34 final_gate_generation_id=34
[ERROR] [1787834777.263028393] [drone_0_ego_planner_node]: Failed to generate the first trajectory!!!
[WARN] [1787834777.279162413] [drone_0_ego_planner_node]: P5 final gate blocked trajectory: action=REQUEST_REPLAN reason=current_low_margin planning_generation_id=34 final_gate_generation_id=34
[ERROR] [1787834777.279194037] [drone_0_ego_planner_node]: Failed to generate the first trajectory!!!
[WARN] [1787834777.297558109] [drone_0_ego_planner_node]: P5 final gate blocked trajectory: action=REQUEST_REPLAN reason=current_low_margin planning_generation_id=34 final_gate_generation_id=34
[ERROR] [1787834777.297593157] [drone_0_ego_planner_node]: Failed to generate the first trajectory!!!
[WARN] [1787834777.312490363] [drone_0_ego_planner_node]: P5 final gate blocked trajectory: action=REQUEST_REPLAN reason=current_low_margin planning_generation_id=34 final_gate_generation_id=34
[ERROR] [1787834777.312518686] [drone_0_ego_planner_node]: Failed to generate the first trajectory!!!
[WARN] [1787834777.327057020] [drone_0_ego_planner_node]: P5 final gate blocked trajectory: action=REQUEST_REPLAN reason=current_low_margin planning_generation_id=34 final_gate_generation_id=34
[ERROR] [1787834777.327082153] [drone_0_ego_planner_node]: Failed to generate the first trajectory!!!
[WARN] [1787834777.343069995] [drone_0_ego_planner_node]: P5 final gate blocked trajectory: action=REQUEST_REPLAN reason=current_low_margin planning_generation_id=34 final_gate_generation_id=34
[ERROR] [1787834777.343097849] [drone_0_ego_planner_node]: Failed to generate the first trajectory!!!
[WARN] [1787834777.359025080] [drone_0_ego_planner_node]: P5 final gate blocked trajectory: action=REQUEST_REPLAN reason=current_low_margin planning_generation_id=34 final_gate_generation_id=34
[ERROR] [1787834777.359051475] [drone_0_ego_planner_node]: Failed to generate the first trajectory!!!
[WARN] [1787834777.375221987] [drone_0_ego_planner_node]: P5 final gate blocked trajectory: action=REQUEST_REPLAN reason=current_low_margin planning_generation_id=34 final_gate_generation_id=34
[ERROR] [1787834777.375257708] [drone_0_ego_planner_node]: Failed to generate the first trajectory!!!
[WARN] [1787834777.391284962] [drone_0_ego_planner_node]: P5 final gate blocked trajectory: action=REQUEST_REPLAN reason=current_low_margin planning_generation_id=34 final_gate_generation_id=34
[ERROR] [1787834777.391312383] [drone_0_ego_planner_node]: Failed to generate the first trajectory!!!
[WARN] [1787834777.407306446] [drone_0_ego_planner_node]: P5 final gate blocked trajectory: action=REQUEST_REPLAN reason=current_low_margin planning_generation_id=34 final_gate_generation_id=34
[ERROR] [1787834777.407334240] [drone_0_ego_planner_node]: Failed to generate the first trajectory!!!
[WARN] [1787834777.423313264] [drone_0_ego_planner_node]: P5 final gate blocked trajectory: action=REQUEST_REPLAN reason=current_low_margin planning_generation_id=34 final_gate_generation_id=34
[ERROR] [1787834777.423342145] [drone_0_ego_planner_node]: Failed to generate the first trajectory!!!
[WARN] [1787834777.437977693] [drone_0_ego_planner_node]: P5 final gate blocked trajectory: action=REQUEST_REPLAN reason=current_low_margin planning_generation_id=34 final_gate_generation_id=34
[ERROR] [1787834777.438002216] [drone_0_ego_planner_node]: Failed to generate the first trajectory!!!
[WARN] [1787834777.453953830] [drone_0_ego_planner_node]: P5 final gate blocked trajectory: action=REQUEST_REPLAN reason=current_low_margin planning_generation_id=34 final_gate_generation_id=34
[ERROR] [1787834777.453982755] [drone_0_ego_planner_node]: Failed to generate the first trajectory!!!
[WARN] [1787834777.470044921] [drone_0_ego_planner_node]: P5 final gate blocked trajectory: action=REQUEST_REPLAN reason=current_low_margin planning_generation_id=34 final_gate_generation_id=34
[ERROR] [1787834777.470077595] [drone_0_ego_planner_node]: Failed to generate the first trajectory!!!
[WARN] [1787834777.486028649] [drone_0_ego_planner_node]: P5 final gate blocked trajectory: action=REQUEST_REPLAN reason=current_low_margin planning_generation_id=34 final_gate_generation_id=34
[ERROR] [1787834777.486056602] [drone_0_ego_planner_node]: Failed to generate the first trajectory!!!
[WARN] [1787834777.502169686] [drone_0_ego_planner_node]: P5 final gate blocked trajectory: action=REQUEST_REPLAN reason=current_low_margin planning_generation_id=34 final_gate_generation_id=34
[ERROR] [1787834777.502197184] [drone_0_ego_planner_node]: Failed to generate the first trajectory!!!
[WARN] [1787834777.518239586] [drone_0_ego_planner_node]: P5 final gate blocked trajectory: action=REQUEST_REPLAN reason=current_low_margin planning_generation_id=34 final_gate_generation_id=34
[ERROR] [1787834777.518266722] [drone_0_ego_planner_node]: Failed to generate the first trajectory!!!
[WARN] [1787834777.534220749] [drone_0_ego_planner_node]: P5 final gate blocked trajectory: action=REQUEST_REPLAN reason=current_low_margin planning_generation_id=34 final_gate_generation_id=34
[ERROR] [1787834777.534248737] [drone_0_ego_planner_node]: Failed to generate the first trajectory!!!
[WARN] [1787834777.548830020] [drone_0_ego_planner_node]: P5 final gate blocked trajectory: action=REQUEST_REPLAN reason=current_low_margin planning_generation_id=34 final_gate_generation_id=34
[ERROR] [1787834777.548852536] [drone_0_ego_planner_node]: Failed to generate the first trajectory!!!
[WARN] [1787834777.563327903] [drone_0_ego_planner_node]: P5 final gate blocked trajectory: action=REQUEST_REPLAN reason=current_low_margin planning_generation_id=34 final_gate_generation_id=34
[ERROR] [1787834777.563348757] [drone_0_ego_planner_node]: Failed to generate the first trajectory!!!
[WARN] [1787834777.579274332] [drone_0_ego_planner_node]: P5 final gate blocked trajectory: action=REQUEST_REPLAN reason=current_low_margin planning_generation_id=34 final_gate_generation_id=34
[ERROR] [1787834777.579301781] [drone_0_ego_planner_node]: Failed to generate the first trajectory!!!
[WARN] [1787834777.595339987] [drone_0_ego_planner_node]: P5 final gate blocked trajectory: action=REQUEST_REPLAN reason=current_low_margin planning_generation_id=34 final_gate_generation_id=34
[ERROR] [1787834777.595367975] [drone_0_ego_planner_node]: Failed to generate the first trajectory!!!
[WARN] [1787834777.611587931] [drone_0_ego_planner_node]: P5 final gate blocked trajectory: action=REQUEST_REPLAN reason=current_low_margin planning_generation_id=34 final_gate_generation_id=34
[ERROR] [1787834777.611617520] [drone_0_ego_planner_node]: Failed to generate the first trajectory!!!
[WARN] [1787834777.627690233] [drone_0_ego_planner_node]: P5 final gate blocked trajectory: action=REQUEST_REPLAN reason=current_low_margin planning_generation_id=34 final_gate_generation_id=34
[ERROR] [1787834777.627721304] [drone_0_ego_planner_node]: Failed to generate the first trajectory!!!
[INFO] [1787834777.642381380] [drone_0_ego_planner_node]: [p0] risk grid ready=1 stale=0 age=0.000 valid=0.999 unknown=0.001 gen=35 provider_queries=127840 occupied_skip=160 provider_stale=0 provider_invalid=0 gnss_used=127840 lidar_used=93240 prior_used=127840 stale_current_prior=0 regularized=127840 conservative_max=0 lidar_points=28922 lidar_fim_primitives=481 lidar_fim_valid_normals=481 lidar_fim_fallback= dominant_unknown=occupied_skip:160 refresh_stamp=1657065627.680423 grid_stamp=1657065627.680423 elapsed_ms=282.691 queries=128000 reason=ok
[WARN] [1787834777.645274416] [drone_0_ego_planner_node]: P5 final gate blocked trajectory: action=REQUEST_REPLAN reason=current_low_margin planning_generation_id=35 final_gate_generation_id=35
[ERROR] [1787834777.645301811] [drone_0_ego_planner_node]: Failed to generate the first trajectory!!!
[WARN] [1787834777.661302590] [drone_0_ego_planner_node]: P5 final gate blocked trajectory: action=REQUEST_REPLAN reason=current_low_margin planning_generation_id=35 final_gate_generation_id=35
[ERROR] [1787834777.661329517] [drone_0_ego_planner_node]: Failed to generate the first trajectory!!!
[WARN] [1787834777.677298048] [drone_0_ego_planner_node]: P5 final gate blocked trajectory: action=REQUEST_REPLAN reason=current_low_margin planning_generation_id=35 final_gate_generation_id=35
[ERROR] [1787834777.677325375] [drone_0_ego_planner_node]: Failed to generate the first trajectory!!!
[WARN] [1787834777.693263806] [drone_0_ego_planner_node]: P5 final gate blocked trajectory: action=REQUEST_REPLAN reason=current_low_margin planning_generation_id=35 final_gate_generation_id=35
[ERROR] [1787834777.693292700] [drone_0_ego_planner_node]: Failed to generate the first trajectory!!!
[WARN] [1787834777.707808961] [drone_0_ego_planner_node]: P5 final gate blocked trajectory: action=REQUEST_REPLAN reason=current_low_margin planning_generation_id=35 final_gate_generation_id=35
[ERROR] [1787834777.707832016] [drone_0_ego_planner_node]: Failed to generate the first trajectory!!!
[WARN] [1787834777.723701721] [drone_0_ego_planner_node]: P5 final gate blocked trajectory: action=REQUEST_REPLAN reason=current_low_margin planning_generation_id=35 final_gate_generation_id=35
[ERROR] [1787834777.723727252] [drone_0_ego_planner_node]: Failed to generate the first trajectory!!!
[WARN] [1787834777.739754206] [drone_0_ego_planner_node]: P5 final gate blocked trajectory: action=REQUEST_REPLAN reason=current_low_margin planning_generation_id=35 final_gate_generation_id=35
[ERROR] [1787834777.739782734] [drone_0_ego_planner_node]: Failed to generate the first trajectory!!!
[WARN] [1787834777.755685970] [drone_0_ego_planner_node]: P5 final gate blocked trajectory: action=REQUEST_REPLAN reason=current_low_margin planning_generation_id=35 final_gate_generation_id=35
[ERROR] [1787834777.755712302] [drone_0_ego_planner_node]: Failed to generate the first trajectory!!!
[WARN] [1787834777.770303561] [drone_0_ego_planner_node]: P5 final gate blocked trajectory: action=REQUEST_REPLAN reason=current_low_margin planning_generation_id=35 final_gate_generation_id=35
[ERROR] [1787834777.770327723] [drone_0_ego_planner_node]: Failed to generate the first trajectory!!!
[WARN] [1787834777.784859554] [drone_0_ego_planner_node]: P5 final gate blocked trajectory: action=REQUEST_REPLAN reason=current_low_margin planning_generation_id=35 final_gate_generation_id=35
[ERROR] [1787834777.784882964] [drone_0_ego_planner_node]: Failed to generate the first trajectory!!!
[WARN] [1787834777.800848497] [drone_0_ego_planner_node]: P5 final gate blocked trajectory: action=REQUEST_REPLAN reason=current_low_margin planning_generation_id=35 final_gate_generation_id=35
[ERROR] [1787834777.800876618] [drone_0_ego_planner_node]: Failed to generate the first trajectory!!!
[WARN] [1787834777.816868307] [drone_0_ego_planner_node]: P5 final gate blocked trajectory: action=REQUEST_REPLAN reason=current_low_margin planning_generation_id=35 final_gate_generation_id=35
[ERROR] [1787834777.816898570] [drone_0_ego_planner_node]: Failed to generate the first trajectory!!!
[WARN] [1787834777.832991588] [drone_0_ego_planner_node]: P5 final gate blocked trajectory: action=REQUEST_REPLAN reason=current_low_margin planning_generation_id=35 final_gate_generation_id=35
[ERROR] [1787834777.833020209] [drone_0_ego_planner_node]: Failed to generate the first trajectory!!!
[WARN] [1787834777.847497054] [drone_0_ego_planner_node]: P5 final gate blocked trajectory: action=REQUEST_REPLAN reason=current_low_margin planning_generation_id=35 final_gate_generation_id=35
[ERROR] [1787834777.847523139] [drone_0_ego_planner_node]: Failed to generate the first trajectory!!!
[WARN] [1787834777.863551645] [drone_0_ego_planner_node]: P5 final gate blocked trajectory: action=REQUEST_REPLAN reason=current_low_margin planning_generation_id=35 final_gate_generation_id=35
[ERROR] [1787834777.863581292] [drone_0_ego_planner_node]: Failed to generate the first trajectory!!!
[WARN] [1787834777.879730362] [drone_0_ego_planner_node]: P5 final gate blocked trajectory: action=REQUEST_REPLAN reason=current_low_margin planning_generation_id=35 final_gate_generation_id=35
[ERROR] [1787834777.879759360] [drone_0_ego_planner_node]: Failed to generate the first trajectory!!!
[WARN] [1787834777.894263988] [drone_0_ego_planner_node]: P5 final gate blocked trajectory: action=REQUEST_REPLAN reason=current_low_margin planning_generation_id=35 final_gate_generation_id=35
[ERROR] [1787834777.894285533] [drone_0_ego_planner_node]: Failed to generate the first trajectory!!!
[WARN] [1787834777.910549754] [drone_0_ego_planner_node]: P5 final gate blocked trajectory: action=REQUEST_REPLAN reason=current_low_margin planning_generation_id=35 final_gate_generation_id=35
[ERROR] [1787834777.910579973] [drone_0_ego_planner_node]: Failed to generate the first trajectory!!!
[WARN] [1787834777.926540501] [drone_0_ego_planner_node]: P5 final gate blocked trajectory: action=REQUEST_REPLAN reason=current_low_margin planning_generation_id=35 final_gate_generation_id=35
[ERROR] [1787834777.926568398] [drone_0_ego_planner_node]: Failed to generate the first trajectory!!!
[WARN] [1787834777.942624178] [drone_0_ego_planner_node]: P5 final gate blocked trajectory: action=REQUEST_REPLAN reason=current_low_margin planning_generation_id=35 final_gate_generation_id=35
[ERROR] [1787834777.942651685] [drone_0_ego_planner_node]: Failed to generate the first trajectory!!!
[WARN] [1787834777.958843717] [drone_0_ego_planner_node]: P5 final gate blocked trajectory: action=REQUEST_REPLAN reason=current_low_margin planning_generation_id=35 final_gate_generation_id=35
[ERROR] [1787834777.958875923] [drone_0_ego_planner_node]: Failed to generate the first trajectory!!!
[WARN] [1787834777.974950945] [drone_0_ego_planner_node]: P5 final gate blocked trajectory: action=REQUEST_REPLAN reason=current_low_margin planning_generation_id=35 final_gate_generation_id=35
[ERROR] [1787834777.974981618] [drone_0_ego_planner_node]: Failed to generate the first trajectory!!!
[WARN] [1787834777.991139821] [drone_0_ego_planner_node]: P5 final gate blocked trajectory: action=REQUEST_REPLAN reason=current_low_margin planning_generation_id=35 final_gate_generation_id=35
[ERROR] [1787834777.991169687] [drone_0_ego_planner_node]: Failed to generate the first trajectory!!!
[WARN] [1787834778.007321797] [drone_0_ego_planner_node]: P5 final gate blocked trajectory: action=REQUEST_REPLAN reason=current_low_margin planning_generation_id=35 final_gate_generation_id=35
[ERROR] [1787834778.007355425] [drone_0_ego_planner_node]: Failed to generate the first trajectory!!!
[WARN] [1787834778.021899639] [drone_0_ego_planner_node]: P5 final gate blocked trajectory: action=REQUEST_REPLAN reason=current_low_margin planning_generation_id=35 final_gate_generation_id=35
[ERROR] [1787834778.021922422] [drone_0_ego_planner_node]: Failed to generate the first trajectory!!!
[WARN] [1787834778.037949740] [drone_0_ego_planner_node]: P5 final gate blocked trajectory: action=REQUEST_REPLAN reason=current_low_margin planning_generation_id=35 final_gate_generation_id=35
[ERROR] [1787834778.037978133] [drone_0_ego_planner_node]: Failed to generate the first trajectory!!!
[WARN] [1787834778.053967875] [drone_0_ego_planner_node]: P5 final gate blocked trajectory: action=REQUEST_REPLAN reason=current_low_margin planning_generation_id=35 final_gate_generation_id=35
[ERROR] [1787834778.053996332] [drone_0_ego_planner_node]: Failed to generate the first trajectory!!!
[WARN] [1787834778.068530874] [drone_0_ego_planner_node]: P5 final gate blocked trajectory: action=REQUEST_REPLAN reason=current_low_margin planning_generation_id=35 final_gate_generation_id=35
[ERROR] [1787834778.068555166] [drone_0_ego_planner_node]: Failed to generate the first trajectory!!!
[WARN] [1787834778.084725343] [drone_0_ego_planner_node]: P5 final gate blocked trajectory: action=REQUEST_REPLAN reason=current_low_margin planning_generation_id=35 final_gate_generation_id=35
[ERROR] [1787834778.084755093] [drone_0_ego_planner_node]: Failed to generate the first trajectory!!!
[WARN] [1787834778.100621297] [drone_0_ego_planner_node]: P5 final gate blocked trajectory: action=REQUEST_REPLAN reason=current_low_margin planning_generation_id=35 final_gate_generation_id=35
[ERROR] [1787834778.100649513] [drone_0_ego_planner_node]: Failed to generate the first trajectory!!!
[WARN] [1787834778.115295078] [drone_0_ego_planner_node]: P5 final gate blocked trajectory: action=REQUEST_REPLAN reason=current_low_margin planning_generation_id=35 final_gate_generation_id=35
[ERROR] [1787834778.115319395] [drone_0_ego_planner_node]: Failed to generate the first trajectory!!!
[WARN] [1787834778.133111185] [drone_0_ego_planner_node]: P5 final gate blocked trajectory: action=REQUEST_REPLAN reason=current_low_margin planning_generation_id=36 final_gate_generation_id=36
[ERROR] [1787834778.133141907] [drone_0_ego_planner_node]: Failed to generate the first trajectory!!!
[WARN] [1787834778.147740826] [drone_0_ego_planner_node]: P5 final gate blocked trajectory: action=REQUEST_REPLAN reason=current_low_margin planning_generation_id=36 final_gate_generation_id=36
[ERROR] [1787834778.147764913] [drone_0_ego_planner_node]: Failed to generate the first trajectory!!!
[WARN] [1787834778.163674852] [drone_0_ego_planner_node]: P5 final gate blocked trajectory: action=REQUEST_REPLAN reason=current_low_margin planning_generation_id=36 final_gate_generation_id=36
[ERROR] [1787834778.163704921] [drone_0_ego_planner_node]: Failed to generate the first trajectory!!!
[WARN] [1787834778.178318644] [drone_0_ego_planner_node]: P5 final gate blocked trajectory: action=REQUEST_REPLAN reason=current_low_margin planning_generation_id=36 final_gate_generation_id=36
[ERROR] [1787834778.178342222] [drone_0_ego_planner_node]: Failed to generate the first trajectory!!!
[WARN] [1787834778.192856181] [drone_0_ego_planner_node]: P5 final gate blocked trajectory: action=REQUEST_REPLAN reason=current_low_margin planning_generation_id=36 final_gate_generation_id=36
[ERROR] [1787834778.192878942] [drone_0_ego_planner_node]: Failed to generate the first trajectory!!!
[WARN] [1787834778.207435336] [drone_0_ego_planner_node]: P5 final gate blocked trajectory: action=REQUEST_REPLAN reason=current_low_margin planning_generation_id=36 final_gate_generation_id=36
[ERROR] [1787834778.207458292] [drone_0_ego_planner_node]: Failed to generate the first trajectory!!!
[WARN] [1787834778.221915422] [drone_0_ego_planner_node]: P5 final gate blocked trajectory: action=REQUEST_REPLAN reason=current_low_margin planning_generation_id=36 final_gate_generation_id=36
[ERROR] [1787834778.221938607] [drone_0_ego_planner_node]: Failed to generate the first trajectory!!!
[WARN] [1787834778.237975208] [drone_0_ego_planner_node]: P5 final gate blocked trajectory: action=REQUEST_REPLAN reason=current_low_margin planning_generation_id=36 final_gate_generation_id=36
[ERROR] [1787834778.238003154] [drone_0_ego_planner_node]: Failed to generate the first trajectory!!!
[WARN] [1787834778.252533492] [drone_0_ego_planner_node]: P5 final gate blocked trajectory: action=REQUEST_REPLAN reason=current_low_margin planning_generation_id=36 final_gate_generation_id=36
[ERROR] [1787834778.252557217] [drone_0_ego_planner_node]: Failed to generate the first trajectory!!!
[WARN] [1787834778.268747034] [drone_0_ego_planner_node]: P5 final gate blocked trajectory: action=REQUEST_REPLAN reason=current_low_margin planning_generation_id=36 final_gate_generation_id=36
[ERROR] [1787834778.268779690] [drone_0_ego_planner_node]: Failed to generate the first trajectory!!!
[WARN] [1787834778.284785566] [drone_0_ego_planner_node]: P5 final gate blocked trajectory: action=REQUEST_REPLAN reason=current_low_margin planning_generation_id=36 final_gate_generation_id=36
[ERROR] [1787834778.284817346] [drone_0_ego_planner_node]: Failed to generate the first trajectory!!!
[WARN] [1787834778.300941374] [drone_0_ego_planner_node]: P5 final gate blocked trajectory: action=REQUEST_REPLAN reason=current_low_margin planning_generation_id=36 final_gate_generation_id=36
[ERROR] [1787834778.300970259] [drone_0_ego_planner_node]: Failed to generate the first trajectory!!!
[WARN] [1787834778.317194931] [drone_0_ego_planner_node]: P5 final gate blocked trajectory: action=REQUEST_REPLAN reason=current_low_margin planning_generation_id=36 final_gate_generation_id=36
[ERROR] [1787834778.317223003] [drone_0_ego_planner_node]: Failed to generate the first trajectory!!!
[WARN] [1787834778.333307153] [drone_0_ego_planner_node]: P5 final gate blocked trajectory: action=REQUEST_REPLAN reason=current_low_margin planning_generation_id=36 final_gate_generation_id=36
[ERROR] [1787834778.333335339] [drone_0_ego_planner_node]: Failed to generate the first trajectory!!!
[WARN] [1787834778.349458891] [drone_0_ego_planner_node]: P5 final gate blocked trajectory: action=REQUEST_REPLAN reason=current_low_margin planning_generation_id=36 final_gate_generation_id=36
[ERROR] [1787834778.349486993] [drone_0_ego_planner_node]: Failed to generate the first trajectory!!!
[WARN] [1787834778.365732997] [drone_0_ego_planner_node]: P5 final gate blocked trajectory: action=REQUEST_REPLAN reason=current_low_margin planning_generation_id=36 final_gate_generation_id=36
[ERROR] [1787834778.365764308] [drone_0_ego_planner_node]: Failed to generate the first trajectory!!!
[WARN] [1787834778.380353500] [drone_0_ego_planner_node]: P5 final gate blocked trajectory: action=REQUEST_REPLAN reason=current_low_margin planning_generation_id=36 final_gate_generation_id=36
[ERROR] [1787834778.380376834] [drone_0_ego_planner_node]: Failed to generate the first trajectory!!!
[WARN] [1787834778.396644881] [drone_0_ego_planner_node]: P5 final gate blocked trajectory: action=REQUEST_REPLAN reason=current_low_margin planning_generation_id=36 final_gate_generation_id=36
[ERROR] [1787834778.396673733] [drone_0_ego_planner_node]: Failed to generate the first trajectory!!!
[WARN] [1787834778.411185548] [drone_0_ego_planner_node]: P5 final gate blocked trajectory: action=REQUEST_REPLAN reason=current_low_margin planning_generation_id=36 final_gate_generation_id=36
[ERROR] [1787834778.411208059] [drone_0_ego_planner_node]: Failed to generate the first trajectory!!!
[WARN] [1787834778.427328956] [drone_0_ego_planner_node]: P5 final gate blocked trajectory: action=REQUEST_REPLAN reason=current_low_margin planning_generation_id=36 final_gate_generation_id=36
[ERROR] [1787834778.427398538] [drone_0_ego_planner_node]: Failed to generate the first trajectory!!!
[WARN] [1787834778.443472128] [drone_0_ego_planner_node]: P5 final gate blocked trajectory: action=REQUEST_REPLAN reason=current_low_margin planning_generation_id=36 final_gate_generation_id=36
[ERROR] [1787834778.443500522] [drone_0_ego_planner_node]: Failed to generate the first trajectory!!!
[WARN] [1787834778.459508181] [drone_0_ego_planner_node]: P5 final gate blocked trajectory: action=REQUEST_REPLAN reason=current_low_margin planning_generation_id=36 final_gate_generation_id=36
[ERROR] [1787834778.459534486] [drone_0_ego_planner_node]: Failed to generate the first trajectory!!!
[WARN] [1787834778.475645994] [drone_0_ego_planner_node]: P5 final gate blocked trajectory: action=REQUEST_REPLAN reason=current_low_margin planning_generation_id=36 final_gate_generation_id=36
[ERROR] [1787834778.475672061] [drone_0_ego_planner_node]: Failed to generate the first trajectory!!!
[WARN] [1787834778.491726783] [drone_0_ego_planner_node]: P5 final gate blocked trajectory: action=REQUEST_REPLAN reason=current_low_margin planning_generation_id=36 final_gate_generation_id=36
[ERROR] [1787834778.491754020] [drone_0_ego_planner_node]: Failed to generate the first trajectory!!!
[WARN] [1787834778.506304598] [drone_0_ego_planner_node]: P5 final gate blocked trajectory: action=REQUEST_REPLAN reason=current_low_margin planning_generation_id=36 final_gate_generation_id=36
[ERROR] [1787834778.506329043] [drone_0_ego_planner_node]: Failed to generate the first trajectory!!!
[WARN] [1787834778.520817132] [drone_0_ego_planner_node]: P5 final gate blocked trajectory: action=REQUEST_REPLAN reason=current_low_margin planning_generation_id=36 final_gate_generation_id=36
[ERROR] [1787834778.520841826] [drone_0_ego_planner_node]: Failed to generate the first trajectory!!!
[WARN] [1787834778.537086664] [drone_0_ego_planner_node]: P5 final gate blocked trajectory: action=REQUEST_REPLAN reason=current_low_margin planning_generation_id=36 final_gate_generation_id=36
[ERROR] [1787834778.537116220] [drone_0_ego_planner_node]: Failed to generate the first trajectory!!!
[WARN] [1787834778.553163455] [drone_0_ego_planner_node]: P5 final gate blocked trajectory: action=REQUEST_REPLAN reason=current_low_margin planning_generation_id=36 final_gate_generation_id=36
[ERROR] [1787834778.553191350] [drone_0_ego_planner_node]: Failed to generate the first trajectory!!!
[WARN] [1787834778.569442741] [drone_0_ego_planner_node]: P5 final gate blocked trajectory: action=REQUEST_REPLAN reason=current_low_margin planning_generation_id=36 final_gate_generation_id=36
[ERROR] [1787834778.569472051] [drone_0_ego_planner_node]: Failed to generate the first trajectory!!!
[WARN] [1787834778.584027307] [drone_0_ego_planner_node]: P5 final gate blocked trajectory: action=REQUEST_REPLAN reason=current_low_margin planning_generation_id=36 final_gate_generation_id=36
[ERROR] [1787834778.584050177] [drone_0_ego_planner_node]: Failed to generate the first trajectory!!!
[WARN] [1787834778.600170175] [drone_0_ego_planner_node]: P5 final gate blocked trajectory: action=REQUEST_REPLAN reason=current_low_margin planning_generation_id=36 final_gate_generation_id=36
[ERROR] [1787834778.600198858] [drone_0_ego_planner_node]: Failed to generate the first trajectory!!!
[WARN] [1787834778.616281186] [drone_0_ego_planner_node]: P5 final gate blocked trajectory: action=REQUEST_REPLAN reason=current_low_margin planning_generation_id=36 final_gate_generation_id=36
[ERROR] [1787834778.616309345] [drone_0_ego_planner_node]: Failed to generate the first trajectory!!!
[WARN] [1787834778.632593238] [drone_0_ego_planner_node]: P5 final gate blocked trajectory: action=REQUEST_REPLAN reason=current_low_margin planning_generation_id=37 final_gate_generation_id=37
[ERROR] [1787834778.632618655] [drone_0_ego_planner_node]: Failed to generate the first trajectory!!!
[WARN] [1787834778.648613161] [drone_0_ego_planner_node]: P5 final gate blocked trajectory: action=REQUEST_REPLAN reason=current_low_margin planning_generation_id=37 final_gate_generation_id=37
[ERROR] [1787834778.648642621] [drone_0_ego_planner_node]: Failed to generate the first trajectory!!!
[WARN] [1787834778.664648813] [drone_0_ego_planner_node]: P5 final gate blocked trajectory: action=REQUEST_REPLAN reason=current_low_margin planning_generation_id=37 final_gate_generation_id=37
[ERROR] [1787834778.664677306] [drone_0_ego_planner_node]: Failed to generate the first trajectory!!!
[WARN] [1787834778.680651796] [drone_0_ego_planner_node]: P5 final gate blocked trajectory: action=REQUEST_REPLAN reason=current_low_margin planning_generation_id=37 final_gate_generation_id=37
[ERROR] [1787834778.680680459] [drone_0_ego_planner_node]: Failed to generate the first trajectory!!!
[WARN] [1787834778.695487921] [drone_0_ego_planner_node]: P5 final gate blocked trajectory: action=REQUEST_REPLAN reason=current_low_margin planning_generation_id=37 final_gate_generation_id=37
[ERROR] [1787834778.695513384] [drone_0_ego_planner_node]: Failed to generate the first trajectory!!!
[WARN] [1787834778.710121118] [drone_0_ego_planner_node]: P5 final gate blocked trajectory: action=REQUEST_REPLAN reason=current_low_margin planning_generation_id=37 final_gate_generation_id=37
[ERROR] [1787834778.710143861] [drone_0_ego_planner_node]: Failed to generate the first trajectory!!!
[WARN] [1787834778.724787822] [drone_0_ego_planner_node]: P5 final gate blocked trajectory: action=REQUEST_REPLAN reason=current_low_margin planning_generation_id=37 final_gate_generation_id=37
[ERROR] [1787834778.724810215] [drone_0_ego_planner_node]: Failed to generate the first trajectory!!!
[WARN] [1787834778.740718439] [drone_0_ego_planner_node]: P5 final gate blocked trajectory: action=REQUEST_REPLAN reason=current_low_margin planning_generation_id=37 final_gate_generation_id=37
[ERROR] [1787834778.740746569] [drone_0_ego_planner_node]: Failed to generate the first trajectory!!!
[WARN] [1787834778.756563246] [drone_0_ego_planner_node]: P5 final gate blocked trajectory: action=REQUEST_REPLAN reason=current_low_margin planning_generation_id=37 final_gate_generation_id=37
[ERROR] [1787834778.756589211] [drone_0_ego_planner_node]: Failed to generate the first trajectory!!!
[WARN] [1787834778.771250262] [drone_0_ego_planner_node]: P5 final gate blocked trajectory: action=REQUEST_REPLAN reason=current_low_margin planning_generation_id=37 final_gate_generation_id=37
[ERROR] [1787834778.771274857] [drone_0_ego_planner_node]: Failed to generate the first trajectory!!!
[WARN] [1787834778.787218056] [drone_0_ego_planner_node]: P5 final gate blocked trajectory: action=REQUEST_REPLAN reason=current_low_margin planning_generation_id=37 final_gate_generation_id=37
[ERROR] [1787834778.787245999] [drone_0_ego_planner_node]: Failed to generate the first trajectory!!!
[WARN] [1787834778.803245585] [drone_0_ego_planner_node]: P5 final gate blocked trajectory: action=REQUEST_REPLAN reason=current_low_margin planning_generation_id=37 final_gate_generation_id=37
[ERROR] [1787834778.803274672] [drone_0_ego_planner_node]: Failed to generate the first trajectory!!!
[WARN] [1787834778.819264617] [drone_0_ego_planner_node]: P5 final gate blocked trajectory: action=REQUEST_REPLAN reason=current_low_margin planning_generation_id=37 final_gate_generation_id=37
[ERROR] [1787834778.819294616] [drone_0_ego_planner_node]: Failed to generate the first trajectory!!!
[WARN] [1787834778.835319072] [drone_0_ego_planner_node]: P5 final gate blocked trajectory: action=REQUEST_REPLAN reason=current_low_margin planning_generation_id=37 final_gate_generation_id=37
[ERROR] [1787834778.835347636] [drone_0_ego_planner_node]: Failed to generate the first trajectory!!!
[WARN] [1787834778.851324084] [drone_0_ego_planner_node]: P5 final gate blocked trajectory: action=REQUEST_REPLAN reason=current_low_margin planning_generation_id=37 final_gate_generation_id=37
[ERROR] [1787834778.851351434] [drone_0_ego_planner_node]: Failed to generate the first trajectory!!!
[WARN] [1787834778.866031426] [drone_0_ego_planner_node]: P5 final gate blocked trajectory: action=REQUEST_REPLAN reason=current_low_margin planning_generation_id=37 final_gate_generation_id=37
[ERROR] [1787834778.866057067] [drone_0_ego_planner_node]: Failed to generate the first trajectory!!!
[WARN] [1787834778.880660240] [drone_0_ego_planner_node]: P5 final gate blocked trajectory: action=REQUEST_REPLAN reason=current_low_margin planning_generation_id=37 final_gate_generation_id=37
[ERROR] [1787834778.880685017] [drone_0_ego_planner_node]: Failed to generate the first trajectory!!!
[WARN] [1787834778.896740800] [drone_0_ego_planner_node]: P5 final gate blocked trajectory: action=REQUEST_REPLAN reason=current_low_margin planning_generation_id=37 final_gate_generation_id=37
[ERROR] [1787834778.896770151] [drone_0_ego_planner_node]: Failed to generate the first trajectory!!!
[WARN] [1787834778.911320936] [drone_0_ego_planner_node]: P5 final gate blocked trajectory: action=REQUEST_REPLAN reason=current_low_margin planning_generation_id=37 final_gate_generation_id=37
[ERROR] [1787834778.911344864] [drone_0_ego_planner_node]: Failed to generate the first trajectory!!!
[WARN] [1787834778.927326831] [drone_0_ego_planner_node]: P5 final gate blocked trajectory: action=REQUEST_REPLAN reason=current_low_margin planning_generation_id=37 final_gate_generation_id=37
[ERROR] [1787834778.927352464] [drone_0_ego_planner_node]: Failed to generate the first trajectory!!!
[WARN] [1787834778.943417532] [drone_0_ego_planner_node]: P5 final gate blocked trajectory: action=REQUEST_REPLAN reason=current_low_margin planning_generation_id=37 final_gate_generation_id=37
[ERROR] [1787834778.943446463] [drone_0_ego_planner_node]: Failed to generate the first trajectory!!!
[WARN] [1787834778.958030179] [drone_0_ego_planner_node]: P5 final gate blocked trajectory: action=REQUEST_REPLAN reason=current_low_margin planning_generation_id=37 final_gate_generation_id=37
[ERROR] [1787834778.958053440] [drone_0_ego_planner_node]: Failed to generate the first trajectory!!!
[WARN] [1787834778.974017215] [drone_0_ego_planner_node]: P5 final gate blocked trajectory: action=REQUEST_REPLAN reason=current_low_margin planning_generation_id=37 final_gate_generation_id=37
[ERROR] [1787834778.974045015] [drone_0_ego_planner_node]: Failed to generate the first trajectory!!!
[WARN] [1787834778.988733717] [drone_0_ego_planner_node]: P5 final gate blocked trajectory: action=REQUEST_REPLAN reason=current_low_margin planning_generation_id=37 final_gate_generation_id=37
[ERROR] [1787834778.988757850] [drone_0_ego_planner_node]: Failed to generate the first trajectory!!!
[WARN] [1787834779.004935731] [drone_0_ego_planner_node]: P5 final gate blocked trajectory: action=REQUEST_REPLAN reason=current_low_margin planning_generation_id=37 final_gate_generation_id=37
[ERROR] [1787834779.004965307] [drone_0_ego_planner_node]: Failed to generate the first trajectory!!!
[WARN] [1787834779.019508122] [drone_0_ego_planner_node]: P5 final gate blocked trajectory: action=REQUEST_REPLAN reason=current_low_margin planning_generation_id=37 final_gate_generation_id=37
[ERROR] [1787834779.019532063] [drone_0_ego_planner_node]: Failed to generate the first trajectory!!!
[WARN] [1787834779.034197517] [drone_0_ego_planner_node]: P5 final gate blocked trajectory: action=REQUEST_REPLAN reason=current_low_margin planning_generation_id=37 final_gate_generation_id=37
[ERROR] [1787834779.034221677] [drone_0_ego_planner_node]: Failed to generate the first trajectory!!!
[WARN] [1787834779.050278306] [drone_0_ego_planner_node]: P5 final gate blocked trajectory: action=REQUEST_REPLAN reason=current_low_margin planning_generation_id=37 final_gate_generation_id=37
[ERROR] [1787834779.050309192] [drone_0_ego_planner_node]: Failed to generate the first trajectory!!!
[WARN] [1787834779.066592194] [drone_0_ego_planner_node]: P5 final gate blocked trajectory: action=REQUEST_REPLAN reason=current_low_margin planning_generation_id=37 final_gate_generation_id=37
[ERROR] [1787834779.066621242] [drone_0_ego_planner_node]: Failed to generate the first trajectory!!!
[WARN] [1787834779.082687165] [drone_0_ego_planner_node]: P5 final gate blocked trajectory: action=REQUEST_REPLAN reason=current_low_margin planning_generation_id=37 final_gate_generation_id=37
[ERROR] [1787834779.082717433] [drone_0_ego_planner_node]: Failed to generate the first trajectory!!!
[WARN] [1787834779.097257611] [drone_0_ego_planner_node]: P5 final gate blocked trajectory: action=REQUEST_REPLAN reason=current_low_margin planning_generation_id=37 final_gate_generation_id=37
[ERROR] [1787834779.097281194] [drone_0_ego_planner_node]: Failed to generate the first trajectory!!!
[WARN] [1787834779.113450557] [drone_0_ego_planner_node]: P5 final gate blocked trajectory: action=REQUEST_REPLAN reason=current_low_margin planning_generation_id=37 final_gate_generation_id=37
[ERROR] [1787834779.113479940] [drone_0_ego_planner_node]: Failed to generate the first trajectory!!!
[WARN] [1787834779.129489260] [drone_0_ego_planner_node]: P5 final gate using latest risk snapshot: planning_generation_id=37 final_gate_generation_id=38
[WARN] [1787834779.129640610] [drone_0_ego_planner_node]: P5 final gate blocked trajectory: action=REQUEST_REPLAN reason=current_low_margin planning_generation_id=37 final_gate_generation_id=38
[ERROR] [1787834779.129653752] [drone_0_ego_planner_node]: Failed to generate the first trajectory!!!
[WARN] [1787834779.145611434] [drone_0_ego_planner_node]: P5 final gate blocked trajectory: action=REQUEST_REPLAN reason=current_low_margin planning_generation_id=38 final_gate_generation_id=38
[ERROR] [1787834779.145636364] [drone_0_ego_planner_node]: Failed to generate the first trajectory!!!
[WARN] [1787834779.161846938] [drone_0_ego_planner_node]: P5 final gate blocked trajectory: action=REQUEST_REPLAN reason=current_low_margin planning_generation_id=38 final_gate_generation_id=38
[ERROR] [1787834779.161875616] [drone_0_ego_planner_node]: Failed to generate the first trajectory!!!
[WARN] [1787834779.177927495] [drone_0_ego_planner_node]: P5 final gate blocked trajectory: action=REQUEST_REPLAN reason=current_low_margin planning_generation_id=38 final_gate_generation_id=38
[ERROR] [1787834779.177955491] [drone_0_ego_planner_node]: Failed to generate the first trajectory!!!
[WARN] [1787834779.193980378] [drone_0_ego_planner_node]: P5 final gate blocked trajectory: action=REQUEST_REPLAN reason=current_low_margin planning_generation_id=38 final_gate_generation_id=38
[ERROR] [1787834779.194008309] [drone_0_ego_planner_node]: Failed to generate the first trajectory!!!
[WARN] [1787834779.210087995] [drone_0_ego_planner_node]: P5 final gate blocked trajectory: action=REQUEST_REPLAN reason=current_low_margin planning_generation_id=38 final_gate_generation_id=38
[ERROR] [1787834779.210116138] [drone_0_ego_planner_node]: Failed to generate the first trajectory!!!
[WARN] [1787834779.226130949] [drone_0_ego_planner_node]: P5 final gate blocked trajectory: action=REQUEST_REPLAN reason=current_low_margin planning_generation_id=38 final_gate_generation_id=38
[ERROR] [1787834779.226158176] [drone_0_ego_planner_node]: Failed to generate the first trajectory!!!
[WARN] [1787834779.242333974] [drone_0_ego_planner_node]: P5 final gate blocked trajectory: action=REQUEST_REPLAN reason=current_low_margin planning_generation_id=38 final_gate_generation_id=38
[ERROR] [1787834779.242364653] [drone_0_ego_planner_node]: Failed to generate the first trajectory!!!
[WARN] [1787834779.258472371] [drone_0_ego_planner_node]: P5 final gate blocked trajectory: action=REQUEST_REPLAN reason=current_low_margin planning_generation_id=38 final_gate_generation_id=38
[ERROR] [1787834779.258499797] [drone_0_ego_planner_node]: Failed to generate the first trajectory!!!
[WARN] [1787834779.274613666] [drone_0_ego_planner_node]: P5 final gate blocked trajectory: action=REQUEST_REPLAN reason=current_low_margin planning_generation_id=38 final_gate_generation_id=38
[ERROR] [1787834779.274641364] [drone_0_ego_planner_node]: Failed to generate the first trajectory!!!
[WARN] [1787834779.289169868] [drone_0_ego_planner_node]: P5 final gate blocked trajectory: action=REQUEST_REPLAN reason=current_low_margin planning_generation_id=38 final_gate_generation_id=38
[ERROR] [1787834779.289191827] [drone_0_ego_planner_node]: Failed to generate the first trajectory!!!
[WARN] [1787834779.305294161] [drone_0_ego_planner_node]: P5 final gate blocked trajectory: action=REQUEST_REPLAN reason=current_low_margin planning_generation_id=38 final_gate_generation_id=38
[ERROR] [1787834779.305325900] [drone_0_ego_planner_node]: Failed to generate the first trajectory!!!
[WARN] [1787834779.319897478] [drone_0_ego_planner_node]: P5 final gate blocked trajectory: action=REQUEST_REPLAN reason=current_low_margin planning_generation_id=38 final_gate_generation_id=38
[ERROR] [1787834779.319920753] [drone_0_ego_planner_node]: Failed to generate the first trajectory!!!
[WARN] [1787834779.335874701] [drone_0_ego_planner_node]: P5 final gate blocked trajectory: action=REQUEST_REPLAN reason=current_low_margin planning_generation_id=38 final_gate_generation_id=38
[ERROR] [1787834779.335902733] [drone_0_ego_planner_node]: Failed to generate the first trajectory!!!
[WARN] [1787834779.351892664] [drone_0_ego_planner_node]: P5 final gate blocked trajectory: action=REQUEST_REPLAN reason=current_low_margin planning_generation_id=38 final_gate_generation_id=38
[ERROR] [1787834779.351919973] [drone_0_ego_planner_node]: Failed to generate the first trajectory!!!
[WARN] [1787834779.368088654] [drone_0_ego_planner_node]: P5 final gate blocked trajectory: action=REQUEST_REPLAN reason=current_low_margin planning_generation_id=38 final_gate_generation_id=38
[ERROR] [1787834779.368121154] [drone_0_ego_planner_node]: Failed to generate the first trajectory!!!
[WARN] [1787834779.382735038] [drone_0_ego_planner_node]: P5 final gate blocked trajectory: action=REQUEST_REPLAN reason=current_low_margin planning_generation_id=38 final_gate_generation_id=38
[ERROR] [1787834779.382760340] [drone_0_ego_planner_node]: Failed to generate the first trajectory!!!
[WARN] [1787834779.398853575] [drone_0_ego_planner_node]: P5 final gate blocked trajectory: action=REQUEST_REPLAN reason=current_low_margin planning_generation_id=38 final_gate_generation_id=38
[ERROR] [1787834779.398883950] [drone_0_ego_planner_node]: Failed to generate the first trajectory!!!
[WARN] [1787834779.414990999] [drone_0_ego_planner_node]: P5 final gate blocked trajectory: action=REQUEST_REPLAN reason=current_low_margin planning_generation_id=38 final_gate_generation_id=38
[ERROR] [1787834779.415018406] [drone_0_ego_planner_node]: Failed to generate the first trajectory!!!
[WARN] [1787834779.431015090] [drone_0_ego_planner_node]: P5 final gate blocked trajectory: action=REQUEST_REPLAN reason=current_low_margin planning_generation_id=38 final_gate_generation_id=38
[ERROR] [1787834779.431043331] [drone_0_ego_planner_node]: Failed to generate the first trajectory!!!
[WARN] [1787834779.447119418] [drone_0_ego_planner_node]: P5 final gate blocked trajectory: action=REQUEST_REPLAN reason=current_low_margin planning_generation_id=38 final_gate_generation_id=38
[ERROR] [1787834779.447147622] [drone_0_ego_planner_node]: Failed to generate the first trajectory!!!
[WARN] [1787834779.463232568] [drone_0_ego_planner_node]: P5 final gate blocked trajectory: action=REQUEST_REPLAN reason=current_low_margin planning_generation_id=38 final_gate_generation_id=38
[ERROR] [1787834779.463260670] [drone_0_ego_planner_node]: Failed to generate the first trajectory!!!
[WARN] [1787834779.479336232] [drone_0_ego_planner_node]: P5 final gate blocked trajectory: action=REQUEST_REPLAN reason=current_low_margin planning_generation_id=38 final_gate_generation_id=38
[ERROR] [1787834779.479365207] [drone_0_ego_planner_node]: Failed to generate the first trajectory!!!
[WARN] [1787834779.495417157] [drone_0_ego_planner_node]: P5 final gate blocked trajectory: action=REQUEST_REPLAN reason=current_low_margin planning_generation_id=38 final_gate_generation_id=38
[ERROR] [1787834779.495444670] [drone_0_ego_planner_node]: Failed to generate the first trajectory!!!
[WARN] [1787834779.510013992] [drone_0_ego_planner_node]: P5 final gate blocked trajectory: action=REQUEST_REPLAN reason=current_low_margin planning_generation_id=38 final_gate_generation_id=38
[ERROR] [1787834779.510037216] [drone_0_ego_planner_node]: Failed to generate the first trajectory!!!
[WARN] [1787834779.525998790] [drone_0_ego_planner_node]: P5 final gate blocked trajectory: action=REQUEST_REPLAN reason=current_low_margin planning_generation_id=38 final_gate_generation_id=38
[ERROR] [1787834779.526023384] [drone_0_ego_planner_node]: Failed to generate the first trajectory!!!
[WARN] [1787834779.542189928] [drone_0_ego_planner_node]: P5 final gate blocked trajectory: action=REQUEST_REPLAN reason=current_low_margin planning_generation_id=38 final_gate_generation_id=38
[ERROR] [1787834779.542219310] [drone_0_ego_planner_node]: Failed to generate the first trajectory!!!
[WARN] [1787834779.558324569] [drone_0_ego_planner_node]: P5 final gate blocked trajectory: action=REQUEST_REPLAN reason=current_low_margin planning_generation_id=38 final_gate_generation_id=38
[ERROR] [1787834779.558353760] [drone_0_ego_planner_node]: Failed to generate the first trajectory!!!
[WARN] [1787834779.573031456] [drone_0_ego_planner_node]: P5 final gate blocked trajectory: action=REQUEST_REPLAN reason=current_low_margin planning_generation_id=38 final_gate_generation_id=38
[ERROR] [1787834779.573053675] [drone_0_ego_planner_node]: Failed to generate the first trajectory!!!
[WARN] [1787834779.589116729] [drone_0_ego_planner_node]: P5 final gate blocked trajectory: action=REQUEST_REPLAN reason=current_low_margin planning_generation_id=38 final_gate_generation_id=38
[ERROR] [1787834779.589144200] [drone_0_ego_planner_node]: Failed to generate the first trajectory!!!
[WARN] [1787834779.605465800] [drone_0_ego_planner_node]: P5 final gate blocked trajectory: action=REQUEST_REPLAN reason=current_low_margin planning_generation_id=38 final_gate_generation_id=38
[ERROR] [1787834779.605494551] [drone_0_ego_planner_node]: Failed to generate the first trajectory!!!
[WARN] [1787834779.620033145] [drone_0_ego_planner_node]: P5 final gate blocked trajectory: action=REQUEST_REPLAN reason=current_low_margin planning_generation_id=38 final_gate_generation_id=38
[ERROR] [1787834779.620055027] [drone_0_ego_planner_node]: Failed to generate the first trajectory!!!
[WARN] [1787834779.637633859] [drone_0_ego_planner_node]: P5 final gate blocked trajectory: action=REQUEST_REPLAN reason=current_low_margin planning_generation_id=39 final_gate_generation_id=39
[ERROR] [1787834779.637663892] [drone_0_ego_planner_node]: Failed to generate the first trajectory!!!
[WARN] [1787834779.653572516] [drone_0_ego_planner_node]: P5 final gate blocked trajectory: action=REQUEST_REPLAN reason=current_low_margin planning_generation_id=39 final_gate_generation_id=39
[ERROR] [1787834779.653598691] [drone_0_ego_planner_node]: Failed to generate the first trajectory!!!
[WARN] [1787834779.669722992] [drone_0_ego_planner_node]: P5 final gate blocked trajectory: action=REQUEST_REPLAN reason=current_low_margin planning_generation_id=39 final_gate_generation_id=39
[ERROR] [1787834779.669750569] [drone_0_ego_planner_node]: Failed to generate the first trajectory!!!
[WARN] [1787834779.685782482] [drone_0_ego_planner_node]: P5 final gate blocked trajectory: action=REQUEST_REPLAN reason=current_low_margin planning_generation_id=39 final_gate_generation_id=39
[ERROR] [1787834779.685808785] [drone_0_ego_planner_node]: Failed to generate the first trajectory!!!
[WARN] [1787834779.700365210] [drone_0_ego_planner_node]: P5 final gate blocked trajectory: action=REQUEST_REPLAN reason=current_low_margin planning_generation_id=39 final_gate_generation_id=39
[ERROR] [1787834779.700389137] [drone_0_ego_planner_node]: Failed to generate the first trajectory!!!
[WARN] [1787834779.716432053] [drone_0_ego_planner_node]: P5 final gate blocked trajectory: action=REQUEST_REPLAN reason=current_low_margin planning_generation_id=39 final_gate_generation_id=39
[ERROR] [1787834779.716461296] [drone_0_ego_planner_node]: Failed to generate the first trajectory!!!
[WARN] [1787834779.732539229] [drone_0_ego_planner_node]: P5 final gate blocked trajectory: action=REQUEST_REPLAN reason=current_low_margin planning_generation_id=39 final_gate_generation_id=39
[ERROR] [1787834779.732569153] [drone_0_ego_planner_node]: Failed to generate the first trajectory!!!
[WARN] [1787834779.748693421] [drone_0_ego_planner_node]: P5 final gate blocked trajectory: action=REQUEST_REPLAN reason=current_low_margin planning_generation_id=39 final_gate_generation_id=39
[ERROR] [1787834779.748722609] [drone_0_ego_planner_node]: Failed to generate the first trajectory!!!
[WARN] [1787834779.763355016] [drone_0_ego_planner_node]: P5 final gate blocked trajectory: action=REQUEST_REPLAN reason=current_low_margin planning_generation_id=39 final_gate_generation_id=39
[ERROR] [1787834779.763378920] [drone_0_ego_planner_node]: Failed to generate the first trajectory!!!
[WARN] [1787834779.779629923] [drone_0_ego_planner_node]: P5 final gate blocked trajectory: action=REQUEST_REPLAN reason=current_low_margin planning_generation_id=39 final_gate_generation_id=39
[ERROR] [1787834779.779658172] [drone_0_ego_planner_node]: Failed to generate the first trajectory!!!
[WARN] [1787834779.795666942] [drone_0_ego_planner_node]: P5 final gate blocked trajectory: action=REQUEST_REPLAN reason=current_low_margin planning_generation_id=39 final_gate_generation_id=39
[ERROR] [1787834779.795693429] [drone_0_ego_planner_node]: Failed to generate the first trajectory!!!
[WARN] [1787834779.810212620] [drone_0_ego_planner_node]: P5 final gate blocked trajectory: action=REQUEST_REPLAN reason=current_low_margin planning_generation_id=39 final_gate_generation_id=39
[ERROR] [1787834779.810233500] [drone_0_ego_planner_node]: Failed to generate the first trajectory!!!
[WARN] [1787834779.826175025] [drone_0_ego_planner_node]: P5 final gate blocked trajectory: action=REQUEST_REPLAN reason=current_low_margin planning_generation_id=39 final_gate_generation_id=39
[ERROR] [1787834779.826199918] [drone_0_ego_planner_node]: Failed to generate the first trajectory!!!
[WARN] [1787834779.842248129] [drone_0_ego_planner_node]: P5 final gate blocked trajectory: action=REQUEST_REPLAN reason=current_low_margin planning_generation_id=39 final_gate_generation_id=39
[ERROR] [1787834779.842276790] [drone_0_ego_planner_node]: Failed to generate the first trajectory!!!
[WARN] [1787834779.858214010] [drone_0_ego_planner_node]: P5 final gate blocked trajectory: action=REQUEST_REPLAN reason=current_low_margin planning_generation_id=39 final_gate_generation_id=39
[ERROR] [1787834779.858237781] [drone_0_ego_planner_node]: Failed to generate the first trajectory!!!
[INFO] [1787834779.859656394] [drone_0_ego_planner_node]: [p0] risk grid ready=1 stale=0 age=0.000 valid=0.999 unknown=0.001 gen=39 provider_queries=127840 occupied_skip=160 provider_stale=0 provider_invalid=0 gnss_used=127840 lidar_used=93240 prior_used=127840 stale_current_prior=0 regularized=127840 conservative_max=0 lidar_points=28922 lidar_fim_primitives=481 lidar_fim_valid_normals=481 lidar_fim_fallback= dominant_unknown=occupied_skip:160 refresh_stamp=1657065629.680424 grid_stamp=1657065629.680424 elapsed_ms=278.073 queries=128000 reason=ok
[WARN] [1787834779.874449854] [drone_0_ego_planner_node]: P5 final gate blocked trajectory: action=REQUEST_REPLAN reason=current_low_margin planning_generation_id=39 final_gate_generation_id=39
[ERROR] [1787834779.874480739] [drone_0_ego_planner_node]: Failed to generate the first trajectory!!!
[WARN] [1787834779.890599059] [drone_0_ego_planner_node]: P5 final gate blocked trajectory: action=REQUEST_REPLAN reason=current_low_margin planning_generation_id=39 final_gate_generation_id=39
[ERROR] [1787834779.890629436] [drone_0_ego_planner_node]: Failed to generate the first trajectory!!!
[WARN] [1787834779.906710791] [drone_0_ego_planner_node]: P5 final gate blocked trajectory: action=REQUEST_REPLAN reason=current_low_margin planning_generation_id=39 final_gate_generation_id=39
[ERROR] [1787834779.906741391] [drone_0_ego_planner_node]: Failed to generate the first trajectory!!!
[WARN] [1787834779.922743663] [drone_0_ego_planner_node]: P5 final gate blocked trajectory: action=REQUEST_REPLAN reason=current_low_margin planning_generation_id=39 final_gate_generation_id=39
[ERROR] [1787834779.922773169] [drone_0_ego_planner_node]: Failed to generate the first trajectory!!!
[WARN] [1787834779.938815747] [drone_0_ego_planner_node]: P5 final gate blocked trajectory: action=REQUEST_REPLAN reason=current_low_margin planning_generation_id=39 final_gate_generation_id=39
[ERROR] [1787834779.938844356] [drone_0_ego_planner_node]: Failed to generate the first trajectory!!!
[WARN] [1787834779.954875093] [drone_0_ego_planner_node]: P5 final gate blocked trajectory: action=REQUEST_REPLAN reason=current_low_margin planning_generation_id=39 final_gate_generation_id=39
[ERROR] [1787834779.954901745] [drone_0_ego_planner_node]: Failed to generate the first trajectory!!!
[WARN] [1787834779.971161250] [drone_0_ego_planner_node]: P5 final gate blocked trajectory: action=REQUEST_REPLAN reason=current_low_margin planning_generation_id=39 final_gate_generation_id=39
[ERROR] [1787834779.971189211] [drone_0_ego_planner_node]: Failed to generate the first trajectory!!!
[WARN] [1787834779.985783411] [drone_0_ego_planner_node]: P5 final gate blocked trajectory: action=REQUEST_REPLAN reason=current_low_margin planning_generation_id=39 final_gate_generation_id=39
[ERROR] [1787834779.985809558] [drone_0_ego_planner_node]: Failed to generate the first trajectory!!!
[WARN] [1787834780.001856699] [drone_0_ego_planner_node]: P5 final gate blocked trajectory: action=REQUEST_REPLAN reason=current_low_margin planning_generation_id=39 final_gate_generation_id=39
[ERROR] [1787834780.001885714] [drone_0_ego_planner_node]: Failed to generate the first trajectory!!!
[WARN] [1787834780.017839822] [drone_0_ego_planner_node]: P5 final gate blocked trajectory: action=REQUEST_REPLAN reason=current_low_margin planning_generation_id=39 final_gate_generation_id=39
[ERROR] [1787834780.017866609] [drone_0_ego_planner_node]: Failed to generate the first trajectory!!!
[WARN] [1787834780.034082192] [drone_0_ego_planner_node]: P5 final gate blocked trajectory: action=REQUEST_REPLAN reason=current_low_margin planning_generation_id=39 final_gate_generation_id=39
[ERROR] [1787834780.034111166] [drone_0_ego_planner_node]: Failed to generate the first trajectory!!!
[WARN] [1787834780.050220335] [drone_0_ego_planner_node]: P5 final gate blocked trajectory: action=REQUEST_REPLAN reason=current_low_margin planning_generation_id=39 final_gate_generation_id=39
[ERROR] [1787834780.050247815] [drone_0_ego_planner_node]: Failed to generate the first trajectory!!!
[WARN] [1787834780.066391842] [drone_0_ego_planner_node]: P5 final gate blocked trajectory: action=REQUEST_REPLAN reason=current_low_margin planning_generation_id=39 final_gate_generation_id=39
[ERROR] [1787834780.066419950] [drone_0_ego_planner_node]: Failed to generate the first trajectory!!!
[WARN] [1787834780.082489611] [drone_0_ego_planner_node]: P5 final gate blocked trajectory: action=REQUEST_REPLAN reason=current_low_margin planning_generation_id=39 final_gate_generation_id=39
[ERROR] [1787834780.082519133] [drone_0_ego_planner_node]: Failed to generate the first trajectory!!!
[WARN] [1787834780.098621231] [drone_0_ego_planner_node]: P5 final gate blocked trajectory: action=REQUEST_REPLAN reason=current_low_margin planning_generation_id=39 final_gate_generation_id=39
[ERROR] [1787834780.098650702] [drone_0_ego_planner_node]: Failed to generate the first trajectory!!!
[WARN] [1787834780.113224669] [drone_0_ego_planner_node]: P5 final gate blocked trajectory: action=REQUEST_REPLAN reason=current_low_margin planning_generation_id=39 final_gate_generation_id=39
[ERROR] [1787834780.113249076] [drone_0_ego_planner_node]: Failed to generate the first trajectory!!!
[WARN] [1787834780.129264654] [drone_0_ego_planner_node]: P5 final gate using latest risk snapshot: planning_generation_id=39 final_gate_generation_id=40
[WARN] [1787834780.129421676] [drone_0_ego_planner_node]: P5 final gate blocked trajectory: action=REQUEST_REPLAN reason=current_low_margin planning_generation_id=39 final_gate_generation_id=40
[ERROR] [1787834780.129435532] [drone_0_ego_planner_node]: Failed to generate the first trajectory!!!
[WARN] [1787834780.146936077] [drone_0_ego_planner_node]: P5 final gate blocked trajectory: action=REQUEST_REPLAN reason=current_low_margin planning_generation_id=40 final_gate_generation_id=40
[ERROR] [1787834780.146964668] [drone_0_ego_planner_node]: Failed to generate the first trajectory!!!
[WARN] [1787834780.163454627] [drone_0_ego_planner_node]: P5 final gate blocked trajectory: action=REQUEST_REPLAN reason=current_low_margin planning_generation_id=40 final_gate_generation_id=40
[ERROR] [1787834780.163483033] [drone_0_ego_planner_node]: Failed to generate the first trajectory!!!
[WARN] [1787834780.179574410] [drone_0_ego_planner_node]: P5 final gate blocked trajectory: action=REQUEST_REPLAN reason=current_low_margin planning_generation_id=40 final_gate_generation_id=40
[ERROR] [1787834780.179602872] [drone_0_ego_planner_node]: Failed to generate the first trajectory!!!
[WARN] [1787834780.194142620] [drone_0_ego_planner_node]: P5 final gate blocked trajectory: action=REQUEST_REPLAN reason=current_low_margin planning_generation_id=40 final_gate_generation_id=40
[ERROR] [1787834780.194167775] [drone_0_ego_planner_node]: Failed to generate the first trajectory!!!
[WARN] [1787834780.208736196] [drone_0_ego_planner_node]: P5 final gate blocked trajectory: action=REQUEST_REPLAN reason=current_low_margin planning_generation_id=40 final_gate_generation_id=40
[ERROR] [1787834780.208759185] [drone_0_ego_planner_node]: Failed to generate the first trajectory!!!
[WARN] [1787834780.223179933] [drone_0_ego_planner_node]: P5 final gate blocked trajectory: action=REQUEST_REPLAN reason=current_low_margin planning_generation_id=40 final_gate_generation_id=40
[ERROR] [1787834780.223200055] [drone_0_ego_planner_node]: Failed to generate the first trajectory!!!
[WARN] [1787834780.237747127] [drone_0_ego_planner_node]: P5 final gate blocked trajectory: action=REQUEST_REPLAN reason=current_low_margin planning_generation_id=40 final_gate_generation_id=40
[ERROR] [1787834780.237771201] [drone_0_ego_planner_node]: Failed to generate the first trajectory!!!
[WARN] [1787834780.253804574] [drone_0_ego_planner_node]: P5 final gate blocked trajectory: action=REQUEST_REPLAN reason=current_low_margin planning_generation_id=40 final_gate_generation_id=40
[ERROR] [1787834780.253833129] [drone_0_ego_planner_node]: Failed to generate the first trajectory!!!
[WARN] [1787834780.270211777] [drone_0_ego_planner_node]: P5 final gate blocked trajectory: action=REQUEST_REPLAN reason=current_low_margin planning_generation_id=40 final_gate_generation_id=40
[ERROR] [1787834780.270243313] [drone_0_ego_planner_node]: Failed to generate the first trajectory!!!
[WARN] [1787834780.286328264] [drone_0_ego_planner_node]: P5 final gate blocked trajectory: action=REQUEST_REPLAN reason=current_low_margin planning_generation_id=40 final_gate_generation_id=40
[ERROR] [1787834780.286356820] [drone_0_ego_planner_node]: Failed to generate the first trajectory!!!
[WARN] [1787834780.302363949] [drone_0_ego_planner_node]: P5 final gate blocked trajectory: action=REQUEST_REPLAN reason=current_low_margin planning_generation_id=40 final_gate_generation_id=40
[ERROR] [1787834780.302390620] [drone_0_ego_planner_node]: Failed to generate the first trajectory!!!
[WARN] [1787834780.316928094] [drone_0_ego_planner_node]: P5 final gate blocked trajectory: action=REQUEST_REPLAN reason=current_low_margin planning_generation_id=40 final_gate_generation_id=40
[ERROR] [1787834780.316950911] [drone_0_ego_planner_node]: Failed to generate the first trajectory!!!
[WARN] [1787834780.332956284] [drone_0_ego_planner_node]: P5 final gate blocked trajectory: action=REQUEST_REPLAN reason=current_low_margin planning_generation_id=40 final_gate_generation_id=40
[ERROR] [1787834780.332984402] [drone_0_ego_planner_node]: Failed to generate the first trajectory!!!
[WARN] [1787834780.348967856] [drone_0_ego_planner_node]: P5 final gate blocked trajectory: action=REQUEST_REPLAN reason=current_low_margin planning_generation_id=40 final_gate_generation_id=40
[ERROR] [1787834780.348994035] [drone_0_ego_planner_node]: Failed to generate the first trajectory!!!
[WARN] [1787834780.365249217] [drone_0_ego_planner_node]: P5 final gate blocked trajectory: action=REQUEST_REPLAN reason=current_low_margin planning_generation_id=40 final_gate_generation_id=40
[ERROR] [1787834780.365279407] [drone_0_ego_planner_node]: Failed to generate the first trajectory!!!
[WARN] [1787834780.379863136] [drone_0_ego_planner_node]: P5 final gate blocked trajectory: action=REQUEST_REPLAN reason=current_low_margin planning_generation_id=40 final_gate_generation_id=40
[ERROR] [1787834780.379885476] [drone_0_ego_planner_node]: Failed to generate the first trajectory!!!
[WARN] [1787834780.396039708] [drone_0_ego_planner_node]: P5 final gate blocked trajectory: action=REQUEST_REPLAN reason=current_low_margin planning_generation_id=40 final_gate_generation_id=40
[ERROR] [1787834780.396074842] [drone_0_ego_planner_node]: Failed to generate the first trajectory!!!
[WARN] [1787834780.410632974] [drone_0_ego_planner_node]: P5 final gate blocked trajectory: action=REQUEST_REPLAN reason=current_low_margin planning_generation_id=40 final_gate_generation_id=40
[ERROR] [1787834780.410655524] [drone_0_ego_planner_node]: Failed to generate the first trajectory!!!
[WARN] [1787834780.426794448] [drone_0_ego_planner_node]: P5 final gate blocked trajectory: action=REQUEST_REPLAN reason=current_low_margin planning_generation_id=40 final_gate_generation_id=40
[ERROR] [1787834780.426822942] [drone_0_ego_planner_node]: Failed to generate the first trajectory!!!
[WARN] [1787834780.442886881] [drone_0_ego_planner_node]: P5 final gate blocked trajectory: action=REQUEST_REPLAN reason=current_low_margin planning_generation_id=40 final_gate_generation_id=40
[ERROR] [1787834780.442916109] [drone_0_ego_planner_node]: Failed to generate the first trajectory!!!
[WARN] [1787834780.458998082] [drone_0_ego_planner_node]: P5 final gate blocked trajectory: action=REQUEST_REPLAN reason=current_low_margin planning_generation_id=40 final_gate_generation_id=40
[ERROR] [1787834780.459025952] [drone_0_ego_planner_node]: Failed to generate the first trajectory!!!
[WARN] [1787834780.475242384] [drone_0_ego_planner_node]: P5 final gate blocked trajectory: action=REQUEST_REPLAN reason=current_low_margin planning_generation_id=40 final_gate_generation_id=40
[ERROR] [1787834780.475271717] [drone_0_ego_planner_node]: Failed to generate the first trajectory!!!
[WARN] [1787834780.491337006] [drone_0_ego_planner_node]: P5 final gate blocked trajectory: action=REQUEST_REPLAN reason=current_low_margin planning_generation_id=40 final_gate_generation_id=40
[ERROR] [1787834780.491364294] [drone_0_ego_planner_node]: Failed to generate the first trajectory!!!
[WARN] [1787834780.507473365] [drone_0_ego_planner_node]: P5 final gate blocked trajectory: action=REQUEST_REPLAN reason=current_low_margin planning_generation_id=40 final_gate_generation_id=40
[ERROR] [1787834780.507502063] [drone_0_ego_planner_node]: Failed to generate the first trajectory!!!
[WARN] [1787834780.523570374] [drone_0_ego_planner_node]: P5 final gate blocked trajectory: action=REQUEST_REPLAN reason=current_low_margin planning_generation_id=40 final_gate_generation_id=40
[ERROR] [1787834780.523597121] [drone_0_ego_planner_node]: Failed to generate the first trajectory!!!
[WARN] [1787834780.539811062] [drone_0_ego_planner_node]: P5 final gate blocked trajectory: action=REQUEST_REPLAN reason=current_low_margin planning_generation_id=40 final_gate_generation_id=40
[ERROR] [1787834780.539838431] [drone_0_ego_planner_node]: Failed to generate the first trajectory!!!
[WARN] [1787834780.555858767] [drone_0_ego_planner_node]: P5 final gate blocked trajectory: action=REQUEST_REPLAN reason=current_low_margin planning_generation_id=40 final_gate_generation_id=40
[ERROR] [1787834780.555887835] [drone_0_ego_planner_node]: Failed to generate the first trajectory!!!
[WARN] [1787834780.570567391] [drone_0_ego_planner_node]: P5 final gate blocked trajectory: action=REQUEST_REPLAN reason=current_low_margin planning_generation_id=40 final_gate_generation_id=40
[ERROR] [1787834780.570592124] [drone_0_ego_planner_node]: Failed to generate the first trajectory!!!
[WARN] [1787834780.586608359] [drone_0_ego_planner_node]: P5 final gate blocked trajectory: action=REQUEST_REPLAN reason=current_low_margin planning_generation_id=40 final_gate_generation_id=40
[ERROR] [1787834780.586636621] [drone_0_ego_planner_node]: Failed to generate the first trajectory!!!
[WARN] [1787834780.601173869] [drone_0_ego_planner_node]: P5 final gate blocked trajectory: action=REQUEST_REPLAN reason=current_low_margin planning_generation_id=40 final_gate_generation_id=40
[ERROR] [1787834780.601198683] [drone_0_ego_planner_node]: Failed to generate the first trajectory!!!
[WARN] [1787834780.617346293] [drone_0_ego_planner_node]: P5 final gate blocked trajectory: action=REQUEST_REPLAN reason=current_low_margin planning_generation_id=40 final_gate_generation_id=40
[ERROR] [1787834780.617376287] [drone_0_ego_planner_node]: Failed to generate the first trajectory!!!
[WARN] [1787834780.633364188] [drone_0_ego_planner_node]: P5 final gate using latest risk snapshot: planning_generation_id=40 final_gate_generation_id=41
[WARN] [1787834780.633519835] [drone_0_ego_planner_node]: P5 final gate blocked trajectory: action=REQUEST_REPLAN reason=current_low_margin planning_generation_id=40 final_gate_generation_id=41
[ERROR] [1787834780.633531029] [drone_0_ego_planner_node]: Failed to generate the first trajectory!!!
[WARN] [1787834780.650845186] [drone_0_ego_planner_node]: P5 final gate blocked trajectory: action=REQUEST_REPLAN reason=current_low_margin planning_generation_id=41 final_gate_generation_id=41
[ERROR] [1787834780.650874530] [drone_0_ego_planner_node]: Failed to generate the first trajectory!!!
[WARN] [1787834780.666825659] [drone_0_ego_planner_node]: P5 final gate blocked trajectory: action=REQUEST_REPLAN reason=current_low_margin planning_generation_id=41 final_gate_generation_id=41
[ERROR] [1787834780.666857291] [drone_0_ego_planner_node]: Failed to generate the first trajectory!!!
[WARN] [1787834780.682814526] [drone_0_ego_planner_node]: P5 final gate blocked trajectory: action=REQUEST_REPLAN reason=current_low_margin planning_generation_id=41 final_gate_generation_id=41
[ERROR] [1787834780.682844863] [drone_0_ego_planner_node]: Failed to generate the first trajectory!!!
[WARN] [1787834780.699006654] [drone_0_ego_planner_node]: P5 final gate blocked trajectory: action=REQUEST_REPLAN reason=current_low_margin planning_generation_id=41 final_gate_generation_id=41
[ERROR] [1787834780.699032682] [drone_0_ego_planner_node]: Failed to generate the first trajectory!!!
[WARN] [1787834780.713555467] [drone_0_ego_planner_node]: P5 final gate blocked trajectory: action=REQUEST_REPLAN reason=current_low_margin planning_generation_id=41 final_gate_generation_id=41
[ERROR] [1787834780.713577608] [drone_0_ego_planner_node]: Failed to generate the first trajectory!!!
[WARN] [1787834780.728171771] [drone_0_ego_planner_node]: P5 final gate blocked trajectory: action=REQUEST_REPLAN reason=current_low_margin planning_generation_id=41 final_gate_generation_id=41
[ERROR] [1787834780.728194195] [drone_0_ego_planner_node]: Failed to generate the first trajectory!!!
[WARN] [1787834780.744162741] [drone_0_ego_planner_node]: P5 final gate blocked trajectory: action=REQUEST_REPLAN reason=current_low_margin planning_generation_id=41 final_gate_generation_id=41
[ERROR] [1787834780.744189503] [drone_0_ego_planner_node]: Failed to generate the first trajectory!!!
[WARN] [1787834780.760242334] [drone_0_ego_planner_node]: P5 final gate blocked trajectory: action=REQUEST_REPLAN reason=current_low_margin planning_generation_id=41 final_gate_generation_id=41
[ERROR] [1787834780.760271506] [drone_0_ego_planner_node]: Failed to generate the first trajectory!!!
[WARN] [1787834780.774843107] [drone_0_ego_planner_node]: P5 final gate blocked trajectory: action=REQUEST_REPLAN reason=current_low_margin planning_generation_id=41 final_gate_generation_id=41
[ERROR] [1787834780.774865629] [drone_0_ego_planner_node]: Failed to generate the first trajectory!!!
[WARN] [1787834780.790931680] [drone_0_ego_planner_node]: P5 final gate blocked trajectory: action=REQUEST_REPLAN reason=current_low_margin planning_generation_id=41 final_gate_generation_id=41
[ERROR] [1787834780.790961589] [drone_0_ego_planner_node]: Failed to generate the first trajectory!!!
[WARN] [1787834780.806927161] [drone_0_ego_planner_node]: P5 final gate blocked trajectory: action=REQUEST_REPLAN reason=current_low_margin planning_generation_id=41 final_gate_generation_id=41
[ERROR] [1787834780.806954181] [drone_0_ego_planner_node]: Failed to generate the first trajectory!!!
[WARN] [1787834780.822919679] [drone_0_ego_planner_node]: P5 final gate blocked trajectory: action=REQUEST_REPLAN reason=current_low_margin planning_generation_id=41 final_gate_generation_id=41
[ERROR] [1787834780.822945809] [drone_0_ego_planner_node]: Failed to generate the first trajectory!!!
[WARN] [1787834780.837472206] [drone_0_ego_planner_node]: P5 final gate blocked trajectory: action=REQUEST_REPLAN reason=current_low_margin planning_generation_id=41 final_gate_generation_id=41
[ERROR] [1787834780.837495495] [drone_0_ego_planner_node]: Failed to generate the first trajectory!!!
[WARN] [1787834780.853448213] [drone_0_ego_planner_node]: P5 final gate blocked trajectory: action=REQUEST_REPLAN reason=current_low_margin planning_generation_id=41 final_gate_generation_id=41
[ERROR] [1787834780.853474578] [drone_0_ego_planner_node]: Failed to generate the first trajectory!!!
[WARN] [1787834780.869531590] [drone_0_ego_planner_node]: P5 final gate blocked trajectory: action=REQUEST_REPLAN reason=current_low_margin planning_generation_id=41 final_gate_generation_id=41
[ERROR] [1787834780.869560088] [drone_0_ego_planner_node]: Failed to generate the first trajectory!!!
[WARN] [1787834780.885554128] [drone_0_ego_planner_node]: P5 final gate blocked trajectory: action=REQUEST_REPLAN reason=current_low_margin planning_generation_id=41 final_gate_generation_id=41
[ERROR] [1787834780.885581424] [drone_0_ego_planner_node]: Failed to generate the first trajectory!!!
[WARN] [1787834780.901626463] [drone_0_ego_planner_node]: P5 final gate blocked trajectory: action=REQUEST_REPLAN reason=current_low_margin planning_generation_id=41 final_gate_generation_id=41
[ERROR] [1787834780.901656093] [drone_0_ego_planner_node]: Failed to generate the first trajectory!!!
[WARN] [1787834780.916180371] [drone_0_ego_planner_node]: P5 final gate blocked trajectory: action=REQUEST_REPLAN reason=current_low_margin planning_generation_id=41 final_gate_generation_id=41
[ERROR] [1787834780.916202877] [drone_0_ego_planner_node]: Failed to generate the first trajectory!!!
[WARN] [1787834780.930698281] [drone_0_ego_planner_node]: P5 final gate blocked trajectory: action=REQUEST_REPLAN reason=current_low_margin planning_generation_id=41 final_gate_generation_id=41
[ERROR] [1787834780.930720543] [drone_0_ego_planner_node]: Failed to generate the first trajectory!!!
[WARN] [1787834780.946686915] [drone_0_ego_planner_node]: P5 final gate blocked trajectory: action=REQUEST_REPLAN reason=current_low_margin planning_generation_id=41 final_gate_generation_id=41
[ERROR] [1787834780.946716284] [drone_0_ego_planner_node]: Failed to generate the first trajectory!!!
[WARN] [1787834780.962682810] [drone_0_ego_planner_node]: P5 final gate blocked trajectory: action=REQUEST_REPLAN reason=current_low_margin planning_generation_id=41 final_gate_generation_id=41
[ERROR] [1787834780.962710386] [drone_0_ego_planner_node]: Failed to generate the first trajectory!!!
[WARN] [1787834780.978760011] [drone_0_ego_planner_node]: P5 final gate blocked trajectory: action=REQUEST_REPLAN reason=current_low_margin planning_generation_id=41 final_gate_generation_id=41
[ERROR] [1787834780.978791504] [drone_0_ego_planner_node]: Failed to generate the first trajectory!!!
[WARN] [1787834780.994731799] [drone_0_ego_planner_node]: P5 final gate blocked trajectory: action=REQUEST_REPLAN reason=current_low_margin planning_generation_id=41 final_gate_generation_id=41
[ERROR] [1787834780.994759630] [drone_0_ego_planner_node]: Failed to generate the first trajectory!!!
[WARN] [1787834781.010725477] [drone_0_ego_planner_node]: P5 final gate blocked trajectory: action=REQUEST_REPLAN reason=current_low_margin planning_generation_id=41 final_gate_generation_id=41
[ERROR] [1787834781.010754652] [drone_0_ego_planner_node]: Failed to generate the first trajectory!!!
[WARN] [1787834781.026770431] [drone_0_ego_planner_node]: P5 final gate blocked trajectory: action=REQUEST_REPLAN reason=current_low_margin planning_generation_id=41 final_gate_generation_id=41
[ERROR] [1787834781.026800750] [drone_0_ego_planner_node]: Failed to generate the first trajectory!!!
[WARN] [1787834781.042716724] [drone_0_ego_planner_node]: P5 final gate blocked trajectory: action=REQUEST_REPLAN reason=current_low_margin planning_generation_id=41 final_gate_generation_id=41
[ERROR] [1787834781.042744163] [drone_0_ego_planner_node]: Failed to generate the first trajectory!!!
[WARN] [1787834781.057233021] [drone_0_ego_planner_node]: P5 final gate blocked trajectory: action=REQUEST_REPLAN reason=current_low_margin planning_generation_id=41 final_gate_generation_id=41
[ERROR] [1787834781.057255351] [drone_0_ego_planner_node]: Failed to generate the first trajectory!!!
[WARN] [1787834781.073292695] [drone_0_ego_planner_node]: P5 final gate blocked trajectory: action=REQUEST_REPLAN reason=current_low_margin planning_generation_id=41 final_gate_generation_id=41
[ERROR] [1787834781.073320646] [drone_0_ego_planner_node]: Failed to generate the first trajectory!!!
[WARN] [1787834781.089335639] [drone_0_ego_planner_node]: P5 final gate blocked trajectory: action=REQUEST_REPLAN reason=current_low_margin planning_generation_id=41 final_gate_generation_id=41
[ERROR] [1787834781.089364554] [drone_0_ego_planner_node]: Failed to generate the first trajectory!!!
[WARN] [1787834781.105350362] [drone_0_ego_planner_node]: P5 final gate blocked trajectory: action=REQUEST_REPLAN reason=current_low_margin planning_generation_id=41 final_gate_generation_id=41
[ERROR] [1787834781.105378439] [drone_0_ego_planner_node]: Failed to generate the first trajectory!!!
[WARN] [1787834781.119999765] [drone_0_ego_planner_node]: P5 final gate blocked trajectory: action=REQUEST_REPLAN reason=current_low_margin planning_generation_id=41 final_gate_generation_id=41
[ERROR] [1787834781.120023841] [drone_0_ego_planner_node]: Failed to generate the first trajectory!!!
[WARN] [1787834781.136143873] [drone_0_ego_planner_node]: P5 final gate using latest risk snapshot: planning_generation_id=41 final_gate_generation_id=42
[WARN] [1787834781.136297618] [drone_0_ego_planner_node]: P5 final gate blocked trajectory: action=REQUEST_REPLAN reason=current_low_margin planning_generation_id=41 final_gate_generation_id=42
[ERROR] [1787834781.136306849] [drone_0_ego_planner_node]: Failed to generate the first trajectory!!!
[WARN] [1787834781.153592852] [drone_0_ego_planner_node]: P5 final gate blocked trajectory: action=REQUEST_REPLAN reason=current_low_margin planning_generation_id=42 final_gate_generation_id=42
[ERROR] [1787834781.153619435] [drone_0_ego_planner_node]: Failed to generate the first trajectory!!!
[WARN] [1787834781.169597230] [drone_0_ego_planner_node]: P5 final gate blocked trajectory: action=REQUEST_REPLAN reason=current_low_margin planning_generation_id=42 final_gate_generation_id=42
[ERROR] [1787834781.169623847] [drone_0_ego_planner_node]: Failed to generate the first trajectory!!!
[WARN] [1787834781.185633598] [drone_0_ego_planner_node]: P5 final gate blocked trajectory: action=REQUEST_REPLAN reason=current_low_margin planning_generation_id=42 final_gate_generation_id=42
[ERROR] [1787834781.185660689] [drone_0_ego_planner_node]: Failed to generate the first trajectory!!!
[WARN] [1787834781.200117146] [drone_0_ego_planner_node]: P5 final gate blocked trajectory: action=REQUEST_REPLAN reason=current_low_margin planning_generation_id=42 final_gate_generation_id=42
[ERROR] [1787834781.200142742] [drone_0_ego_planner_node]: Failed to generate the first trajectory!!!
[WARN] [1787834781.214606398] [drone_0_ego_planner_node]: P5 final gate blocked trajectory: action=REQUEST_REPLAN reason=current_low_margin planning_generation_id=42 final_gate_generation_id=42
[ERROR] [1787834781.214625520] [drone_0_ego_planner_node]: Failed to generate the first trajectory!!!
[WARN] [1787834781.229178728] [drone_0_ego_planner_node]: P5 final gate blocked trajectory: action=REQUEST_REPLAN reason=current_low_margin planning_generation_id=42 final_gate_generation_id=42
[ERROR] [1787834781.229201834] [drone_0_ego_planner_node]: Failed to generate the first trajectory!!!
[WARN] [1787834781.243725590] [drone_0_ego_planner_node]: P5 final gate blocked trajectory: action=REQUEST_REPLAN reason=current_low_margin planning_generation_id=42 final_gate_generation_id=42
[ERROR] [1787834781.243746834] [drone_0_ego_planner_node]: Failed to generate the first trajectory!!!
[WARN] [1787834781.259717699] [drone_0_ego_planner_node]: P5 final gate blocked trajectory: action=REQUEST_REPLAN reason=current_low_margin planning_generation_id=42 final_gate_generation_id=42
[ERROR] [1787834781.259745587] [drone_0_ego_planner_node]: Failed to generate the first trajectory!!!
[WARN] [1787834781.274281543] [drone_0_ego_planner_node]: P5 final gate blocked trajectory: action=REQUEST_REPLAN reason=current_low_margin planning_generation_id=42 final_gate_generation_id=42
[ERROR] [1787834781.274305261] [drone_0_ego_planner_node]: Failed to generate the first trajectory!!!
[WARN] [1787834781.288858387] [drone_0_ego_planner_node]: P5 final gate blocked trajectory: action=REQUEST_REPLAN reason=current_low_margin planning_generation_id=42 final_gate_generation_id=42
[ERROR] [1787834781.288881822] [drone_0_ego_planner_node]: Failed to generate the first trajectory!!!
[WARN] [1787834781.303413956] [drone_0_ego_planner_node]: P5 final gate blocked trajectory: action=REQUEST_REPLAN reason=current_low_margin planning_generation_id=42 final_gate_generation_id=42
[ERROR] [1787834781.303437090] [drone_0_ego_planner_node]: Failed to generate the first trajectory!!!
[WARN] [1787834781.318012886] [drone_0_ego_planner_node]: P5 final gate blocked trajectory: action=REQUEST_REPLAN reason=current_low_margin planning_generation_id=42 final_gate_generation_id=42
[ERROR] [1787834781.318036057] [drone_0_ego_planner_node]: Failed to generate the first trajectory!!!
[WARN] [1787834781.334163709] [drone_0_ego_planner_node]: P5 final gate blocked trajectory: action=REQUEST_REPLAN reason=current_low_margin planning_generation_id=42 final_gate_generation_id=42
[ERROR] [1787834781.334193785] [drone_0_ego_planner_node]: Failed to generate the first trajectory!!!
[WARN] [1787834781.350263532] [drone_0_ego_planner_node]: P5 final gate blocked trajectory: action=REQUEST_REPLAN reason=current_low_margin planning_generation_id=42 final_gate_generation_id=42
[ERROR] [1787834781.350292002] [drone_0_ego_planner_node]: Failed to generate the first trajectory!!!
[WARN] [1787834781.366322792] [drone_0_ego_planner_node]: P5 final gate blocked trajectory: action=REQUEST_REPLAN reason=current_low_margin planning_generation_id=42 final_gate_generation_id=42
[ERROR] [1787834781.366352568] [drone_0_ego_planner_node]: Failed to generate the first trajectory!!!
[WARN] [1787834781.382334835] [drone_0_ego_planner_node]: P5 final gate blocked trajectory: action=REQUEST_REPLAN reason=current_low_margin planning_generation_id=42 final_gate_generation_id=42
[ERROR] [1787834781.382362132] [drone_0_ego_planner_node]: Failed to generate the first trajectory!!!
[WARN] [1787834781.398382330] [drone_0_ego_planner_node]: P5 final gate blocked trajectory: action=REQUEST_REPLAN reason=current_low_margin planning_generation_id=42 final_gate_generation_id=42
[ERROR] [1787834781.398411331] [drone_0_ego_planner_node]: Failed to generate the first trajectory!!!
[WARN] [1787834781.414444857] [drone_0_ego_planner_node]: P5 final gate blocked trajectory: action=REQUEST_REPLAN reason=current_low_margin planning_generation_id=42 final_gate_generation_id=42
[ERROR] [1787834781.414472037] [drone_0_ego_planner_node]: Failed to generate the first trajectory!!!
[WARN] [1787834781.429058535] [drone_0_ego_planner_node]: P5 final gate blocked trajectory: action=REQUEST_REPLAN reason=current_low_margin planning_generation_id=42 final_gate_generation_id=42
[ERROR] [1787834781.429083225] [drone_0_ego_planner_node]: Failed to generate the first trajectory!!!
[WARN] [1787834781.445096971] [drone_0_ego_planner_node]: P5 final gate blocked trajectory: action=REQUEST_REPLAN reason=current_low_margin planning_generation_id=42 final_gate_generation_id=42
[ERROR] [1787834781.445123647] [drone_0_ego_planner_node]: Failed to generate the first trajectory!!!
[WARN] [1787834781.461126956] [drone_0_ego_planner_node]: P5 final gate blocked trajectory: action=REQUEST_REPLAN reason=current_low_margin planning_generation_id=42 final_gate_generation_id=42
[ERROR] [1787834781.461155383] [drone_0_ego_planner_node]: Failed to generate the first trajectory!!!
[WARN] [1787834781.477159079] [drone_0_ego_planner_node]: P5 final gate blocked trajectory: action=REQUEST_REPLAN reason=current_low_margin planning_generation_id=42 final_gate_generation_id=42
[ERROR] [1787834781.477186553] [drone_0_ego_planner_node]: Failed to generate the first trajectory!!!
[WARN] [1787834781.491770672] [drone_0_ego_planner_node]: P5 final gate blocked trajectory: action=REQUEST_REPLAN reason=current_low_margin planning_generation_id=42 final_gate_generation_id=42
[ERROR] [1787834781.491794293] [drone_0_ego_planner_node]: Failed to generate the first trajectory!!!
[WARN] [1787834781.507923221] [drone_0_ego_planner_node]: P5 final gate blocked trajectory: action=REQUEST_REPLAN reason=current_low_margin planning_generation_id=42 final_gate_generation_id=42
[ERROR] [1787834781.507953477] [drone_0_ego_planner_node]: Failed to generate the first trajectory!!!
[WARN] [1787834781.523991328] [drone_0_ego_planner_node]: P5 final gate blocked trajectory: action=REQUEST_REPLAN reason=current_low_margin planning_generation_id=42 final_gate_generation_id=42
[ERROR] [1787834781.524020216] [drone_0_ego_planner_node]: Failed to generate the first trajectory!!!
[WARN] [1787834781.539972156] [drone_0_ego_planner_node]: P5 final gate blocked trajectory: action=REQUEST_REPLAN reason=current_low_margin planning_generation_id=42 final_gate_generation_id=42
[ERROR] [1787834781.540000138] [drone_0_ego_planner_node]: Failed to generate the first trajectory!!!
[WARN] [1787834781.555919090] [drone_0_ego_planner_node]: P5 final gate blocked trajectory: action=REQUEST_REPLAN reason=current_low_margin planning_generation_id=42 final_gate_generation_id=42
[ERROR] [1787834781.555946196] [drone_0_ego_planner_node]: Failed to generate the first trajectory!!!
[WARN] [1787834781.571948658] [drone_0_ego_planner_node]: P5 final gate blocked trajectory: action=REQUEST_REPLAN reason=current_low_margin planning_generation_id=42 final_gate_generation_id=42
[ERROR] [1787834781.571976470] [drone_0_ego_planner_node]: Failed to generate the first trajectory!!!
[WARN] [1787834781.588015360] [drone_0_ego_planner_node]: P5 final gate blocked trajectory: action=REQUEST_REPLAN reason=current_low_margin planning_generation_id=42 final_gate_generation_id=42
[ERROR] [1787834781.588043053] [drone_0_ego_planner_node]: Failed to generate the first trajectory!!!
[WARN] [1787834781.602551525] [drone_0_ego_planner_node]: P5 final gate blocked trajectory: action=REQUEST_REPLAN reason=current_low_margin planning_generation_id=42 final_gate_generation_id=42
[ERROR] [1787834781.602573383] [drone_0_ego_planner_node]: Failed to generate the first trajectory!!!
[WARN] [1787834781.618522102] [drone_0_ego_planner_node]: P5 final gate blocked trajectory: action=REQUEST_REPLAN reason=current_low_margin planning_generation_id=42 final_gate_generation_id=42
[ERROR] [1787834781.618551167] [drone_0_ego_planner_node]: Failed to generate the first trajectory!!!
[WARN] [1787834781.636183337] [drone_0_ego_planner_node]: P5 final gate blocked trajectory: action=REQUEST_REPLAN reason=current_low_margin planning_generation_id=43 final_gate_generation_id=43
[ERROR] [1787834781.636212944] [drone_0_ego_planner_node]: Failed to generate the first trajectory!!!
[WARN] [1787834781.652221339] [drone_0_ego_planner_node]: P5 final gate blocked trajectory: action=REQUEST_REPLAN reason=current_low_margin planning_generation_id=43 final_gate_generation_id=43
[ERROR] [1787834781.652248607] [drone_0_ego_planner_node]: Failed to generate the first trajectory!!!
[WARN] [1787834781.668345475] [drone_0_ego_planner_node]: P5 final gate blocked trajectory: action=REQUEST_REPLAN reason=current_low_margin planning_generation_id=43 final_gate_generation_id=43
[ERROR] [1787834781.668373416] [drone_0_ego_planner_node]: Failed to generate the first trajectory!!!
[WARN] [1787834781.682953409] [drone_0_ego_planner_node]: P5 final gate blocked trajectory: action=REQUEST_REPLAN reason=current_low_margin planning_generation_id=43 final_gate_generation_id=43
[ERROR] [1787834781.682976305] [drone_0_ego_planner_node]: Failed to generate the first trajectory!!!
[WARN] [1787834781.697559593] [drone_0_ego_planner_node]: P5 final gate blocked trajectory: action=REQUEST_REPLAN reason=current_low_margin planning_generation_id=43 final_gate_generation_id=43
[ERROR] [1787834781.697582829] [drone_0_ego_planner_node]: Failed to generate the first trajectory!!!
[WARN] [1787834781.712372904] [drone_0_ego_planner_node]: P5 final gate blocked trajectory: action=REQUEST_REPLAN reason=current_low_margin planning_generation_id=43 final_gate_generation_id=43
[ERROR] [1787834781.712394509] [drone_0_ego_planner_node]: Failed to generate the first trajectory!!!
[WARN] [1787834781.726882453] [drone_0_ego_planner_node]: P5 final gate blocked trajectory: action=REQUEST_REPLAN reason=current_low_margin planning_generation_id=43 final_gate_generation_id=43
[ERROR] [1787834781.726905018] [drone_0_ego_planner_node]: Failed to generate the first trajectory!!!
[WARN] [1787834781.742933345] [drone_0_ego_planner_node]: P5 final gate blocked trajectory: action=REQUEST_REPLAN reason=current_low_margin planning_generation_id=43 final_gate_generation_id=43
[ERROR] [1787834781.742961132] [drone_0_ego_planner_node]: Failed to generate the first trajectory!!!
[WARN] [1787834781.757462355] [drone_0_ego_planner_node]: P5 final gate blocked trajectory: action=REQUEST_REPLAN reason=current_low_margin planning_generation_id=43 final_gate_generation_id=43
[ERROR] [1787834781.757483894] [drone_0_ego_planner_node]: Failed to generate the first trajectory!!!
[WARN] [1787834781.774140727] [drone_0_ego_planner_node]: P5 final gate blocked trajectory: action=REQUEST_REPLAN reason=current_low_margin planning_generation_id=43 final_gate_generation_id=43
[ERROR] [1787834781.774167440] [drone_0_ego_planner_node]: Failed to generate the first trajectory!!!
[WARN] [1787834781.790136408] [drone_0_ego_planner_node]: P5 final gate blocked trajectory: action=REQUEST_REPLAN reason=current_low_margin planning_generation_id=43 final_gate_generation_id=43
[ERROR] [1787834781.790162343] [drone_0_ego_planner_node]: Failed to generate the first trajectory!!!
[WARN] [1787834781.804696653] [drone_0_ego_planner_node]: P5 final gate blocked trajectory: action=REQUEST_REPLAN reason=current_low_margin planning_generation_id=43 final_gate_generation_id=43
[ERROR] [1787834781.804714863] [drone_0_ego_planner_node]: Failed to generate the first trajectory!!!
[WARN] [1787834781.819110753] [drone_0_ego_planner_node]: P5 final gate blocked trajectory: action=REQUEST_REPLAN reason=current_low_margin planning_generation_id=43 final_gate_generation_id=43
[ERROR] [1787834781.819133508] [drone_0_ego_planner_node]: Failed to generate the first trajectory!!!
[WARN] [1787834781.833786614] [drone_0_ego_planner_node]: P5 final gate blocked trajectory: action=REQUEST_REPLAN reason=current_low_margin planning_generation_id=43 final_gate_generation_id=43
[ERROR] [1787834781.833811879] [drone_0_ego_planner_node]: Failed to generate the first trajectory!!!
[WARN] [1787834781.848364088] [drone_0_ego_planner_node]: P5 final gate blocked trajectory: action=REQUEST_REPLAN reason=current_low_margin planning_generation_id=43 final_gate_generation_id=43
[ERROR] [1787834781.848385561] [drone_0_ego_planner_node]: Failed to generate the first trajectory!!!
[WARN] [1787834781.864572672] [drone_0_ego_planner_node]: P5 final gate blocked trajectory: action=REQUEST_REPLAN reason=current_low_margin planning_generation_id=43 final_gate_generation_id=43
[ERROR] [1787834781.864601296] [drone_0_ego_planner_node]: Failed to generate the first trajectory!!!
[WARN] [1787834781.880705012] [drone_0_ego_planner_node]: P5 final gate blocked trajectory: action=REQUEST_REPLAN reason=current_low_margin planning_generation_id=43 final_gate_generation_id=43
[ERROR] [1787834781.880733164] [drone_0_ego_planner_node]: Failed to generate the first trajectory!!!
[WARN] [1787834781.895344664] [drone_0_ego_planner_node]: P5 final gate blocked trajectory: action=REQUEST_REPLAN reason=current_low_margin planning_generation_id=43 final_gate_generation_id=43
[ERROR] [1787834781.895368621] [drone_0_ego_planner_node]: Failed to generate the first trajectory!!!
[WARN] [1787834781.911401153] [drone_0_ego_planner_node]: P5 final gate blocked trajectory: action=REQUEST_REPLAN reason=current_low_margin planning_generation_id=43 final_gate_generation_id=43
[ERROR] [1787834781.911427155] [drone_0_ego_planner_node]: Failed to generate the first trajectory!!!
[WARN] [1787834781.925952556] [drone_0_ego_planner_node]: P5 final gate blocked trajectory: action=REQUEST_REPLAN reason=current_low_margin planning_generation_id=43 final_gate_generation_id=43
[ERROR] [1787834781.925976037] [drone_0_ego_planner_node]: Failed to generate the first trajectory!!!
[WARN] [1787834781.941979299] [drone_0_ego_planner_node]: P5 final gate blocked trajectory: action=REQUEST_REPLAN reason=current_low_margin planning_generation_id=43 final_gate_generation_id=43
[ERROR] [1787834781.942005036] [drone_0_ego_planner_node]: Failed to generate the first trajectory!!!
[WARN] [1787834781.956560434] [drone_0_ego_planner_node]: P5 final gate blocked trajectory: action=REQUEST_REPLAN reason=current_low_margin planning_generation_id=43 final_gate_generation_id=43
[ERROR] [1787834781.956583320] [drone_0_ego_planner_node]: Failed to generate the first trajectory!!!
[WARN] [1787834781.972620253] [drone_0_ego_planner_node]: P5 final gate blocked trajectory: action=REQUEST_REPLAN reason=current_low_margin planning_generation_id=43 final_gate_generation_id=43
[ERROR] [1787834781.972647371] [drone_0_ego_planner_node]: Failed to generate the first trajectory!!!
[WARN] [1787834781.988737438] [drone_0_ego_planner_node]: P5 final gate blocked trajectory: action=REQUEST_REPLAN reason=current_low_margin planning_generation_id=43 final_gate_generation_id=43
[ERROR] [1787834781.988768541] [drone_0_ego_planner_node]: Failed to generate the first trajectory!!!
[WARN] [1787834782.004755044] [drone_0_ego_planner_node]: P5 final gate blocked trajectory: action=REQUEST_REPLAN reason=current_low_margin planning_generation_id=43 final_gate_generation_id=43
[ERROR] [1787834782.004783676] [drone_0_ego_planner_node]: Failed to generate the first trajectory!!!
[WARN] [1787834782.020905069] [drone_0_ego_planner_node]: P5 final gate blocked trajectory: action=REQUEST_REPLAN reason=current_low_margin planning_generation_id=43 final_gate_generation_id=43
[ERROR] [1787834782.020938506] [drone_0_ego_planner_node]: Failed to generate the first trajectory!!!
[WARN] [1787834782.037013356] [drone_0_ego_planner_node]: P5 final gate blocked trajectory: action=REQUEST_REPLAN reason=current_low_margin planning_generation_id=43 final_gate_generation_id=43
[ERROR] [1787834782.037041576] [drone_0_ego_planner_node]: Failed to generate the first trajectory!!!
[WARN] [1787834782.053290142] [drone_0_ego_planner_node]: P5 final gate blocked trajectory: action=REQUEST_REPLAN reason=current_low_margin planning_generation_id=43 final_gate_generation_id=43
[ERROR] [1787834782.053318292] [drone_0_ego_planner_node]: Failed to generate the first trajectory!!!
[WARN] [1787834782.069368141] [drone_0_ego_planner_node]: P5 final gate blocked trajectory: action=REQUEST_REPLAN reason=current_low_margin planning_generation_id=43 final_gate_generation_id=43
[ERROR] [1787834782.069396577] [drone_0_ego_planner_node]: Failed to generate the first trajectory!!!
[WARN] [1787834782.085414927] [drone_0_ego_planner_node]: P5 final gate blocked trajectory: action=REQUEST_REPLAN reason=current_low_margin planning_generation_id=43 final_gate_generation_id=43
[ERROR] [1787834782.085442797] [drone_0_ego_planner_node]: Failed to generate the first trajectory!!!
[WARN] [1787834782.101678386] [drone_0_ego_planner_node]: P5 final gate blocked trajectory: action=REQUEST_REPLAN reason=current_low_margin planning_generation_id=43 final_gate_generation_id=43
[ERROR] [1787834782.101704014] [drone_0_ego_planner_node]: Failed to generate the first trajectory!!!
[WARN] [1787834782.117926588] [drone_0_ego_planner_node]: P5 final gate blocked trajectory: action=REQUEST_REPLAN reason=current_low_margin planning_generation_id=43 final_gate_generation_id=43
[ERROR] [1787834782.117953618] [drone_0_ego_planner_node]: Failed to generate the first trajectory!!!
[WARN] [1787834782.135676623] [drone_0_ego_planner_node]: P5 final gate blocked trajectory: action=REQUEST_REPLAN reason=current_low_margin planning_generation_id=44 final_gate_generation_id=44
[ERROR] [1787834782.135706348] [drone_0_ego_planner_node]: Failed to generate the first trajectory!!!
[INFO] [1787834782.136915375] [drone_0_ego_planner_node]: [p0] risk grid ready=1 stale=0 age=0.000 valid=0.999 unknown=0.001 gen=44 provider_queries=127840 occupied_skip=160 provider_stale=0 provider_invalid=0 gnss_used=127840 lidar_used=93240 prior_used=127840 stale_current_prior=0 regularized=127840 conservative_max=0 lidar_points=28922 lidar_fim_primitives=481 lidar_fim_valid_normals=481 lidar_fim_fallback= dominant_unknown=occupied_skip:160 refresh_stamp=1657065632.180430 grid_stamp=1657065632.180430 elapsed_ms=277.274 queries=128000 reason=ok
[WARN] [1787834782.151703533] [drone_0_ego_planner_node]: P5 final gate blocked trajectory: action=REQUEST_REPLAN reason=current_low_margin planning_generation_id=44 final_gate_generation_id=44
[ERROR] [1787834782.151729817] [drone_0_ego_planner_node]: Failed to generate the first trajectory!!!
[WARN] [1787834782.167679087] [drone_0_ego_planner_node]: P5 final gate blocked trajectory: action=REQUEST_REPLAN reason=current_low_margin planning_generation_id=44 final_gate_generation_id=44
[ERROR] [1787834782.167707257] [drone_0_ego_planner_node]: Failed to generate the first trajectory!!!
[WARN] [1787834782.183792529] [drone_0_ego_planner_node]: P5 final gate blocked trajectory: action=REQUEST_REPLAN reason=current_low_margin planning_generation_id=44 final_gate_generation_id=44
[ERROR] [1787834782.183824830] [drone_0_ego_planner_node]: Failed to generate the first trajectory!!!
[WARN] [1787834782.199913793] [drone_0_ego_planner_node]: P5 final gate blocked trajectory: action=REQUEST_REPLAN reason=current_low_margin planning_generation_id=44 final_gate_generation_id=44
[ERROR] [1787834782.199941743] [drone_0_ego_planner_node]: Failed to generate the first trajectory!!!
[WARN] [1787834782.214668487] [drone_0_ego_planner_node]: P5 final gate blocked trajectory: action=REQUEST_REPLAN reason=current_low_margin planning_generation_id=44 final_gate_generation_id=44
[ERROR] [1787834782.214690938] [drone_0_ego_planner_node]: Failed to generate the first trajectory!!!
[WARN] [1787834782.230696999] [drone_0_ego_planner_node]: P5 final gate blocked trajectory: action=REQUEST_REPLAN reason=current_low_margin planning_generation_id=44 final_gate_generation_id=44
[ERROR] [1787834782.230724569] [drone_0_ego_planner_node]: Failed to generate the first trajectory!!!
[WARN] [1787834782.245347475] [drone_0_ego_planner_node]: P5 final gate blocked trajectory: action=REQUEST_REPLAN reason=current_low_margin planning_generation_id=44 final_gate_generation_id=44
[ERROR] [1787834782.245369940] [drone_0_ego_planner_node]: Failed to generate the first trajectory!!!
[WARN] [1787834782.260025000] [drone_0_ego_planner_node]: P5 final gate blocked trajectory: action=REQUEST_REPLAN reason=current_low_margin planning_generation_id=44 final_gate_generation_id=44
[ERROR] [1787834782.260048502] [drone_0_ego_planner_node]: Failed to generate the first trajectory!!!
[WARN] [1787834782.276049641] [drone_0_ego_planner_node]: P5 final gate blocked trajectory: action=REQUEST_REPLAN reason=current_low_margin planning_generation_id=44 final_gate_generation_id=44
[ERROR] [1787834782.276080683] [drone_0_ego_planner_node]: Failed to generate the first trajectory!!!
[WARN] [1787834782.290753716] [drone_0_ego_planner_node]: P5 final gate blocked trajectory: action=REQUEST_REPLAN reason=current_low_margin planning_generation_id=44 final_gate_generation_id=44
[ERROR] [1787834782.290780867] [drone_0_ego_planner_node]: Failed to generate the first trajectory!!!
[WARN] [1787834782.306986709] [drone_0_ego_planner_node]: P5 final gate blocked trajectory: action=REQUEST_REPLAN reason=current_low_margin planning_generation_id=44 final_gate_generation_id=44
[ERROR] [1787834782.307017129] [drone_0_ego_planner_node]: Failed to generate the first trajectory!!!
[WARN] [1787834782.321626809] [drone_0_ego_planner_node]: P5 final gate blocked trajectory: action=REQUEST_REPLAN reason=current_low_margin planning_generation_id=44 final_gate_generation_id=44
[ERROR] [1787834782.321650868] [drone_0_ego_planner_node]: Failed to generate the first trajectory!!!
[WARN] [1787834782.336312314] [drone_0_ego_planner_node]: P5 final gate blocked trajectory: action=REQUEST_REPLAN reason=current_low_margin planning_generation_id=44 final_gate_generation_id=44
[ERROR] [1787834782.336337733] [drone_0_ego_planner_node]: Failed to generate the first trajectory!!!
[WARN] [1787834782.350972993] [drone_0_ego_planner_node]: P5 final gate blocked trajectory: action=REQUEST_REPLAN reason=current_low_margin planning_generation_id=44 final_gate_generation_id=44
[ERROR] [1787834782.350997601] [drone_0_ego_planner_node]: Failed to generate the first trajectory!!!
[WARN] [1787834782.365801890] [drone_0_ego_planner_node]: P5 final gate blocked trajectory: action=REQUEST_REPLAN reason=current_low_margin planning_generation_id=44 final_gate_generation_id=44
[ERROR] [1787834782.365831834] [drone_0_ego_planner_node]: Failed to generate the first trajectory!!!
[WARN] [1787834782.380392850] [drone_0_ego_planner_node]: P5 final gate blocked trajectory: action=REQUEST_REPLAN reason=current_low_margin planning_generation_id=44 final_gate_generation_id=44
[ERROR] [1787834782.380416991] [drone_0_ego_planner_node]: Failed to generate the first trajectory!!!
[WARN] [1787834782.395164757] [drone_0_ego_planner_node]: P5 final gate blocked trajectory: action=REQUEST_REPLAN reason=current_low_margin planning_generation_id=44 final_gate_generation_id=44
[ERROR] [1787834782.395193153] [drone_0_ego_planner_node]: Failed to generate the first trajectory!!!
[WARN] [1787834782.411532147] [drone_0_ego_planner_node]: P5 final gate blocked trajectory: action=REQUEST_REPLAN reason=current_low_margin planning_generation_id=44 final_gate_generation_id=44
[ERROR] [1787834782.411562054] [drone_0_ego_planner_node]: Failed to generate the first trajectory!!!
[WARN] [1787834782.427724781] [drone_0_ego_planner_node]: P5 final gate blocked trajectory: action=REQUEST_REPLAN reason=current_low_margin planning_generation_id=44 final_gate_generation_id=44
[ERROR] [1787834782.427753129] [drone_0_ego_planner_node]: Failed to generate the first trajectory!!!
[WARN] [1787834782.442391757] [drone_0_ego_planner_node]: P5 final gate blocked trajectory: action=REQUEST_REPLAN reason=current_low_margin planning_generation_id=44 final_gate_generation_id=44
[ERROR] [1787834782.442415166] [drone_0_ego_planner_node]: Failed to generate the first trajectory!!!
[WARN] [1787834782.458635704] [drone_0_ego_planner_node]: P5 final gate blocked trajectory: action=REQUEST_REPLAN reason=current_low_margin planning_generation_id=44 final_gate_generation_id=44
[ERROR] [1787834782.458666477] [drone_0_ego_planner_node]: Failed to generate the first trajectory!!!
[WARN] [1787834782.473326723] [drone_0_ego_planner_node]: P5 final gate blocked trajectory: action=REQUEST_REPLAN reason=current_low_margin planning_generation_id=44 final_gate_generation_id=44
[ERROR] [1787834782.473351037] [drone_0_ego_planner_node]: Failed to generate the first trajectory!!!
[WARN] [1787834782.487989590] [drone_0_ego_planner_node]: P5 final gate blocked trajectory: action=REQUEST_REPLAN reason=current_low_margin planning_generation_id=44 final_gate_generation_id=44
[ERROR] [1787834782.488016083] [drone_0_ego_planner_node]: Failed to generate the first trajectory!!!
[WARN] [1787834782.504103917] [drone_0_ego_planner_node]: P5 final gate blocked trajectory: action=REQUEST_REPLAN reason=current_low_margin planning_generation_id=44 final_gate_generation_id=44
[ERROR] [1787834782.504134969] [drone_0_ego_planner_node]: Failed to generate the first trajectory!!!
[WARN] [1787834782.520269390] [drone_0_ego_planner_node]: P5 final gate blocked trajectory: action=REQUEST_REPLAN reason=current_low_margin planning_generation_id=44 final_gate_generation_id=44
[ERROR] [1787834782.520299486] [drone_0_ego_planner_node]: Failed to generate the first trajectory!!!
[WARN] [1787834782.536574452] [drone_0_ego_planner_node]: P5 final gate blocked trajectory: action=REQUEST_REPLAN reason=current_low_margin planning_generation_id=44 final_gate_generation_id=44
[ERROR] [1787834782.536603569] [drone_0_ego_planner_node]: Failed to generate the first trajectory!!!
[WARN] [1787834782.551260162] [drone_0_ego_planner_node]: P5 final gate blocked trajectory: action=REQUEST_REPLAN reason=current_low_margin planning_generation_id=44 final_gate_generation_id=44
[ERROR] [1787834782.551284531] [drone_0_ego_planner_node]: Failed to generate the first trajectory!!!
[WARN] [1787834782.567424974] [drone_0_ego_planner_node]: P5 final gate blocked trajectory: action=REQUEST_REPLAN reason=current_low_margin planning_generation_id=44 final_gate_generation_id=44
[ERROR] [1787834782.567454041] [drone_0_ego_planner_node]: Failed to generate the first trajectory!!!
[WARN] [1787834782.582015006] [drone_0_ego_planner_node]: P5 final gate blocked trajectory: action=REQUEST_REPLAN reason=current_low_margin planning_generation_id=44 final_gate_generation_id=44
[ERROR] [1787834782.582038643] [drone_0_ego_planner_node]: Failed to generate the first trajectory!!!
[WARN] [1787834782.596848679] [drone_0_ego_planner_node]: P5 final gate blocked trajectory: action=REQUEST_REPLAN reason=current_low_margin planning_generation_id=44 final_gate_generation_id=44
[ERROR] [1787834782.596873370] [drone_0_ego_planner_node]: Failed to generate the first trajectory!!!
[WARN] [1787834782.613125367] [drone_0_ego_planner_node]: P5 final gate blocked trajectory: action=REQUEST_REPLAN reason=current_low_margin planning_generation_id=44 final_gate_generation_id=44
[ERROR] [1787834782.613154871] [drone_0_ego_planner_node]: Failed to generate the first trajectory!!!
[WARN] [1787834782.629392781] [drone_0_ego_planner_node]: P5 final gate blocked trajectory: action=REQUEST_REPLAN reason=current_low_margin planning_generation_id=44 final_gate_generation_id=44
[ERROR] [1787834782.629423830] [drone_0_ego_planner_node]: Failed to generate the first trajectory!!!
[WARN] [1787834782.647070381] [drone_0_ego_planner_node]: P5 final gate blocked trajectory: action=REQUEST_REPLAN reason=current_low_margin planning_generation_id=45 final_gate_generation_id=45
[ERROR] [1787834782.647100507] [drone_0_ego_planner_node]: Failed to generate the first trajectory!!!
[WARN] [1787834782.663212285] [drone_0_ego_planner_node]: P5 final gate blocked trajectory: action=REQUEST_REPLAN reason=current_low_margin planning_generation_id=45 final_gate_generation_id=45
[ERROR] [1787834782.663241336] [drone_0_ego_planner_node]: Failed to generate the first trajectory!!!
[WARN] [1787834782.679366233] [drone_0_ego_planner_node]: P5 final gate blocked trajectory: action=REQUEST_REPLAN reason=current_low_margin planning_generation_id=45 final_gate_generation_id=45
[ERROR] [1787834782.679396598] [drone_0_ego_planner_node]: Failed to generate the first trajectory!!!
[WARN] [1787834782.695531736] [drone_0_ego_planner_node]: P5 final gate blocked trajectory: action=REQUEST_REPLAN reason=current_low_margin planning_generation_id=45 final_gate_generation_id=45
[ERROR] [1787834782.695560237] [drone_0_ego_planner_node]: Failed to generate the first trajectory!!!
[WARN] [1787834782.711636197] [drone_0_ego_planner_node]: P5 final gate blocked trajectory: action=REQUEST_REPLAN reason=current_low_margin planning_generation_id=45 final_gate_generation_id=45
[ERROR] [1787834782.711664574] [drone_0_ego_planner_node]: Failed to generate the first trajectory!!!
[WARN] [1787834782.726292681] [drone_0_ego_planner_node]: P5 final gate blocked trajectory: action=REQUEST_REPLAN reason=current_low_margin planning_generation_id=45 final_gate_generation_id=45
[ERROR] [1787834782.726315977] [drone_0_ego_planner_node]: Failed to generate the first trajectory!!!
[WARN] [1787834782.742365416] [drone_0_ego_planner_node]: P5 final gate blocked trajectory: action=REQUEST_REPLAN reason=current_low_margin planning_generation_id=45 final_gate_generation_id=45
[ERROR] [1787834782.742394458] [drone_0_ego_planner_node]: Failed to generate the first trajectory!!!
[WARN] [1787834782.757083563] [drone_0_ego_planner_node]: P5 final gate blocked trajectory: action=REQUEST_REPLAN reason=current_low_margin planning_generation_id=45 final_gate_generation_id=45
[ERROR] [1787834782.757109373] [drone_0_ego_planner_node]: Failed to generate the first trajectory!!!
[WARN] [1787834782.773331650] [drone_0_ego_planner_node]: P5 final gate blocked trajectory: action=REQUEST_REPLAN reason=current_low_margin planning_generation_id=45 final_gate_generation_id=45
[ERROR] [1787834782.773359907] [drone_0_ego_planner_node]: Failed to generate the first trajectory!!!
[WARN] [1787834782.789491529] [drone_0_ego_planner_node]: P5 final gate blocked trajectory: action=REQUEST_REPLAN reason=current_low_margin planning_generation_id=45 final_gate_generation_id=45
[ERROR] [1787834782.789522251] [drone_0_ego_planner_node]: Failed to generate the first trajectory!!!
[WARN] [1787834782.805618763] [drone_0_ego_planner_node]: P5 final gate blocked trajectory: action=REQUEST_REPLAN reason=current_low_margin planning_generation_id=45 final_gate_generation_id=45
[ERROR] [1787834782.805648244] [drone_0_ego_planner_node]: Failed to generate the first trajectory!!!
[WARN] [1787834782.820316853] [drone_0_ego_planner_node]: P5 final gate blocked trajectory: action=REQUEST_REPLAN reason=current_low_margin planning_generation_id=45 final_gate_generation_id=45
[ERROR] [1787834782.820340478] [drone_0_ego_planner_node]: Failed to generate the first trajectory!!!
[WARN] [1787834782.836410173] [drone_0_ego_planner_node]: P5 final gate blocked trajectory: action=REQUEST_REPLAN reason=current_low_margin planning_generation_id=45 final_gate_generation_id=45
[ERROR] [1787834782.836437009] [drone_0_ego_planner_node]: Failed to generate the first trajectory!!!
[WARN] [1787834782.852515845] [drone_0_ego_planner_node]: P5 final gate blocked trajectory: action=REQUEST_REPLAN reason=current_low_margin planning_generation_id=45 final_gate_generation_id=45
[ERROR] [1787834782.852543865] [drone_0_ego_planner_node]: Failed to generate the first trajectory!!!
[WARN] [1787834782.867399515] [drone_0_ego_planner_node]: P5 final gate blocked trajectory: action=REQUEST_REPLAN reason=current_low_margin planning_generation_id=45 final_gate_generation_id=45
[ERROR] [1787834782.867425133] [drone_0_ego_planner_node]: Failed to generate the first trajectory!!!
[WARN] [1787834782.882103816] [drone_0_ego_planner_node]: P5 final gate blocked trajectory: action=REQUEST_REPLAN reason=current_low_margin planning_generation_id=45 final_gate_generation_id=45
[ERROR] [1787834782.882130156] [drone_0_ego_planner_node]: Failed to generate the first trajectory!!!
[WARN] [1787834782.896769462] [drone_0_ego_planner_node]: P5 final gate blocked trajectory: action=REQUEST_REPLAN reason=current_low_margin planning_generation_id=45 final_gate_generation_id=45
[ERROR] [1787834782.896798386] [drone_0_ego_planner_node]: Failed to generate the first trajectory!!!
[WARN] [1787834782.912995745] [drone_0_ego_planner_node]: P5 final gate blocked trajectory: action=REQUEST_REPLAN reason=current_low_margin planning_generation_id=45 final_gate_generation_id=45
[ERROR] [1787834782.913026355] [drone_0_ego_planner_node]: Failed to generate the first trajectory!!!
[WARN] [1787834782.929255131] [drone_0_ego_planner_node]: P5 final gate blocked trajectory: action=REQUEST_REPLAN reason=current_low_margin planning_generation_id=45 final_gate_generation_id=45
[ERROR] [1787834782.929285109] [drone_0_ego_planner_node]: Failed to generate the first trajectory!!!
[WARN] [1787834782.943941886] [drone_0_ego_planner_node]: P5 final gate blocked trajectory: action=REQUEST_REPLAN reason=current_low_margin planning_generation_id=45 final_gate_generation_id=45
[ERROR] [1787834782.943972443] [drone_0_ego_planner_node]: Failed to generate the first trajectory!!!
[WARN] [1787834782.960311999] [drone_0_ego_planner_node]: P5 final gate blocked trajectory: action=REQUEST_REPLAN reason=current_low_margin planning_generation_id=45 final_gate_generation_id=45
[ERROR] [1787834782.960344562] [drone_0_ego_planner_node]: Failed to generate the first trajectory!!!
[WARN] [1787834782.974963594] [drone_0_ego_planner_node]: P5 final gate blocked trajectory: action=REQUEST_REPLAN reason=current_low_margin planning_generation_id=45 final_gate_generation_id=45
[ERROR] [1787834782.974988518] [drone_0_ego_planner_node]: Failed to generate the first trajectory!!!
[WARN] [1787834782.991087989] [drone_0_ego_planner_node]: P5 final gate blocked trajectory: action=REQUEST_REPLAN reason=current_low_margin planning_generation_id=45 final_gate_generation_id=45
[ERROR] [1787834782.991117370] [drone_0_ego_planner_node]: Failed to generate the first trajectory!!!
[WARN] [1787834783.007244628] [drone_0_ego_planner_node]: P5 final gate blocked trajectory: action=REQUEST_REPLAN reason=current_low_margin planning_generation_id=45 final_gate_generation_id=45
[ERROR] [1787834783.007275228] [drone_0_ego_planner_node]: Failed to generate the first trajectory!!!
[WARN] [1787834783.023459334] [drone_0_ego_planner_node]: P5 final gate blocked trajectory: action=REQUEST_REPLAN reason=current_low_margin planning_generation_id=45 final_gate_generation_id=45
[ERROR] [1787834783.023489853] [drone_0_ego_planner_node]: Failed to generate the first trajectory!!!
[WARN] [1787834783.039595838] [drone_0_ego_planner_node]: P5 final gate blocked trajectory: action=REQUEST_REPLAN reason=current_low_margin planning_generation_id=45 final_gate_generation_id=45
[ERROR] [1787834783.039626350] [drone_0_ego_planner_node]: Failed to generate the first trajectory!!!
[WARN] [1787834783.055885871] [drone_0_ego_planner_node]: P5 final gate blocked trajectory: action=REQUEST_REPLAN reason=current_low_margin planning_generation_id=45 final_gate_generation_id=45
[ERROR] [1787834783.055921500] [drone_0_ego_planner_node]: Failed to generate the first trajectory!!!
[WARN] [1787834783.070617011] [drone_0_ego_planner_node]: P5 final gate blocked trajectory: action=REQUEST_REPLAN reason=current_low_margin planning_generation_id=45 final_gate_generation_id=45
[ERROR] [1787834783.070642323] [drone_0_ego_planner_node]: Failed to generate the first trajectory!!!
[WARN] [1787834783.086888811] [drone_0_ego_planner_node]: P5 final gate blocked trajectory: action=REQUEST_REPLAN reason=current_low_margin planning_generation_id=45 final_gate_generation_id=45
[ERROR] [1787834783.086922870] [drone_0_ego_planner_node]: Failed to generate the first trajectory!!!
[WARN] [1787834783.101446877] [drone_0_ego_planner_node]: P5 final gate blocked trajectory: action=REQUEST_REPLAN reason=current_low_margin planning_generation_id=45 final_gate_generation_id=45
[ERROR] [1787834783.101468594] [drone_0_ego_planner_node]: Failed to generate the first trajectory!!!
[WARN] [1787834783.117673998] [drone_0_ego_planner_node]: P5 final gate blocked trajectory: action=REQUEST_REPLAN reason=current_low_margin planning_generation_id=45 final_gate_generation_id=45
[ERROR] [1787834783.117708621] [drone_0_ego_planner_node]: Failed to generate the first trajectory!!!
[WARN] [1787834783.133948148] [drone_0_ego_planner_node]: P5 final gate blocked trajectory: action=REQUEST_REPLAN reason=current_low_margin planning_generation_id=45 final_gate_generation_id=45
[ERROR] [1787834783.133979890] [drone_0_ego_planner_node]: Failed to generate the first trajectory!!!
[WARN] [1787834783.151888750] [drone_0_ego_planner_node]: P5 final gate blocked trajectory: action=REQUEST_REPLAN reason=current_low_margin planning_generation_id=46 final_gate_generation_id=46
[ERROR] [1787834783.151923810] [drone_0_ego_planner_node]: Failed to generate the first trajectory!!!
[WARN] [1787834783.167975333] [drone_0_ego_planner_node]: P5 final gate blocked trajectory: action=REQUEST_REPLAN reason=current_low_margin planning_generation_id=46 final_gate_generation_id=46
[ERROR] [1787834783.168005763] [drone_0_ego_planner_node]: Failed to generate the first trajectory!!!
[WARN] [1787834783.182720737] [drone_0_ego_planner_node]: P5 final gate blocked trajectory: action=REQUEST_REPLAN reason=current_low_margin planning_generation_id=46 final_gate_generation_id=46
[ERROR] [1787834783.182745418] [drone_0_ego_planner_node]: Failed to generate the first trajectory!!!
[WARN] [1787834783.199112660] [drone_0_ego_planner_node]: P5 final gate blocked trajectory: action=REQUEST_REPLAN reason=current_low_margin planning_generation_id=46 final_gate_generation_id=46
[ERROR] [1787834783.199143291] [drone_0_ego_planner_node]: Failed to generate the first trajectory!!!
[WARN] [1787834783.213779414] [drone_0_ego_planner_node]: P5 final gate blocked trajectory: action=REQUEST_REPLAN reason=current_low_margin planning_generation_id=46 final_gate_generation_id=46
[ERROR] [1787834783.213803084] [drone_0_ego_planner_node]: Failed to generate the first trajectory!!!
[WARN] [1787834783.228444552] [drone_0_ego_planner_node]: P5 final gate blocked trajectory: action=REQUEST_REPLAN reason=current_low_margin planning_generation_id=46 final_gate_generation_id=46
[ERROR] [1787834783.228470030] [drone_0_ego_planner_node]: Failed to generate the first trajectory!!!
[WARN] [1787834783.244561957] [drone_0_ego_planner_node]: P5 final gate blocked trajectory: action=REQUEST_REPLAN reason=current_low_margin planning_generation_id=46 final_gate_generation_id=46
[ERROR] [1787834783.244592438] [drone_0_ego_planner_node]: Failed to generate the first trajectory!!!
[WARN] [1787834783.260752018] [drone_0_ego_planner_node]: P5 final gate blocked trajectory: action=REQUEST_REPLAN reason=current_low_margin planning_generation_id=46 final_gate_generation_id=46
[ERROR] [1787834783.260783101] [drone_0_ego_planner_node]: Failed to generate the first trajectory!!!
[WARN] [1787834783.276867871] [drone_0_ego_planner_node]: P5 final gate blocked trajectory: action=REQUEST_REPLAN reason=current_low_margin planning_generation_id=46 final_gate_generation_id=46
[ERROR] [1787834783.276904443] [drone_0_ego_planner_node]: Failed to generate the first trajectory!!!
[WARN] [1787834783.293026074] [drone_0_ego_planner_node]: P5 final gate blocked trajectory: action=REQUEST_REPLAN reason=current_low_margin planning_generation_id=46 final_gate_generation_id=46
[ERROR] [1787834783.293057913] [drone_0_ego_planner_node]: Failed to generate the first trajectory!!!
[WARN] [1787834783.309226250] [drone_0_ego_planner_node]: P5 final gate blocked trajectory: action=REQUEST_REPLAN reason=current_low_margin planning_generation_id=46 final_gate_generation_id=46
[ERROR] [1787834783.309255778] [drone_0_ego_planner_node]: Failed to generate the first trajectory!!!
[WARN] [1787834783.325375395] [drone_0_ego_planner_node]: P5 final gate blocked trajectory: action=REQUEST_REPLAN reason=current_low_margin planning_generation_id=46 final_gate_generation_id=46
[ERROR] [1787834783.325404131] [drone_0_ego_planner_node]: Failed to generate the first trajectory!!!
[WARN] [1787834783.340194355] [drone_0_ego_planner_node]: P5 final gate blocked trajectory: action=REQUEST_REPLAN reason=current_low_margin planning_generation_id=46 final_gate_generation_id=46
[ERROR] [1787834783.340220208] [drone_0_ego_planner_node]: Failed to generate the first trajectory!!!
[WARN] [1787834783.356275986] [drone_0_ego_planner_node]: P5 final gate blocked trajectory: action=REQUEST_REPLAN reason=current_low_margin planning_generation_id=46 final_gate_generation_id=46
[ERROR] [1787834783.356305304] [drone_0_ego_planner_node]: Failed to generate the first trajectory!!!
[WARN] [1787834783.371057061] [drone_0_ego_planner_node]: P5 final gate blocked trajectory: action=REQUEST_REPLAN reason=current_low_margin planning_generation_id=46 final_gate_generation_id=46
[ERROR] [1787834783.371086743] [drone_0_ego_planner_node]: Failed to generate the first trajectory!!!
[WARN] [1787834783.387318770] [drone_0_ego_planner_node]: P5 final gate blocked trajectory: action=REQUEST_REPLAN reason=current_low_margin planning_generation_id=46 final_gate_generation_id=46
[ERROR] [1787834783.387347880] [drone_0_ego_planner_node]: Failed to generate the first trajectory!!!
[WARN] [1787834783.403563084] [drone_0_ego_planner_node]: P5 final gate blocked trajectory: action=REQUEST_REPLAN reason=current_low_margin planning_generation_id=46 final_gate_generation_id=46
[ERROR] [1787834783.403595073] [drone_0_ego_planner_node]: Failed to generate the first trajectory!!!
[WARN] [1787834783.418166604] [drone_0_ego_planner_node]: P5 final gate blocked trajectory: action=REQUEST_REPLAN reason=current_low_margin planning_generation_id=46 final_gate_generation_id=46
[ERROR] [1787834783.418190248] [drone_0_ego_planner_node]: Failed to generate the first trajectory!!!
[WARN] [1787834783.434429708] [drone_0_ego_planner_node]: P5 final gate blocked trajectory: action=REQUEST_REPLAN reason=current_low_margin planning_generation_id=46 final_gate_generation_id=46
[ERROR] [1787834783.434461062] [drone_0_ego_planner_node]: Failed to generate the first trajectory!!!
[WARN] [1787834783.449093503] [drone_0_ego_planner_node]: P5 final gate blocked trajectory: action=REQUEST_REPLAN reason=current_low_margin planning_generation_id=46 final_gate_generation_id=46
[ERROR] [1787834783.449119142] [drone_0_ego_planner_node]: Failed to generate the first trajectory!!!
[WARN] [1787834783.468505938] [drone_0_ego_planner_node]: P5 final gate blocked trajectory: action=REQUEST_REPLAN reason=current_low_margin planning_generation_id=46 final_gate_generation_id=46
[ERROR] [1787834783.468535614] [drone_0_ego_planner_node]: Failed to generate the first trajectory!!!
[WARN] [1787834783.484712978] [drone_0_ego_planner_node]: P5 final gate blocked trajectory: action=REQUEST_REPLAN reason=current_low_margin planning_generation_id=46 final_gate_generation_id=46
[ERROR] [1787834783.484744213] [drone_0_ego_planner_node]: Failed to generate the first trajectory!!!
[WARN] [1787834783.500016383] [drone_0_ego_planner_node]: P5 final gate blocked trajectory: action=REQUEST_REPLAN reason=current_low_margin planning_generation_id=46 final_gate_generation_id=46
[ERROR] [1787834783.500041779] [drone_0_ego_planner_node]: Failed to generate the first trajectory!!!
[WARN] [1787834783.516273729] [drone_0_ego_planner_node]: P5 final gate blocked trajectory: action=REQUEST_REPLAN reason=current_low_margin planning_generation_id=46 final_gate_generation_id=46
[ERROR] [1787834783.516301492] [drone_0_ego_planner_node]: Failed to generate the first trajectory!!!
[WARN] [1787834783.532486015] [drone_0_ego_planner_node]: P5 final gate blocked trajectory: action=REQUEST_REPLAN reason=current_low_margin planning_generation_id=46 final_gate_generation_id=46
[ERROR] [1787834783.532515312] [drone_0_ego_planner_node]: Failed to generate the first trajectory!!!
[WARN] [1787834783.548642922] [drone_0_ego_planner_node]: P5 final gate blocked trajectory: action=REQUEST_REPLAN reason=current_low_margin planning_generation_id=46 final_gate_generation_id=46
[ERROR] [1787834783.548672207] [drone_0_ego_planner_node]: Failed to generate the first trajectory!!!
[WARN] [1787834783.564818441] [drone_0_ego_planner_node]: P5 final gate blocked trajectory: action=REQUEST_REPLAN reason=current_low_margin planning_generation_id=46 final_gate_generation_id=46
[ERROR] [1787834783.564848969] [drone_0_ego_planner_node]: Failed to generate the first trajectory!!!
[WARN] [1787834783.579504409] [drone_0_ego_planner_node]: P5 final gate blocked trajectory: action=REQUEST_REPLAN reason=current_low_margin planning_generation_id=46 final_gate_generation_id=46
[ERROR] [1787834783.579527477] [drone_0_ego_planner_node]: Failed to generate the first trajectory!!!
[WARN] [1787834783.595640322] [drone_0_ego_planner_node]: P5 final gate blocked trajectory: action=REQUEST_REPLAN reason=current_low_margin planning_generation_id=46 final_gate_generation_id=46
[ERROR] [1787834783.595670802] [drone_0_ego_planner_node]: Failed to generate the first trajectory!!!
[WARN] [1787834783.610401310] [drone_0_ego_planner_node]: P5 final gate blocked trajectory: action=REQUEST_REPLAN reason=current_low_margin planning_generation_id=46 final_gate_generation_id=46
[ERROR] [1787834783.610426663] [drone_0_ego_planner_node]: Failed to generate the first trajectory!!!
[WARN] [1787834783.626643377] [drone_0_ego_planner_node]: P5 final gate blocked trajectory: action=REQUEST_REPLAN reason=current_low_margin planning_generation_id=46 final_gate_generation_id=46
[ERROR] [1787834783.626673257] [drone_0_ego_planner_node]: Failed to generate the first trajectory!!!
[WARN] [1787834783.642756362] [drone_0_ego_planner_node]: P5 final gate using latest risk snapshot: planning_generation_id=46 final_gate_generation_id=47
[WARN] [1787834783.642917221] [drone_0_ego_planner_node]: P5 final gate blocked trajectory: action=REQUEST_REPLAN reason=current_low_margin planning_generation_id=46 final_gate_generation_id=47
[ERROR] [1787834783.642930546] [drone_0_ego_planner_node]: Failed to generate the first trajectory!!!
[WARN] [1787834783.660639374] [drone_0_ego_planner_node]: P5 final gate blocked trajectory: action=REQUEST_REPLAN reason=current_low_margin planning_generation_id=47 final_gate_generation_id=47
[ERROR] [1787834783.660671478] [drone_0_ego_planner_node]: Failed to generate the first trajectory!!!
[WARN] [1787834783.675326594] [drone_0_ego_planner_node]: P5 final gate blocked trajectory: action=REQUEST_REPLAN reason=current_low_margin planning_generation_id=47 final_gate_generation_id=47
[ERROR] [1787834783.675350844] [drone_0_ego_planner_node]: Failed to generate the first trajectory!!!
[WARN] [1787834783.690060769] [drone_0_ego_planner_node]: P5 final gate blocked trajectory: action=REQUEST_REPLAN reason=current_low_margin planning_generation_id=47 final_gate_generation_id=47
[ERROR] [1787834783.690090035] [drone_0_ego_planner_node]: Failed to generate the first trajectory!!!
[WARN] [1787834783.704645802] [drone_0_ego_planner_node]: P5 final gate blocked trajectory: action=REQUEST_REPLAN reason=current_low_margin planning_generation_id=47 final_gate_generation_id=47
[ERROR] [1787834783.704670750] [drone_0_ego_planner_node]: Failed to generate the first trajectory!!!
[WARN] [1787834783.720695450] [drone_0_ego_planner_node]: P5 final gate blocked trajectory: action=REQUEST_REPLAN reason=current_low_margin planning_generation_id=47 final_gate_generation_id=47
[ERROR] [1787834783.720726122] [drone_0_ego_planner_node]: Failed to generate the first trajectory!!!
[WARN] [1787834783.735407360] [drone_0_ego_planner_node]: P5 final gate blocked trajectory: action=REQUEST_REPLAN reason=current_low_margin planning_generation_id=47 final_gate_generation_id=47
[ERROR] [1787834783.735432672] [drone_0_ego_planner_node]: Failed to generate the first trajectory!!!
[WARN] [1787834783.751487989] [drone_0_ego_planner_node]: P5 final gate blocked trajectory: action=REQUEST_REPLAN reason=current_low_margin planning_generation_id=47 final_gate_generation_id=47
[ERROR] [1787834783.751517477] [drone_0_ego_planner_node]: Failed to generate the first trajectory!!!
[WARN] [1787834783.767614083] [drone_0_ego_planner_node]: P5 final gate blocked trajectory: action=REQUEST_REPLAN reason=current_low_margin planning_generation_id=47 final_gate_generation_id=47
[ERROR] [1787834783.767643205] [drone_0_ego_planner_node]: Failed to generate the first trajectory!!!
[WARN] [1787834783.783996664] [drone_0_ego_planner_node]: P5 final gate blocked trajectory: action=REQUEST_REPLAN reason=current_low_margin planning_generation_id=47 final_gate_generation_id=47
[ERROR] [1787834783.784028456] [drone_0_ego_planner_node]: Failed to generate the first trajectory!!!
[WARN] [1787834783.800145313] [drone_0_ego_planner_node]: P5 final gate blocked trajectory: action=REQUEST_REPLAN reason=current_low_margin planning_generation_id=47 final_gate_generation_id=47
[ERROR] [1787834783.800176426] [drone_0_ego_planner_node]: Failed to generate the first trajectory!!!
[WARN] [1787834783.816186759] [drone_0_ego_planner_node]: P5 final gate blocked trajectory: action=REQUEST_REPLAN reason=current_low_margin planning_generation_id=47 final_gate_generation_id=47
[ERROR] [1787834783.816217792] [drone_0_ego_planner_node]: Failed to generate the first trajectory!!!
[WARN] [1787834783.832374760] [drone_0_ego_planner_node]: P5 final gate blocked trajectory: action=REQUEST_REPLAN reason=current_low_margin planning_generation_id=47 final_gate_generation_id=47
[ERROR] [1787834783.832406063] [drone_0_ego_planner_node]: Failed to generate the first trajectory!!!
[WARN] [1787834783.848454867] [drone_0_ego_planner_node]: P5 final gate blocked trajectory: action=REQUEST_REPLAN reason=current_low_margin planning_generation_id=47 final_gate_generation_id=47
[ERROR] [1787834783.848484601] [drone_0_ego_planner_node]: Failed to generate the first trajectory!!!
[WARN] [1787834783.864625665] [drone_0_ego_planner_node]: P5 final gate blocked trajectory: action=REQUEST_REPLAN reason=current_low_margin planning_generation_id=47 final_gate_generation_id=47
[ERROR] [1787834783.864658297] [drone_0_ego_planner_node]: Failed to generate the first trajectory!!!
[WARN] [1787834783.879417840] [drone_0_ego_planner_node]: P5 final gate blocked trajectory: action=REQUEST_REPLAN reason=current_low_margin planning_generation_id=47 final_gate_generation_id=47
[ERROR] [1787834783.879443218] [drone_0_ego_planner_node]: Failed to generate the first trajectory!!!
[WARN] [1787834783.895675292] [drone_0_ego_planner_node]: P5 final gate blocked trajectory: action=REQUEST_REPLAN reason=current_low_margin planning_generation_id=47 final_gate_generation_id=47
[ERROR] [1787834783.895707900] [drone_0_ego_planner_node]: Failed to generate the first trajectory!!!
[WARN] [1787834783.910383357] [drone_0_ego_planner_node]: P5 final gate blocked trajectory: action=REQUEST_REPLAN reason=current_low_margin planning_generation_id=47 final_gate_generation_id=47
[ERROR] [1787834783.910406296] [drone_0_ego_planner_node]: Failed to generate the first trajectory!!!
[WARN] [1787834783.925015844] [drone_0_ego_planner_node]: P5 final gate blocked trajectory: action=REQUEST_REPLAN reason=current_low_margin planning_generation_id=47 final_gate_generation_id=47
[ERROR] [1787834783.925037973] [drone_0_ego_planner_node]: Failed to generate the first trajectory!!!
[WARN] [1787834783.941112562] [drone_0_ego_planner_node]: P5 final gate blocked trajectory: action=REQUEST_REPLAN reason=current_low_margin planning_generation_id=47 final_gate_generation_id=47
[ERROR] [1787834783.941141106] [drone_0_ego_planner_node]: Failed to generate the first trajectory!!!
[WARN] [1787834783.955726594] [drone_0_ego_planner_node]: P5 final gate blocked trajectory: action=REQUEST_REPLAN reason=current_low_margin planning_generation_id=47 final_gate_generation_id=47
[ERROR] [1787834783.955749696] [drone_0_ego_planner_node]: Failed to generate the first trajectory!!!
[WARN] [1787834783.971859509] [drone_0_ego_planner_node]: P5 final gate blocked trajectory: action=REQUEST_REPLAN reason=current_low_margin planning_generation_id=47 final_gate_generation_id=47
[ERROR] [1787834783.971890755] [drone_0_ego_planner_node]: Failed to generate the first trajectory!!!
[WARN] [1787834783.987946696] [drone_0_ego_planner_node]: P5 final gate blocked trajectory: action=REQUEST_REPLAN reason=current_low_margin planning_generation_id=47 final_gate_generation_id=47
[ERROR] [1787834783.987977681] [drone_0_ego_planner_node]: Failed to generate the first trajectory!!!
[WARN] [1787834784.004020100] [drone_0_ego_planner_node]: P5 final gate blocked trajectory: action=REQUEST_REPLAN reason=current_low_margin planning_generation_id=47 final_gate_generation_id=47
[ERROR] [1787834784.004048065] [drone_0_ego_planner_node]: Failed to generate the first trajectory!!!
[WARN] [1787834784.020183422] [drone_0_ego_planner_node]: P5 final gate blocked trajectory: action=REQUEST_REPLAN reason=current_low_margin planning_generation_id=47 final_gate_generation_id=47
[ERROR] [1787834784.020213679] [drone_0_ego_planner_node]: Failed to generate the first trajectory!!!
[WARN] [1787834784.036312429] [drone_0_ego_planner_node]: P5 final gate blocked trajectory: action=REQUEST_REPLAN reason=current_low_margin planning_generation_id=47 final_gate_generation_id=47
[ERROR] [1787834784.036342403] [drone_0_ego_planner_node]: Failed to generate the first trajectory!!!
[WARN] [1787834784.052423522] [drone_0_ego_planner_node]: P5 final gate blocked trajectory: action=REQUEST_REPLAN reason=current_low_margin planning_generation_id=47 final_gate_generation_id=47
[ERROR] [1787834784.052452290] [drone_0_ego_planner_node]: Failed to generate the first trajectory!!!
[WARN] [1787834784.068686344] [drone_0_ego_planner_node]: P5 final gate blocked trajectory: action=REQUEST_REPLAN reason=current_low_margin planning_generation_id=47 final_gate_generation_id=47
[ERROR] [1787834784.068717030] [drone_0_ego_planner_node]: Failed to generate the first trajectory!!!
[WARN] [1787834784.084828944] [drone_0_ego_planner_node]: P5 final gate blocked trajectory: action=REQUEST_REPLAN reason=current_low_margin planning_generation_id=47 final_gate_generation_id=47
[ERROR] [1787834784.084858610] [drone_0_ego_planner_node]: Failed to generate the first trajectory!!!
[WARN] [1787834784.100920445] [drone_0_ego_planner_node]: P5 final gate blocked trajectory: action=REQUEST_REPLAN reason=current_low_margin planning_generation_id=47 final_gate_generation_id=47
[ERROR] [1787834784.100949899] [drone_0_ego_planner_node]: Failed to generate the first trajectory!!!
[WARN] [1787834784.115526586] [drone_0_ego_planner_node]: P5 final gate blocked trajectory: action=REQUEST_REPLAN reason=current_low_margin planning_generation_id=47 final_gate_generation_id=47
[ERROR] [1787834784.115549044] [drone_0_ego_planner_node]: Failed to generate the first trajectory!!!
[WARN] [1787834784.130242215] [drone_0_ego_planner_node]: P5 final gate blocked trajectory: action=REQUEST_REPLAN reason=current_low_margin planning_generation_id=47 final_gate_generation_id=47
[ERROR] [1787834784.130265760] [drone_0_ego_planner_node]: Failed to generate the first trajectory!!!
[INFO] [1787834784.143211071] [drone_0_ego_planner_node]: [p0] risk grid ready=1 stale=0 age=0.000 valid=0.999 unknown=0.001 gen=48 provider_queries=127840 occupied_skip=160 provider_stale=0 provider_invalid=0 gnss_used=127840 lidar_used=93240 prior_used=127840 stale_current_prior=0 regularized=127840 conservative_max=0 lidar_points=28922 lidar_fim_primitives=481 lidar_fim_valid_normals=481 lidar_fim_fallback= dominant_unknown=occupied_skip:160 refresh_stamp=1657065634.180478 grid_stamp=1657065634.180478 elapsed_ms=283.570 queries=128000 reason=ok
[WARN] [1787834784.147879904] [drone_0_ego_planner_node]: P5 final gate blocked trajectory: action=REQUEST_REPLAN reason=current_low_margin planning_generation_id=48 final_gate_generation_id=48
[ERROR] [1787834784.147909724] [drone_0_ego_planner_node]: Failed to generate the first trajectory!!!
[WARN] [1787834784.163995696] [drone_0_ego_planner_node]: P5 final gate blocked trajectory: action=REQUEST_REPLAN reason=current_low_margin planning_generation_id=48 final_gate_generation_id=48
[ERROR] [1787834784.164026258] [drone_0_ego_planner_node]: Failed to generate the first trajectory!!!
[WARN] [1787834784.178678587] [drone_0_ego_planner_node]: P5 final gate blocked trajectory: action=REQUEST_REPLAN reason=current_low_margin planning_generation_id=48 final_gate_generation_id=48
[ERROR] [1787834784.178703238] [drone_0_ego_planner_node]: Failed to generate the first trajectory!!!
[WARN] [1787834784.193516261] [drone_0_ego_planner_node]: P5 final gate blocked trajectory: action=REQUEST_REPLAN reason=current_low_margin planning_generation_id=48 final_gate_generation_id=48
[ERROR] [1787834784.193540258] [drone_0_ego_planner_node]: Failed to generate the first trajectory!!!
[WARN] [1787834784.208196622] [drone_0_ego_planner_node]: P5 final gate blocked trajectory: action=REQUEST_REPLAN reason=current_low_margin planning_generation_id=48 final_gate_generation_id=48
[ERROR] [1787834784.208220702] [drone_0_ego_planner_node]: Failed to generate the first trajectory!!!
[WARN] [1787834784.224403724] [drone_0_ego_planner_node]: P5 final gate blocked trajectory: action=REQUEST_REPLAN reason=current_low_margin planning_generation_id=48 final_gate_generation_id=48
[ERROR] [1787834784.224433068] [drone_0_ego_planner_node]: Failed to generate the first trajectory!!!
[WARN] [1787834784.240872255] [drone_0_ego_planner_node]: P5 final gate blocked trajectory: action=REQUEST_REPLAN reason=current_low_margin planning_generation_id=48 final_gate_generation_id=48
[ERROR] [1787834784.240902268] [drone_0_ego_planner_node]: Failed to generate the first trajectory!!!
[WARN] [1787834784.255502707] [drone_0_ego_planner_node]: P5 final gate blocked trajectory: action=REQUEST_REPLAN reason=current_low_margin planning_generation_id=48 final_gate_generation_id=48
[ERROR] [1787834784.255527823] [drone_0_ego_planner_node]: Failed to generate the first trajectory!!!
[WARN] [1787834784.270297117] [drone_0_ego_planner_node]: P5 final gate blocked trajectory: action=REQUEST_REPLAN reason=current_low_margin planning_generation_id=48 final_gate_generation_id=48
[ERROR] [1787834784.270324061] [drone_0_ego_planner_node]: Failed to generate the first trajectory!!!
[WARN] [1787834784.286446648] [drone_0_ego_planner_node]: P5 final gate blocked trajectory: action=REQUEST_REPLAN reason=current_low_margin planning_generation_id=48 final_gate_generation_id=48
[ERROR] [1787834784.286476018] [drone_0_ego_planner_node]: Failed to generate the first trajectory!!!
[WARN] [1787834784.302651831] [drone_0_ego_planner_node]: P5 final gate blocked trajectory: action=REQUEST_REPLAN reason=current_low_margin planning_generation_id=48 final_gate_generation_id=48
[ERROR] [1787834784.302680615] [drone_0_ego_planner_node]: Failed to generate the first trajectory!!!
[WARN] [1787834784.317256472] [drone_0_ego_planner_node]: P5 final gate blocked trajectory: action=REQUEST_REPLAN reason=current_low_margin planning_generation_id=48 final_gate_generation_id=48
[ERROR] [1787834784.317279075] [drone_0_ego_planner_node]: Failed to generate the first trajectory!!!
[WARN] [1787834784.331919581] [drone_0_ego_planner_node]: P5 final gate blocked trajectory: action=REQUEST_REPLAN reason=current_low_margin planning_generation_id=48 final_gate_generation_id=48
[ERROR] [1787834784.331945614] [drone_0_ego_planner_node]: Failed to generate the first trajectory!!!
[WARN] [1787834784.348089018] [drone_0_ego_planner_node]: P5 final gate blocked trajectory: action=REQUEST_REPLAN reason=current_low_margin planning_generation_id=48 final_gate_generation_id=48
[ERROR] [1787834784.348118770] [drone_0_ego_planner_node]: Failed to generate the first trajectory!!!
[WARN] [1787834784.364293210] [drone_0_ego_planner_node]: P5 final gate blocked trajectory: action=REQUEST_REPLAN reason=current_low_margin planning_generation_id=48 final_gate_generation_id=48
[ERROR] [1787834784.364322004] [drone_0_ego_planner_node]: Failed to generate the first trajectory!!!
[WARN] [1787834784.380612183] [drone_0_ego_planner_node]: P5 final gate blocked trajectory: action=REQUEST_REPLAN reason=current_low_margin planning_generation_id=48 final_gate_generation_id=48
[ERROR] [1787834784.380643195] [drone_0_ego_planner_node]: Failed to generate the first trajectory!!!
[WARN] [1787834784.396840890] [drone_0_ego_planner_node]: P5 final gate blocked trajectory: action=REQUEST_REPLAN reason=current_low_margin planning_generation_id=48 final_gate_generation_id=48
[ERROR] [1787834784.396872223] [drone_0_ego_planner_node]: Failed to generate the first trajectory!!!
[WARN] [1787834784.412949722] [drone_0_ego_planner_node]: P5 final gate blocked trajectory: action=REQUEST_REPLAN reason=current_low_margin planning_generation_id=48 final_gate_generation_id=48
[ERROR] [1787834784.412979943] [drone_0_ego_planner_node]: Failed to generate the first trajectory!!!
[WARN] [1787834784.427585743] [drone_0_ego_planner_node]: P5 final gate blocked trajectory: action=REQUEST_REPLAN reason=current_low_margin planning_generation_id=48 final_gate_generation_id=48
[ERROR] [1787834784.427608178] [drone_0_ego_planner_node]: Failed to generate the first trajectory!!!
[WARN] [1787834784.444180096] [drone_0_ego_planner_node]: P5 final gate blocked trajectory: action=REQUEST_REPLAN reason=current_low_margin planning_generation_id=48 final_gate_generation_id=48
[ERROR] [1787834784.444214409] [drone_0_ego_planner_node]: Failed to generate the first trajectory!!!
[WARN] [1787834784.460386544] [drone_0_ego_planner_node]: P5 final gate blocked trajectory: action=REQUEST_REPLAN reason=current_low_margin planning_generation_id=48 final_gate_generation_id=48
[ERROR] [1787834784.460415753] [drone_0_ego_planner_node]: Failed to generate the first trajectory!!!
[WARN] [1787834784.476543983] [drone_0_ego_planner_node]: P5 final gate blocked trajectory: action=REQUEST_REPLAN reason=current_low_margin planning_generation_id=48 final_gate_generation_id=48
[ERROR] [1787834784.476571093] [drone_0_ego_planner_node]: Failed to generate the first trajectory!!!
[WARN] [1787834784.492746979] [drone_0_ego_planner_node]: P5 final gate blocked trajectory: action=REQUEST_REPLAN reason=current_low_margin planning_generation_id=48 final_gate_generation_id=48
[ERROR] [1787834784.492778317] [drone_0_ego_planner_node]: Failed to generate the first trajectory!!!
[WARN] [1787834784.507483231] [drone_0_ego_planner_node]: P5 final gate blocked trajectory: action=REQUEST_REPLAN reason=current_low_margin planning_generation_id=48 final_gate_generation_id=48
[ERROR] [1787834784.507507157] [drone_0_ego_planner_node]: Failed to generate the first trajectory!!!
[WARN] [1787834784.523619308] [drone_0_ego_planner_node]: P5 final gate blocked trajectory: action=REQUEST_REPLAN reason=current_low_margin planning_generation_id=48 final_gate_generation_id=48
[ERROR] [1787834784.523648167] [drone_0_ego_planner_node]: Failed to generate the first trajectory!!!
[WARN] [1787834784.539982088] [drone_0_ego_planner_node]: P5 final gate blocked trajectory: action=REQUEST_REPLAN reason=current_low_margin planning_generation_id=48 final_gate_generation_id=48
[ERROR] [1787834784.540012096] [drone_0_ego_planner_node]: Failed to generate the first trajectory!!!
[WARN] [1787834784.554532199] [drone_0_ego_planner_node]: P5 final gate blocked trajectory: action=REQUEST_REPLAN reason=current_low_margin planning_generation_id=48 final_gate_generation_id=48
[ERROR] [1787834784.554554227] [drone_0_ego_planner_node]: Failed to generate the first trajectory!!!
[WARN] [1787834784.570805727] [drone_0_ego_planner_node]: P5 final gate blocked trajectory: action=REQUEST_REPLAN reason=current_low_margin planning_generation_id=48 final_gate_generation_id=48
[ERROR] [1787834784.570838243] [drone_0_ego_planner_node]: Failed to generate the first trajectory!!!
[WARN] [1787834784.585371907] [drone_0_ego_planner_node]: P5 final gate blocked trajectory: action=REQUEST_REPLAN reason=current_low_margin planning_generation_id=48 final_gate_generation_id=48
[ERROR] [1787834784.585393174] [drone_0_ego_planner_node]: Failed to generate the first trajectory!!!
[WARN] [1787834784.599930948] [drone_0_ego_planner_node]: P5 final gate blocked trajectory: action=REQUEST_REPLAN reason=current_low_margin planning_generation_id=48 final_gate_generation_id=48
[ERROR] [1787834784.599951785] [drone_0_ego_planner_node]: Failed to generate the first trajectory!!!
[WARN] [1787834784.615938504] [drone_0_ego_planner_node]: P5 final gate blocked trajectory: action=REQUEST_REPLAN reason=current_low_margin planning_generation_id=48 final_gate_generation_id=48
[ERROR] [1787834784.615966783] [drone_0_ego_planner_node]: Failed to generate the first trajectory!!!
[WARN] [1787834784.630594640] [drone_0_ego_planner_node]: P5 final gate blocked trajectory: action=REQUEST_REPLAN reason=current_low_margin planning_generation_id=48 final_gate_generation_id=48
[ERROR] [1787834784.630620012] [drone_0_ego_planner_node]: Failed to generate the first trajectory!!!
[WARN] [1787834784.647387462] [drone_0_ego_planner_node]: P5 final gate blocked trajectory: action=REQUEST_REPLAN reason=current_low_margin planning_generation_id=49 final_gate_generation_id=49
[ERROR] [1787834784.647410778] [drone_0_ego_planner_node]: Failed to generate the first trajectory!!!
[WARN] [1787834784.663373231] [drone_0_ego_planner_node]: P5 final gate blocked trajectory: action=REQUEST_REPLAN reason=current_low_margin planning_generation_id=49 final_gate_generation_id=49
[ERROR] [1787834784.663399815] [drone_0_ego_planner_node]: Failed to generate the first trajectory!!!
[WARN] [1787834784.679473994] [drone_0_ego_planner_node]: P5 final gate blocked trajectory: action=REQUEST_REPLAN reason=current_low_margin planning_generation_id=49 final_gate_generation_id=49
[ERROR] [1787834784.679502890] [drone_0_ego_planner_node]: Failed to generate the first trajectory!!!
[WARN] [1787834784.695577065] [drone_0_ego_planner_node]: P5 final gate blocked trajectory: action=REQUEST_REPLAN reason=current_low_margin planning_generation_id=49 final_gate_generation_id=49
[ERROR] [1787834784.695605399] [drone_0_ego_planner_node]: Failed to generate the first trajectory!!!
[WARN] [1787834784.711841665] [drone_0_ego_planner_node]: P5 final gate blocked trajectory: action=REQUEST_REPLAN reason=current_low_margin planning_generation_id=49 final_gate_generation_id=49
[ERROR] [1787834784.711869830] [drone_0_ego_planner_node]: Failed to generate the first trajectory!!!
[WARN] [1787834784.727829179] [drone_0_ego_planner_node]: P5 final gate blocked trajectory: action=REQUEST_REPLAN reason=current_low_margin planning_generation_id=49 final_gate_generation_id=49
[ERROR] [1787834784.727857525] [drone_0_ego_planner_node]: Failed to generate the first trajectory!!!
[WARN] [1787834784.743922165] [drone_0_ego_planner_node]: P5 final gate blocked trajectory: action=REQUEST_REPLAN reason=current_low_margin planning_generation_id=49 final_gate_generation_id=49
[ERROR] [1787834784.743950647] [drone_0_ego_planner_node]: Failed to generate the first trajectory!!!
[WARN] [1787834784.760097027] [drone_0_ego_planner_node]: P5 final gate blocked trajectory: action=REQUEST_REPLAN reason=current_low_margin planning_generation_id=49 final_gate_generation_id=49
[ERROR] [1787834784.760127868] [drone_0_ego_planner_node]: Failed to generate the first trajectory!!!
[WARN] [1787834784.776178870] [drone_0_ego_planner_node]: P5 final gate blocked trajectory: action=REQUEST_REPLAN reason=current_low_margin planning_generation_id=49 final_gate_generation_id=49
[ERROR] [1787834784.776206337] [drone_0_ego_planner_node]: Failed to generate the first trajectory!!!
[WARN] [1787834784.792361137] [drone_0_ego_planner_node]: P5 final gate blocked trajectory: action=REQUEST_REPLAN reason=current_low_margin planning_generation_id=49 final_gate_generation_id=49
[ERROR] [1787834784.792390351] [drone_0_ego_planner_node]: Failed to generate the first trajectory!!!
[WARN] [1787834784.806901807] [drone_0_ego_planner_node]: P5 final gate blocked trajectory: action=REQUEST_REPLAN reason=current_low_margin planning_generation_id=49 final_gate_generation_id=49
[ERROR] [1787834784.806923702] [drone_0_ego_planner_node]: Failed to generate the first trajectory!!!
[WARN] [1787834784.822902972] [drone_0_ego_planner_node]: P5 final gate blocked trajectory: action=REQUEST_REPLAN reason=current_low_margin planning_generation_id=49 final_gate_generation_id=49
[ERROR] [1787834784.822929100] [drone_0_ego_planner_node]: Failed to generate the first trajectory!!!
[WARN] [1787834784.839081529] [drone_0_ego_planner_node]: P5 final gate blocked trajectory: action=REQUEST_REPLAN reason=current_low_margin planning_generation_id=49 final_gate_generation_id=49
[ERROR] [1787834784.839109130] [drone_0_ego_planner_node]: Failed to generate the first trajectory!!!
[WARN] [1787834784.855152461] [drone_0_ego_planner_node]: P5 final gate blocked trajectory: action=REQUEST_REPLAN reason=current_low_margin planning_generation_id=49 final_gate_generation_id=49
[ERROR] [1787834784.855179064] [drone_0_ego_planner_node]: Failed to generate the first trajectory!!!
[WARN] [1787834784.869793014] [drone_0_ego_planner_node]: P5 final gate blocked trajectory: action=REQUEST_REPLAN reason=current_low_margin planning_generation_id=49 final_gate_generation_id=49
[ERROR] [1787834784.869819595] [drone_0_ego_planner_node]: Failed to generate the first trajectory!!!
[WARN] [1787834784.886100608] [drone_0_ego_planner_node]: P5 final gate blocked trajectory: action=REQUEST_REPLAN reason=current_low_margin planning_generation_id=49 final_gate_generation_id=49
[ERROR] [1787834784.886126731] [drone_0_ego_planner_node]: Failed to generate the first trajectory!!!
[WARN] [1787834784.900664013] [drone_0_ego_planner_node]: P5 final gate blocked trajectory: action=REQUEST_REPLAN reason=current_low_margin planning_generation_id=49 final_gate_generation_id=49
[ERROR] [1787834784.900686422] [drone_0_ego_planner_node]: Failed to generate the first trajectory!!!
[WARN] [1787834784.915271215] [drone_0_ego_planner_node]: P5 final gate blocked trajectory: action=REQUEST_REPLAN reason=current_low_margin planning_generation_id=49 final_gate_generation_id=49
[ERROR] [1787834784.915294065] [drone_0_ego_planner_node]: Failed to generate the first trajectory!!!
[WARN] [1787834784.931427190] [drone_0_ego_planner_node]: P5 final gate blocked trajectory: action=REQUEST_REPLAN reason=current_low_margin planning_generation_id=49 final_gate_generation_id=49
[ERROR] [1787834784.931454942] [drone_0_ego_planner_node]: Failed to generate the first trajectory!!!
[WARN] [1787834784.947664819] [drone_0_ego_planner_node]: P5 final gate blocked trajectory: action=REQUEST_REPLAN reason=current_low_margin planning_generation_id=49 final_gate_generation_id=49
[ERROR] [1787834784.947692744] [drone_0_ego_planner_node]: Failed to generate the first trajectory!!!
[WARN] [1787834784.963866308] [drone_0_ego_planner_node]: P5 final gate blocked trajectory: action=REQUEST_REPLAN reason=current_low_margin planning_generation_id=49 final_gate_generation_id=49
[ERROR] [1787834784.963896773] [drone_0_ego_planner_node]: Failed to generate the first trajectory!!!
[WARN] [1787834784.978451294] [drone_0_ego_planner_node]: P5 final gate blocked trajectory: action=REQUEST_REPLAN reason=current_low_margin planning_generation_id=49 final_gate_generation_id=49
[ERROR] [1787834784.978474129] [drone_0_ego_planner_node]: Failed to generate the first trajectory!!!
[WARN] [1787834784.994701571] [drone_0_ego_planner_node]: P5 final gate blocked trajectory: action=REQUEST_REPLAN reason=current_low_margin planning_generation_id=49 final_gate_generation_id=49
[ERROR] [1787834784.994732602] [drone_0_ego_planner_node]: Failed to generate the first trajectory!!!
[WARN] [1787834785.010875893] [drone_0_ego_planner_node]: P5 final gate blocked trajectory: action=REQUEST_REPLAN reason=current_low_margin planning_generation_id=49 final_gate_generation_id=49
[ERROR] [1787834785.010905778] [drone_0_ego_planner_node]: Failed to generate the first trajectory!!!
[WARN] [1787834785.025456053] [drone_0_ego_planner_node]: P5 final gate blocked trajectory: action=REQUEST_REPLAN reason=current_low_margin planning_generation_id=49 final_gate_generation_id=49
[ERROR] [1787834785.025479834] [drone_0_ego_planner_node]: Failed to generate the first trajectory!!!
[WARN] [1787834785.040019336] [drone_0_ego_planner_node]: P5 final gate blocked trajectory: action=REQUEST_REPLAN reason=current_low_margin planning_generation_id=49 final_gate_generation_id=49
[ERROR] [1787834785.040041986] [drone_0_ego_planner_node]: Failed to generate the first trajectory!!!
[WARN] [1787834785.054549016] [drone_0_ego_planner_node]: P5 final gate blocked trajectory: action=REQUEST_REPLAN reason=current_low_margin planning_generation_id=49 final_gate_generation_id=49
[ERROR] [1787834785.054571171] [drone_0_ego_planner_node]: Failed to generate the first trajectory!!!
[WARN] [1787834785.069195774] [drone_0_ego_planner_node]: P5 final gate blocked trajectory: action=REQUEST_REPLAN reason=current_low_margin planning_generation_id=49 final_gate_generation_id=49
[ERROR] [1787834785.069216795] [drone_0_ego_planner_node]: Failed to generate the first trajectory!!!
[WARN] [1787834785.085312944] [drone_0_ego_planner_node]: P5 final gate blocked trajectory: action=REQUEST_REPLAN reason=current_low_margin planning_generation_id=49 final_gate_generation_id=49
[ERROR] [1787834785.085340859] [drone_0_ego_planner_node]: Failed to generate the first trajectory!!!
[WARN] [1787834785.101438536] [drone_0_ego_planner_node]: P5 final gate blocked trajectory: action=REQUEST_REPLAN reason=current_low_margin planning_generation_id=49 final_gate_generation_id=49
[ERROR] [1787834785.101466909] [drone_0_ego_planner_node]: Failed to generate the first trajectory!!!
[WARN] [1787834785.116111384] [drone_0_ego_planner_node]: P5 final gate blocked trajectory: action=REQUEST_REPLAN reason=current_low_margin planning_generation_id=49 final_gate_generation_id=49
[ERROR] [1787834785.116136313] [drone_0_ego_planner_node]: Failed to generate the first trajectory!!!
[WARN] [1787834785.133613126] [drone_0_ego_planner_node]: P5 final gate blocked trajectory: action=REQUEST_REPLAN reason=current_low_margin planning_generation_id=50 final_gate_generation_id=50
[ERROR] [1787834785.133642989] [drone_0_ego_planner_node]: Failed to generate the first trajectory!!!
[WARN] [1787834785.148272014] [drone_0_ego_planner_node]: P5 final gate blocked trajectory: action=REQUEST_REPLAN reason=current_low_margin planning_generation_id=50 final_gate_generation_id=50
[ERROR] [1787834785.148295161] [drone_0_ego_planner_node]: Failed to generate the first trajectory!!!
[WARN] [1787834785.164263123] [drone_0_ego_planner_node]: P5 final gate blocked trajectory: action=REQUEST_REPLAN reason=current_low_margin planning_generation_id=50 final_gate_generation_id=50
[ERROR] [1787834785.164290554] [drone_0_ego_planner_node]: Failed to generate the first trajectory!!!
[WARN] [1787834785.180340591] [drone_0_ego_planner_node]: P5 final gate blocked trajectory: action=REQUEST_REPLAN reason=current_low_margin planning_generation_id=50 final_gate_generation_id=50
[ERROR] [1787834785.180369606] [drone_0_ego_planner_node]: Failed to generate the first trajectory!!!
[WARN] [1787834785.196548929] [drone_0_ego_planner_node]: P5 final gate blocked trajectory: action=REQUEST_REPLAN reason=current_low_margin planning_generation_id=50 final_gate_generation_id=50
[ERROR] [1787834785.196576112] [drone_0_ego_planner_node]: Failed to generate the first trajectory!!!
[WARN] [1787834785.212596605] [drone_0_ego_planner_node]: P5 final gate blocked trajectory: action=REQUEST_REPLAN reason=current_low_margin planning_generation_id=50 final_gate_generation_id=50
[ERROR] [1787834785.212632878] [drone_0_ego_planner_node]: Failed to generate the first trajectory!!!
[WARN] [1787834785.228593050] [drone_0_ego_planner_node]: P5 final gate blocked trajectory: action=REQUEST_REPLAN reason=current_low_margin planning_generation_id=50 final_gate_generation_id=50
[ERROR] [1787834785.228619004] [drone_0_ego_planner_node]: Failed to generate the first trajectory!!!
[WARN] [1787834785.244563130] [drone_0_ego_planner_node]: P5 final gate blocked trajectory: action=REQUEST_REPLAN reason=current_low_margin planning_generation_id=50 final_gate_generation_id=50
[ERROR] [1787834785.244589401] [drone_0_ego_planner_node]: Failed to generate the first trajectory!!!
[WARN] [1787834785.259100016] [drone_0_ego_planner_node]: P5 final gate blocked trajectory: action=REQUEST_REPLAN reason=current_low_margin planning_generation_id=50 final_gate_generation_id=50
[ERROR] [1787834785.259121968] [drone_0_ego_planner_node]: Failed to generate the first trajectory!!!
[WARN] [1787834785.275172512] [drone_0_ego_planner_node]: P5 final gate blocked trajectory: action=REQUEST_REPLAN reason=current_low_margin planning_generation_id=50 final_gate_generation_id=50
[ERROR] [1787834785.275201654] [drone_0_ego_planner_node]: Failed to generate the first trajectory!!!
[WARN] [1787834785.291219622] [drone_0_ego_planner_node]: P5 final gate blocked trajectory: action=REQUEST_REPLAN reason=current_low_margin planning_generation_id=50 final_gate_generation_id=50
[ERROR] [1787834785.291247666] [drone_0_ego_planner_node]: Failed to generate the first trajectory!!!
[WARN] [1787834785.305838764] [drone_0_ego_planner_node]: P5 final gate blocked trajectory: action=REQUEST_REPLAN reason=current_low_margin planning_generation_id=50 final_gate_generation_id=50
[ERROR] [1787834785.305862754] [drone_0_ego_planner_node]: Failed to generate the first trajectory!!!
[WARN] [1787834785.321826854] [drone_0_ego_planner_node]: P5 final gate blocked trajectory: action=REQUEST_REPLAN reason=current_low_margin planning_generation_id=50 final_gate_generation_id=50
[ERROR] [1787834785.321856069] [drone_0_ego_planner_node]: Failed to generate the first trajectory!!!
[WARN] [1787834785.336427096] [drone_0_ego_planner_node]: P5 final gate blocked trajectory: action=REQUEST_REPLAN reason=current_low_margin planning_generation_id=50 final_gate_generation_id=50
[ERROR] [1787834785.336450370] [drone_0_ego_planner_node]: Failed to generate the first trajectory!!!
[WARN] [1787834785.351057372] [drone_0_ego_planner_node]: P5 final gate blocked trajectory: action=REQUEST_REPLAN reason=current_low_margin planning_generation_id=50 final_gate_generation_id=50
[ERROR] [1787834785.351083993] [drone_0_ego_planner_node]: Failed to generate the first trajectory!!!
[WARN] [1787834785.365696922] [drone_0_ego_planner_node]: P5 final gate blocked trajectory: action=REQUEST_REPLAN reason=current_low_margin planning_generation_id=50 final_gate_generation_id=50
[ERROR] [1787834785.365720828] [drone_0_ego_planner_node]: Failed to generate the first trajectory!!!
[WARN] [1787834785.380288317] [drone_0_ego_planner_node]: P5 final gate blocked trajectory: action=REQUEST_REPLAN reason=current_low_margin planning_generation_id=50 final_gate_generation_id=50
[ERROR] [1787834785.380311180] [drone_0_ego_planner_node]: Failed to generate the first trajectory!!!
[WARN] [1787834785.394948063] [drone_0_ego_planner_node]: P5 final gate blocked trajectory: action=REQUEST_REPLAN reason=current_low_margin planning_generation_id=50 final_gate_generation_id=50
[ERROR] [1787834785.394971176] [drone_0_ego_planner_node]: Failed to generate the first trajectory!!!
[WARN] [1787834785.409568422] [drone_0_ego_planner_node]: P5 final gate blocked trajectory: action=REQUEST_REPLAN reason=current_low_margin planning_generation_id=50 final_gate_generation_id=50
[ERROR] [1787834785.409593216] [drone_0_ego_planner_node]: Failed to generate the first trajectory!!!
[WARN] [1787834785.424122161] [drone_0_ego_planner_node]: P5 final gate blocked trajectory: action=REQUEST_REPLAN reason=current_low_margin planning_generation_id=50 final_gate_generation_id=50
[ERROR] [1787834785.424144764] [drone_0_ego_planner_node]: Failed to generate the first trajectory!!!
[WARN] [1787834785.440163883] [drone_0_ego_planner_node]: P5 final gate blocked trajectory: action=REQUEST_REPLAN reason=current_low_margin planning_generation_id=50 final_gate_generation_id=50
[ERROR] [1787834785.440193014] [drone_0_ego_planner_node]: Failed to generate the first trajectory!!!
[WARN] [1787834785.456183410] [drone_0_ego_planner_node]: P5 final gate blocked trajectory: action=REQUEST_REPLAN reason=current_low_margin planning_generation_id=50 final_gate_generation_id=50
[ERROR] [1787834785.456211562] [drone_0_ego_planner_node]: Failed to generate the first trajectory!!!
[WARN] [1787834785.472443609] [drone_0_ego_planner_node]: P5 final gate blocked trajectory: action=REQUEST_REPLAN reason=current_low_margin planning_generation_id=50 final_gate_generation_id=50
[ERROR] [1787834785.472471584] [drone_0_ego_planner_node]: Failed to generate the first trajectory!!!
[WARN] [1787834785.488530025] [drone_0_ego_planner_node]: P5 final gate blocked trajectory: action=REQUEST_REPLAN reason=current_low_margin planning_generation_id=50 final_gate_generation_id=50
[ERROR] [1787834785.488557195] [drone_0_ego_planner_node]: Failed to generate the first trajectory!!!
[WARN] [1787834785.504559344] [drone_0_ego_planner_node]: P5 final gate blocked trajectory: action=REQUEST_REPLAN reason=current_low_margin planning_generation_id=50 final_gate_generation_id=50
[ERROR] [1787834785.504587051] [drone_0_ego_planner_node]: Failed to generate the first trajectory!!!
[WARN] [1787834785.520601625] [drone_0_ego_planner_node]: P5 final gate blocked trajectory: action=REQUEST_REPLAN reason=current_low_margin planning_generation_id=50 final_gate_generation_id=50
[ERROR] [1787834785.520629524] [drone_0_ego_planner_node]: Failed to generate the first trajectory!!!
[WARN] [1787834785.536647035] [drone_0_ego_planner_node]: P5 final gate blocked trajectory: action=REQUEST_REPLAN reason=current_low_margin planning_generation_id=50 final_gate_generation_id=50
[ERROR] [1787834785.536673891] [drone_0_ego_planner_node]: Failed to generate the first trajectory!!!
[WARN] [1787834785.552613955] [drone_0_ego_planner_node]: P5 final gate blocked trajectory: action=REQUEST_REPLAN reason=current_low_margin planning_generation_id=50 final_gate_generation_id=50
[ERROR] [1787834785.552641286] [drone_0_ego_planner_node]: Failed to generate the first trajectory!!!
[WARN] [1787834785.568616115] [drone_0_ego_planner_node]: P5 final gate blocked trajectory: action=REQUEST_REPLAN reason=current_low_margin planning_generation_id=50 final_gate_generation_id=50
[ERROR] [1787834785.568643392] [drone_0_ego_planner_node]: Failed to generate the first trajectory!!!
[WARN] [1787834785.583211761] [drone_0_ego_planner_node]: P5 final gate blocked trajectory: action=REQUEST_REPLAN reason=current_low_margin planning_generation_id=50 final_gate_generation_id=50
[ERROR] [1787834785.583234037] [drone_0_ego_planner_node]: Failed to generate the first trajectory!!!
[WARN] [1787834785.599345488] [drone_0_ego_planner_node]: P5 final gate blocked trajectory: action=REQUEST_REPLAN reason=current_low_margin planning_generation_id=50 final_gate_generation_id=50
[ERROR] [1787834785.599372008] [drone_0_ego_planner_node]: Failed to generate the first trajectory!!!
[WARN] [1787834785.615459372] [drone_0_ego_planner_node]: P5 final gate blocked trajectory: action=REQUEST_REPLAN reason=current_low_margin planning_generation_id=50 final_gate_generation_id=50
[ERROR] [1787834785.615487757] [drone_0_ego_planner_node]: Failed to generate the first trajectory!!!
[WARN] [1787834785.633158336] [drone_0_ego_planner_node]: P5 final gate blocked trajectory: action=REQUEST_REPLAN reason=current_low_margin planning_generation_id=51 final_gate_generation_id=51
[ERROR] [1787834785.633190414] [drone_0_ego_planner_node]: Failed to generate the first trajectory!!!
[WARN] [1787834785.649314558] [drone_0_ego_planner_node]: P5 final gate blocked trajectory: action=REQUEST_REPLAN reason=current_low_margin planning_generation_id=51 final_gate_generation_id=51
[ERROR] [1787834785.649342664] [drone_0_ego_planner_node]: Failed to generate the first trajectory!!!
[WARN] [1787834785.665383530] [drone_0_ego_planner_node]: P5 final gate blocked trajectory: action=REQUEST_REPLAN reason=current_low_margin planning_generation_id=51 final_gate_generation_id=51
[ERROR] [1787834785.665409391] [drone_0_ego_planner_node]: Failed to generate the first trajectory!!!
[WARN] [1787834785.681511153] [drone_0_ego_planner_node]: P5 final gate blocked trajectory: action=REQUEST_REPLAN reason=current_low_margin planning_generation_id=51 final_gate_generation_id=51
[ERROR] [1787834785.681540337] [drone_0_ego_planner_node]: Failed to generate the first trajectory!!!
[WARN] [1787834785.697637864] [drone_0_ego_planner_node]: P5 final gate blocked trajectory: action=REQUEST_REPLAN reason=current_low_margin planning_generation_id=51 final_gate_generation_id=51
[ERROR] [1787834785.697665572] [drone_0_ego_planner_node]: Failed to generate the first trajectory!!!
[WARN] [1787834785.712267868] [drone_0_ego_planner_node]: P5 final gate blocked trajectory: action=REQUEST_REPLAN reason=current_low_margin planning_generation_id=51 final_gate_generation_id=51
[ERROR] [1787834785.712292885] [drone_0_ego_planner_node]: Failed to generate the first trajectory!!!
[WARN] [1787834785.726818188] [drone_0_ego_planner_node]: P5 final gate blocked trajectory: action=REQUEST_REPLAN reason=current_low_margin planning_generation_id=51 final_gate_generation_id=51
[ERROR] [1787834785.726840373] [drone_0_ego_planner_node]: Failed to generate the first trajectory!!!
[WARN] [1787834785.743204062] [drone_0_ego_planner_node]: P5 final gate blocked trajectory: action=REQUEST_REPLAN reason=current_low_margin planning_generation_id=51 final_gate_generation_id=51
[ERROR] [1787834785.743232751] [drone_0_ego_planner_node]: Failed to generate the first trajectory!!!
[WARN] [1787834785.757739961] [drone_0_ego_planner_node]: P5 final gate blocked trajectory: action=REQUEST_REPLAN reason=current_low_margin planning_generation_id=51 final_gate_generation_id=51
[ERROR] [1787834785.757761657] [drone_0_ego_planner_node]: Failed to generate the first trajectory!!!
[WARN] [1787834785.774736529] [drone_0_ego_planner_node]: P5 final gate blocked trajectory: action=REQUEST_REPLAN reason=current_low_margin planning_generation_id=51 final_gate_generation_id=51
[ERROR] [1787834785.774768363] [drone_0_ego_planner_node]: Failed to generate the first trajectory!!!
[WARN] [1787834785.789297624] [drone_0_ego_planner_node]: P5 final gate blocked trajectory: action=REQUEST_REPLAN reason=current_low_margin planning_generation_id=51 final_gate_generation_id=51
[ERROR] [1787834785.789319172] [drone_0_ego_planner_node]: Failed to generate the first trajectory!!!
[WARN] [1787834785.805346724] [drone_0_ego_planner_node]: P5 final gate blocked trajectory: action=REQUEST_REPLAN reason=current_low_margin planning_generation_id=51 final_gate_generation_id=51
[ERROR] [1787834785.805370268] [drone_0_ego_planner_node]: Failed to generate the first trajectory!!!
[WARN] [1787834785.819976379] [drone_0_ego_planner_node]: P5 final gate blocked trajectory: action=REQUEST_REPLAN reason=current_low_margin planning_generation_id=51 final_gate_generation_id=51
[ERROR] [1787834785.820000272] [drone_0_ego_planner_node]: Failed to generate the first trajectory!!!
[WARN] [1787834785.836122170] [drone_0_ego_planner_node]: P5 final gate blocked trajectory: action=REQUEST_REPLAN reason=current_low_margin planning_generation_id=51 final_gate_generation_id=51
[ERROR] [1787834785.836151303] [drone_0_ego_planner_node]: Failed to generate the first trajectory!!!
[WARN] [1787834785.850720934] [drone_0_ego_planner_node]: P5 final gate blocked trajectory: action=REQUEST_REPLAN reason=current_low_margin planning_generation_id=51 final_gate_generation_id=51
[ERROR] [1787834785.850744271] [drone_0_ego_planner_node]: Failed to generate the first trajectory!!!
[WARN] [1787834785.865330661] [drone_0_ego_planner_node]: P5 final gate blocked trajectory: action=REQUEST_REPLAN reason=current_low_margin planning_generation_id=51 final_gate_generation_id=51
[ERROR] [1787834785.865355183] [drone_0_ego_planner_node]: Failed to generate the first trajectory!!!
[WARN] [1787834785.879958630] [drone_0_ego_planner_node]: P5 final gate blocked trajectory: action=REQUEST_REPLAN reason=current_low_margin planning_generation_id=51 final_gate_generation_id=51
[ERROR] [1787834785.879982706] [drone_0_ego_planner_node]: Failed to generate the first trajectory!!!
[WARN] [1787834785.894559521] [drone_0_ego_planner_node]: P5 final gate blocked trajectory: action=REQUEST_REPLAN reason=current_low_margin planning_generation_id=51 final_gate_generation_id=51
[ERROR] [1787834785.894583776] [drone_0_ego_planner_node]: Failed to generate the first trajectory!!!
[WARN] [1787834785.910691330] [drone_0_ego_planner_node]: P5 final gate blocked trajectory: action=REQUEST_REPLAN reason=current_low_margin planning_generation_id=51 final_gate_generation_id=51
[ERROR] [1787834785.910719236] [drone_0_ego_planner_node]: Failed to generate the first trajectory!!!
[WARN] [1787834785.926751600] [drone_0_ego_planner_node]: P5 final gate blocked trajectory: action=REQUEST_REPLAN reason=current_low_margin planning_generation_id=51 final_gate_generation_id=51
[ERROR] [1787834785.926778479] [drone_0_ego_planner_node]: Failed to generate the first trajectory!!!
[WARN] [1787834785.941323901] [drone_0_ego_planner_node]: P5 final gate blocked trajectory: action=REQUEST_REPLAN reason=current_low_margin planning_generation_id=51 final_gate_generation_id=51
[ERROR] [1787834785.941346418] [drone_0_ego_planner_node]: Failed to generate the first trajectory!!!
[WARN] [1787834785.957405368] [drone_0_ego_planner_node]: P5 final gate blocked trajectory: action=REQUEST_REPLAN reason=current_low_margin planning_generation_id=51 final_gate_generation_id=51
[ERROR] [1787834785.957432999] [drone_0_ego_planner_node]: Failed to generate the first trajectory!!!
[WARN] [1787834785.973547326] [drone_0_ego_planner_node]: P5 final gate blocked trajectory: action=REQUEST_REPLAN reason=current_low_margin planning_generation_id=51 final_gate_generation_id=51
[ERROR] [1787834785.973575256] [drone_0_ego_planner_node]: Failed to generate the first trajectory!!!
[WARN] [1787834785.988172127] [drone_0_ego_planner_node]: P5 final gate blocked trajectory: action=REQUEST_REPLAN reason=current_low_margin planning_generation_id=51 final_gate_generation_id=51
[ERROR] [1787834785.988194631] [drone_0_ego_planner_node]: Failed to generate the first trajectory!!!
[WARN] [1787834786.004234279] [drone_0_ego_planner_node]: P5 final gate blocked trajectory: action=REQUEST_REPLAN reason=current_low_margin planning_generation_id=51 final_gate_generation_id=51
[ERROR] [1787834786.004263146] [drone_0_ego_planner_node]: Failed to generate the first trajectory!!!
[WARN] [1787834786.018836095] [drone_0_ego_planner_node]: P5 final gate blocked trajectory: action=REQUEST_REPLAN reason=current_low_margin planning_generation_id=51 final_gate_generation_id=51
[ERROR] [1787834786.018860801] [drone_0_ego_planner_node]: Failed to generate the first trajectory!!!
[WARN] [1787834786.034878580] [drone_0_ego_planner_node]: P5 final gate blocked trajectory: action=REQUEST_REPLAN reason=current_low_margin planning_generation_id=51 final_gate_generation_id=51
[ERROR] [1787834786.034907177] [drone_0_ego_planner_node]: Failed to generate the first trajectory!!!
[WARN] [1787834786.050939464] [drone_0_ego_planner_node]: P5 final gate blocked trajectory: action=REQUEST_REPLAN reason=current_low_margin planning_generation_id=51 final_gate_generation_id=51
[ERROR] [1787834786.050967091] [drone_0_ego_planner_node]: Failed to generate the first trajectory!!!
[WARN] [1787834786.065643796] [drone_0_ego_planner_node]: P5 final gate blocked trajectory: action=REQUEST_REPLAN reason=current_low_margin planning_generation_id=51 final_gate_generation_id=51
[ERROR] [1787834786.065665818] [drone_0_ego_planner_node]: Failed to generate the first trajectory!!!
[WARN] [1787834786.081767018] [drone_0_ego_planner_node]: P5 final gate blocked trajectory: action=REQUEST_REPLAN reason=current_low_margin planning_generation_id=51 final_gate_generation_id=51
[ERROR] [1787834786.081794664] [drone_0_ego_planner_node]: Failed to generate the first trajectory!!!
[WARN] [1787834786.096355138] [drone_0_ego_planner_node]: P5 final gate blocked trajectory: action=REQUEST_REPLAN reason=current_low_margin planning_generation_id=51 final_gate_generation_id=51
[ERROR] [1787834786.096381785] [drone_0_ego_planner_node]: Failed to generate the first trajectory!!!
[WARN] [1787834786.112512978] [drone_0_ego_planner_node]: P5 final gate blocked trajectory: action=REQUEST_REPLAN reason=current_low_margin planning_generation_id=51 final_gate_generation_id=51
[ERROR] [1787834786.112542116] [drone_0_ego_planner_node]: Failed to generate the first trajectory!!!
[WARN] [1787834786.128552746] [drone_0_ego_planner_node]: P5 final gate using latest risk snapshot: planning_generation_id=51 final_gate_generation_id=52
[WARN] [1787834786.128708616] [drone_0_ego_planner_node]: P5 final gate blocked trajectory: action=REQUEST_REPLAN reason=current_low_margin planning_generation_id=51 final_gate_generation_id=52
[ERROR] [1787834786.128719115] [drone_0_ego_planner_node]: Failed to generate the first trajectory!!!
[WARN] [1787834786.144773872] [drone_0_ego_planner_node]: P5 final gate blocked trajectory: action=REQUEST_REPLAN reason=current_low_margin planning_generation_id=52 final_gate_generation_id=52
[ERROR] [1787834786.144798936] [drone_0_ego_planner_node]: Failed to generate the first trajectory!!!
[WARN] [1787834786.159574217] [drone_0_ego_planner_node]: P5 final gate blocked trajectory: action=REQUEST_REPLAN reason=current_low_margin planning_generation_id=52 final_gate_generation_id=52
[ERROR] [1787834786.159597724] [drone_0_ego_planner_node]: Failed to generate the first trajectory!!!
[WARN] [1787834786.174217729] [drone_0_ego_planner_node]: P5 final gate blocked trajectory: action=REQUEST_REPLAN reason=current_low_margin planning_generation_id=52 final_gate_generation_id=52
[ERROR] [1787834786.174241804] [drone_0_ego_planner_node]: Failed to generate the first trajectory!!!
[WARN] [1787834786.190316362] [drone_0_ego_planner_node]: P5 final gate blocked trajectory: action=REQUEST_REPLAN reason=current_low_margin planning_generation_id=52 final_gate_generation_id=52
[ERROR] [1787834786.190343374] [drone_0_ego_planner_node]: Failed to generate the first trajectory!!!
[WARN] [1787834786.204885164] [drone_0_ego_planner_node]: P5 final gate blocked trajectory: action=REQUEST_REPLAN reason=current_low_margin planning_generation_id=52 final_gate_generation_id=52
[ERROR] [1787834786.204908331] [drone_0_ego_planner_node]: Failed to generate the first trajectory!!!
[WARN] [1787834786.220962519] [drone_0_ego_planner_node]: P5 final gate blocked trajectory: action=REQUEST_REPLAN reason=current_low_margin planning_generation_id=52 final_gate_generation_id=52
[ERROR] [1787834786.220992439] [drone_0_ego_planner_node]: Failed to generate the first trajectory!!!
[WARN] [1787834786.237044334] [drone_0_ego_planner_node]: P5 final gate blocked trajectory: action=REQUEST_REPLAN reason=current_low_margin planning_generation_id=52 final_gate_generation_id=52
[ERROR] [1787834786.237080064] [drone_0_ego_planner_node]: Failed to generate the first trajectory!!!
[WARN] [1787834786.253144959] [drone_0_ego_planner_node]: P5 final gate blocked trajectory: action=REQUEST_REPLAN reason=current_low_margin planning_generation_id=52 final_gate_generation_id=52
[ERROR] [1787834786.253172811] [drone_0_ego_planner_node]: Failed to generate the first trajectory!!!
[WARN] [1787834786.269258643] [drone_0_ego_planner_node]: P5 final gate blocked trajectory: action=REQUEST_REPLAN reason=current_low_margin planning_generation_id=52 final_gate_generation_id=52
[ERROR] [1787834786.269289835] [drone_0_ego_planner_node]: Failed to generate the first trajectory!!!
[WARN] [1787834786.285313389] [drone_0_ego_planner_node]: P5 final gate blocked trajectory: action=REQUEST_REPLAN reason=current_low_margin planning_generation_id=52 final_gate_generation_id=52
[ERROR] [1787834786.285341513] [drone_0_ego_planner_node]: Failed to generate the first trajectory!!!
[WARN] [1787834786.299924048] [drone_0_ego_planner_node]: P5 final gate blocked trajectory: action=REQUEST_REPLAN reason=current_low_margin planning_generation_id=52 final_gate_generation_id=52
[ERROR] [1787834786.299947110] [drone_0_ego_planner_node]: Failed to generate the first trajectory!!!
[WARN] [1787834786.316037543] [drone_0_ego_planner_node]: P5 final gate blocked trajectory: action=REQUEST_REPLAN reason=current_low_margin planning_generation_id=52 final_gate_generation_id=52
[ERROR] [1787834786.316068635] [drone_0_ego_planner_node]: Failed to generate the first trajectory!!!
[WARN] [1787834786.332059261] [drone_0_ego_planner_node]: P5 final gate blocked trajectory: action=REQUEST_REPLAN reason=current_low_margin planning_generation_id=52 final_gate_generation_id=52
[ERROR] [1787834786.332093029] [drone_0_ego_planner_node]: Failed to generate the first trajectory!!!
[WARN] [1787834786.348214212] [drone_0_ego_planner_node]: P5 final gate blocked trajectory: action=REQUEST_REPLAN reason=current_low_margin planning_generation_id=52 final_gate_generation_id=52
[ERROR] [1787834786.348242483] [drone_0_ego_planner_node]: Failed to generate the first trajectory!!!
[INFO] [1787834786.359624642] [drone_0_ego_planner_node]: [p0] risk grid ready=1 stale=0 age=0.000 valid=0.999 unknown=0.001 gen=52 provider_queries=127840 occupied_skip=160 provider_stale=0 provider_invalid=0 gnss_used=127840 lidar_used=93240 prior_used=127840 stale_current_prior=0 regularized=127840 conservative_max=0 lidar_points=28922 lidar_fim_primitives=481 lidar_fim_valid_normals=481 lidar_fim_fallback= dominant_unknown=occupied_skip:160 refresh_stamp=1657065636.180509 grid_stamp=1657065636.180509 elapsed_ms=275.614 queries=128000 reason=ok
[WARN] [1787834786.362983776] [drone_0_ego_planner_node]: P5 final gate blocked trajectory: action=REQUEST_REPLAN reason=current_low_margin planning_generation_id=52 final_gate_generation_id=52
[ERROR] [1787834786.363004096] [drone_0_ego_planner_node]: Failed to generate the first trajectory!!!
[WARN] [1787834786.377618373] [drone_0_ego_planner_node]: P5 final gate blocked trajectory: action=REQUEST_REPLAN reason=current_low_margin planning_generation_id=52 final_gate_generation_id=52
[ERROR] [1787834786.377641953] [drone_0_ego_planner_node]: Failed to generate the first trajectory!!!
[WARN] [1787834786.394163492] [drone_0_ego_planner_node]: P5 final gate blocked trajectory: action=REQUEST_REPLAN reason=current_low_margin planning_generation_id=52 final_gate_generation_id=52
[ERROR] [1787834786.394194267] [drone_0_ego_planner_node]: Failed to generate the first trajectory!!!
[WARN] [1787834786.408757284] [drone_0_ego_planner_node]: P5 final gate blocked trajectory: action=REQUEST_REPLAN reason=current_low_margin planning_generation_id=52 final_gate_generation_id=52
[ERROR] [1787834786.408780590] [drone_0_ego_planner_node]: Failed to generate the first trajectory!!!
[WARN] [1787834786.424968107] [drone_0_ego_planner_node]: P5 final gate blocked trajectory: action=REQUEST_REPLAN reason=current_low_margin planning_generation_id=52 final_gate_generation_id=52
[ERROR] [1787834786.424995526] [drone_0_ego_planner_node]: Failed to generate the first trajectory!!!
[WARN] [1787834786.441095560] [drone_0_ego_planner_node]: P5 final gate blocked trajectory: action=REQUEST_REPLAN reason=current_low_margin planning_generation_id=52 final_gate_generation_id=52
[ERROR] [1787834786.441123948] [drone_0_ego_planner_node]: Failed to generate the first trajectory!!!
[WARN] [1787834786.457132810] [drone_0_ego_planner_node]: P5 final gate blocked trajectory: action=REQUEST_REPLAN reason=current_low_margin planning_generation_id=52 final_gate_generation_id=52
[ERROR] [1787834786.457159926] [drone_0_ego_planner_node]: Failed to generate the first trajectory!!!
[WARN] [1787834786.473392256] [drone_0_ego_planner_node]: P5 final gate blocked trajectory: action=REQUEST_REPLAN reason=current_low_margin planning_generation_id=52 final_gate_generation_id=52
[ERROR] [1787834786.473420917] [drone_0_ego_planner_node]: Failed to generate the first trajectory!!!
[WARN] [1787834786.489455014] [drone_0_ego_planner_node]: P5 final gate blocked trajectory: action=REQUEST_REPLAN reason=current_low_margin planning_generation_id=52 final_gate_generation_id=52
[ERROR] [1787834786.489481615] [drone_0_ego_planner_node]: Failed to generate the first trajectory!!!
[WARN] [1787834786.503973756] [drone_0_ego_planner_node]: P5 final gate blocked trajectory: action=REQUEST_REPLAN reason=current_low_margin planning_generation_id=52 final_gate_generation_id=52
[ERROR] [1787834786.503995686] [drone_0_ego_planner_node]: Failed to generate the first trajectory!!!
[WARN] [1787834786.520046365] [drone_0_ego_planner_node]: P5 final gate blocked trajectory: action=REQUEST_REPLAN reason=current_low_margin planning_generation_id=52 final_gate_generation_id=52
[ERROR] [1787834786.520084969] [drone_0_ego_planner_node]: Failed to generate the first trajectory!!!
[WARN] [1787834786.536330334] [drone_0_ego_planner_node]: P5 final gate blocked trajectory: action=REQUEST_REPLAN reason=current_low_margin planning_generation_id=52 final_gate_generation_id=52
[ERROR] [1787834786.536357968] [drone_0_ego_planner_node]: Failed to generate the first trajectory!!!
[WARN] [1787834786.552488065] [drone_0_ego_planner_node]: P5 final gate blocked trajectory: action=REQUEST_REPLAN reason=current_low_margin planning_generation_id=52 final_gate_generation_id=52
[ERROR] [1787834786.552517897] [drone_0_ego_planner_node]: Failed to generate the first trajectory!!!
[WARN] [1787834786.568708080] [drone_0_ego_planner_node]: P5 final gate blocked trajectory: action=REQUEST_REPLAN reason=current_low_margin planning_generation_id=52 final_gate_generation_id=52
[ERROR] [1787834786.568739016] [drone_0_ego_planner_node]: Failed to generate the first trajectory!!!
[WARN] [1787834786.584847596] [drone_0_ego_planner_node]: P5 final gate blocked trajectory: action=REQUEST_REPLAN reason=current_low_margin planning_generation_id=52 final_gate_generation_id=52
[ERROR] [1787834786.584877120] [drone_0_ego_planner_node]: Failed to generate the first trajectory!!!
[WARN] [1787834786.600944032] [drone_0_ego_planner_node]: P5 final gate blocked trajectory: action=REQUEST_REPLAN reason=current_low_margin planning_generation_id=52 final_gate_generation_id=52
[ERROR] [1787834786.600971211] [drone_0_ego_planner_node]: Failed to generate the first trajectory!!!
[WARN] [1787834786.615543072] [drone_0_ego_planner_node]: P5 final gate blocked trajectory: action=REQUEST_REPLAN reason=current_low_margin planning_generation_id=52 final_gate_generation_id=52
[ERROR] [1787834786.615567101] [drone_0_ego_planner_node]: Failed to generate the first trajectory!!!
[WARN] [1787834786.631641588] [drone_0_ego_planner_node]: P5 final gate using latest risk snapshot: planning_generation_id=52 final_gate_generation_id=53
[WARN] [1787834786.631793761] [drone_0_ego_planner_node]: P5 final gate blocked trajectory: action=REQUEST_REPLAN reason=current_low_margin planning_generation_id=52 final_gate_generation_id=53
[ERROR] [1787834786.631804399] [drone_0_ego_planner_node]: Failed to generate the first trajectory!!!
[WARN] [1787834786.649038214] [drone_0_ego_planner_node]: P5 final gate blocked trajectory: action=REQUEST_REPLAN reason=current_low_margin planning_generation_id=53 final_gate_generation_id=53
[ERROR] [1787834786.649074553] [drone_0_ego_planner_node]: Failed to generate the first trajectory!!!
[WARN] [1787834786.664952713] [drone_0_ego_planner_node]: P5 final gate blocked trajectory: action=REQUEST_REPLAN reason=current_low_margin planning_generation_id=53 final_gate_generation_id=53
[ERROR] [1787834786.664978203] [drone_0_ego_planner_node]: Failed to generate the first trajectory!!!
[WARN] [1787834786.680953295] [drone_0_ego_planner_node]: P5 final gate blocked trajectory: action=REQUEST_REPLAN reason=current_low_margin planning_generation_id=53 final_gate_generation_id=53
[ERROR] [1787834786.680982571] [drone_0_ego_planner_node]: Failed to generate the first trajectory!!!
[WARN] [1787834786.696898784] [drone_0_ego_planner_node]: P5 final gate blocked trajectory: action=REQUEST_REPLAN reason=current_low_margin planning_generation_id=53 final_gate_generation_id=53
[ERROR] [1787834786.696926772] [drone_0_ego_planner_node]: Failed to generate the first trajectory!!!
[WARN] [1787834786.712921569] [drone_0_ego_planner_node]: P5 final gate blocked trajectory: action=REQUEST_REPLAN reason=current_low_margin planning_generation_id=53 final_gate_generation_id=53
[ERROR] [1787834786.712949545] [drone_0_ego_planner_node]: Failed to generate the first trajectory!!!
[WARN] [1787834786.728975023] [drone_0_ego_planner_node]: P5 final gate blocked trajectory: action=REQUEST_REPLAN reason=current_low_margin planning_generation_id=53 final_gate_generation_id=53
[ERROR] [1787834786.729005574] [drone_0_ego_planner_node]: Failed to generate the first trajectory!!!
[WARN] [1787834786.744953285] [drone_0_ego_planner_node]: P5 final gate blocked trajectory: action=REQUEST_REPLAN reason=current_low_margin planning_generation_id=53 final_gate_generation_id=53
[ERROR] [1787834786.744980664] [drone_0_ego_planner_node]: Failed to generate the first trajectory!!!
[WARN] [1787834786.760936701] [drone_0_ego_planner_node]: P5 final gate blocked trajectory: action=REQUEST_REPLAN reason=current_low_margin planning_generation_id=53 final_gate_generation_id=53
[ERROR] [1787834786.760964673] [drone_0_ego_planner_node]: Failed to generate the first trajectory!!!
[WARN] [1787834786.776972953] [drone_0_ego_planner_node]: P5 final gate blocked trajectory: action=REQUEST_REPLAN reason=current_low_margin planning_generation_id=53 final_gate_generation_id=53
[ERROR] [1787834786.777002378] [drone_0_ego_planner_node]: Failed to generate the first trajectory!!!
[WARN] [1787834786.792920173] [drone_0_ego_planner_node]: P5 final gate blocked trajectory: action=REQUEST_REPLAN reason=current_low_margin planning_generation_id=53 final_gate_generation_id=53
[ERROR] [1787834786.792947548] [drone_0_ego_planner_node]: Failed to generate the first trajectory!!!
[WARN] [1787834786.808922055] [drone_0_ego_planner_node]: P5 final gate blocked trajectory: action=REQUEST_REPLAN reason=current_low_margin planning_generation_id=53 final_gate_generation_id=53
[ERROR] [1787834786.808950127] [drone_0_ego_planner_node]: Failed to generate the first trajectory!!!
[WARN] [1787834786.823371381] [drone_0_ego_planner_node]: P5 final gate blocked trajectory: action=REQUEST_REPLAN reason=current_low_margin planning_generation_id=53 final_gate_generation_id=53
[ERROR] [1787834786.823392987] [drone_0_ego_planner_node]: Failed to generate the first trajectory!!!
[WARN] [1787834786.839415436] [drone_0_ego_planner_node]: P5 final gate blocked trajectory: action=REQUEST_REPLAN reason=current_low_margin planning_generation_id=53 final_gate_generation_id=53
[ERROR] [1787834786.839444090] [drone_0_ego_planner_node]: Failed to generate the first trajectory!!!
[WARN] [1787834786.855393892] [drone_0_ego_planner_node]: P5 final gate blocked trajectory: action=REQUEST_REPLAN reason=current_low_margin planning_generation_id=53 final_gate_generation_id=53
[ERROR] [1787834786.855419292] [drone_0_ego_planner_node]: Failed to generate the first trajectory!!!
[WARN] [1787834786.871597853] [drone_0_ego_planner_node]: P5 final gate blocked trajectory: action=REQUEST_REPLAN reason=current_low_margin planning_generation_id=53 final_gate_generation_id=53
[ERROR] [1787834786.871628186] [drone_0_ego_planner_node]: Failed to generate the first trajectory!!!
[WARN] [1787834786.887687236] [drone_0_ego_planner_node]: P5 final gate blocked trajectory: action=REQUEST_REPLAN reason=current_low_margin planning_generation_id=53 final_gate_generation_id=53
[ERROR] [1787834786.887717215] [drone_0_ego_planner_node]: Failed to generate the first trajectory!!!
[WARN] [1787834786.902370828] [drone_0_ego_planner_node]: P5 final gate blocked trajectory: action=REQUEST_REPLAN reason=current_low_margin planning_generation_id=53 final_gate_generation_id=53
[ERROR] [1787834786.902394402] [drone_0_ego_planner_node]: Failed to generate the first trajectory!!!
[WARN] [1787834786.918412862] [drone_0_ego_planner_node]: P5 final gate blocked trajectory: action=REQUEST_REPLAN reason=current_low_margin planning_generation_id=53 final_gate_generation_id=53
[ERROR] [1787834786.918441936] [drone_0_ego_planner_node]: Failed to generate the first trajectory!!!
[WARN] [1787834786.934441188] [drone_0_ego_planner_node]: P5 final gate blocked trajectory: action=REQUEST_REPLAN reason=current_low_margin planning_generation_id=53 final_gate_generation_id=53
[ERROR] [1787834786.934470570] [drone_0_ego_planner_node]: Failed to generate the first trajectory!!!
[WARN] [1787834786.950432613] [drone_0_ego_planner_node]: P5 final gate blocked trajectory: action=REQUEST_REPLAN reason=current_low_margin planning_generation_id=53 final_gate_generation_id=53
[ERROR] [1787834786.950460443] [drone_0_ego_planner_node]: Failed to generate the first trajectory!!!
[WARN] [1787834786.965039257] [drone_0_ego_planner_node]: P5 final gate blocked trajectory: action=REQUEST_REPLAN reason=current_low_margin planning_generation_id=53 final_gate_generation_id=53
[ERROR] [1787834786.965063692] [drone_0_ego_planner_node]: Failed to generate the first trajectory!!!
[WARN] [1787834786.981023189] [drone_0_ego_planner_node]: P5 final gate blocked trajectory: action=REQUEST_REPLAN reason=current_low_margin planning_generation_id=53 final_gate_generation_id=53
[ERROR] [1787834786.981052016] [drone_0_ego_planner_node]: Failed to generate the first trajectory!!!
[WARN] [1787834786.995618673] [drone_0_ego_planner_node]: P5 final gate blocked trajectory: action=REQUEST_REPLAN reason=current_low_margin planning_generation_id=53 final_gate_generation_id=53
[ERROR] [1787834786.995642248] [drone_0_ego_planner_node]: Failed to generate the first trajectory!!!
[WARN] [1787834787.010222824] [drone_0_ego_planner_node]: P5 final gate blocked trajectory: action=REQUEST_REPLAN reason=current_low_margin planning_generation_id=53 final_gate_generation_id=53
[ERROR] [1787834787.010246423] [drone_0_ego_planner_node]: Failed to generate the first trajectory!!!
[WARN] [1787834787.026198775] [drone_0_ego_planner_node]: P5 final gate blocked trajectory: action=REQUEST_REPLAN reason=current_low_margin planning_generation_id=53 final_gate_generation_id=53
[ERROR] [1787834787.026225908] [drone_0_ego_planner_node]: Failed to generate the first trajectory!!!
[WARN] [1787834787.040813624] [drone_0_ego_planner_node]: P5 final gate blocked trajectory: action=REQUEST_REPLAN reason=current_low_margin planning_generation_id=53 final_gate_generation_id=53
[ERROR] [1787834787.040839240] [drone_0_ego_planner_node]: Failed to generate the first trajectory!!!
[WARN] [1787834787.055334097] [drone_0_ego_planner_node]: P5 final gate blocked trajectory: action=REQUEST_REPLAN reason=current_low_margin planning_generation_id=53 final_gate_generation_id=53
[ERROR] [1787834787.055356426] [drone_0_ego_planner_node]: Failed to generate the first trajectory!!!
[WARN] [1787834787.069987933] [drone_0_ego_planner_node]: P5 final gate blocked trajectory: action=REQUEST_REPLAN reason=current_low_margin planning_generation_id=53 final_gate_generation_id=53
[ERROR] [1787834787.070014589] [drone_0_ego_planner_node]: Failed to generate the first trajectory!!!
[WARN] [1787834787.085941971] [drone_0_ego_planner_node]: P5 final gate blocked trajectory: action=REQUEST_REPLAN reason=current_low_margin planning_generation_id=53 final_gate_generation_id=53
[ERROR] [1787834787.085971340] [drone_0_ego_planner_node]: Failed to generate the first trajectory!!!
[WARN] [1787834787.102184492] [drone_0_ego_planner_node]: P5 final gate blocked trajectory: action=REQUEST_REPLAN reason=current_low_margin planning_generation_id=53 final_gate_generation_id=53
[ERROR] [1787834787.102214231] [drone_0_ego_planner_node]: Failed to generate the first trajectory!!!
[WARN] [1787834787.118230272] [drone_0_ego_planner_node]: P5 final gate blocked trajectory: action=REQUEST_REPLAN reason=current_low_margin planning_generation_id=53 final_gate_generation_id=53
[ERROR] [1787834787.118261217] [drone_0_ego_planner_node]: Failed to generate the first trajectory!!!
[WARN] [1787834787.136019514] [drone_0_ego_planner_node]: P5 final gate blocked trajectory: action=REQUEST_REPLAN reason=current_low_margin planning_generation_id=54 final_gate_generation_id=54
[ERROR] [1787834787.136046754] [drone_0_ego_planner_node]: Failed to generate the first trajectory!!!
[WARN] [1787834787.150496451] [drone_0_ego_planner_node]: P5 final gate blocked trajectory: action=REQUEST_REPLAN reason=current_low_margin planning_generation_id=54 final_gate_generation_id=54
[ERROR] [1787834787.150514437] [drone_0_ego_planner_node]: Failed to generate the first trajectory!!!
[WARN] [1787834787.165073544] [drone_0_ego_planner_node]: P5 final gate blocked trajectory: action=REQUEST_REPLAN reason=current_low_margin planning_generation_id=54 final_gate_generation_id=54
[ERROR] [1787834787.165096895] [drone_0_ego_planner_node]: Failed to generate the first trajectory!!!
[WARN] [1787834787.181150413] [drone_0_ego_planner_node]: P5 final gate blocked trajectory: action=REQUEST_REPLAN reason=current_low_margin planning_generation_id=54 final_gate_generation_id=54
[ERROR] [1787834787.181178675] [drone_0_ego_planner_node]: Failed to generate the first trajectory!!!
[WARN] [1787834787.197196050] [drone_0_ego_planner_node]: P5 final gate blocked trajectory: action=REQUEST_REPLAN reason=current_low_margin planning_generation_id=54 final_gate_generation_id=54
[ERROR] [1787834787.197226506] [drone_0_ego_planner_node]: Failed to generate the first trajectory!!!
[WARN] [1787834787.211784537] [drone_0_ego_planner_node]: P5 final gate blocked trajectory: action=REQUEST_REPLAN reason=current_low_margin planning_generation_id=54 final_gate_generation_id=54
[ERROR] [1787834787.211808679] [drone_0_ego_planner_node]: Failed to generate the first trajectory!!!
[WARN] [1787834787.227883742] [drone_0_ego_planner_node]: P5 final gate blocked trajectory: action=REQUEST_REPLAN reason=current_low_margin planning_generation_id=54 final_gate_generation_id=54
[ERROR] [1787834787.227913721] [drone_0_ego_planner_node]: Failed to generate the first trajectory!!!
[WARN] [1787834787.242451599] [drone_0_ego_planner_node]: P5 final gate blocked trajectory: action=REQUEST_REPLAN reason=current_low_margin planning_generation_id=54 final_gate_generation_id=54
[ERROR] [1787834787.242474548] [drone_0_ego_planner_node]: Failed to generate the first trajectory!!!
[WARN] [1787834787.257009824] [drone_0_ego_planner_node]: P5 final gate blocked trajectory: action=REQUEST_REPLAN reason=current_low_margin planning_generation_id=54 final_gate_generation_id=54
[ERROR] [1787834787.257032874] [drone_0_ego_planner_node]: Failed to generate the first trajectory!!!
[WARN] [1787834787.273081862] [drone_0_ego_planner_node]: P5 final gate blocked trajectory: action=REQUEST_REPLAN reason=current_low_margin planning_generation_id=54 final_gate_generation_id=54
[ERROR] [1787834787.273110255] [drone_0_ego_planner_node]: Failed to generate the first trajectory!!!
[WARN] [1787834787.287705242] [drone_0_ego_planner_node]: P5 final gate blocked trajectory: action=REQUEST_REPLAN reason=current_low_margin planning_generation_id=54 final_gate_generation_id=54
[ERROR] [1787834787.287730390] [drone_0_ego_planner_node]: Failed to generate the first trajectory!!!
[WARN] [1787834787.302195518] [drone_0_ego_planner_node]: P5 final gate blocked trajectory: action=REQUEST_REPLAN reason=current_low_margin planning_generation_id=54 final_gate_generation_id=54
[ERROR] [1787834787.302215749] [drone_0_ego_planner_node]: Failed to generate the first trajectory!!!
[WARN] [1787834787.318214210] [drone_0_ego_planner_node]: P5 final gate blocked trajectory: action=REQUEST_REPLAN reason=current_low_margin planning_generation_id=54 final_gate_generation_id=54
[ERROR] [1787834787.318241157] [drone_0_ego_planner_node]: Failed to generate the first trajectory!!!
[WARN] [1787834787.332794562] [drone_0_ego_planner_node]: P5 final gate blocked trajectory: action=REQUEST_REPLAN reason=current_low_margin planning_generation_id=54 final_gate_generation_id=54
[ERROR] [1787834787.332817765] [drone_0_ego_planner_node]: Failed to generate the first trajectory!!!
[WARN] [1787834787.348754635] [drone_0_ego_planner_node]: P5 final gate blocked trajectory: action=REQUEST_REPLAN reason=current_low_margin planning_generation_id=54 final_gate_generation_id=54
[ERROR] [1787834787.348781435] [drone_0_ego_planner_node]: Failed to generate the first trajectory!!!
[WARN] [1787834787.364734990] [drone_0_ego_planner_node]: P5 final gate blocked trajectory: action=REQUEST_REPLAN reason=current_low_margin planning_generation_id=54 final_gate_generation_id=54
[ERROR] [1787834787.364764719] [drone_0_ego_planner_node]: Failed to generate the first trajectory!!!
[WARN] [1787834787.383937636] [drone_0_ego_planner_node]: P5 final gate blocked trajectory: action=REQUEST_REPLAN reason=current_low_margin planning_generation_id=54 final_gate_generation_id=54
[ERROR] [1787834787.383966957] [drone_0_ego_planner_node]: Failed to generate the first trajectory!!!
[WARN] [1787834787.398544774] [drone_0_ego_planner_node]: P5 final gate blocked trajectory: action=REQUEST_REPLAN reason=current_low_margin planning_generation_id=54 final_gate_generation_id=54
[ERROR] [1787834787.398567863] [drone_0_ego_planner_node]: Failed to generate the first trajectory!!!
[WARN] [1787834787.413213558] [drone_0_ego_planner_node]: P5 final gate blocked trajectory: action=REQUEST_REPLAN reason=current_low_margin planning_generation_id=54 final_gate_generation_id=54
[ERROR] [1787834787.413236137] [drone_0_ego_planner_node]: Failed to generate the first trajectory!!!
[WARN] [1787834787.429312097] [drone_0_ego_planner_node]: P5 final gate blocked trajectory: action=REQUEST_REPLAN reason=current_low_margin planning_generation_id=54 final_gate_generation_id=54
[ERROR] [1787834787.429343121] [drone_0_ego_planner_node]: Failed to generate the first trajectory!!!
[WARN] [1787834787.445387929] [drone_0_ego_planner_node]: P5 final gate blocked trajectory: action=REQUEST_REPLAN reason=current_low_margin planning_generation_id=54 final_gate_generation_id=54
[ERROR] [1787834787.445417381] [drone_0_ego_planner_node]: Failed to generate the first trajectory!!!
[WARN] [1787834787.463136590] [drone_0_ego_planner_node]: P5 final gate blocked trajectory: action=REQUEST_REPLAN reason=current_low_margin planning_generation_id=54 final_gate_generation_id=54
[ERROR] [1787834787.463164699] [drone_0_ego_planner_node]: Failed to generate the first trajectory!!!
[WARN] [1787834787.477762418] [drone_0_ego_planner_node]: P5 final gate blocked trajectory: action=REQUEST_REPLAN reason=current_low_margin planning_generation_id=54 final_gate_generation_id=54
[ERROR] [1787834787.477786074] [drone_0_ego_planner_node]: Failed to generate the first trajectory!!!
[WARN] [1787834787.493944745] [drone_0_ego_planner_node]: P5 final gate blocked trajectory: action=REQUEST_REPLAN reason=current_low_margin planning_generation_id=54 final_gate_generation_id=54
[ERROR] [1787834787.493973073] [drone_0_ego_planner_node]: Failed to generate the first trajectory!!!
[WARN] [1787834787.510151849] [drone_0_ego_planner_node]: P5 final gate blocked trajectory: action=REQUEST_REPLAN reason=current_low_margin planning_generation_id=54 final_gate_generation_id=54
[ERROR] [1787834787.510179556] [drone_0_ego_planner_node]: Failed to generate the first trajectory!!!
[WARN] [1787834787.526259221] [drone_0_ego_planner_node]: P5 final gate blocked trajectory: action=REQUEST_REPLAN reason=current_low_margin planning_generation_id=54 final_gate_generation_id=54
[ERROR] [1787834787.526289045] [drone_0_ego_planner_node]: Failed to generate the first trajectory!!!
[WARN] [1787834787.542390980] [drone_0_ego_planner_node]: P5 final gate blocked trajectory: action=REQUEST_REPLAN reason=current_low_margin planning_generation_id=54 final_gate_generation_id=54
[ERROR] [1787834787.542420755] [drone_0_ego_planner_node]: Failed to generate the first trajectory!!!
[WARN] [1787834787.558466660] [drone_0_ego_planner_node]: P5 final gate blocked trajectory: action=REQUEST_REPLAN reason=current_low_margin planning_generation_id=54 final_gate_generation_id=54
[ERROR] [1787834787.558496004] [drone_0_ego_planner_node]: Failed to generate the first trajectory!!!
[WARN] [1787834787.574572388] [drone_0_ego_planner_node]: P5 final gate blocked trajectory: action=REQUEST_REPLAN reason=current_low_margin planning_generation_id=54 final_gate_generation_id=54
[ERROR] [1787834787.574602649] [drone_0_ego_planner_node]: Failed to generate the first trajectory!!!
[WARN] [1787834787.590724957] [drone_0_ego_planner_node]: P5 final gate blocked trajectory: action=REQUEST_REPLAN reason=current_low_margin planning_generation_id=54 final_gate_generation_id=54
[ERROR] [1787834787.590755371] [drone_0_ego_planner_node]: Failed to generate the first trajectory!!!
[WARN] [1787834787.606797992] [drone_0_ego_planner_node]: P5 final gate blocked trajectory: action=REQUEST_REPLAN reason=current_low_margin planning_generation_id=54 final_gate_generation_id=54
[ERROR] [1787834787.606826367] [drone_0_ego_planner_node]: Failed to generate the first trajectory!!!
[WARN] [1787834787.623050967] [drone_0_ego_planner_node]: P5 final gate blocked trajectory: action=REQUEST_REPLAN reason=current_low_margin planning_generation_id=54 final_gate_generation_id=54
[ERROR] [1787834787.623090731] [drone_0_ego_planner_node]: Failed to generate the first trajectory!!!
[WARN] [1787834787.639333296] [drone_0_ego_planner_node]: P5 final gate blocked trajectory: action=REQUEST_REPLAN reason=current_low_margin planning_generation_id=55 final_gate_generation_id=55
[ERROR] [1787834787.639361879] [drone_0_ego_planner_node]: Failed to generate the first trajectory!!!
[WARN] [1787834787.655510982] [drone_0_ego_planner_node]: P5 final gate blocked trajectory: action=REQUEST_REPLAN reason=current_low_margin planning_generation_id=55 final_gate_generation_id=55
[ERROR] [1787834787.655540162] [drone_0_ego_planner_node]: Failed to generate the first trajectory!!!
[WARN] [1787834787.671804684] [drone_0_ego_planner_node]: P5 final gate blocked trajectory: action=REQUEST_REPLAN reason=current_low_margin planning_generation_id=55 final_gate_generation_id=55
[ERROR] [1787834787.671835650] [drone_0_ego_planner_node]: Failed to generate the first trajectory!!!
[WARN] [1787834787.686429611] [drone_0_ego_planner_node]: P5 final gate blocked trajectory: action=REQUEST_REPLAN reason=current_low_margin planning_generation_id=55 final_gate_generation_id=55
[ERROR] [1787834787.686454678] [drone_0_ego_planner_node]: Failed to generate the first trajectory!!!
[WARN] [1787834787.702574241] [drone_0_ego_planner_node]: P5 final gate blocked trajectory: action=REQUEST_REPLAN reason=current_low_margin planning_generation_id=55 final_gate_generation_id=55
[ERROR] [1787834787.702603438] [drone_0_ego_planner_node]: Failed to generate the first trajectory!!!
[WARN] [1787834787.717218700] [drone_0_ego_planner_node]: P5 final gate blocked trajectory: action=REQUEST_REPLAN reason=current_low_margin planning_generation_id=55 final_gate_generation_id=55
[ERROR] [1787834787.717241346] [drone_0_ego_planner_node]: Failed to generate the first trajectory!!!
[WARN] [1787834787.731851656] [drone_0_ego_planner_node]: P5 final gate blocked trajectory: action=REQUEST_REPLAN reason=current_low_margin planning_generation_id=55 final_gate_generation_id=55
[ERROR] [1787834787.731876038] [drone_0_ego_planner_node]: Failed to generate the first trajectory!!!
[WARN] [1787834787.746464873] [drone_0_ego_planner_node]: P5 final gate blocked trajectory: action=REQUEST_REPLAN reason=current_low_margin planning_generation_id=55 final_gate_generation_id=55
[ERROR] [1787834787.746490019] [drone_0_ego_planner_node]: Failed to generate the first trajectory!!!
[WARN] [1787834787.762618156] [drone_0_ego_planner_node]: P5 final gate blocked trajectory: action=REQUEST_REPLAN reason=current_low_margin planning_generation_id=55 final_gate_generation_id=55
[ERROR] [1787834787.762647335] [drone_0_ego_planner_node]: Failed to generate the first trajectory!!!
[WARN] [1787834787.777295568] [drone_0_ego_planner_node]: P5 final gate blocked trajectory: action=REQUEST_REPLAN reason=current_low_margin planning_generation_id=55 final_gate_generation_id=55
[ERROR] [1787834787.777321106] [drone_0_ego_planner_node]: Failed to generate the first trajectory!!!
[WARN] [1787834787.792042137] [drone_0_ego_planner_node]: P5 final gate blocked trajectory: action=REQUEST_REPLAN reason=current_low_margin planning_generation_id=55 final_gate_generation_id=55
[ERROR] [1787834787.792069246] [drone_0_ego_planner_node]: Failed to generate the first trajectory!!!
[WARN] [1787834787.808188081] [drone_0_ego_planner_node]: P5 final gate blocked trajectory: action=REQUEST_REPLAN reason=current_low_margin planning_generation_id=55 final_gate_generation_id=55
[ERROR] [1787834787.808217998] [drone_0_ego_planner_node]: Failed to generate the first trajectory!!!
[WARN] [1787834787.822811885] [drone_0_ego_planner_node]: P5 final gate blocked trajectory: action=REQUEST_REPLAN reason=current_low_margin planning_generation_id=55 final_gate_generation_id=55
[ERROR] [1787834787.822837563] [drone_0_ego_planner_node]: Failed to generate the first trajectory!!!
[WARN] [1787834787.837427123] [drone_0_ego_planner_node]: P5 final gate blocked trajectory: action=REQUEST_REPLAN reason=current_low_margin planning_generation_id=55 final_gate_generation_id=55
[ERROR] [1787834787.837450839] [drone_0_ego_planner_node]: Failed to generate the first trajectory!!!
[WARN] [1787834787.852075779] [drone_0_ego_planner_node]: P5 final gate blocked trajectory: action=REQUEST_REPLAN reason=current_low_margin planning_generation_id=55 final_gate_generation_id=55
[ERROR] [1787834787.852099677] [drone_0_ego_planner_node]: Failed to generate the first trajectory!!!
[WARN] [1787834787.866768796] [drone_0_ego_planner_node]: P5 final gate blocked trajectory: action=REQUEST_REPLAN reason=current_low_margin planning_generation_id=55 final_gate_generation_id=55
[ERROR] [1787834787.866799904] [drone_0_ego_planner_node]: Failed to generate the first trajectory!!!
[WARN] [1787834787.883217057] [drone_0_ego_planner_node]: P5 final gate blocked trajectory: action=REQUEST_REPLAN reason=current_low_margin planning_generation_id=55 final_gate_generation_id=55
[ERROR] [1787834787.883251063] [drone_0_ego_planner_node]: Failed to generate the first trajectory!!!
[WARN] [1787834787.899388894] [drone_0_ego_planner_node]: P5 final gate blocked trajectory: action=REQUEST_REPLAN reason=current_low_margin planning_generation_id=55 final_gate_generation_id=55
[ERROR] [1787834787.899419956] [drone_0_ego_planner_node]: Failed to generate the first trajectory!!!
[WARN] [1787834787.914086187] [drone_0_ego_planner_node]: P5 final gate blocked trajectory: action=REQUEST_REPLAN reason=current_low_margin planning_generation_id=55 final_gate_generation_id=55
[ERROR] [1787834787.914109585] [drone_0_ego_planner_node]: Failed to generate the first trajectory!!!
[WARN] [1787834787.928728297] [drone_0_ego_planner_node]: P5 final gate blocked trajectory: action=REQUEST_REPLAN reason=current_low_margin planning_generation_id=55 final_gate_generation_id=55
[ERROR] [1787834787.928752076] [drone_0_ego_planner_node]: Failed to generate the first trajectory!!!
[WARN] [1787834787.944900267] [drone_0_ego_planner_node]: P5 final gate blocked trajectory: action=REQUEST_REPLAN reason=current_low_margin planning_generation_id=55 final_gate_generation_id=55
[ERROR] [1787834787.944931893] [drone_0_ego_planner_node]: Failed to generate the first trajectory!!!
[WARN] [1787834787.961027552] [drone_0_ego_planner_node]: P5 final gate blocked trajectory: action=REQUEST_REPLAN reason=current_low_margin planning_generation_id=55 final_gate_generation_id=55
[ERROR] [1787834787.961056827] [drone_0_ego_planner_node]: Failed to generate the first trajectory!!!
[WARN] [1787834787.977460714] [drone_0_ego_planner_node]: P5 final gate blocked trajectory: action=REQUEST_REPLAN reason=current_low_margin planning_generation_id=55 final_gate_generation_id=55
[ERROR] [1787834787.977491491] [drone_0_ego_planner_node]: Failed to generate the first trajectory!!!
[WARN] [1787834787.993739822] [drone_0_ego_planner_node]: P5 final gate blocked trajectory: action=REQUEST_REPLAN reason=current_low_margin planning_generation_id=55 final_gate_generation_id=55
[ERROR] [1787834787.993770721] [drone_0_ego_planner_node]: Failed to generate the first trajectory!!!
[WARN] [1787834788.010081292] [drone_0_ego_planner_node]: P5 final gate blocked trajectory: action=REQUEST_REPLAN reason=current_low_margin planning_generation_id=55 final_gate_generation_id=55
[ERROR] [1787834788.010111764] [drone_0_ego_planner_node]: Failed to generate the first trajectory!!!
[WARN] [1787834788.026322598] [drone_0_ego_planner_node]: P5 final gate blocked trajectory: action=REQUEST_REPLAN reason=current_low_margin planning_generation_id=55 final_gate_generation_id=55
[ERROR] [1787834788.026353050] [drone_0_ego_planner_node]: Failed to generate the first trajectory!!!
[WARN] [1787834788.041000323] [drone_0_ego_planner_node]: P5 final gate blocked trajectory: action=REQUEST_REPLAN reason=current_low_margin planning_generation_id=55 final_gate_generation_id=55
[ERROR] [1787834788.041025862] [drone_0_ego_planner_node]: Failed to generate the first trajectory!!!
[WARN] [1787834788.057130508] [drone_0_ego_planner_node]: P5 final gate blocked trajectory: action=REQUEST_REPLAN reason=current_low_margin planning_generation_id=55 final_gate_generation_id=55
[ERROR] [1787834788.057160415] [drone_0_ego_planner_node]: Failed to generate the first trajectory!!!
[WARN] [1787834788.073351211] [drone_0_ego_planner_node]: P5 final gate blocked trajectory: action=REQUEST_REPLAN reason=current_low_margin planning_generation_id=55 final_gate_generation_id=55
[ERROR] [1787834788.073380853] [drone_0_ego_planner_node]: Failed to generate the first trajectory!!!
[WARN] [1787834788.088010141] [drone_0_ego_planner_node]: P5 final gate blocked trajectory: action=REQUEST_REPLAN reason=current_low_margin planning_generation_id=55 final_gate_generation_id=55
[ERROR] [1787834788.088034705] [drone_0_ego_planner_node]: Failed to generate the first trajectory!!!
[WARN] [1787834788.102588832] [drone_0_ego_planner_node]: P5 final gate blocked trajectory: action=REQUEST_REPLAN reason=current_low_margin planning_generation_id=55 final_gate_generation_id=55
[ERROR] [1787834788.102611760] [drone_0_ego_planner_node]: Failed to generate the first trajectory!!!
[WARN] [1787834788.117281999] [drone_0_ego_planner_node]: P5 final gate blocked trajectory: action=REQUEST_REPLAN reason=current_low_margin planning_generation_id=55 final_gate_generation_id=55
[ERROR] [1787834788.117308296] [drone_0_ego_planner_node]: Failed to generate the first trajectory!!!
[WARN] [1787834788.133515875] [drone_0_ego_planner_node]: P5 final gate blocked trajectory: action=REQUEST_REPLAN reason=current_low_margin planning_generation_id=55 final_gate_generation_id=55
[ERROR] [1787834788.133548743] [drone_0_ego_planner_node]: Failed to generate the first trajectory!!!
[WARN] [1787834788.151026055] [drone_0_ego_planner_node]: P5 final gate blocked trajectory: action=REQUEST_REPLAN reason=current_low_margin planning_generation_id=56 final_gate_generation_id=56
[ERROR] [1787834788.151056904] [drone_0_ego_planner_node]: Failed to generate the first trajectory!!!
[WARN] [1787834788.167274862] [drone_0_ego_planner_node]: P5 final gate blocked trajectory: action=REQUEST_REPLAN reason=current_low_margin planning_generation_id=56 final_gate_generation_id=56
[ERROR] [1787834788.167304168] [drone_0_ego_planner_node]: Failed to generate the first trajectory!!!
[WARN] [1787834788.181978082] [drone_0_ego_planner_node]: P5 final gate blocked trajectory: action=REQUEST_REPLAN reason=current_low_margin planning_generation_id=56 final_gate_generation_id=56
[ERROR] [1787834788.182003503] [drone_0_ego_planner_node]: Failed to generate the first trajectory!!!
[WARN] [1787834788.198077614] [drone_0_ego_planner_node]: P5 final gate blocked trajectory: action=REQUEST_REPLAN reason=current_low_margin planning_generation_id=56 final_gate_generation_id=56
[ERROR] [1787834788.198106732] [drone_0_ego_planner_node]: Failed to generate the first trajectory!!!
[WARN] [1787834788.212734017] [drone_0_ego_planner_node]: P5 final gate blocked trajectory: action=REQUEST_REPLAN reason=current_low_margin planning_generation_id=56 final_gate_generation_id=56
[ERROR] [1787834788.212757560] [drone_0_ego_planner_node]: Failed to generate the first trajectory!!!
[WARN] [1787834788.229010076] [drone_0_ego_planner_node]: P5 final gate blocked trajectory: action=REQUEST_REPLAN reason=current_low_margin planning_generation_id=56 final_gate_generation_id=56
[ERROR] [1787834788.229040987] [drone_0_ego_planner_node]: Failed to generate the first trajectory!!!
[WARN] [1787834788.245189057] [drone_0_ego_planner_node]: P5 final gate blocked trajectory: action=REQUEST_REPLAN reason=current_low_margin planning_generation_id=56 final_gate_generation_id=56
[ERROR] [1787834788.245219413] [drone_0_ego_planner_node]: Failed to generate the first trajectory!!!
[WARN] [1787834788.261417509] [drone_0_ego_planner_node]: P5 final gate blocked trajectory: action=REQUEST_REPLAN reason=current_low_margin planning_generation_id=56 final_gate_generation_id=56
[ERROR] [1787834788.261446803] [drone_0_ego_planner_node]: Failed to generate the first trajectory!!!
[WARN] [1787834788.277598842] [drone_0_ego_planner_node]: P5 final gate blocked trajectory: action=REQUEST_REPLAN reason=current_low_margin planning_generation_id=56 final_gate_generation_id=56
[ERROR] [1787834788.277627166] [drone_0_ego_planner_node]: Failed to generate the first trajectory!!!
[WARN] [1787834788.293803963] [drone_0_ego_planner_node]: P5 final gate blocked trajectory: action=REQUEST_REPLAN reason=current_low_margin planning_generation_id=56 final_gate_generation_id=56
[ERROR] [1787834788.293836316] [drone_0_ego_planner_node]: Failed to generate the first trajectory!!!
[WARN] [1787834788.308437630] [drone_0_ego_planner_node]: P5 final gate blocked trajectory: action=REQUEST_REPLAN reason=current_low_margin planning_generation_id=56 final_gate_generation_id=56
[ERROR] [1787834788.308461985] [drone_0_ego_planner_node]: Failed to generate the first trajectory!!!
[WARN] [1787834788.323314644] [drone_0_ego_planner_node]: P5 final gate blocked trajectory: action=REQUEST_REPLAN reason=current_low_margin planning_generation_id=56 final_gate_generation_id=56
[ERROR] [1787834788.323338806] [drone_0_ego_planner_node]: Failed to generate the first trajectory!!!
[WARN] [1787834788.339487172] [drone_0_ego_planner_node]: P5 final gate blocked trajectory: action=REQUEST_REPLAN reason=current_low_margin planning_generation_id=56 final_gate_generation_id=56
[ERROR] [1787834788.339517350] [drone_0_ego_planner_node]: Failed to generate the first trajectory!!!
[WARN] [1787834788.354141233] [drone_0_ego_planner_node]: P5 final gate blocked trajectory: action=REQUEST_REPLAN reason=current_low_margin planning_generation_id=56 final_gate_generation_id=56
[ERROR] [1787834788.354165314] [drone_0_ego_planner_node]: Failed to generate the first trajectory!!!
[INFO] [1787834788.359673329] [drone_0_ego_planner_node]: [p0] risk grid ready=1 stale=0 age=0.000 valid=0.999 unknown=0.001 gen=56 provider_queries=127840 occupied_skip=160 provider_stale=0 provider_invalid=0 gnss_used=127840 lidar_used=93240 prior_used=127840 stale_current_prior=0 regularized=127840 conservative_max=0 lidar_points=28922 lidar_fim_primitives=481 lidar_fim_valid_normals=481 lidar_fim_fallback= dominant_unknown=occupied_skip:160 refresh_stamp=1657065638.180540 grid_stamp=1657065638.180540 elapsed_ms=289.836 queries=128000 reason=ok
[WARN] [1787834788.368831656] [drone_0_ego_planner_node]: P5 final gate blocked trajectory: action=REQUEST_REPLAN reason=current_low_margin planning_generation_id=56 final_gate_generation_id=56
[ERROR] [1787834788.368858748] [drone_0_ego_planner_node]: Failed to generate the first trajectory!!!
[WARN] [1787834788.383553091] [drone_0_ego_planner_node]: P5 final gate blocked trajectory: action=REQUEST_REPLAN reason=current_low_margin planning_generation_id=56 final_gate_generation_id=56
[ERROR] [1787834788.383575657] [drone_0_ego_planner_node]: Failed to generate the first trajectory!!!
[WARN] [1787834788.398211317] [drone_0_ego_planner_node]: P5 final gate blocked trajectory: action=REQUEST_REPLAN reason=current_low_margin planning_generation_id=56 final_gate_generation_id=56
[ERROR] [1787834788.398235210] [drone_0_ego_planner_node]: Failed to generate the first trajectory!!!
[WARN] [1787834788.412818618] [drone_0_ego_planner_node]: P5 final gate blocked trajectory: action=REQUEST_REPLAN reason=current_low_margin planning_generation_id=56 final_gate_generation_id=56
[ERROR] [1787834788.412841957] [drone_0_ego_planner_node]: Failed to generate the first trajectory!!!
[WARN] [1787834788.429087423] [drone_0_ego_planner_node]: P5 final gate blocked trajectory: action=REQUEST_REPLAN reason=current_low_margin planning_generation_id=56 final_gate_generation_id=56
[ERROR] [1787834788.429117002] [drone_0_ego_planner_node]: Failed to generate the first trajectory!!!
[WARN] [1787834788.443763894] [drone_0_ego_planner_node]: P5 final gate blocked trajectory: action=REQUEST_REPLAN reason=current_low_margin planning_generation_id=56 final_gate_generation_id=56
[ERROR] [1787834788.443788437] [drone_0_ego_planner_node]: Failed to generate the first trajectory!!!
[WARN] [1787834788.459969073] [drone_0_ego_planner_node]: P5 final gate blocked trajectory: action=REQUEST_REPLAN reason=current_low_margin planning_generation_id=56 final_gate_generation_id=56
[ERROR] [1787834788.459999730] [drone_0_ego_planner_node]: Failed to generate the first trajectory!!!
[WARN] [1787834788.476262726] [drone_0_ego_planner_node]: P5 final gate blocked trajectory: action=REQUEST_REPLAN reason=current_low_margin planning_generation_id=56 final_gate_generation_id=56
[ERROR] [1787834788.476291601] [drone_0_ego_planner_node]: Failed to generate the first trajectory!!!
[WARN] [1787834788.492462678] [drone_0_ego_planner_node]: P5 final gate blocked trajectory: action=REQUEST_REPLAN reason=current_low_margin planning_generation_id=56 final_gate_generation_id=56
[ERROR] [1787834788.492493815] [drone_0_ego_planner_node]: Failed to generate the first trajectory!!!
[WARN] [1787834788.508660665] [drone_0_ego_planner_node]: P5 final gate blocked trajectory: action=REQUEST_REPLAN reason=current_low_margin planning_generation_id=56 final_gate_generation_id=56
[ERROR] [1787834788.508691104] [drone_0_ego_planner_node]: Failed to generate the first trajectory!!!
[WARN] [1787834788.524832579] [drone_0_ego_planner_node]: P5 final gate blocked trajectory: action=REQUEST_REPLAN reason=current_low_margin planning_generation_id=56 final_gate_generation_id=56
[ERROR] [1787834788.524863475] [drone_0_ego_planner_node]: Failed to generate the first trajectory!!!
[WARN] [1787834788.540963955] [drone_0_ego_planner_node]: P5 final gate blocked trajectory: action=REQUEST_REPLAN reason=current_low_margin planning_generation_id=56 final_gate_generation_id=56
[ERROR] [1787834788.540995742] [drone_0_ego_planner_node]: Failed to generate the first trajectory!!!
[WARN] [1787834788.557197076] [drone_0_ego_planner_node]: P5 final gate blocked trajectory: action=REQUEST_REPLAN reason=current_low_margin planning_generation_id=56 final_gate_generation_id=56
[ERROR] [1787834788.557226747] [drone_0_ego_planner_node]: Failed to generate the first trajectory!!!
[WARN] [1787834788.573386781] [drone_0_ego_planner_node]: P5 final gate blocked trajectory: action=REQUEST_REPLAN reason=current_low_margin planning_generation_id=56 final_gate_generation_id=56
[ERROR] [1787834788.573417360] [drone_0_ego_planner_node]: Failed to generate the first trajectory!!!
[WARN] [1787834788.589509192] [drone_0_ego_planner_node]: P5 final gate blocked trajectory: action=REQUEST_REPLAN reason=current_low_margin planning_generation_id=56 final_gate_generation_id=56
[ERROR] [1787834788.589537258] [drone_0_ego_planner_node]: Failed to generate the first trajectory!!!
[WARN] [1787834788.605632473] [drone_0_ego_planner_node]: P5 final gate blocked trajectory: action=REQUEST_REPLAN reason=current_low_margin planning_generation_id=56 final_gate_generation_id=56
[ERROR] [1787834788.605660019] [drone_0_ego_planner_node]: Failed to generate the first trajectory!!!
[WARN] [1787834788.621687453] [drone_0_ego_planner_node]: P5 final gate blocked trajectory: action=REQUEST_REPLAN reason=current_low_margin planning_generation_id=56 final_gate_generation_id=56
[ERROR] [1787834788.621715962] [drone_0_ego_planner_node]: Failed to generate the first trajectory!!!
[WARN] [1787834788.637696800] [drone_0_ego_planner_node]: P5 final gate using latest risk snapshot: planning_generation_id=56 final_gate_generation_id=57
[WARN] [1787834788.637856342] [drone_0_ego_planner_node]: P5 final gate blocked trajectory: action=REQUEST_REPLAN reason=current_low_margin planning_generation_id=56 final_gate_generation_id=57
[ERROR] [1787834788.637866171] [drone_0_ego_planner_node]: Failed to generate the first trajectory!!!
[WARN] [1787834788.655149565] [drone_0_ego_planner_node]: P5 final gate blocked trajectory: action=REQUEST_REPLAN reason=current_low_margin planning_generation_id=57 final_gate_generation_id=57
[ERROR] [1787834788.655175023] [drone_0_ego_planner_node]: Failed to generate the first trajectory!!!
[WARN] [1787834788.671177857] [drone_0_ego_planner_node]: P5 final gate blocked trajectory: action=REQUEST_REPLAN reason=current_low_margin planning_generation_id=57 final_gate_generation_id=57
[ERROR] [1787834788.671203829] [drone_0_ego_planner_node]: Failed to generate the first trajectory!!!
[WARN] [1787834788.687477885] [drone_0_ego_planner_node]: P5 final gate blocked trajectory: action=REQUEST_REPLAN reason=current_low_margin planning_generation_id=57 final_gate_generation_id=57
[ERROR] [1787834788.687506907] [drone_0_ego_planner_node]: Failed to generate the first trajectory!!!
[WARN] [1787834788.703636201] [drone_0_ego_planner_node]: P5 final gate blocked trajectory: action=REQUEST_REPLAN reason=current_low_margin planning_generation_id=57 final_gate_generation_id=57
[ERROR] [1787834788.703664778] [drone_0_ego_planner_node]: Failed to generate the first trajectory!!!
[WARN] [1787834788.718196291] [drone_0_ego_planner_node]: P5 final gate blocked trajectory: action=REQUEST_REPLAN reason=current_low_margin planning_generation_id=57 final_gate_generation_id=57
[ERROR] [1787834788.718219023] [drone_0_ego_planner_node]: Failed to generate the first trajectory!!!
[WARN] [1787834788.732761499] [drone_0_ego_planner_node]: P5 final gate blocked trajectory: action=REQUEST_REPLAN reason=current_low_margin planning_generation_id=57 final_gate_generation_id=57
[ERROR] [1787834788.732786290] [drone_0_ego_planner_node]: Failed to generate the first trajectory!!!
[WARN] [1787834788.748778894] [drone_0_ego_planner_node]: P5 final gate blocked trajectory: action=REQUEST_REPLAN reason=current_low_margin planning_generation_id=57 final_gate_generation_id=57
[ERROR] [1787834788.748808303] [drone_0_ego_planner_node]: Failed to generate the first trajectory!!!
[WARN] [1787834788.763383753] [drone_0_ego_planner_node]: P5 final gate blocked trajectory: action=REQUEST_REPLAN reason=current_low_margin planning_generation_id=57 final_gate_generation_id=57
[ERROR] [1787834788.763407993] [drone_0_ego_planner_node]: Failed to generate the first trajectory!!!
[WARN] [1787834788.777926758] [drone_0_ego_planner_node]: P5 final gate blocked trajectory: action=REQUEST_REPLAN reason=current_low_margin planning_generation_id=57 final_gate_generation_id=57
[ERROR] [1787834788.777950156] [drone_0_ego_planner_node]: Failed to generate the first trajectory!!!
[WARN] [1787834788.793992349] [drone_0_ego_planner_node]: P5 final gate blocked trajectory: action=REQUEST_REPLAN reason=current_low_margin planning_generation_id=57 final_gate_generation_id=57
[ERROR] [1787834788.794022123] [drone_0_ego_planner_node]: Failed to generate the first trajectory!!!
[WARN] [1787834788.809972295] [drone_0_ego_planner_node]: P5 final gate blocked trajectory: action=REQUEST_REPLAN reason=current_low_margin planning_generation_id=57 final_gate_generation_id=57
[ERROR] [1787834788.809999122] [drone_0_ego_planner_node]: Failed to generate the first trajectory!!!
[WARN] [1787834788.826214799] [drone_0_ego_planner_node]: P5 final gate blocked trajectory: action=REQUEST_REPLAN reason=current_low_margin planning_generation_id=57 final_gate_generation_id=57
[ERROR] [1787834788.826240879] [drone_0_ego_planner_node]: Failed to generate the first trajectory!!!
[WARN] [1787834788.842178548] [drone_0_ego_planner_node]: P5 final gate blocked trajectory: action=REQUEST_REPLAN reason=current_low_margin planning_generation_id=57 final_gate_generation_id=57
[ERROR] [1787834788.842202834] [drone_0_ego_planner_node]: Failed to generate the first trajectory!!!
[WARN] [1787834788.858251568] [drone_0_ego_planner_node]: P5 final gate blocked trajectory: action=REQUEST_REPLAN reason=current_low_margin planning_generation_id=57 final_gate_generation_id=57
[ERROR] [1787834788.858279039] [drone_0_ego_planner_node]: Failed to generate the first trajectory!!!
[WARN] [1787834788.872855908] [drone_0_ego_planner_node]: P5 final gate blocked trajectory: action=REQUEST_REPLAN reason=current_low_margin planning_generation_id=57 final_gate_generation_id=57
[ERROR] [1787834788.872879446] [drone_0_ego_planner_node]: Failed to generate the first trajectory!!!
[WARN] [1787834788.887495878] [drone_0_ego_planner_node]: P5 final gate blocked trajectory: action=REQUEST_REPLAN reason=current_low_margin planning_generation_id=57 final_gate_generation_id=57
[ERROR] [1787834788.887520985] [drone_0_ego_planner_node]: Failed to generate the first trajectory!!!
[WARN] [1787834788.902119078] [drone_0_ego_planner_node]: P5 final gate blocked trajectory: action=REQUEST_REPLAN reason=current_low_margin planning_generation_id=57 final_gate_generation_id=57
[ERROR] [1787834788.902142113] [drone_0_ego_planner_node]: Failed to generate the first trajectory!!!
[WARN] [1787834788.918268543] [drone_0_ego_planner_node]: P5 final gate blocked trajectory: action=REQUEST_REPLAN reason=current_low_margin planning_generation_id=57 final_gate_generation_id=57
[ERROR] [1787834788.918298605] [drone_0_ego_planner_node]: Failed to generate the first trajectory!!!
[WARN] [1787834788.932853091] [drone_0_ego_planner_node]: P5 final gate blocked trajectory: action=REQUEST_REPLAN reason=current_low_margin planning_generation_id=57 final_gate_generation_id=57
[ERROR] [1787834788.932877948] [drone_0_ego_planner_node]: Failed to generate the first trajectory!!!
[WARN] [1787834788.948884082] [drone_0_ego_planner_node]: P5 final gate blocked trajectory: action=REQUEST_REPLAN reason=current_low_margin planning_generation_id=57 final_gate_generation_id=57
[ERROR] [1787834788.948909723] [drone_0_ego_planner_node]: Failed to generate the first trajectory!!!
[WARN] [1787834788.965106878] [drone_0_ego_planner_node]: P5 final gate blocked trajectory: action=REQUEST_REPLAN reason=current_low_margin planning_generation_id=57 final_gate_generation_id=57
[ERROR] [1787834788.965134580] [drone_0_ego_planner_node]: Failed to generate the first trajectory!!!
[WARN] [1787834788.981184023] [drone_0_ego_planner_node]: P5 final gate blocked trajectory: action=REQUEST_REPLAN reason=current_low_margin planning_generation_id=57 final_gate_generation_id=57
[ERROR] [1787834788.981210758] [drone_0_ego_planner_node]: Failed to generate the first trajectory!!!
[WARN] [1787834788.997432805] [drone_0_ego_planner_node]: P5 final gate blocked trajectory: action=REQUEST_REPLAN reason=current_low_margin planning_generation_id=57 final_gate_generation_id=57
[ERROR] [1787834788.997461049] [drone_0_ego_planner_node]: Failed to generate the first trajectory!!!
[WARN] [1787834789.012005581] [drone_0_ego_planner_node]: P5 final gate blocked trajectory: action=REQUEST_REPLAN reason=current_low_margin planning_generation_id=57 final_gate_generation_id=57
[ERROR] [1787834789.012028058] [drone_0_ego_planner_node]: Failed to generate the first trajectory!!!
[WARN] [1787834789.026557343] [drone_0_ego_planner_node]: P5 final gate blocked trajectory: action=REQUEST_REPLAN reason=current_low_margin planning_generation_id=57 final_gate_generation_id=57
[ERROR] [1787834789.026580399] [drone_0_ego_planner_node]: Failed to generate the first trajectory!!!
[WARN] [1787834789.042634840] [drone_0_ego_planner_node]: P5 final gate blocked trajectory: action=REQUEST_REPLAN reason=current_low_margin planning_generation_id=57 final_gate_generation_id=57
[ERROR] [1787834789.042664013] [drone_0_ego_planner_node]: Failed to generate the first trajectory!!!
[WARN] [1787834789.058771751] [drone_0_ego_planner_node]: P5 final gate blocked trajectory: action=REQUEST_REPLAN reason=current_low_margin planning_generation_id=57 final_gate_generation_id=57
[ERROR] [1787834789.058799857] [drone_0_ego_planner_node]: Failed to generate the first trajectory!!!
[WARN] [1787834789.074884455] [drone_0_ego_planner_node]: P5 final gate blocked trajectory: action=REQUEST_REPLAN reason=current_low_margin planning_generation_id=57 final_gate_generation_id=57
[ERROR] [1787834789.074913443] [drone_0_ego_planner_node]: Failed to generate the first trajectory!!!
[WARN] [1787834789.091219124] [drone_0_ego_planner_node]: P5 final gate blocked trajectory: action=REQUEST_REPLAN reason=current_low_margin planning_generation_id=57 final_gate_generation_id=57
[ERROR] [1787834789.091248262] [drone_0_ego_planner_node]: Failed to generate the first trajectory!!!
[WARN] [1787834789.107358393] [drone_0_ego_planner_node]: P5 final gate blocked trajectory: action=REQUEST_REPLAN reason=current_low_margin planning_generation_id=57 final_gate_generation_id=57
[ERROR] [1787834789.107386442] [drone_0_ego_planner_node]: Failed to generate the first trajectory!!!
[WARN] [1787834789.123648556] [drone_0_ego_planner_node]: P5 final gate blocked trajectory: action=REQUEST_REPLAN reason=current_low_margin planning_generation_id=57 final_gate_generation_id=57
[ERROR] [1787834789.123677855] [drone_0_ego_planner_node]: Failed to generate the first trajectory!!!
[WARN] [1787834789.139824554] [drone_0_ego_planner_node]: P5 final gate blocked trajectory: action=REQUEST_REPLAN reason=current_low_margin planning_generation_id=58 final_gate_generation_id=58
[ERROR] [1787834789.139848242] [drone_0_ego_planner_node]: Failed to generate the first trajectory!!!
[WARN] [1787834789.155802358] [drone_0_ego_planner_node]: P5 final gate blocked trajectory: action=REQUEST_REPLAN reason=current_low_margin planning_generation_id=58 final_gate_generation_id=58
[ERROR] [1787834789.155829584] [drone_0_ego_planner_node]: Failed to generate the first trajectory!!!
[WARN] [1787834789.171833881] [drone_0_ego_planner_node]: P5 final gate blocked trajectory: action=REQUEST_REPLAN reason=current_low_margin planning_generation_id=58 final_gate_generation_id=58
[ERROR] [1787834789.171862115] [drone_0_ego_planner_node]: Failed to generate the first trajectory!!!
[WARN] [1787834789.187945181] [drone_0_ego_planner_node]: P5 final gate blocked trajectory: action=REQUEST_REPLAN reason=current_low_margin planning_generation_id=58 final_gate_generation_id=58
[ERROR] [1787834789.187974585] [drone_0_ego_planner_node]: Failed to generate the first trajectory!!!
[WARN] [1787834789.204016064] [drone_0_ego_planner_node]: P5 final gate blocked trajectory: action=REQUEST_REPLAN reason=current_low_margin planning_generation_id=58 final_gate_generation_id=58
[ERROR] [1787834789.204045536] [drone_0_ego_planner_node]: Failed to generate the first trajectory!!!
[WARN] [1787834789.218591426] [drone_0_ego_planner_node]: P5 final gate blocked trajectory: action=REQUEST_REPLAN reason=current_low_margin planning_generation_id=58 final_gate_generation_id=58
[ERROR] [1787834789.218614393] [drone_0_ego_planner_node]: Failed to generate the first trajectory!!!
[WARN] [1787834789.234805326] [drone_0_ego_planner_node]: P5 final gate blocked trajectory: action=REQUEST_REPLAN reason=current_low_margin planning_generation_id=58 final_gate_generation_id=58
[ERROR] [1787834789.234837956] [drone_0_ego_planner_node]: Failed to generate the first trajectory!!!
[WARN] [1787834789.251056460] [drone_0_ego_planner_node]: P5 final gate blocked trajectory: action=REQUEST_REPLAN reason=current_low_margin planning_generation_id=58 final_gate_generation_id=58
[ERROR] [1787834789.251091607] [drone_0_ego_planner_node]: Failed to generate the first trajectory!!!
[WARN] [1787834789.267315627] [drone_0_ego_planner_node]: P5 final gate blocked trajectory: action=REQUEST_REPLAN reason=current_low_margin planning_generation_id=58 final_gate_generation_id=58
[ERROR] [1787834789.267345264] [drone_0_ego_planner_node]: Failed to generate the first trajectory!!!
[WARN] [1787834789.283412062] [drone_0_ego_planner_node]: P5 final gate blocked trajectory: action=REQUEST_REPLAN reason=current_low_margin planning_generation_id=58 final_gate_generation_id=58
[ERROR] [1787834789.283442264] [drone_0_ego_planner_node]: Failed to generate the first trajectory!!!
[WARN] [1787834789.299572793] [drone_0_ego_planner_node]: P5 final gate blocked trajectory: action=REQUEST_REPLAN reason=current_low_margin planning_generation_id=58 final_gate_generation_id=58
[ERROR] [1787834789.299600588] [drone_0_ego_planner_node]: Failed to generate the first trajectory!!!
[WARN] [1787834789.314117503] [drone_0_ego_planner_node]: P5 final gate blocked trajectory: action=REQUEST_REPLAN reason=current_low_margin planning_generation_id=58 final_gate_generation_id=58
[ERROR] [1787834789.314139075] [drone_0_ego_planner_node]: Failed to generate the first trajectory!!!
[WARN] [1787834789.330296691] [drone_0_ego_planner_node]: P5 final gate blocked trajectory: action=REQUEST_REPLAN reason=current_low_margin planning_generation_id=58 final_gate_generation_id=58
[ERROR] [1787834789.330324677] [drone_0_ego_planner_node]: Failed to generate the first trajectory!!!
[WARN] [1787834789.346281316] [drone_0_ego_planner_node]: P5 final gate blocked trajectory: action=REQUEST_REPLAN reason=current_low_margin planning_generation_id=58 final_gate_generation_id=58
[ERROR] [1787834789.346306152] [drone_0_ego_planner_node]: Failed to generate the first trajectory!!!
[WARN] [1787834789.362576881] [drone_0_ego_planner_node]: P5 final gate blocked trajectory: action=REQUEST_REPLAN reason=current_low_margin planning_generation_id=58 final_gate_generation_id=58
[ERROR] [1787834789.362634600] [drone_0_ego_planner_node]: Failed to generate the first trajectory!!!
[WARN] [1787834789.377311530] [drone_0_ego_planner_node]: P5 final gate blocked trajectory: action=REQUEST_REPLAN reason=current_low_margin planning_generation_id=58 final_gate_generation_id=58
[ERROR] [1787834789.377336571] [drone_0_ego_planner_node]: Failed to generate the first trajectory!!!
[WARN] [1787834789.393480167] [drone_0_ego_planner_node]: P5 final gate blocked trajectory: action=REQUEST_REPLAN reason=current_low_margin planning_generation_id=58 final_gate_generation_id=58
[ERROR] [1787834789.393509066] [drone_0_ego_planner_node]: Failed to generate the first trajectory!!!
[WARN] [1787834789.409617709] [drone_0_ego_planner_node]: P5 final gate blocked trajectory: action=REQUEST_REPLAN reason=current_low_margin planning_generation_id=58 final_gate_generation_id=58
[ERROR] [1787834789.409645397] [drone_0_ego_planner_node]: Failed to generate the first trajectory!!!
[WARN] [1787834789.425778028] [drone_0_ego_planner_node]: P5 final gate blocked trajectory: action=REQUEST_REPLAN reason=current_low_margin planning_generation_id=58 final_gate_generation_id=58
[ERROR] [1787834789.425809322] [drone_0_ego_planner_node]: Failed to generate the first trajectory!!!
[WARN] [1787834789.441925280] [drone_0_ego_planner_node]: P5 final gate blocked trajectory: action=REQUEST_REPLAN reason=current_low_margin planning_generation_id=58 final_gate_generation_id=58
[ERROR] [1787834789.441956259] [drone_0_ego_planner_node]: Failed to generate the first trajectory!!!
[WARN] [1787834789.458050491] [drone_0_ego_planner_node]: P5 final gate blocked trajectory: action=REQUEST_REPLAN reason=current_low_margin planning_generation_id=58 final_gate_generation_id=58
[ERROR] [1787834789.458083115] [drone_0_ego_planner_node]: Failed to generate the first trajectory!!!
[WARN] [1787834789.474138096] [drone_0_ego_planner_node]: P5 final gate blocked trajectory: action=REQUEST_REPLAN reason=current_low_margin planning_generation_id=58 final_gate_generation_id=58
[ERROR] [1787834789.474165528] [drone_0_ego_planner_node]: Failed to generate the first trajectory!!!
[WARN] [1787834789.490210003] [drone_0_ego_planner_node]: P5 final gate blocked trajectory: action=REQUEST_REPLAN reason=current_low_margin planning_generation_id=58 final_gate_generation_id=58
[ERROR] [1787834789.490237481] [drone_0_ego_planner_node]: Failed to generate the first trajectory!!!
[WARN] [1787834789.506409062] [drone_0_ego_planner_node]: P5 final gate blocked trajectory: action=REQUEST_REPLAN reason=current_low_margin planning_generation_id=58 final_gate_generation_id=58
[ERROR] [1787834789.506436652] [drone_0_ego_planner_node]: Failed to generate the first trajectory!!!
[WARN] [1787834789.521031159] [drone_0_ego_planner_node]: P5 final gate blocked trajectory: action=REQUEST_REPLAN reason=current_low_margin planning_generation_id=58 final_gate_generation_id=58
[ERROR] [1787834789.521054103] [drone_0_ego_planner_node]: Failed to generate the first trajectory!!!
[WARN] [1787834789.537093018] [drone_0_ego_planner_node]: P5 final gate blocked trajectory: action=REQUEST_REPLAN reason=current_low_margin planning_generation_id=58 final_gate_generation_id=58
[ERROR] [1787834789.537119324] [drone_0_ego_planner_node]: Failed to generate the first trajectory!!!
[WARN] [1787834789.553146366] [drone_0_ego_planner_node]: P5 final gate blocked trajectory: action=REQUEST_REPLAN reason=current_low_margin planning_generation_id=58 final_gate_generation_id=58
[ERROR] [1787834789.553173543] [drone_0_ego_planner_node]: Failed to generate the first trajectory!!!
[WARN] [1787834789.567685318] [drone_0_ego_planner_node]: P5 final gate blocked trajectory: action=REQUEST_REPLAN reason=current_low_margin planning_generation_id=58 final_gate_generation_id=58
[ERROR] [1787834789.567708336] [drone_0_ego_planner_node]: Failed to generate the first trajectory!!!
[WARN] [1787834789.583814364] [drone_0_ego_planner_node]: P5 final gate blocked trajectory: action=REQUEST_REPLAN reason=current_low_margin planning_generation_id=58 final_gate_generation_id=58
[ERROR] [1787834789.583842146] [drone_0_ego_planner_node]: Failed to generate the first trajectory!!!
[WARN] [1787834789.599896234] [drone_0_ego_planner_node]: P5 final gate blocked trajectory: action=REQUEST_REPLAN reason=current_low_margin planning_generation_id=58 final_gate_generation_id=58
[ERROR] [1787834789.599922675] [drone_0_ego_planner_node]: Failed to generate the first trajectory!!!
[WARN] [1787834789.616037609] [drone_0_ego_planner_node]: P5 final gate blocked trajectory: action=REQUEST_REPLAN reason=current_low_margin planning_generation_id=58 final_gate_generation_id=58
[ERROR] [1787834789.616070726] [drone_0_ego_planner_node]: Failed to generate the first trajectory!!!
[WARN] [1787834789.632071779] [drone_0_ego_planner_node]: P5 final gate using latest risk snapshot: planning_generation_id=58 final_gate_generation_id=59
[WARN] [1787834789.632221391] [drone_0_ego_planner_node]: P5 final gate blocked trajectory: action=REQUEST_REPLAN reason=current_low_margin planning_generation_id=58 final_gate_generation_id=59
[ERROR] [1787834789.632232193] [drone_0_ego_planner_node]: Failed to generate the first trajectory!!!
[WARN] [1787834789.649530519] [drone_0_ego_planner_node]: P5 final gate blocked trajectory: action=REQUEST_REPLAN reason=current_low_margin planning_generation_id=59 final_gate_generation_id=59
[ERROR] [1787834789.649556800] [drone_0_ego_planner_node]: Failed to generate the first trajectory!!!
[WARN] [1787834789.665597110] [drone_0_ego_planner_node]: P5 final gate blocked trajectory: action=REQUEST_REPLAN reason=current_low_margin planning_generation_id=59 final_gate_generation_id=59
[ERROR] [1787834789.665622193] [drone_0_ego_planner_node]: Failed to generate the first trajectory!!!
[WARN] [1787834789.681619766] [drone_0_ego_planner_node]: P5 final gate blocked trajectory: action=REQUEST_REPLAN reason=current_low_margin planning_generation_id=59 final_gate_generation_id=59
[ERROR] [1787834789.681647716] [drone_0_ego_planner_node]: Failed to generate the first trajectory!!!
[WARN] [1787834789.697722174] [drone_0_ego_planner_node]: P5 final gate blocked trajectory: action=REQUEST_REPLAN reason=current_low_margin planning_generation_id=59 final_gate_generation_id=59
[ERROR] [1787834789.697750298] [drone_0_ego_planner_node]: Failed to generate the first trajectory!!!
[WARN] [1787834789.712294987] [drone_0_ego_planner_node]: P5 final gate blocked trajectory: action=REQUEST_REPLAN reason=current_low_margin planning_generation_id=59 final_gate_generation_id=59
[ERROR] [1787834789.712316584] [drone_0_ego_planner_node]: Failed to generate the first trajectory!!!
[WARN] [1787834789.726835105] [drone_0_ego_planner_node]: P5 final gate blocked trajectory: action=REQUEST_REPLAN reason=current_low_margin planning_generation_id=59 final_gate_generation_id=59
[ERROR] [1787834789.726855047] [drone_0_ego_planner_node]: Failed to generate the first trajectory!!!
[WARN] [1787834789.742854116] [drone_0_ego_planner_node]: P5 final gate blocked trajectory: action=REQUEST_REPLAN reason=current_low_margin planning_generation_id=59 final_gate_generation_id=59
[ERROR] [1787834789.742884106] [drone_0_ego_planner_node]: Failed to generate the first trajectory!!!
[WARN] [1787834789.758999633] [drone_0_ego_planner_node]: P5 final gate blocked trajectory: action=REQUEST_REPLAN reason=current_low_margin planning_generation_id=59 final_gate_generation_id=59
[ERROR] [1787834789.759027859] [drone_0_ego_planner_node]: Failed to generate the first trajectory!!!
[WARN] [1787834789.773771621] [drone_0_ego_planner_node]: P5 final gate blocked trajectory: action=REQUEST_REPLAN reason=current_low_margin planning_generation_id=59 final_gate_generation_id=59
[ERROR] [1787834789.773795338] [drone_0_ego_planner_node]: Failed to generate the first trajectory!!!
[WARN] [1787834789.788625706] [drone_0_ego_planner_node]: P5 final gate blocked trajectory: action=REQUEST_REPLAN reason=current_low_margin planning_generation_id=59 final_gate_generation_id=59
[ERROR] [1787834789.788648463] [drone_0_ego_planner_node]: Failed to generate the first trajectory!!!
[WARN] [1787834789.804660040] [drone_0_ego_planner_node]: P5 final gate blocked trajectory: action=REQUEST_REPLAN reason=current_low_margin planning_generation_id=59 final_gate_generation_id=59
[ERROR] [1787834789.804683411] [drone_0_ego_planner_node]: Failed to generate the first trajectory!!!
[WARN] [1787834789.820815352] [drone_0_ego_planner_node]: P5 final gate blocked trajectory: action=REQUEST_REPLAN reason=current_low_margin planning_generation_id=59 final_gate_generation_id=59
[ERROR] [1787834789.820843855] [drone_0_ego_planner_node]: Failed to generate the first trajectory!!!
[WARN] [1787834789.836821503] [drone_0_ego_planner_node]: P5 final gate blocked trajectory: action=REQUEST_REPLAN reason=current_low_margin planning_generation_id=59 final_gate_generation_id=59
[ERROR] [1787834789.836848474] [drone_0_ego_planner_node]: Failed to generate the first trajectory!!!
[WARN] [1787834789.852840895] [drone_0_ego_planner_node]: P5 final gate blocked trajectory: action=REQUEST_REPLAN reason=current_low_margin planning_generation_id=59 final_gate_generation_id=59
[ERROR] [1787834789.852873005] [drone_0_ego_planner_node]: Failed to generate the first trajectory!!!
[WARN] [1787834789.869169829] [drone_0_ego_planner_node]: P5 final gate blocked trajectory: action=REQUEST_REPLAN reason=current_low_margin planning_generation_id=59 final_gate_generation_id=59
[ERROR] [1787834789.869198251] [drone_0_ego_planner_node]: Failed to generate the first trajectory!!!
[WARN] [1787834789.885336826] [drone_0_ego_planner_node]: P5 final gate blocked trajectory: action=REQUEST_REPLAN reason=current_low_margin planning_generation_id=59 final_gate_generation_id=59
[ERROR] [1787834789.885364218] [drone_0_ego_planner_node]: Failed to generate the first trajectory!!!
[WARN] [1787834789.901483050] [drone_0_ego_planner_node]: P5 final gate blocked trajectory: action=REQUEST_REPLAN reason=current_low_margin planning_generation_id=59 final_gate_generation_id=59
[ERROR] [1787834789.901512802] [drone_0_ego_planner_node]: Failed to generate the first trajectory!!!
[WARN] [1787834789.916033351] [drone_0_ego_planner_node]: P5 final gate blocked trajectory: action=REQUEST_REPLAN reason=current_low_margin planning_generation_id=59 final_gate_generation_id=59
[ERROR] [1787834789.916057230] [drone_0_ego_planner_node]: Failed to generate the first trajectory!!!
[WARN] [1787834789.932147940] [drone_0_ego_planner_node]: P5 final gate blocked trajectory: action=REQUEST_REPLAN reason=current_low_margin planning_generation_id=59 final_gate_generation_id=59
[ERROR] [1787834789.932178158] [drone_0_ego_planner_node]: Failed to generate the first trajectory!!!
[WARN] [1787834789.948251753] [drone_0_ego_planner_node]: P5 final gate blocked trajectory: action=REQUEST_REPLAN reason=current_low_margin planning_generation_id=59 final_gate_generation_id=59
[ERROR] [1787834789.948279201] [drone_0_ego_planner_node]: Failed to generate the first trajectory!!!
[WARN] [1787834789.964447460] [drone_0_ego_planner_node]: P5 final gate blocked trajectory: action=REQUEST_REPLAN reason=current_low_margin planning_generation_id=59 final_gate_generation_id=59
[ERROR] [1787834789.964478465] [drone_0_ego_planner_node]: Failed to generate the first trajectory!!!
[WARN] [1787834789.980627861] [drone_0_ego_planner_node]: P5 final gate blocked trajectory: action=REQUEST_REPLAN reason=current_low_margin planning_generation_id=59 final_gate_generation_id=59
[ERROR] [1787834789.980657428] [drone_0_ego_planner_node]: Failed to generate the first trajectory!!!
[WARN] [1787834789.995308536] [drone_0_ego_planner_node]: P5 final gate blocked trajectory: action=REQUEST_REPLAN reason=current_low_margin planning_generation_id=59 final_gate_generation_id=59
[ERROR] [1787834789.995332114] [drone_0_ego_planner_node]: Failed to generate the first trajectory!!!
[WARN] [1787834790.011401463] [drone_0_ego_planner_node]: P5 final gate blocked trajectory: action=REQUEST_REPLAN reason=current_low_margin planning_generation_id=59 final_gate_generation_id=59
[ERROR] [1787834790.011427392] [drone_0_ego_planner_node]: Failed to generate the first trajectory!!!
[WARN] [1787834790.027540275] [drone_0_ego_planner_node]: P5 final gate blocked trajectory: action=REQUEST_REPLAN reason=current_low_margin planning_generation_id=59 final_gate_generation_id=59
[ERROR] [1787834790.027569459] [drone_0_ego_planner_node]: Failed to generate the first trajectory!!!
[WARN] [1787834790.043666563] [drone_0_ego_planner_node]: P5 final gate blocked trajectory: action=REQUEST_REPLAN reason=current_low_margin planning_generation_id=59 final_gate_generation_id=59
[ERROR] [1787834790.043692993] [drone_0_ego_planner_node]: Failed to generate the first trajectory!!!
[WARN] [1787834790.059827646] [drone_0_ego_planner_node]: P5 final gate blocked trajectory: action=REQUEST_REPLAN reason=current_low_margin planning_generation_id=59 final_gate_generation_id=59
[ERROR] [1787834790.059856071] [drone_0_ego_planner_node]: Failed to generate the first trajectory!!!
[WARN] [1787834790.075857649] [drone_0_ego_planner_node]: P5 final gate blocked trajectory: action=REQUEST_REPLAN reason=current_low_margin planning_generation_id=59 final_gate_generation_id=59
[ERROR] [1787834790.075888424] [drone_0_ego_planner_node]: Failed to generate the first trajectory!!!
[WARN] [1787834790.092033614] [drone_0_ego_planner_node]: P5 final gate blocked trajectory: action=REQUEST_REPLAN reason=current_low_margin planning_generation_id=59 final_gate_generation_id=59
[ERROR] [1787834790.092062465] [drone_0_ego_planner_node]: Failed to generate the first trajectory!!!
[WARN] [1787834790.108148723] [drone_0_ego_planner_node]: P5 final gate blocked trajectory: action=REQUEST_REPLAN reason=current_low_margin planning_generation_id=59 final_gate_generation_id=59
[ERROR] [1787834790.108175628] [drone_0_ego_planner_node]: Failed to generate the first trajectory!!!
[WARN] [1787834790.124367652] [drone_0_ego_planner_node]: P5 final gate blocked trajectory: action=REQUEST_REPLAN reason=current_low_margin planning_generation_id=59 final_gate_generation_id=59
[ERROR] [1787834790.124400673] [drone_0_ego_planner_node]: Failed to generate the first trajectory!!!
[WARN] [1787834790.140747225] [drone_0_ego_planner_node]: P5 final gate blocked trajectory: action=REQUEST_REPLAN reason=current_low_margin planning_generation_id=60 final_gate_generation_id=60
[ERROR] [1787834790.140774946] [drone_0_ego_planner_node]: Failed to generate the first trajectory!!!
[WARN] [1787834790.156891233] [drone_0_ego_planner_node]: P5 final gate blocked trajectory: action=REQUEST_REPLAN reason=current_low_margin planning_generation_id=60 final_gate_generation_id=60
[ERROR] [1787834790.156918733] [drone_0_ego_planner_node]: Failed to generate the first trajectory!!!
[WARN] [1787834790.171447086] [drone_0_ego_planner_node]: P5 final gate blocked trajectory: action=REQUEST_REPLAN reason=current_low_margin planning_generation_id=60 final_gate_generation_id=60
[ERROR] [1787834790.171470327] [drone_0_ego_planner_node]: Failed to generate the first trajectory!!!
[WARN] [1787834790.186137091] [drone_0_ego_planner_node]: P5 final gate blocked trajectory: action=REQUEST_REPLAN reason=current_low_margin planning_generation_id=60 final_gate_generation_id=60
[ERROR] [1787834790.186162990] [drone_0_ego_planner_node]: Failed to generate the first trajectory!!!
[WARN] [1787834790.202162136] [drone_0_ego_planner_node]: P5 final gate blocked trajectory: action=REQUEST_REPLAN reason=current_low_margin planning_generation_id=60 final_gate_generation_id=60
[ERROR] [1787834790.202189915] [drone_0_ego_planner_node]: Failed to generate the first trajectory!!!
[WARN] [1787834790.218220607] [drone_0_ego_planner_node]: P5 final gate blocked trajectory: action=REQUEST_REPLAN reason=current_low_margin planning_generation_id=60 final_gate_generation_id=60
[ERROR] [1787834790.218246509] [drone_0_ego_planner_node]: Failed to generate the first trajectory!!!
[WARN] [1787834790.232789932] [drone_0_ego_planner_node]: P5 final gate blocked trajectory: action=REQUEST_REPLAN reason=current_low_margin planning_generation_id=60 final_gate_generation_id=60
[ERROR] [1787834790.232811537] [drone_0_ego_planner_node]: Failed to generate the first trajectory!!!
[WARN] [1787834790.247451615] [drone_0_ego_planner_node]: P5 final gate blocked trajectory: action=REQUEST_REPLAN reason=current_low_margin planning_generation_id=60 final_gate_generation_id=60
[ERROR] [1787834790.247473529] [drone_0_ego_planner_node]: Failed to generate the first trajectory!!!
[WARN] [1787834790.263645342] [drone_0_ego_planner_node]: P5 final gate blocked trajectory: action=REQUEST_REPLAN reason=current_low_margin planning_generation_id=60 final_gate_generation_id=60
[ERROR] [1787834790.263672426] [drone_0_ego_planner_node]: Failed to generate the first trajectory!!!
[WARN] [1787834790.278274866] [drone_0_ego_planner_node]: P5 final gate blocked trajectory: action=REQUEST_REPLAN reason=current_low_margin planning_generation_id=60 final_gate_generation_id=60
[ERROR] [1787834790.278297878] [drone_0_ego_planner_node]: Failed to generate the first trajectory!!!
[WARN] [1787834790.294346118] [drone_0_ego_planner_node]: P5 final gate blocked trajectory: action=REQUEST_REPLAN reason=current_low_margin planning_generation_id=60 final_gate_generation_id=60
[ERROR] [1787834790.294373964] [drone_0_ego_planner_node]: Failed to generate the first trajectory!!!
[WARN] [1787834790.310405444] [drone_0_ego_planner_node]: P5 final gate blocked trajectory: action=REQUEST_REPLAN reason=current_low_margin planning_generation_id=60 final_gate_generation_id=60
[ERROR] [1787834790.310435084] [drone_0_ego_planner_node]: Failed to generate the first trajectory!!!
[WARN] [1787834790.324893217] [drone_0_ego_planner_node]: P5 final gate blocked trajectory: action=REQUEST_REPLAN reason=current_low_margin planning_generation_id=60 final_gate_generation_id=60
[ERROR] [1787834790.324917484] [drone_0_ego_planner_node]: Failed to generate the first trajectory!!!
[WARN] [1787834790.341110139] [drone_0_ego_planner_node]: P5 final gate blocked trajectory: action=REQUEST_REPLAN reason=current_low_margin planning_generation_id=60 final_gate_generation_id=60
[ERROR] [1787834790.341139679] [drone_0_ego_planner_node]: Failed to generate the first trajectory!!!
[WARN] [1787834790.357234656] [drone_0_ego_planner_node]: P5 final gate blocked trajectory: action=REQUEST_REPLAN reason=current_low_margin planning_generation_id=60 final_gate_generation_id=60
[ERROR] [1787834790.357261815] [drone_0_ego_planner_node]: Failed to generate the first trajectory!!!
[WARN] [1787834790.373331494] [drone_0_ego_planner_node]: P5 final gate blocked trajectory: action=REQUEST_REPLAN reason=current_low_margin planning_generation_id=60 final_gate_generation_id=60
[ERROR] [1787834790.373360885] [drone_0_ego_planner_node]: Failed to generate the first trajectory!!!
[WARN] [1787834790.387980778] [drone_0_ego_planner_node]: P5 final gate blocked trajectory: action=REQUEST_REPLAN reason=current_low_margin planning_generation_id=60 final_gate_generation_id=60
[ERROR] [1787834790.388006925] [drone_0_ego_planner_node]: Failed to generate the first trajectory!!!
[WARN] [1787834790.404209884] [drone_0_ego_planner_node]: P5 final gate blocked trajectory: action=REQUEST_REPLAN reason=current_low_margin planning_generation_id=60 final_gate_generation_id=60
[ERROR] [1787834790.404239410] [drone_0_ego_planner_node]: Failed to generate the first trajectory!!!
[WARN] [1787834790.418750413] [drone_0_ego_planner_node]: P5 final gate blocked trajectory: action=REQUEST_REPLAN reason=current_low_margin planning_generation_id=60 final_gate_generation_id=60
[ERROR] [1787834790.418772528] [drone_0_ego_planner_node]: Failed to generate the first trajectory!!!
[WARN] [1787834790.433329176] [drone_0_ego_planner_node]: P5 final gate blocked trajectory: action=REQUEST_REPLAN reason=current_low_margin planning_generation_id=60 final_gate_generation_id=60
[ERROR] [1787834790.433351531] [drone_0_ego_planner_node]: Failed to generate the first trajectory!!!
[WARN] [1787834790.449504686] [drone_0_ego_planner_node]: P5 final gate blocked trajectory: action=REQUEST_REPLAN reason=current_low_margin planning_generation_id=60 final_gate_generation_id=60
[ERROR] [1787834790.449533245] [drone_0_ego_planner_node]: Failed to generate the first trajectory!!!
[WARN] [1787834790.465571761] [drone_0_ego_planner_node]: P5 final gate blocked trajectory: action=REQUEST_REPLAN reason=current_low_margin planning_generation_id=60 final_gate_generation_id=60
[ERROR] [1787834790.465599359] [drone_0_ego_planner_node]: Failed to generate the first trajectory!!!
[WARN] [1787834790.480171097] [drone_0_ego_planner_node]: P5 final gate blocked trajectory: action=REQUEST_REPLAN reason=current_low_margin planning_generation_id=60 final_gate_generation_id=60
[ERROR] [1787834790.480194100] [drone_0_ego_planner_node]: Failed to generate the first trajectory!!!
[WARN] [1787834790.496344950] [drone_0_ego_planner_node]: P5 final gate blocked trajectory: action=REQUEST_REPLAN reason=current_low_margin planning_generation_id=60 final_gate_generation_id=60
[ERROR] [1787834790.496374066] [drone_0_ego_planner_node]: Failed to generate the first trajectory!!!
[WARN] [1787834790.512435171] [drone_0_ego_planner_node]: P5 final gate blocked trajectory: action=REQUEST_REPLAN reason=current_low_margin planning_generation_id=60 final_gate_generation_id=60
[ERROR] [1787834790.512464284] [drone_0_ego_planner_node]: Failed to generate the first trajectory!!!
[WARN] [1787834790.528543969] [drone_0_ego_planner_node]: P5 final gate blocked trajectory: action=REQUEST_REPLAN reason=current_low_margin planning_generation_id=60 final_gate_generation_id=60
[ERROR] [1787834790.528571996] [drone_0_ego_planner_node]: Failed to generate the first trajectory!!!
[WARN] [1787834790.543092498] [drone_0_ego_planner_node]: P5 final gate blocked trajectory: action=REQUEST_REPLAN reason=current_low_margin planning_generation_id=60 final_gate_generation_id=60
[ERROR] [1787834790.543113931] [drone_0_ego_planner_node]: Failed to generate the first trajectory!!!
[WARN] [1787834790.559221144] [drone_0_ego_planner_node]: P5 final gate blocked trajectory: action=REQUEST_REPLAN reason=current_low_margin planning_generation_id=60 final_gate_generation_id=60
[ERROR] [1787834790.559248028] [drone_0_ego_planner_node]: Failed to generate the first trajectory!!!
[WARN] [1787834790.575315597] [drone_0_ego_planner_node]: P5 final gate blocked trajectory: action=REQUEST_REPLAN reason=current_low_margin planning_generation_id=60 final_gate_generation_id=60
[ERROR] [1787834790.575342586] [drone_0_ego_planner_node]: Failed to generate the first trajectory!!!
[WARN] [1787834790.589944261] [drone_0_ego_planner_node]: P5 final gate blocked trajectory: action=REQUEST_REPLAN reason=current_low_margin planning_generation_id=60 final_gate_generation_id=60
[ERROR] [1787834790.589967805] [drone_0_ego_planner_node]: Failed to generate the first trajectory!!!
[WARN] [1787834790.605977553] [drone_0_ego_planner_node]: P5 final gate blocked trajectory: action=REQUEST_REPLAN reason=current_low_margin planning_generation_id=60 final_gate_generation_id=60
[ERROR] [1787834790.606005488] [drone_0_ego_planner_node]: Failed to generate the first trajectory!!!
[WARN] [1787834790.620670229] [drone_0_ego_planner_node]: P5 final gate blocked trajectory: action=REQUEST_REPLAN reason=current_low_margin planning_generation_id=60 final_gate_generation_id=60
[ERROR] [1787834790.620694370] [drone_0_ego_planner_node]: Failed to generate the first trajectory!!!
[WARN] [1787834790.638295754] [drone_0_ego_planner_node]: P5 final gate blocked trajectory: action=REQUEST_REPLAN reason=current_low_margin planning_generation_id=61 final_gate_generation_id=61
[ERROR] [1787834790.638325552] [drone_0_ego_planner_node]: Failed to generate the first trajectory!!!
[INFO] [1787834790.639097341] [drone_0_ego_planner_node]: [p0] risk grid ready=1 stale=0 age=0.000 valid=0.999 unknown=0.001 gen=61 provider_queries=127840 occupied_skip=160 provider_stale=0 provider_invalid=0 gnss_used=127840 lidar_used=93240 prior_used=127840 stale_current_prior=0 regularized=127840 conservative_max=0 lidar_points=28922 lidar_fim_primitives=481 lidar_fim_valid_normals=481 lidar_fim_fallback= dominant_unknown=occupied_skip:160 refresh_stamp=1657065640.680509 grid_stamp=1657065640.680509 elapsed_ms=279.418 queries=128000 reason=ok
[WARN] [1787834790.654335733] [drone_0_ego_planner_node]: P5 final gate blocked trajectory: action=REQUEST_REPLAN reason=current_low_margin planning_generation_id=61 final_gate_generation_id=61
[ERROR] [1787834790.654361866] [drone_0_ego_planner_node]: Failed to generate the first trajectory!!!
[WARN] [1787834790.670576332] [drone_0_ego_planner_node]: P5 final gate blocked trajectory: action=REQUEST_REPLAN reason=current_low_margin planning_generation_id=61 final_gate_generation_id=61
[ERROR] [1787834790.670604551] [drone_0_ego_planner_node]: Failed to generate the first trajectory!!!
[WARN] [1787834790.686717775] [drone_0_ego_planner_node]: P5 final gate blocked trajectory: action=REQUEST_REPLAN reason=current_low_margin planning_generation_id=61 final_gate_generation_id=61
[ERROR] [1787834790.686747287] [drone_0_ego_planner_node]: Failed to generate the first trajectory!!!
[WARN] [1787834790.701484319] [drone_0_ego_planner_node]: P5 final gate blocked trajectory: action=REQUEST_REPLAN reason=current_low_margin planning_generation_id=61 final_gate_generation_id=61
[ERROR] [1787834790.701505331] [drone_0_ego_planner_node]: Failed to generate the first trajectory!!!
[WARN] [1787834790.717572051] [drone_0_ego_planner_node]: P5 final gate blocked trajectory: action=REQUEST_REPLAN reason=current_low_margin planning_generation_id=61 final_gate_generation_id=61
[ERROR] [1787834790.717599430] [drone_0_ego_planner_node]: Failed to generate the first trajectory!!!
[WARN] [1787834790.733632443] [drone_0_ego_planner_node]: P5 final gate blocked trajectory: action=REQUEST_REPLAN reason=current_low_margin planning_generation_id=61 final_gate_generation_id=61
[ERROR] [1787834790.733659054] [drone_0_ego_planner_node]: Failed to generate the first trajectory!!!
[WARN] [1787834790.749747678] [drone_0_ego_planner_node]: P5 final gate blocked trajectory: action=REQUEST_REPLAN reason=current_low_margin planning_generation_id=61 final_gate_generation_id=61
[ERROR] [1787834790.749776449] [drone_0_ego_planner_node]: Failed to generate the first trajectory!!!
[WARN] [1787834790.765776032] [drone_0_ego_planner_node]: P5 final gate blocked trajectory: action=REQUEST_REPLAN reason=current_low_margin planning_generation_id=61 final_gate_generation_id=61
[ERROR] [1787834790.765805095] [drone_0_ego_planner_node]: Failed to generate the first trajectory!!!
[WARN] [1787834790.781791009] [drone_0_ego_planner_node]: P5 final gate blocked trajectory: action=REQUEST_REPLAN reason=current_low_margin planning_generation_id=61 final_gate_generation_id=61
[ERROR] [1787834790.781817326] [drone_0_ego_planner_node]: Failed to generate the first trajectory!!!
[WARN] [1787834790.797965760] [drone_0_ego_planner_node]: P5 final gate blocked trajectory: action=REQUEST_REPLAN reason=current_low_margin planning_generation_id=61 final_gate_generation_id=61
[ERROR] [1787834790.797995930] [drone_0_ego_planner_node]: Failed to generate the first trajectory!!!
[WARN] [1787834790.812537387] [drone_0_ego_planner_node]: P5 final gate blocked trajectory: action=REQUEST_REPLAN reason=current_low_margin planning_generation_id=61 final_gate_generation_id=61
[ERROR] [1787834790.812561869] [drone_0_ego_planner_node]: Failed to generate the first trajectory!!!
[WARN] [1787834790.827165828] [drone_0_ego_planner_node]: P5 final gate blocked trajectory: action=REQUEST_REPLAN reason=current_low_margin planning_generation_id=61 final_gate_generation_id=61
[ERROR] [1787834790.827188521] [drone_0_ego_planner_node]: Failed to generate the first trajectory!!!
[WARN] [1787834790.841757544] [drone_0_ego_planner_node]: P5 final gate blocked trajectory: action=REQUEST_REPLAN reason=current_low_margin planning_generation_id=61 final_gate_generation_id=61
[ERROR] [1787834790.841781141] [drone_0_ego_planner_node]: Failed to generate the first trajectory!!!
[WARN] [1787834790.857796541] [drone_0_ego_planner_node]: P5 final gate blocked trajectory: action=REQUEST_REPLAN reason=current_low_margin planning_generation_id=61 final_gate_generation_id=61
[ERROR] [1787834790.857825165] [drone_0_ego_planner_node]: Failed to generate the first trajectory!!!
[WARN] [1787834790.872368346] [drone_0_ego_planner_node]: P5 final gate blocked trajectory: action=REQUEST_REPLAN reason=current_low_margin planning_generation_id=61 final_gate_generation_id=61
[ERROR] [1787834790.872392086] [drone_0_ego_planner_node]: Failed to generate the first trajectory!!!
[WARN] [1787834790.886983096] [drone_0_ego_planner_node]: P5 final gate blocked trajectory: action=REQUEST_REPLAN reason=current_low_margin planning_generation_id=61 final_gate_generation_id=61
[ERROR] [1787834790.887006330] [drone_0_ego_planner_node]: Failed to generate the first trajectory!!!
[WARN] [1787834790.903034051] [drone_0_ego_planner_node]: P5 final gate blocked trajectory: action=REQUEST_REPLAN reason=current_low_margin planning_generation_id=61 final_gate_generation_id=61
[ERROR] [1787834790.903062276] [drone_0_ego_planner_node]: Failed to generate the first trajectory!!!
[WARN] [1787834790.919142695] [drone_0_ego_planner_node]: P5 final gate blocked trajectory: action=REQUEST_REPLAN reason=current_low_margin planning_generation_id=61 final_gate_generation_id=61
[ERROR] [1787834790.919170546] [drone_0_ego_planner_node]: Failed to generate the first trajectory!!!
[WARN] [1787834790.935229067] [drone_0_ego_planner_node]: P5 final gate blocked trajectory: action=REQUEST_REPLAN reason=current_low_margin planning_generation_id=61 final_gate_generation_id=61
[ERROR] [1787834790.935256278] [drone_0_ego_planner_node]: Failed to generate the first trajectory!!!
[WARN] [1787834790.951362315] [drone_0_ego_planner_node]: P5 final gate blocked trajectory: action=REQUEST_REPLAN reason=current_low_margin planning_generation_id=61 final_gate_generation_id=61
[ERROR] [1787834790.951391629] [drone_0_ego_planner_node]: Failed to generate the first trajectory!!!
[WARN] [1787834790.967503068] [drone_0_ego_planner_node]: P5 final gate blocked trajectory: action=REQUEST_REPLAN reason=current_low_margin planning_generation_id=61 final_gate_generation_id=61
[ERROR] [1787834790.967529885] [drone_0_ego_planner_node]: Failed to generate the first trajectory!!!
[WARN] [1787834790.983636614] [drone_0_ego_planner_node]: P5 final gate blocked trajectory: action=REQUEST_REPLAN reason=current_low_margin planning_generation_id=61 final_gate_generation_id=61
[ERROR] [1787834790.983665096] [drone_0_ego_planner_node]: Failed to generate the first trajectory!!!
[WARN] [1787834790.999873980] [drone_0_ego_planner_node]: P5 final gate blocked trajectory: action=REQUEST_REPLAN reason=current_low_margin planning_generation_id=61 final_gate_generation_id=61
[ERROR] [1787834790.999903262] [drone_0_ego_planner_node]: Failed to generate the first trajectory!!!
[WARN] [1787834791.015981464] [drone_0_ego_planner_node]: P5 final gate blocked trajectory: action=REQUEST_REPLAN reason=current_low_margin planning_generation_id=61 final_gate_generation_id=61
[ERROR] [1787834791.016009623] [drone_0_ego_planner_node]: Failed to generate the first trajectory!!!
[WARN] [1787834791.032021482] [drone_0_ego_planner_node]: P5 final gate blocked trajectory: action=REQUEST_REPLAN reason=current_low_margin planning_generation_id=61 final_gate_generation_id=61
[ERROR] [1787834791.032048896] [drone_0_ego_planner_node]: Failed to generate the first trajectory!!!
[WARN] [1787834791.046632866] [drone_0_ego_planner_node]: P5 final gate blocked trajectory: action=REQUEST_REPLAN reason=current_low_margin planning_generation_id=61 final_gate_generation_id=61
[ERROR] [1787834791.046654268] [drone_0_ego_planner_node]: Failed to generate the first trajectory!!!
[WARN] [1787834791.062706949] [drone_0_ego_planner_node]: P5 final gate blocked trajectory: action=REQUEST_REPLAN reason=current_low_margin planning_generation_id=61 final_gate_generation_id=61
[ERROR] [1787834791.062734772] [drone_0_ego_planner_node]: Failed to generate the first trajectory!!!
[WARN] [1787834791.078912924] [drone_0_ego_planner_node]: P5 final gate blocked trajectory: action=REQUEST_REPLAN reason=current_low_margin planning_generation_id=61 final_gate_generation_id=61
[ERROR] [1787834791.078941908] [drone_0_ego_planner_node]: Failed to generate the first trajectory!!!
[WARN] [1787834791.094927974] [drone_0_ego_planner_node]: P5 final gate blocked trajectory: action=REQUEST_REPLAN reason=current_low_margin planning_generation_id=61 final_gate_generation_id=61
[ERROR] [1787834791.094956005] [drone_0_ego_planner_node]: Failed to generate the first trajectory!!!
[WARN] [1787834791.111025627] [drone_0_ego_planner_node]: P5 final gate blocked trajectory: action=REQUEST_REPLAN reason=current_low_margin planning_generation_id=61 final_gate_generation_id=61
[ERROR] [1787834791.111054210] [drone_0_ego_planner_node]: Failed to generate the first trajectory!!!
[WARN] [1787834791.125703320] [drone_0_ego_planner_node]: P5 final gate blocked trajectory: action=REQUEST_REPLAN reason=current_low_margin planning_generation_id=61 final_gate_generation_id=61
[ERROR] [1787834791.125728438] [drone_0_ego_planner_node]: Failed to generate the first trajectory!!!
[WARN] [1787834791.143117787] [drone_0_ego_planner_node]: P5 final gate blocked trajectory: action=REQUEST_REPLAN reason=current_low_margin planning_generation_id=62 final_gate_generation_id=62
[ERROR] [1787834791.143145771] [drone_0_ego_planner_node]: Failed to generate the first trajectory!!!
[WARN] [1787834791.159161915] [drone_0_ego_planner_node]: P5 final gate blocked trajectory: action=REQUEST_REPLAN reason=current_low_margin planning_generation_id=62 final_gate_generation_id=62
[ERROR] [1787834791.159191764] [drone_0_ego_planner_node]: Failed to generate the first trajectory!!!
[WARN] [1787834791.175148374] [drone_0_ego_planner_node]: P5 final gate blocked trajectory: action=REQUEST_REPLAN reason=current_low_margin planning_generation_id=62 final_gate_generation_id=62
[ERROR] [1787834791.175176324] [drone_0_ego_planner_node]: Failed to generate the first trajectory!!!
[WARN] [1787834791.189765221] [drone_0_ego_planner_node]: P5 final gate blocked trajectory: action=REQUEST_REPLAN reason=current_low_margin planning_generation_id=62 final_gate_generation_id=62
[ERROR] [1787834791.189790242] [drone_0_ego_planner_node]: Failed to generate the first trajectory!!!
[WARN] [1787834791.204384071] [drone_0_ego_planner_node]: P5 final gate blocked trajectory: action=REQUEST_REPLAN reason=current_low_margin planning_generation_id=62 final_gate_generation_id=62
[ERROR] [1787834791.204407620] [drone_0_ego_planner_node]: Failed to generate the first trajectory!!!
[WARN] [1787834791.220421869] [drone_0_ego_planner_node]: P5 final gate blocked trajectory: action=REQUEST_REPLAN reason=current_low_margin planning_generation_id=62 final_gate_generation_id=62
[ERROR] [1787834791.220449477] [drone_0_ego_planner_node]: Failed to generate the first trajectory!!!
[WARN] [1787834791.235003592] [drone_0_ego_planner_node]: P5 final gate blocked trajectory: action=REQUEST_REPLAN reason=current_low_margin planning_generation_id=62 final_gate_generation_id=62
[ERROR] [1787834791.235025678] [drone_0_ego_planner_node]: Failed to generate the first trajectory!!!
[WARN] [1787834791.251160839] [drone_0_ego_planner_node]: P5 final gate blocked trajectory: action=REQUEST_REPLAN reason=current_low_margin planning_generation_id=62 final_gate_generation_id=62
[ERROR] [1787834791.251190093] [drone_0_ego_planner_node]: Failed to generate the first trajectory!!!
[WARN] [1787834791.267255134] [drone_0_ego_planner_node]: P5 final gate blocked trajectory: action=REQUEST_REPLAN reason=current_low_margin planning_generation_id=62 final_gate_generation_id=62
[ERROR] [1787834791.267285779] [drone_0_ego_planner_node]: Failed to generate the first trajectory!!!
[WARN] [1787834791.283324361] [drone_0_ego_planner_node]: P5 final gate blocked trajectory: action=REQUEST_REPLAN reason=current_low_margin planning_generation_id=62 final_gate_generation_id=62
[ERROR] [1787834791.283354169] [drone_0_ego_planner_node]: Failed to generate the first trajectory!!!
[WARN] [1787834791.297912916] [drone_0_ego_planner_node]: P5 final gate blocked trajectory: action=REQUEST_REPLAN reason=current_low_margin planning_generation_id=62 final_gate_generation_id=62
[ERROR] [1787834791.297935266] [drone_0_ego_planner_node]: Failed to generate the first trajectory!!!
[WARN] [1787834791.312481623] [drone_0_ego_planner_node]: P5 final gate blocked trajectory: action=REQUEST_REPLAN reason=current_low_margin planning_generation_id=62 final_gate_generation_id=62
[ERROR] [1787834791.312504779] [drone_0_ego_planner_node]: Failed to generate the first trajectory!!!
[WARN] [1787834791.327085649] [drone_0_ego_planner_node]: P5 final gate blocked trajectory: action=REQUEST_REPLAN reason=current_low_margin planning_generation_id=62 final_gate_generation_id=62
[ERROR] [1787834791.327107924] [drone_0_ego_planner_node]: Failed to generate the first trajectory!!!
[WARN] [1787834791.343074688] [drone_0_ego_planner_node]: P5 final gate blocked trajectory: action=REQUEST_REPLAN reason=current_low_margin planning_generation_id=62 final_gate_generation_id=62
[ERROR] [1787834791.343102879] [drone_0_ego_planner_node]: Failed to generate the first trajectory!!!
[WARN] [1787834791.359103953] [drone_0_ego_planner_node]: P5 final gate blocked trajectory: action=REQUEST_REPLAN reason=current_low_margin planning_generation_id=62 final_gate_generation_id=62
[ERROR] [1787834791.359133114] [drone_0_ego_planner_node]: Failed to generate the first trajectory!!!
[WARN] [1787834791.373739382] [drone_0_ego_planner_node]: P5 final gate blocked trajectory: action=REQUEST_REPLAN reason=current_low_margin planning_generation_id=62 final_gate_generation_id=62
[ERROR] [1787834791.373766574] [drone_0_ego_planner_node]: Failed to generate the first trajectory!!!
[WARN] [1787834791.388373232] [drone_0_ego_planner_node]: P5 final gate blocked trajectory: action=REQUEST_REPLAN reason=current_low_margin planning_generation_id=62 final_gate_generation_id=62
[ERROR] [1787834791.388398218] [drone_0_ego_planner_node]: Failed to generate the first trajectory!!!
[WARN] [1787834791.402903149] [drone_0_ego_planner_node]: P5 final gate blocked trajectory: action=REQUEST_REPLAN reason=current_low_margin planning_generation_id=62 final_gate_generation_id=62
[ERROR] [1787834791.402925167] [drone_0_ego_planner_node]: Failed to generate the first trajectory!!!
[WARN] [1787834791.418943179] [drone_0_ego_planner_node]: P5 final gate blocked trajectory: action=REQUEST_REPLAN reason=current_low_margin planning_generation_id=62 final_gate_generation_id=62
[ERROR] [1787834791.418971624] [drone_0_ego_planner_node]: Failed to generate the first trajectory!!!
[WARN] [1787834791.434916415] [drone_0_ego_planner_node]: P5 final gate blocked trajectory: action=REQUEST_REPLAN reason=current_low_margin planning_generation_id=62 final_gate_generation_id=62
[ERROR] [1787834791.434943448] [drone_0_ego_planner_node]: Failed to generate the first trajectory!!!
[WARN] [1787834791.450852339] [drone_0_ego_planner_node]: P5 final gate blocked trajectory: action=REQUEST_REPLAN reason=current_low_margin planning_generation_id=62 final_gate_generation_id=62
[ERROR] [1787834791.450881568] [drone_0_ego_planner_node]: Failed to generate the first trajectory!!!
[WARN] [1787834791.466877892] [drone_0_ego_planner_node]: P5 final gate blocked trajectory: action=REQUEST_REPLAN reason=current_low_margin planning_generation_id=62 final_gate_generation_id=62
[ERROR] [1787834791.466904764] [drone_0_ego_planner_node]: Failed to generate the first trajectory!!!
[WARN] [1787834791.481421233] [drone_0_ego_planner_node]: P5 final gate blocked trajectory: action=REQUEST_REPLAN reason=current_low_margin planning_generation_id=62 final_gate_generation_id=62
[ERROR] [1787834791.481444056] [drone_0_ego_planner_node]: Failed to generate the first trajectory!!!
[WARN] [1787834791.497466632] [drone_0_ego_planner_node]: P5 final gate blocked trajectory: action=REQUEST_REPLAN reason=current_low_margin planning_generation_id=62 final_gate_generation_id=62
[ERROR] [1787834791.497493283] [drone_0_ego_planner_node]: Failed to generate the first trajectory!!!
[WARN] [1787834791.513550196] [drone_0_ego_planner_node]: P5 final gate blocked trajectory: action=REQUEST_REPLAN reason=current_low_margin planning_generation_id=62 final_gate_generation_id=62
[ERROR] [1787834791.513578364] [drone_0_ego_planner_node]: Failed to generate the first trajectory!!!
[WARN] [1787834791.529618978] [drone_0_ego_planner_node]: P5 final gate blocked trajectory: action=REQUEST_REPLAN reason=current_low_margin planning_generation_id=62 final_gate_generation_id=62
[ERROR] [1787834791.529646856] [drone_0_ego_planner_node]: Failed to generate the first trajectory!!!
[WARN] [1787834791.544244993] [drone_0_ego_planner_node]: P5 final gate blocked trajectory: action=REQUEST_REPLAN reason=current_low_margin planning_generation_id=62 final_gate_generation_id=62
[ERROR] [1787834791.544267780] [drone_0_ego_planner_node]: Failed to generate the first trajectory!!!
[WARN] [1787834791.560291154] [drone_0_ego_planner_node]: P5 final gate blocked trajectory: action=REQUEST_REPLAN reason=current_low_margin planning_generation_id=62 final_gate_generation_id=62
[ERROR] [1787834791.560317568] [drone_0_ego_planner_node]: Failed to generate the first trajectory!!!
[WARN] [1787834791.574880958] [drone_0_ego_planner_node]: P5 final gate blocked trajectory: action=REQUEST_REPLAN reason=current_low_margin planning_generation_id=62 final_gate_generation_id=62
[ERROR] [1787834791.574903955] [drone_0_ego_planner_node]: Failed to generate the first trajectory!!!
[WARN] [1787834791.590856555] [drone_0_ego_planner_node]: P5 final gate blocked trajectory: action=REQUEST_REPLAN reason=current_low_margin planning_generation_id=62 final_gate_generation_id=62
[ERROR] [1787834791.590884427] [drone_0_ego_planner_node]: Failed to generate the first trajectory!!!
[WARN] [1787834791.606840708] [drone_0_ego_planner_node]: P5 final gate blocked trajectory: action=REQUEST_REPLAN reason=current_low_margin planning_generation_id=62 final_gate_generation_id=62
[ERROR] [1787834791.606868527] [drone_0_ego_planner_node]: Failed to generate the first trajectory!!!
[WARN] [1787834791.622807190] [drone_0_ego_planner_node]: P5 final gate using latest risk snapshot: planning_generation_id=62 final_gate_generation_id=63
[WARN] [1787834791.622958880] [drone_0_ego_planner_node]: P5 final gate blocked trajectory: action=REQUEST_REPLAN reason=current_low_margin planning_generation_id=62 final_gate_generation_id=63
[ERROR] [1787834791.622968885] [drone_0_ego_planner_node]: Failed to generate the first trajectory!!!
[WARN] [1787834791.639013303] [drone_0_ego_planner_node]: P5 final gate blocked trajectory: action=REQUEST_REPLAN reason=current_low_margin planning_generation_id=63 final_gate_generation_id=63
[ERROR] [1787834791.639035750] [drone_0_ego_planner_node]: Failed to generate the first trajectory!!!
[WARN] [1787834791.655123296] [drone_0_ego_planner_node]: P5 final gate blocked trajectory: action=REQUEST_REPLAN reason=current_low_margin planning_generation_id=63 final_gate_generation_id=63
[ERROR] [1787834791.655150423] [drone_0_ego_planner_node]: Failed to generate the first trajectory!!!
[WARN] [1787834791.671190697] [drone_0_ego_planner_node]: P5 final gate blocked trajectory: action=REQUEST_REPLAN reason=current_low_margin planning_generation_id=63 final_gate_generation_id=63
[ERROR] [1787834791.671217976] [drone_0_ego_planner_node]: Failed to generate the first trajectory!!!
[WARN] [1787834791.685852358] [drone_0_ego_planner_node]: P5 final gate blocked trajectory: action=REQUEST_REPLAN reason=current_low_margin planning_generation_id=63 final_gate_generation_id=63
[ERROR] [1787834791.685879830] [drone_0_ego_planner_node]: Failed to generate the first trajectory!!!
[WARN] [1787834791.701846472] [drone_0_ego_planner_node]: P5 final gate blocked trajectory: action=REQUEST_REPLAN reason=current_low_margin planning_generation_id=63 final_gate_generation_id=63
[ERROR] [1787834791.701877048] [drone_0_ego_planner_node]: Failed to generate the first trajectory!!!
[WARN] [1787834791.716439680] [drone_0_ego_planner_node]: P5 final gate blocked trajectory: action=REQUEST_REPLAN reason=current_low_margin planning_generation_id=63 final_gate_generation_id=63
[ERROR] [1787834791.716462643] [drone_0_ego_planner_node]: Failed to generate the first trajectory!!!
[WARN] [1787834791.732515166] [drone_0_ego_planner_node]: P5 final gate blocked trajectory: action=REQUEST_REPLAN reason=current_low_margin planning_generation_id=63 final_gate_generation_id=63
[ERROR] [1787834791.732542941] [drone_0_ego_planner_node]: Failed to generate the first trajectory!!!
[WARN] [1787834791.748623389] [drone_0_ego_planner_node]: P5 final gate blocked trajectory: action=REQUEST_REPLAN reason=current_low_margin planning_generation_id=63 final_gate_generation_id=63
[ERROR] [1787834791.748652057] [drone_0_ego_planner_node]: Failed to generate the first trajectory!!!
[WARN] [1787834791.764701615] [drone_0_ego_planner_node]: P5 final gate blocked trajectory: action=REQUEST_REPLAN reason=current_low_margin planning_generation_id=63 final_gate_generation_id=63
[ERROR] [1787834791.764730588] [drone_0_ego_planner_node]: Failed to generate the first trajectory!!!
[WARN] [1787834791.779410014] [drone_0_ego_planner_node]: P5 final gate blocked trajectory: action=REQUEST_REPLAN reason=current_low_margin planning_generation_id=63 final_gate_generation_id=63
[ERROR] [1787834791.779433883] [drone_0_ego_planner_node]: Failed to generate the first trajectory!!!
[WARN] [1787834791.795435715] [drone_0_ego_planner_node]: P5 final gate blocked trajectory: action=REQUEST_REPLAN reason=current_low_margin planning_generation_id=63 final_gate_generation_id=63
[ERROR] [1787834791.795461743] [drone_0_ego_planner_node]: Failed to generate the first trajectory!!!
[WARN] [1787834791.811499652] [drone_0_ego_planner_node]: P5 final gate blocked trajectory: action=REQUEST_REPLAN reason=current_low_margin planning_generation_id=63 final_gate_generation_id=63
[ERROR] [1787834791.811524706] [drone_0_ego_planner_node]: Failed to generate the first trajectory!!!
[WARN] [1787834791.827506404] [drone_0_ego_planner_node]: P5 final gate blocked trajectory: action=REQUEST_REPLAN reason=current_low_margin planning_generation_id=63 final_gate_generation_id=63
[ERROR] [1787834791.827530104] [drone_0_ego_planner_node]: Failed to generate the first trajectory!!!
[WARN] [1787834791.843501190] [drone_0_ego_planner_node]: P5 final gate blocked trajectory: action=REQUEST_REPLAN reason=current_low_margin planning_generation_id=63 final_gate_generation_id=63
[ERROR] [1787834791.843528499] [drone_0_ego_planner_node]: Failed to generate the first trajectory!!!
[WARN] [1787834791.858087671] [drone_0_ego_planner_node]: P5 final gate blocked trajectory: action=REQUEST_REPLAN reason=current_low_margin planning_generation_id=63 final_gate_generation_id=63
[ERROR] [1787834791.858109527] [drone_0_ego_planner_node]: Failed to generate the first trajectory!!!
[WARN] [1787834791.872649522] [drone_0_ego_planner_node]: P5 final gate blocked trajectory: action=REQUEST_REPLAN reason=current_low_margin planning_generation_id=63 final_gate_generation_id=63
[ERROR] [1787834791.872671835] [drone_0_ego_planner_node]: Failed to generate the first trajectory!!!
[WARN] [1787834791.888838479] [drone_0_ego_planner_node]: P5 final gate blocked trajectory: action=REQUEST_REPLAN reason=current_low_margin planning_generation_id=63 final_gate_generation_id=63
[ERROR] [1787834791.888869841] [drone_0_ego_planner_node]: Failed to generate the first trajectory!!!
[WARN] [1787834791.903371643] [drone_0_ego_planner_node]: P5 final gate blocked trajectory: action=REQUEST_REPLAN reason=current_low_margin planning_generation_id=63 final_gate_generation_id=63
[ERROR] [1787834791.903394655] [drone_0_ego_planner_node]: Failed to generate the first trajectory!!!
[WARN] [1787834791.919706338] [drone_0_ego_planner_node]: P5 final gate blocked trajectory: action=REQUEST_REPLAN reason=current_low_margin planning_generation_id=63 final_gate_generation_id=63
[ERROR] [1787834791.919734172] [drone_0_ego_planner_node]: Failed to generate the first trajectory!!!
[WARN] [1787834791.935791002] [drone_0_ego_planner_node]: P5 final gate blocked trajectory: action=REQUEST_REPLAN reason=current_low_margin planning_generation_id=63 final_gate_generation_id=63
[ERROR] [1787834791.935820052] [drone_0_ego_planner_node]: Failed to generate the first trajectory!!!
[WARN] [1787834791.950369975] [drone_0_ego_planner_node]: P5 final gate blocked trajectory: action=REQUEST_REPLAN reason=current_low_margin planning_generation_id=63 final_gate_generation_id=63
[ERROR] [1787834791.950393225] [drone_0_ego_planner_node]: Failed to generate the first trajectory!!!
[WARN] [1787834791.966391663] [drone_0_ego_planner_node]: P5 final gate blocked trajectory: action=REQUEST_REPLAN reason=current_low_margin planning_generation_id=63 final_gate_generation_id=63
[ERROR] [1787834791.966415703] [drone_0_ego_planner_node]: Failed to generate the first trajectory!!!
[WARN] [1787834791.981037491] [drone_0_ego_planner_node]: P5 final gate blocked trajectory: action=REQUEST_REPLAN reason=current_low_margin planning_generation_id=63 final_gate_generation_id=63
[ERROR] [1787834791.981059630] [drone_0_ego_planner_node]: Failed to generate the first trajectory!!!
[WARN] [1787834791.997056863] [drone_0_ego_planner_node]: P5 final gate blocked trajectory: action=REQUEST_REPLAN reason=current_low_margin planning_generation_id=63 final_gate_generation_id=63
[ERROR] [1787834791.997088902] [drone_0_ego_planner_node]: Failed to generate the first trajectory!!!
[WARN] [1787834792.013289269] [drone_0_ego_planner_node]: P5 final gate blocked trajectory: action=REQUEST_REPLAN reason=current_low_margin planning_generation_id=63 final_gate_generation_id=63
[ERROR] [1787834792.013318594] [drone_0_ego_planner_node]: Failed to generate the first trajectory!!!
[WARN] [1787834792.029394470] [drone_0_ego_planner_node]: P5 final gate blocked trajectory: action=REQUEST_REPLAN reason=current_low_margin planning_generation_id=63 final_gate_generation_id=63
[ERROR] [1787834792.029422583] [drone_0_ego_planner_node]: Failed to generate the first trajectory!!!
[WARN] [1787834792.045541541] [drone_0_ego_planner_node]: P5 final gate blocked trajectory: action=REQUEST_REPLAN reason=current_low_margin planning_generation_id=63 final_gate_generation_id=63
[ERROR] [1787834792.045568553] [drone_0_ego_planner_node]: Failed to generate the first trajectory!!!
[WARN] [1787834792.061797156] [drone_0_ego_planner_node]: P5 final gate blocked trajectory: action=REQUEST_REPLAN reason=current_low_margin planning_generation_id=63 final_gate_generation_id=63
[ERROR] [1787834792.061825757] [drone_0_ego_planner_node]: Failed to generate the first trajectory!!!
[WARN] [1787834792.077937238] [drone_0_ego_planner_node]: P5 final gate blocked trajectory: action=REQUEST_REPLAN reason=current_low_margin planning_generation_id=63 final_gate_generation_id=63
[ERROR] [1787834792.077965972] [drone_0_ego_planner_node]: Failed to generate the first trajectory!!!
[WARN] [1787834792.094288298] [drone_0_ego_planner_node]: P5 final gate blocked trajectory: action=REQUEST_REPLAN reason=current_low_margin planning_generation_id=63 final_gate_generation_id=63
[ERROR] [1787834792.094317933] [drone_0_ego_planner_node]: Failed to generate the first trajectory!!!
[WARN] [1787834792.110454661] [drone_0_ego_planner_node]: P5 final gate blocked trajectory: action=REQUEST_REPLAN reason=current_low_margin planning_generation_id=63 final_gate_generation_id=63
[ERROR] [1787834792.110483679] [drone_0_ego_planner_node]: Failed to generate the first trajectory!!!
[WARN] [1787834792.126737931] [drone_0_ego_planner_node]: P5 final gate blocked trajectory: action=REQUEST_REPLAN reason=current_low_margin planning_generation_id=63 final_gate_generation_id=63
[ERROR] [1787834792.126766950] [drone_0_ego_planner_node]: Failed to generate the first trajectory!!!
[WARN] [1787834792.144470310] [drone_0_ego_planner_node]: P5 final gate blocked trajectory: action=REQUEST_REPLAN reason=current_low_margin planning_generation_id=64 final_gate_generation_id=64
[ERROR] [1787834792.144499091] [drone_0_ego_planner_node]: Failed to generate the first trajectory!!!
[WARN] [1787834792.160578191] [drone_0_ego_planner_node]: P5 final gate blocked trajectory: action=REQUEST_REPLAN reason=current_low_margin planning_generation_id=64 final_gate_generation_id=64
[ERROR] [1787834792.160606317] [drone_0_ego_planner_node]: Failed to generate the first trajectory!!!
[WARN] [1787834792.175198019] [drone_0_ego_planner_node]: P5 final gate blocked trajectory: action=REQUEST_REPLAN reason=current_low_margin planning_generation_id=64 final_gate_generation_id=64
[ERROR] [1787834792.175220048] [drone_0_ego_planner_node]: Failed to generate the first trajectory!!!
[WARN] [1787834792.191205365] [drone_0_ego_planner_node]: P5 final gate blocked trajectory: action=REQUEST_REPLAN reason=current_low_margin planning_generation_id=64 final_gate_generation_id=64
[ERROR] [1787834792.191227594] [drone_0_ego_planner_node]: Failed to generate the first trajectory!!!
[WARN] [1787834792.207296275] [drone_0_ego_planner_node]: P5 final gate blocked trajectory: action=REQUEST_REPLAN reason=current_low_margin planning_generation_id=64 final_gate_generation_id=64
[ERROR] [1787834792.207325890] [drone_0_ego_planner_node]: Failed to generate the first trajectory!!!
[WARN] [1787834792.223420266] [drone_0_ego_planner_node]: P5 final gate blocked trajectory: action=REQUEST_REPLAN reason=current_low_margin planning_generation_id=64 final_gate_generation_id=64
[ERROR] [1787834792.223449666] [drone_0_ego_planner_node]: Failed to generate the first trajectory!!!
[WARN] [1787834792.237975632] [drone_0_ego_planner_node]: P5 final gate blocked trajectory: action=REQUEST_REPLAN reason=current_low_margin planning_generation_id=64 final_gate_generation_id=64
[ERROR] [1787834792.237998051] [drone_0_ego_planner_node]: Failed to generate the first trajectory!!!
[WARN] [1787834792.254026629] [drone_0_ego_planner_node]: P5 final gate blocked trajectory: action=REQUEST_REPLAN reason=current_low_margin planning_generation_id=64 final_gate_generation_id=64
[ERROR] [1787834792.254054854] [drone_0_ego_planner_node]: Failed to generate the first trajectory!!!
[WARN] [1787834792.270260863] [drone_0_ego_planner_node]: P5 final gate blocked trajectory: action=REQUEST_REPLAN reason=current_low_margin planning_generation_id=64 final_gate_generation_id=64
[ERROR] [1787834792.270288644] [drone_0_ego_planner_node]: Failed to generate the first trajectory!!!
[WARN] [1787834792.286361396] [drone_0_ego_planner_node]: P5 final gate blocked trajectory: action=REQUEST_REPLAN reason=current_low_margin planning_generation_id=64 final_gate_generation_id=64
[ERROR] [1787834792.286389641] [drone_0_ego_planner_node]: Failed to generate the first trajectory!!!
[WARN] [1787834792.302416376] [drone_0_ego_planner_node]: P5 final gate blocked trajectory: action=REQUEST_REPLAN reason=current_low_margin planning_generation_id=64 final_gate_generation_id=64
[ERROR] [1787834792.302441663] [drone_0_ego_planner_node]: Failed to generate the first trajectory!!!
[WARN] [1787834792.318514390] [drone_0_ego_planner_node]: P5 final gate blocked trajectory: action=REQUEST_REPLAN reason=current_low_margin planning_generation_id=64 final_gate_generation_id=64
[ERROR] [1787834792.318542092] [drone_0_ego_planner_node]: Failed to generate the first trajectory!!!
[WARN] [1787834792.334511980] [drone_0_ego_planner_node]: P5 final gate blocked trajectory: action=REQUEST_REPLAN reason=current_low_margin planning_generation_id=64 final_gate_generation_id=64
[ERROR] [1787834792.334538454] [drone_0_ego_planner_node]: Failed to generate the first trajectory!!!
[WARN] [1787834792.349107401] [drone_0_ego_planner_node]: P5 final gate blocked trajectory: action=REQUEST_REPLAN reason=current_low_margin planning_generation_id=64 final_gate_generation_id=64
[ERROR] [1787834792.349129797] [drone_0_ego_planner_node]: Failed to generate the first trajectory!!!
[WARN] [1787834792.365237553] [drone_0_ego_planner_node]: P5 final gate blocked trajectory: action=REQUEST_REPLAN reason=current_low_margin planning_generation_id=64 final_gate_generation_id=64
[ERROR] [1787834792.365268209] [drone_0_ego_planner_node]: Failed to generate the first trajectory!!!
[WARN] [1787834792.381444994] [drone_0_ego_planner_node]: P5 final gate blocked trajectory: action=REQUEST_REPLAN reason=current_low_margin planning_generation_id=64 final_gate_generation_id=64
[ERROR] [1787834792.381475141] [drone_0_ego_planner_node]: Failed to generate the first trajectory!!!
[WARN] [1787834792.397614018] [drone_0_ego_planner_node]: P5 final gate blocked trajectory: action=REQUEST_REPLAN reason=current_low_margin planning_generation_id=64 final_gate_generation_id=64
[ERROR] [1787834792.397641174] [drone_0_ego_planner_node]: Failed to generate the first trajectory!!!
[WARN] [1787834792.413757543] [drone_0_ego_planner_node]: P5 final gate blocked trajectory: action=REQUEST_REPLAN reason=current_low_margin planning_generation_id=64 final_gate_generation_id=64
[ERROR] [1787834792.413785168] [drone_0_ego_planner_node]: Failed to generate the first trajectory!!!
[WARN] [1787834792.428538633] [drone_0_ego_planner_node]: P5 final gate blocked trajectory: action=REQUEST_REPLAN reason=current_low_margin planning_generation_id=64 final_gate_generation_id=64
[ERROR] [1787834792.428562757] [drone_0_ego_planner_node]: Failed to generate the first trajectory!!!
[WARN] [1787834792.444794172] [drone_0_ego_planner_node]: P5 final gate blocked trajectory: action=REQUEST_REPLAN reason=current_low_margin planning_generation_id=64 final_gate_generation_id=64
[ERROR] [1787834792.444822095] [drone_0_ego_planner_node]: Failed to generate the first trajectory!!!
[WARN] [1787834792.459395404] [drone_0_ego_planner_node]: P5 final gate blocked trajectory: action=REQUEST_REPLAN reason=current_low_margin planning_generation_id=64 final_gate_generation_id=64
[ERROR] [1787834792.459418182] [drone_0_ego_planner_node]: Failed to generate the first trajectory!!!
[WARN] [1787834792.475506295] [drone_0_ego_planner_node]: P5 final gate blocked trajectory: action=REQUEST_REPLAN reason=current_low_margin planning_generation_id=64 final_gate_generation_id=64
[ERROR] [1787834792.475535278] [drone_0_ego_planner_node]: Failed to generate the first trajectory!!!
[WARN] [1787834792.491629640] [drone_0_ego_planner_node]: P5 final gate blocked trajectory: action=REQUEST_REPLAN reason=current_low_margin planning_generation_id=64 final_gate_generation_id=64
[ERROR] [1787834792.491658485] [drone_0_ego_planner_node]: Failed to generate the first trajectory!!!
[WARN] [1787834792.507704548] [drone_0_ego_planner_node]: P5 final gate blocked trajectory: action=REQUEST_REPLAN reason=current_low_margin planning_generation_id=64 final_gate_generation_id=64
[ERROR] [1787834792.507732352] [drone_0_ego_planner_node]: Failed to generate the first trajectory!!!
[WARN] [1787834792.523713484] [drone_0_ego_planner_node]: P5 final gate blocked trajectory: action=REQUEST_REPLAN reason=current_low_margin planning_generation_id=64 final_gate_generation_id=64
[ERROR] [1787834792.523739389] [drone_0_ego_planner_node]: Failed to generate the first trajectory!!!
[WARN] [1787834792.539805351] [drone_0_ego_planner_node]: P5 final gate blocked trajectory: action=REQUEST_REPLAN reason=current_low_margin planning_generation_id=64 final_gate_generation_id=64
[ERROR] [1787834792.539835174] [drone_0_ego_planner_node]: Failed to generate the first trajectory!!!
[WARN] [1787834792.555843840] [drone_0_ego_planner_node]: P5 final gate blocked trajectory: action=REQUEST_REPLAN reason=current_low_margin planning_generation_id=64 final_gate_generation_id=64
[ERROR] [1787834792.555872972] [drone_0_ego_planner_node]: Failed to generate the first trajectory!!!
[WARN] [1787834792.570562907] [drone_0_ego_planner_node]: P5 final gate blocked trajectory: action=REQUEST_REPLAN reason=current_low_margin planning_generation_id=64 final_gate_generation_id=64
[ERROR] [1787834792.570586505] [drone_0_ego_planner_node]: Failed to generate the first trajectory!!!
[WARN] [1787834792.586619561] [drone_0_ego_planner_node]: P5 final gate blocked trajectory: action=REQUEST_REPLAN reason=current_low_margin planning_generation_id=64 final_gate_generation_id=64
[ERROR] [1787834792.586647388] [drone_0_ego_planner_node]: Failed to generate the first trajectory!!!
[WARN] [1787834792.602696931] [drone_0_ego_planner_node]: P5 final gate blocked trajectory: action=REQUEST_REPLAN reason=current_low_margin planning_generation_id=64 final_gate_generation_id=64
[ERROR] [1787834792.602724855] [drone_0_ego_planner_node]: Failed to generate the first trajectory!!!
[WARN] [1787834792.618937121] [drone_0_ego_planner_node]: P5 final gate blocked trajectory: action=REQUEST_REPLAN reason=current_low_margin planning_generation_id=64 final_gate_generation_id=64
[ERROR] [1787834792.618968512] [drone_0_ego_planner_node]: Failed to generate the first trajectory!!!
[WARN] [1787834792.634960663] [drone_0_ego_planner_node]: P5 final gate using latest risk snapshot: planning_generation_id=64 final_gate_generation_id=65
[WARN] [1787834792.635113246] [drone_0_ego_planner_node]: P5 final gate blocked trajectory: action=REQUEST_REPLAN reason=current_low_margin planning_generation_id=64 final_gate_generation_id=65
[ERROR] [1787834792.635123861] [drone_0_ego_planner_node]: Failed to generate the first trajectory!!!
[INFO] [1787834792.640080329] [drone_0_ego_planner_node]: [p0] risk grid ready=1 stale=0 age=0.000 valid=0.999 unknown=0.001 gen=65 provider_queries=127840 occupied_skip=160 provider_stale=0 provider_invalid=0 gnss_used=127840 lidar_used=93240 prior_used=127840 stale_current_prior=0 regularized=127840 conservative_max=0 lidar_points=28922 lidar_fim_primitives=481 lidar_fim_valid_normals=481 lidar_fim_fallback= dominant_unknown=occupied_skip:160 refresh_stamp=1657065642.680512 grid_stamp=1657065642.680512 elapsed_ms=280.325 queries=128000 reason=ok
[WARN] [1787834792.652492026] [drone_0_ego_planner_node]: P5 final gate blocked trajectory: action=REQUEST_REPLAN reason=current_low_margin planning_generation_id=65 final_gate_generation_id=65
[ERROR] [1787834792.652519771] [drone_0_ego_planner_node]: Failed to generate the first trajectory!!!
[WARN] [1787834792.668528049] [drone_0_ego_planner_node]: P5 final gate blocked trajectory: action=REQUEST_REPLAN reason=current_low_margin planning_generation_id=65 final_gate_generation_id=65
[ERROR] [1787834792.668552222] [drone_0_ego_planner_node]: Failed to generate the first trajectory!!!
[WARN] [1787834792.683160740] [drone_0_ego_planner_node]: P5 final gate blocked trajectory: action=REQUEST_REPLAN reason=current_low_margin planning_generation_id=65 final_gate_generation_id=65
[ERROR] [1787834792.683185102] [drone_0_ego_planner_node]: Failed to generate the first trajectory!!!
[WARN] [1787834792.697717741] [drone_0_ego_planner_node]: P5 final gate blocked trajectory: action=REQUEST_REPLAN reason=current_low_margin planning_generation_id=65 final_gate_generation_id=65
[ERROR] [1787834792.697740285] [drone_0_ego_planner_node]: Failed to generate the first trajectory!!!
[WARN] [1787834792.713792878] [drone_0_ego_planner_node]: P5 final gate blocked trajectory: action=REQUEST_REPLAN reason=current_low_margin planning_generation_id=65 final_gate_generation_id=65
[ERROR] [1787834792.713820827] [drone_0_ego_planner_node]: Failed to generate the first trajectory!!!
[WARN] [1787834792.728378059] [drone_0_ego_planner_node]: P5 final gate blocked trajectory: action=REQUEST_REPLAN reason=current_low_margin planning_generation_id=65 final_gate_generation_id=65
[ERROR] [1787834792.728401144] [drone_0_ego_planner_node]: Failed to generate the first trajectory!!!
[WARN] [1787834792.744510494] [drone_0_ego_planner_node]: P5 final gate blocked trajectory: action=REQUEST_REPLAN reason=current_low_margin planning_generation_id=65 final_gate_generation_id=65
[ERROR] [1787834792.744537787] [drone_0_ego_planner_node]: Failed to generate the first trajectory!!!
[WARN] [1787834792.760562942] [drone_0_ego_planner_node]: P5 final gate blocked trajectory: action=REQUEST_REPLAN reason=current_low_margin planning_generation_id=65 final_gate_generation_id=65
[ERROR] [1787834792.760590873] [drone_0_ego_planner_node]: Failed to generate the first trajectory!!!
[WARN] [1787834792.775234504] [drone_0_ego_planner_node]: P5 final gate blocked trajectory: action=REQUEST_REPLAN reason=current_low_margin planning_generation_id=65 final_gate_generation_id=65
[ERROR] [1787834792.775258407] [drone_0_ego_planner_node]: Failed to generate the first trajectory!!!
[WARN] [1787834792.789871529] [drone_0_ego_planner_node]: P5 final gate blocked trajectory: action=REQUEST_REPLAN reason=current_low_margin planning_generation_id=65 final_gate_generation_id=65
[ERROR] [1787834792.789897294] [drone_0_ego_planner_node]: Failed to generate the first trajectory!!!
[WARN] [1787834792.805897090] [drone_0_ego_planner_node]: P5 final gate blocked trajectory: action=REQUEST_REPLAN reason=current_low_margin planning_generation_id=65 final_gate_generation_id=65
[ERROR] [1787834792.805928543] [drone_0_ego_planner_node]: Failed to generate the first trajectory!!!
[WARN] [1787834792.821989031] [drone_0_ego_planner_node]: P5 final gate blocked trajectory: action=REQUEST_REPLAN reason=current_low_margin planning_generation_id=65 final_gate_generation_id=65
[ERROR] [1787834792.822021066] [drone_0_ego_planner_node]: Failed to generate the first trajectory!!!
[WARN] [1787834792.836443006] [drone_0_ego_planner_node]: P5 final gate blocked trajectory: action=REQUEST_REPLAN reason=current_low_margin planning_generation_id=65 final_gate_generation_id=65
[ERROR] [1787834792.836465977] [drone_0_ego_planner_node]: Failed to generate the first trajectory!!!
[WARN] [1787834792.852517119] [drone_0_ego_planner_node]: P5 final gate blocked trajectory: action=REQUEST_REPLAN reason=current_low_margin planning_generation_id=65 final_gate_generation_id=65
[ERROR] [1787834792.852547472] [drone_0_ego_planner_node]: Failed to generate the first trajectory!!!
[WARN] [1787834792.868650280] [drone_0_ego_planner_node]: P5 final gate blocked trajectory: action=REQUEST_REPLAN reason=current_low_margin planning_generation_id=65 final_gate_generation_id=65
[ERROR] [1787834792.868680146] [drone_0_ego_planner_node]: Failed to generate the first trajectory!!!
[WARN] [1787834792.884837994] [drone_0_ego_planner_node]: P5 final gate blocked trajectory: action=REQUEST_REPLAN reason=current_low_margin planning_generation_id=65 final_gate_generation_id=65
[ERROR] [1787834792.884868971] [drone_0_ego_planner_node]: Failed to generate the first trajectory!!!
[WARN] [1787834792.900923261] [drone_0_ego_planner_node]: P5 final gate blocked trajectory: action=REQUEST_REPLAN reason=current_low_margin planning_generation_id=65 final_gate_generation_id=65
[ERROR] [1787834792.900954504] [drone_0_ego_planner_node]: Failed to generate the first trajectory!!!
[WARN] [1787834792.917093321] [drone_0_ego_planner_node]: P5 final gate blocked trajectory: action=REQUEST_REPLAN reason=current_low_margin planning_generation_id=65 final_gate_generation_id=65
[ERROR] [1787834792.917123873] [drone_0_ego_planner_node]: Failed to generate the first trajectory!!!
[WARN] [1787834792.931622473] [drone_0_ego_planner_node]: P5 final gate blocked trajectory: action=REQUEST_REPLAN reason=current_low_margin planning_generation_id=65 final_gate_generation_id=65
[ERROR] [1787834792.931645882] [drone_0_ego_planner_node]: Failed to generate the first trajectory!!!
[WARN] [1787834792.946231367] [drone_0_ego_planner_node]: P5 final gate blocked trajectory: action=REQUEST_REPLAN reason=current_low_margin planning_generation_id=65 final_gate_generation_id=65
[ERROR] [1787834792.946254544] [drone_0_ego_planner_node]: Failed to generate the first trajectory!!!
[WARN] [1787834792.962295331] [drone_0_ego_planner_node]: P5 final gate blocked trajectory: action=REQUEST_REPLAN reason=current_low_margin planning_generation_id=65 final_gate_generation_id=65
[ERROR] [1787834792.962322866] [drone_0_ego_planner_node]: Failed to generate the first trajectory!!!
[WARN] [1787834792.976924552] [drone_0_ego_planner_node]: P5 final gate blocked trajectory: action=REQUEST_REPLAN reason=current_low_margin planning_generation_id=65 final_gate_generation_id=65
[ERROR] [1787834792.976947649] [drone_0_ego_planner_node]: Failed to generate the first trajectory!!!
[WARN] [1787834792.992970856] [drone_0_ego_planner_node]: P5 final gate blocked trajectory: action=REQUEST_REPLAN reason=current_low_margin planning_generation_id=65 final_gate_generation_id=65
[ERROR] [1787834792.992999465] [drone_0_ego_planner_node]: Failed to generate the first trajectory!!!
[WARN] [1787834793.009164690] [drone_0_ego_planner_node]: P5 final gate blocked trajectory: action=REQUEST_REPLAN reason=current_low_margin planning_generation_id=65 final_gate_generation_id=65
[ERROR] [1787834793.009193184] [drone_0_ego_planner_node]: Failed to generate the first trajectory!!!
[WARN] [1787834793.025243920] [drone_0_ego_planner_node]: P5 final gate blocked trajectory: action=REQUEST_REPLAN reason=current_low_margin planning_generation_id=65 final_gate_generation_id=65
[ERROR] [1787834793.025270384] [drone_0_ego_planner_node]: Failed to generate the first trajectory!!!
[WARN] [1787834793.041388579] [drone_0_ego_planner_node]: P5 final gate blocked trajectory: action=REQUEST_REPLAN reason=current_low_margin planning_generation_id=65 final_gate_generation_id=65
[ERROR] [1787834793.041417412] [drone_0_ego_planner_node]: Failed to generate the first trajectory!!!
[WARN] [1787834793.055989271] [drone_0_ego_planner_node]: P5 final gate blocked trajectory: action=REQUEST_REPLAN reason=current_low_margin planning_generation_id=65 final_gate_generation_id=65
[ERROR] [1787834793.056011124] [drone_0_ego_planner_node]: Failed to generate the first trajectory!!!
[WARN] [1787834793.072212150] [drone_0_ego_planner_node]: P5 final gate blocked trajectory: action=REQUEST_REPLAN reason=current_low_margin planning_generation_id=65 final_gate_generation_id=65
[ERROR] [1787834793.072241837] [drone_0_ego_planner_node]: Failed to generate the first trajectory!!!
[WARN] [1787834793.088350456] [drone_0_ego_planner_node]: P5 final gate blocked trajectory: action=REQUEST_REPLAN reason=current_low_margin planning_generation_id=65 final_gate_generation_id=65
[ERROR] [1787834793.088380620] [drone_0_ego_planner_node]: Failed to generate the first trajectory!!!
[WARN] [1787834793.104454249] [drone_0_ego_planner_node]: P5 final gate blocked trajectory: action=REQUEST_REPLAN reason=current_low_margin planning_generation_id=65 final_gate_generation_id=65
[ERROR] [1787834793.104483325] [drone_0_ego_planner_node]: Failed to generate the first trajectory!!!
[WARN] [1787834793.120543372] [drone_0_ego_planner_node]: P5 final gate blocked trajectory: action=REQUEST_REPLAN reason=current_low_margin planning_generation_id=65 final_gate_generation_id=65
[ERROR] [1787834793.120574307] [drone_0_ego_planner_node]: Failed to generate the first trajectory!!!
[WARN] [1787834793.138227192] [drone_0_ego_planner_node]: P5 final gate blocked trajectory: action=REQUEST_REPLAN reason=current_low_margin planning_generation_id=66 final_gate_generation_id=66
[ERROR] [1787834793.138255728] [drone_0_ego_planner_node]: Failed to generate the first trajectory!!!
[WARN] [1787834793.154268707] [drone_0_ego_planner_node]: P5 final gate blocked trajectory: action=REQUEST_REPLAN reason=current_low_margin planning_generation_id=66 final_gate_generation_id=66
[ERROR] [1787834793.154296456] [drone_0_ego_planner_node]: Failed to generate the first trajectory!!!
[WARN] [1787834793.168814603] [drone_0_ego_planner_node]: P5 final gate blocked trajectory: action=REQUEST_REPLAN reason=current_low_margin planning_generation_id=66 final_gate_generation_id=66
[ERROR] [1787834793.168836805] [drone_0_ego_planner_node]: Failed to generate the first trajectory!!!
[WARN] [1787834793.183604520] [drone_0_ego_planner_node]: P5 final gate blocked trajectory: action=REQUEST_REPLAN reason=current_low_margin planning_generation_id=66 final_gate_generation_id=66
[ERROR] [1787834793.183627543] [drone_0_ego_planner_node]: Failed to generate the first trajectory!!!
[WARN] [1787834793.199605421] [drone_0_ego_planner_node]: P5 final gate blocked trajectory: action=REQUEST_REPLAN reason=current_low_margin planning_generation_id=66 final_gate_generation_id=66
[ERROR] [1787834793.199631841] [drone_0_ego_planner_node]: Failed to generate the first trajectory!!!
[WARN] [1787834793.214063468] [drone_0_ego_planner_node]: P5 final gate blocked trajectory: action=REQUEST_REPLAN reason=current_low_margin planning_generation_id=66 final_gate_generation_id=66
[ERROR] [1787834793.214089263] [drone_0_ego_planner_node]: Failed to generate the first trajectory!!!
[WARN] [1787834793.230093349] [drone_0_ego_planner_node]: P5 final gate blocked trajectory: action=REQUEST_REPLAN reason=current_low_margin planning_generation_id=66 final_gate_generation_id=66
[ERROR] [1787834793.230121163] [drone_0_ego_planner_node]: Failed to generate the first trajectory!!!
[WARN] [1787834793.246108193] [drone_0_ego_planner_node]: P5 final gate blocked trajectory: action=REQUEST_REPLAN reason=current_low_margin planning_generation_id=66 final_gate_generation_id=66
[ERROR] [1787834793.246135488] [drone_0_ego_planner_node]: Failed to generate the first trajectory!!!
[WARN] [1787834793.260782984] [drone_0_ego_planner_node]: P5 final gate blocked trajectory: action=REQUEST_REPLAN reason=current_low_margin planning_generation_id=66 final_gate_generation_id=66
[ERROR] [1787834793.260803345] [drone_0_ego_planner_node]: Failed to generate the first trajectory!!!
[WARN] [1787834793.275407238] [drone_0_ego_planner_node]: P5 final gate blocked trajectory: action=REQUEST_REPLAN reason=current_low_margin planning_generation_id=66 final_gate_generation_id=66
[ERROR] [1787834793.275431159] [drone_0_ego_planner_node]: Failed to generate the first trajectory!!!
[WARN] [1787834793.291434246] [drone_0_ego_planner_node]: P5 final gate blocked trajectory: action=REQUEST_REPLAN reason=current_low_margin planning_generation_id=66 final_gate_generation_id=66
[ERROR] [1787834793.291463058] [drone_0_ego_planner_node]: Failed to generate the first trajectory!!!
[WARN] [1787834793.307712217] [drone_0_ego_planner_node]: P5 final gate blocked trajectory: action=REQUEST_REPLAN reason=current_low_margin planning_generation_id=66 final_gate_generation_id=66
[ERROR] [1787834793.307743583] [drone_0_ego_planner_node]: Failed to generate the first trajectory!!!
[WARN] [1787834793.322296574] [drone_0_ego_planner_node]: P5 final gate blocked trajectory: action=REQUEST_REPLAN reason=current_low_margin planning_generation_id=66 final_gate_generation_id=66
[ERROR] [1787834793.322319936] [drone_0_ego_planner_node]: Failed to generate the first trajectory!!!
[WARN] [1787834793.336889347] [drone_0_ego_planner_node]: P5 final gate blocked trajectory: action=REQUEST_REPLAN reason=current_low_margin planning_generation_id=66 final_gate_generation_id=66
[ERROR] [1787834793.336913673] [drone_0_ego_planner_node]: Failed to generate the first trajectory!!!
[WARN] [1787834793.352857527] [drone_0_ego_planner_node]: P5 final gate blocked trajectory: action=REQUEST_REPLAN reason=current_low_margin planning_generation_id=66 final_gate_generation_id=66
[ERROR] [1787834793.352883140] [drone_0_ego_planner_node]: Failed to generate the first trajectory!!!
[WARN] [1787834793.369006074] [drone_0_ego_planner_node]: P5 final gate blocked trajectory: action=REQUEST_REPLAN reason=current_low_margin planning_generation_id=66 final_gate_generation_id=66
[ERROR] [1787834793.369034768] [drone_0_ego_planner_node]: Failed to generate the first trajectory!!!
[WARN] [1787834793.385098215] [drone_0_ego_planner_node]: P5 final gate blocked trajectory: action=REQUEST_REPLAN reason=current_low_margin planning_generation_id=66 final_gate_generation_id=66
[ERROR] [1787834793.385124967] [drone_0_ego_planner_node]: Failed to generate the first trajectory!!!
[WARN] [1787834793.399730063] [drone_0_ego_planner_node]: P5 final gate blocked trajectory: action=REQUEST_REPLAN reason=current_low_margin planning_generation_id=66 final_gate_generation_id=66
[ERROR] [1787834793.399750817] [drone_0_ego_planner_node]: Failed to generate the first trajectory!!!
[WARN] [1787834793.414285299] [drone_0_ego_planner_node]: P5 final gate blocked trajectory: action=REQUEST_REPLAN reason=current_low_margin planning_generation_id=66 final_gate_generation_id=66
[ERROR] [1787834793.414307064] [drone_0_ego_planner_node]: Failed to generate the first trajectory!!!
[WARN] [1787834793.430866472] [drone_0_ego_planner_node]: P5 final gate blocked trajectory: action=REQUEST_REPLAN reason=current_low_margin planning_generation_id=66 final_gate_generation_id=66
[ERROR] [1787834793.430893036] [drone_0_ego_planner_node]: Failed to generate the first trajectory!!!
[WARN] [1787834793.445481259] [drone_0_ego_planner_node]: P5 final gate blocked trajectory: action=REQUEST_REPLAN reason=current_low_margin planning_generation_id=66 final_gate_generation_id=66
[ERROR] [1787834793.445504392] [drone_0_ego_planner_node]: Failed to generate the first trajectory!!!
[WARN] [1787834793.461536923] [drone_0_ego_planner_node]: P5 final gate blocked trajectory: action=REQUEST_REPLAN reason=current_low_margin planning_generation_id=66 final_gate_generation_id=66
[ERROR] [1787834793.461564506] [drone_0_ego_planner_node]: Failed to generate the first trajectory!!!
[WARN] [1787834793.476188341] [drone_0_ego_planner_node]: P5 final gate blocked trajectory: action=REQUEST_REPLAN reason=current_low_margin planning_generation_id=66 final_gate_generation_id=66
[ERROR] [1787834793.476210039] [drone_0_ego_planner_node]: Failed to generate the first trajectory!!!
[WARN] [1787834793.492261077] [drone_0_ego_planner_node]: P5 final gate blocked trajectory: action=REQUEST_REPLAN reason=current_low_margin planning_generation_id=66 final_gate_generation_id=66
[ERROR] [1787834793.492290347] [drone_0_ego_planner_node]: Failed to generate the first trajectory!!!
[WARN] [1787834793.508361628] [drone_0_ego_planner_node]: P5 final gate blocked trajectory: action=REQUEST_REPLAN reason=current_low_margin planning_generation_id=66 final_gate_generation_id=66
[ERROR] [1787834793.508389203] [drone_0_ego_planner_node]: Failed to generate the first trajectory!!!
[WARN] [1787834793.524404218] [drone_0_ego_planner_node]: P5 final gate blocked trajectory: action=REQUEST_REPLAN reason=current_low_margin planning_generation_id=66 final_gate_generation_id=66
[ERROR] [1787834793.524431022] [drone_0_ego_planner_node]: Failed to generate the first trajectory!!!
[WARN] [1787834793.538985049] [drone_0_ego_planner_node]: P5 final gate blocked trajectory: action=REQUEST_REPLAN reason=current_low_margin planning_generation_id=66 final_gate_generation_id=66
[ERROR] [1787834793.539006643] [drone_0_ego_planner_node]: Failed to generate the first trajectory!!!
[WARN] [1787834793.553520831] [drone_0_ego_planner_node]: P5 final gate blocked trajectory: action=REQUEST_REPLAN reason=current_low_margin planning_generation_id=66 final_gate_generation_id=66
[ERROR] [1787834793.553542255] [drone_0_ego_planner_node]: Failed to generate the first trajectory!!!
[WARN] [1787834793.569499157] [drone_0_ego_planner_node]: P5 final gate blocked trajectory: action=REQUEST_REPLAN reason=current_low_margin planning_generation_id=66 final_gate_generation_id=66
[ERROR] [1787834793.569525200] [drone_0_ego_planner_node]: Failed to generate the first trajectory!!!
[WARN] [1787834793.585515246] [drone_0_ego_planner_node]: P5 final gate blocked trajectory: action=REQUEST_REPLAN reason=current_low_margin planning_generation_id=66 final_gate_generation_id=66
[ERROR] [1787834793.585541745] [drone_0_ego_planner_node]: Failed to generate the first trajectory!!!
[WARN] [1787834793.601471123] [drone_0_ego_planner_node]: P5 final gate blocked trajectory: action=REQUEST_REPLAN reason=current_low_margin planning_generation_id=66 final_gate_generation_id=66
[ERROR] [1787834793.601496000] [drone_0_ego_planner_node]: Failed to generate the first trajectory!!!
[WARN] [1787834793.617529273] [drone_0_ego_planner_node]: P5 final gate blocked trajectory: action=REQUEST_REPLAN reason=current_low_margin planning_generation_id=66 final_gate_generation_id=66
[ERROR] [1787834793.617558349] [drone_0_ego_planner_node]: Failed to generate the first trajectory!!!
[WARN] [1787834793.632104810] [drone_0_ego_planner_node]: P5 final gate using latest risk snapshot: planning_generation_id=66 final_gate_generation_id=67
[WARN] [1787834793.632243917] [drone_0_ego_planner_node]: P5 final gate blocked trajectory: action=REQUEST_REPLAN reason=current_low_margin planning_generation_id=66 final_gate_generation_id=67
[ERROR] [1787834793.632251574] [drone_0_ego_planner_node]: Failed to generate the first trajectory!!!
[WARN] [1787834793.648356579] [drone_0_ego_planner_node]: P5 final gate blocked trajectory: action=REQUEST_REPLAN reason=current_low_margin planning_generation_id=67 final_gate_generation_id=67
[ERROR] [1787834793.648379974] [drone_0_ego_planner_node]: Failed to generate the first trajectory!!!
[WARN] [1787834793.664417046] [drone_0_ego_planner_node]: P5 final gate blocked trajectory: action=REQUEST_REPLAN reason=current_low_margin planning_generation_id=67 final_gate_generation_id=67
[ERROR] [1787834793.664445350] [drone_0_ego_planner_node]: Failed to generate the first trajectory!!!
[WARN] [1787834793.680502587] [drone_0_ego_planner_node]: P5 final gate blocked trajectory: action=REQUEST_REPLAN reason=current_low_margin planning_generation_id=67 final_gate_generation_id=67
[ERROR] [1787834793.680529045] [drone_0_ego_planner_node]: Failed to generate the first trajectory!!!
[WARN] [1787834793.695170710] [drone_0_ego_planner_node]: P5 final gate blocked trajectory: action=REQUEST_REPLAN reason=current_low_margin planning_generation_id=67 final_gate_generation_id=67
[ERROR] [1787834793.695192811] [drone_0_ego_planner_node]: Failed to generate the first trajectory!!!
[WARN] [1787834793.712552822] [drone_0_ego_planner_node]: P5 final gate blocked trajectory: action=REQUEST_REPLAN reason=current_low_margin planning_generation_id=67 final_gate_generation_id=67
[ERROR] [1787834793.712579940] [drone_0_ego_planner_node]: Failed to generate the first trajectory!!!
[WARN] [1787834793.728634872] [drone_0_ego_planner_node]: P5 final gate blocked trajectory: action=REQUEST_REPLAN reason=current_low_margin planning_generation_id=67 final_gate_generation_id=67
[ERROR] [1787834793.728659470] [drone_0_ego_planner_node]: Failed to generate the first trajectory!!!
[WARN] [1787834793.744831634] [drone_0_ego_planner_node]: P5 final gate blocked trajectory: action=REQUEST_REPLAN reason=current_low_margin planning_generation_id=67 final_gate_generation_id=67
[ERROR] [1787834793.744858892] [drone_0_ego_planner_node]: Failed to generate the first trajectory!!!
[WARN] [1787834793.760822136] [drone_0_ego_planner_node]: P5 final gate blocked trajectory: action=REQUEST_REPLAN reason=current_low_margin planning_generation_id=67 final_gate_generation_id=67
[ERROR] [1787834793.760848784] [drone_0_ego_planner_node]: Failed to generate the first trajectory!!!
[WARN] [1787834793.776924328] [drone_0_ego_planner_node]: P5 final gate blocked trajectory: action=REQUEST_REPLAN reason=current_low_margin planning_generation_id=67 final_gate_generation_id=67
[ERROR] [1787834793.776956658] [drone_0_ego_planner_node]: Failed to generate the first trajectory!!!
[WARN] [1787834793.793006317] [drone_0_ego_planner_node]: P5 final gate blocked trajectory: action=REQUEST_REPLAN reason=current_low_margin planning_generation_id=67 final_gate_generation_id=67
[ERROR] [1787834793.793034423] [drone_0_ego_planner_node]: Failed to generate the first trajectory!!!
[WARN] [1787834793.809108530] [drone_0_ego_planner_node]: P5 final gate blocked trajectory: action=REQUEST_REPLAN reason=current_low_margin planning_generation_id=67 final_gate_generation_id=67
[ERROR] [1787834793.809136587] [drone_0_ego_planner_node]: Failed to generate the first trajectory!!!
[WARN] [1787834793.823597060] [drone_0_ego_planner_node]: P5 final gate blocked trajectory: action=REQUEST_REPLAN reason=current_low_margin planning_generation_id=67 final_gate_generation_id=67
[ERROR] [1787834793.823620162] [drone_0_ego_planner_node]: Failed to generate the first trajectory!!!
[WARN] [1787834793.839679285] [drone_0_ego_planner_node]: P5 final gate blocked trajectory: action=REQUEST_REPLAN reason=current_low_margin planning_generation_id=67 final_gate_generation_id=67
[ERROR] [1787834793.839706897] [drone_0_ego_planner_node]: Failed to generate the first trajectory!!!
[WARN] [1787834793.855768354] [drone_0_ego_planner_node]: P5 final gate blocked trajectory: action=REQUEST_REPLAN reason=current_low_margin planning_generation_id=67 final_gate_generation_id=67
[ERROR] [1787834793.855798158] [drone_0_ego_planner_node]: Failed to generate the first trajectory!!!
[WARN] [1787834793.872007001] [drone_0_ego_planner_node]: P5 final gate blocked trajectory: action=REQUEST_REPLAN reason=current_low_margin planning_generation_id=67 final_gate_generation_id=67
[ERROR] [1787834793.872035721] [drone_0_ego_planner_node]: Failed to generate the first trajectory!!!
[WARN] [1787834793.888165088] [drone_0_ego_planner_node]: P5 final gate blocked trajectory: action=REQUEST_REPLAN reason=current_low_margin planning_generation_id=67 final_gate_generation_id=67
[ERROR] [1787834793.888193712] [drone_0_ego_planner_node]: Failed to generate the first trajectory!!!
[WARN] [1787834793.902720128] [drone_0_ego_planner_node]: P5 final gate blocked trajectory: action=REQUEST_REPLAN reason=current_low_margin planning_generation_id=67 final_gate_generation_id=67
[ERROR] [1787834793.902742804] [drone_0_ego_planner_node]: Failed to generate the first trajectory!!!
[WARN] [1787834793.917234362] [drone_0_ego_planner_node]: P5 final gate blocked trajectory: action=REQUEST_REPLAN reason=current_low_margin planning_generation_id=67 final_gate_generation_id=67
[ERROR] [1787834793.917258258] [drone_0_ego_planner_node]: Failed to generate the first trajectory!!!
[WARN] [1787834793.931772174] [drone_0_ego_planner_node]: P5 final gate blocked trajectory: action=REQUEST_REPLAN reason=current_low_margin planning_generation_id=67 final_gate_generation_id=67
[ERROR] [1787834793.931792839] [drone_0_ego_planner_node]: Failed to generate the first trajectory!!!
[WARN] [1787834793.947948075] [drone_0_ego_planner_node]: P5 final gate blocked trajectory: action=REQUEST_REPLAN reason=current_low_margin planning_generation_id=67 final_gate_generation_id=67
[ERROR] [1787834793.947973881] [drone_0_ego_planner_node]: Failed to generate the first trajectory!!!
[WARN] [1787834793.964030971] [drone_0_ego_planner_node]: P5 final gate blocked trajectory: action=REQUEST_REPLAN reason=current_low_margin planning_generation_id=67 final_gate_generation_id=67
[ERROR] [1787834793.964059762] [drone_0_ego_planner_node]: Failed to generate the first trajectory!!!
[WARN] [1787834793.980229700] [drone_0_ego_planner_node]: P5 final gate blocked trajectory: action=REQUEST_REPLAN reason=current_low_margin planning_generation_id=67 final_gate_generation_id=67
[ERROR] [1787834793.980259715] [drone_0_ego_planner_node]: Failed to generate the first trajectory!!!
[WARN] [1787834793.996345130] [drone_0_ego_planner_node]: P5 final gate blocked trajectory: action=REQUEST_REPLAN reason=current_low_margin planning_generation_id=67 final_gate_generation_id=67
[ERROR] [1787834793.996372942] [drone_0_ego_planner_node]: Failed to generate the first trajectory!!!
[WARN] [1787834794.010995959] [drone_0_ego_planner_node]: P5 final gate blocked trajectory: action=REQUEST_REPLAN reason=current_low_margin planning_generation_id=67 final_gate_generation_id=67
[ERROR] [1787834794.011018069] [drone_0_ego_planner_node]: Failed to generate the first trajectory!!!
[WARN] [1787834794.027073674] [drone_0_ego_planner_node]: P5 final gate blocked trajectory: action=REQUEST_REPLAN reason=current_low_margin planning_generation_id=67 final_gate_generation_id=67
[ERROR] [1787834794.027103355] [drone_0_ego_planner_node]: Failed to generate the first trajectory!!!
[WARN] [1787834794.043149274] [drone_0_ego_planner_node]: P5 final gate blocked trajectory: action=REQUEST_REPLAN reason=current_low_margin planning_generation_id=67 final_gate_generation_id=67
[ERROR] [1787834794.043176008] [drone_0_ego_planner_node]: Failed to generate the first trajectory!!!
[WARN] [1787834794.059256425] [drone_0_ego_planner_node]: P5 final gate blocked trajectory: action=REQUEST_REPLAN reason=current_low_margin planning_generation_id=67 final_gate_generation_id=67
[ERROR] [1787834794.059283512] [drone_0_ego_planner_node]: Failed to generate the first trajectory!!!
[WARN] [1787834794.075376390] [drone_0_ego_planner_node]: P5 final gate blocked trajectory: action=REQUEST_REPLAN reason=current_low_margin planning_generation_id=67 final_gate_generation_id=67
[ERROR] [1787834794.075407040] [drone_0_ego_planner_node]: Failed to generate the first trajectory!!!
[WARN] [1787834794.091440191] [drone_0_ego_planner_node]: P5 final gate blocked trajectory: action=REQUEST_REPLAN reason=current_low_margin planning_generation_id=67 final_gate_generation_id=67
[ERROR] [1787834794.091467776] [drone_0_ego_planner_node]: Failed to generate the first trajectory!!!
[INFO] [1787834794.099893171] [rclcpp]: signal_handler(SIGINT/SIGTERM)
