[INFO] [launch]: All log files can be found below /home/dev/ws_iap/src/iap/results/icra27/icra035/ros_log/2026-08-23-17-00-05-588278-mint-X-3687977
[INFO] [launch]: Default logging verbosity is set to INFO
[INFO] [launch.user]: [test_planner] self-contained planner closed-loop demo
[INFO] [launch.user]: [test_planner] experiment: p0_open_sky
[INFO] [launch.user]: [test_planner] scenario: gnss_open_sky
[INFO] [launch.user]: [test_planner] runtime IAP config: /home/dev/ws_iap/src/iap/results/icra27/icra035/runs/benchmark/runtime/iap_sim_demo11_test_planner_3687977_1787504405600/sim_demo11
[INFO] [launch.user]: [test_planner] export dir: /home/dev/ws_iap/src/iap/results/icra27/icra035/runs/benchmark/exports/test_planner_p0_open_sky_gnss_open_sky_3687977_1787504405600
[INFO] [launch.user]: [test_planner] evidence run_id: 892174d0df744f37bff745090819fa6b schema: p1_evidence_provenance_v4
[INFO] [launch.user]: [test_planner] planner_safety_profile: off
[INFO] [launch.user]: [test_planner] safety switches: {'p1': False, 'p2': False, 'p3_local': False, 'p3_global': False, 'p4': False, 'p5_runtime': False, 'p5_final': False}, p0=True
[INFO] [launch.user]: [test_planner] GNSS scenario: /home/dev/ws_iap/src/iap/results/icra27/icra035/install/share/iap/config/gnss_sim/demo7_open_sky.yaml
[INFO] [launch.user]: [test_planner] rosbag output: /home/dev/ws_iap/src/iap/results/planner_validation/bags/test_planner_p0_open_sky_gnss_open_sky_20260823T170005Z
[INFO] [launch.user]: [test_planner] delaying EGO planner/traj_server by 10.00s
[INFO] [demo11_corridor_map_publisher-1]: process started with pid [3687998]
[INFO] [pcl_render_node-2]: process started with pid [3687999]
[INFO] [demo4_lidar_body_bridge-3]: process started with pid [3688000]
[INFO] [iap_rosnode-4]: process started with pid [3688001]
[INFO] [poscmd_2_odom-5]: process started with pid [3688002]
[INFO] [odom_visualization-6]: process started with pid [3688017]
[INFO] [odom_visualization-7]: process started with pid [3688018]
[INFO] [odom_visualization-8]: process started with pid [3688021]
[INFO] [gnss_sim_node-9]: process started with pid [3688025]
[INFO] [so3_quadrotor_simulator-10]: process started with pid [3688033]
[INFO] [component_container-11]: process started with pid [3688036]
[INFO] [planner_evidence_provenance_publisher.py-12]: process started with pid [3688038]
[demo11_corridor_map_publisher-1] [INFO] [1787504405.765360656] [test_planner_corridor_map_publisher]: Demo11 forest built: area 20.0m x 20.0m split into four 10.0m x 10.0m regions, 4.0m stratified cells, trees LL/LR/UL/UR=9/9/9/9, density LL/LR/UL/UR=0.02/0.02/0.02/0.02 trees/m^2, canopy LL/LR/UL/UR=0/0/0/0, canopy radius 0.50-1.50m, canopy density LL/LR/UL/UR=0.00/0.00/0.00/0.00, height range 0.30-1.15m, 23309 total points, terminal wall enabled at x=12.80m y=0.00m width_y=5.00m z=0.00-3.20m thickness_x=0.20m feature_depth_x=0.35m feature_count=24 feature_seed=11022 wall_points=22313, corridor walls=disabled floor=enabled x=-14.00..13.00m half_width_y=2.00m z=0.00..3.00m corridor_points=11111, p0_6_fixture=disabled name= x=-1.50..1.50 y=-0.75..0.75 z=1.00..2.00 fixture_points=0, resolution 0.10m, seed 11
[demo4_lidar_body_bridge-3] [INFO] [1787504405.763444537] [test_planner_lidar_body_bridge]: demo4 lidar body bridge ready cloud=/sim/drone_0/lidar odom=/sim/drone_0/truth_odom output=/sim/drone_0/lidar_body frame=lidar max_odom_lookup_dt=0.050
[pcl_render_node-2] [INFO] [1787504405.770233779] [drone_0_pcl_render_node]: pcl_render ready cloud_topic=pcl_render_node/cloud sensing_horizon=10.000 sensing_rate=10.000 map_resolution=0.100
[gnss_sim_node-9] [INFO] [1787504405.771466896] [test_planner_gnss_sim_node]: Loaded GNSS scenario file: /home/dev/ws_iap/src/iap/results/icra27/icra035/install/share/iap/config/gnss_sim/demo7_open_sky.yaml
[gnss_sim_node-9] [INFO] [1787504405.771566508] [test_planner_gnss_sim_node]: GNSS sim config: scenario_file=/home/dev/ws_iap/src/iap/results/icra27/icra035/install/share/iap/config/gnss_sim/demo7_open_sky.yaml ephemeris_source=rinex enabled_constellations=GPS,BDS,GAL,GLO enable_fault_injection=false fault_count=0
[so3_quadrotor_simulator-10] [INFO] [1787504405.772190931] [drone_0_quadrotor_simulator_so3]: simulation epoch enabled: start_utc=2022-07-06T00:00:00Z unix=1657065600
[so3_quadrotor_simulator-10] [INFO] [1787504405.772337213] [drone_0_quadrotor_simulator_so3]: IAP IMU topic enabled: /sim/drone_0/imu_iap
[iap_rosnode-4] [INFO] [1787504405.774185699] [test_planner_iap_rosnode]: iap init stage=config path=/home/dev/ws_iap/src/iap/results/icra27/icra035/runs/benchmark/runtime/iap_sim_demo11_test_planner_3687977_1787504405600/sim_demo11
[gnss_sim_node-9] [INFO] [1787504405.776007740] [test_planner_gnss_sim_node]: gnss_sim_node v2 started: truth_odom_topic=/sim/drone_0/truth_odom time_source=odom_stamp origin_lla=[31.2304000, 121.4737000, 25.00]
[iap_rosnode-4] [INFO] [1787504405.777074965] [test_planner_iap_rosnode]: iap init stage=run_logs ready dir=/home/dev/ws_iap/src/iap/results/icra27/icra035/runs/benchmark/runtime/iap_logs/20260823T170005Z_774
[iap_rosnode-4] [2026-08-23 17:00:05.777] [glim] [info] config_path: /home/dev/ws_iap/src/iap/results/icra27/icra035/runs/benchmark/runtime/iap_sim_demo11_test_planner_3687977_1787504405600/sim_demo11
[iap_rosnode-4] [2026-08-23 17:00:05.777] [glim] [info] run_dir: /home/dev/ws_iap/src/iap/results/icra27/icra035/runs/benchmark/runtime/iap_logs/20260823T170005Z_774
[iap_rosnode-4] [2026-08-23 17:00:05.777] [glim] [info] registered GPU linearization hook
[iap_rosnode-4] [2026-08-23 17:00:05.777] [glim] [info] dump_path: /home/dev/ws_iap/src/iap/results/icra27/icra035/runs/benchmark/runtime/iap_logs/20260823T170005Z_774/export/dump (legacy config value: /home/dev/ws_iap/src/iap/results/icra27/icra035/runs/benchmark/runtime/iap_sim_demo11_test_planner_3687977_1787504405600/dump)
[iap_rosnode-4] [INFO] [1787504405.777353308] [test_planner_iap_rosnode]: iap init stage=load_core_modules
[iap_rosnode-4] [2026-08-23 17:00:05.777] [glim] [info] load libodometry_estimation_cpu.so
[iap_rosnode-4] [2026-08-23 17:00:05.777] [glim] [warning] param odometry_estimation/clk_bias_noise not found
[iap_rosnode-4] [2026-08-23 17:00:05.777] [glim] [warning] use default_value=100
[iap_rosnode-4] [2026-08-23 17:00:05.777] [glim] [warning] param odometry_estimation/clk_drift_noise not found
[iap_rosnode-4] [2026-08-23 17:00:05.777] [glim] [warning] use default_value=1
[iap_rosnode-4] [2026-08-23 17:00:05.777] [glim] [warning] param odometry_estimation/clk_bias_relin_thresh not found
[iap_rosnode-4] [2026-08-23 17:00:05.777] [glim] [warning] use default_value=500
[iap_rosnode-4] [2026-08-23 17:00:05.777] [glim] [warning] param odometry_estimation/clk_drift_relin_thresh not found
[iap_rosnode-4] [2026-08-23 17:00:05.777] [glim] [warning] use default_value=5
[iap_rosnode-4] [2026-08-23 17:00:05.777] [glim] [warning] param odometry_estimation/sigma_p_update_scope not found
[iap_rosnode-4] [2026-08-23 17:00:05.777] [glim] [warning] use default_value=current
[iap_rosnode-4] [2026-08-23 17:00:05.777] [glim] [warning] param odometry_estimation/icp_cond_threshold not found
[iap_rosnode-4] [2026-08-23 17:00:05.777] [glim] [warning] use default_value=500
[iap_rosnode-4] [2026-08-23 17:00:05.777] [glim] [warning] param odometry_estimation/gamma_lidar_max not found
[iap_rosnode-4] [2026-08-23 17:00:05.777] [glim] [warning] use default_value=10
[iap_rosnode-4] [2026-08-23 17:00:05.777] [glim] [warning] param odometry_estimation/enable_icp_csv not found
[iap_rosnode-4] [2026-08-23 17:00:05.777] [glim] [warning] use default_value=false
[iap_rosnode-4] [2026-08-23 17:00:05.777] [glim] [warning] param odometry_estimation/icp_csv_path not found
[iap_rosnode-4] [2026-08-23 17:00:05.777] [glim] [warning] use default_value=/tmp/iap_icp.csv
[iap_rosnode-4] [2026-08-23 17:00:05.777] [glim] [info] [odometry_cpu] enable_icp_csv=false icp_csv_path=/home/dev/ws_iap/src/iap/results/icra27/icra035/runs/benchmark/runtime/iap_logs/20260823T170005Z_774/export/iap_icp.csv
[iap_rosnode-4] [2026-08-23 17:00:05.777] [odom] [info] clock_owner_mode=gnss odometry_owns_clock=false
[iap_rosnode-4] [2026-08-23 17:00:05.777] [odom] [info] relinearization policy {b:dim=6:th=[0.100,0.100,0.100,0.100,0.100,0.100], c:dim=2:th=[500.000,5.000], e:dim=3:th=[0.100,0.100,0.100], l:dim=2:th=[0.100,0.100], r:dim=3:th=[0.100,0.100,0.100], v:dim=3:th=[0.100,0.100,0.100], x:dim=6:th=[0.100,0.100,0.100,0.100,0.100,0.100]}
[gnss_sim_node-9] [INFO] [1787504405.803221924] [test_planner_gnss_sim_node]: Loaded 3017 GPS/BDS/GAL and 1070 GLONASS ephemeris records from RINEX NAV file: /home/dev/ws_iap/src/LIGO./Data/BRDM00DLR_S_20221870000_01D_MN.rnx
[iap_rosnode-4] [2026-08-23 17:00:05.886] [glim] [warning] scan-to-multi-scan mode requires registration_type=VGICP (got GICP). Set use_scan_to_map=true or switch to VGICP.
[iap_rosnode-4] [2026-08-23 17:00:05.886] [glim] [info] load libsub_mapping.so
[iap_rosnode-4] [2026-08-23 17:00:05.886] [glim] [warning] param sub_mapping/submap_target_num_points not found
[iap_rosnode-4] [2026-08-23 17:00:05.886] [glim] [warning] use default_value=-1
[iap_rosnode-4] [2026-08-23 17:00:05.886] [glim] [info] load libglobal_mapping.so
[iap_rosnode-4] [2026-08-23 17:00:05.886] [glim] [warning] param global_mapping/submap_voxel_resolution_max not found
[iap_rosnode-4] [2026-08-23 17:00:05.886] [glim] [warning] use default_value=0.5
[iap_rosnode-4] [2026-08-23 17:00:05.886] [glim] [warning] param global_mapping/submap_voxel_resolution_dmin not found
[iap_rosnode-4] [2026-08-23 17:00:05.886] [glim] [warning] use default_value=5
[iap_rosnode-4] [2026-08-23 17:00:05.886] [glim] [warning] param global_mapping/submap_voxel_resolution_dmax not found
[iap_rosnode-4] [2026-08-23 17:00:05.886] [glim] [warning] use default_value=20
[iap_rosnode-4] [2026-08-23 17:00:05.887] [global] [info] multiscan_window=3: global_mapping will only connect submaps within 3 recent neighbors
[iap_rosnode-4] [INFO] [1787504405.887482540] [test_planner_iap_rosnode]: iap init stage=load_extension_modules
[iap_rosnode-4] [2026-08-23 17:00:05.887] [glim] [info] load libgnss_extension.so
[iap_rosnode-4] [2026-08-23 17:00:05.889] [gnss_ext] [info] [gnss_ext] Config loaded: pr_σ=1 dop_σ=0.03 elev_cut=10° canopy=[1,0.5,5,α=2] lever=[0.000,0.000,0.000] clk_q=[1,0.1] σ_E=5 σ_R=0.087
[iap_rosnode-4] [2026-08-23 17:00:05.889] [gnss_ext] [info] [gnss_ext] clock_owner_mode=gnss gnss_owns_clock=true
[iap_rosnode-4] [2026-08-23 17:00:05.889] [gnss_ext] [info] GnssExtensionModule created — waiting for NavSatFix origin
[iap_rosnode-4] [2026-08-23 17:00:05.889] [gnss_ext] [info] [gnss_ext] timing_csv=ENABLED path=/home/dev/ws_iap/src/iap/results/icra27/icra035/runs/benchmark/runtime/iap_logs/20260823T170005Z_774/profiling/iap_timing.csv
[iap_rosnode-4] [2026-08-23 17:00:05.889] [gnss_ext] [info] [gnss_ext] enable_debug_csv=true
[iap_rosnode-4] [2026-08-23 17:00:05.889] [gnss_ext] [info] [gnss_ext] Debug CSV logging ENABLED → /home/dev/ws_iap/src/iap/results/icra27/icra035/runs/benchmark/runtime/iap_logs/20260823T170005Z_774/export/iap_gnss_factor_debug.csv
[iap_rosnode-4] [2026-08-23 17:00:05.889] [gnss_ext] [info] GnssExtensionModule: subscriptions created
[iap_rosnode-4] [2026-08-23 17:00:05.892] [glim] [info] load libintegrity_extension.so
[iap_rosnode-4] [2026-08-23 17:00:05.892] [integrity_ext] [info] ━━━━━━━━━━━━━━━━━━━━━━━━━━━━━━━━━━━━━━━━━━━━━━━━━━━
[iap_rosnode-4] [2026-08-23 17:00:05.892] [integrity_ext] [info] [IntegrityExt] ■ Module master:  ENABLED
[iap_rosnode-4] [2026-08-23 17:00:05.892] [integrity_ext] [info] [IntegrityExt] ■ ARAIM:          ENABLED  (needs GNSS epoch)
[iap_rosnode-4] [2026-08-23 17:00:05.892] [integrity_ext] [info] [IntegrityExt] ■ FGO sigma_p:    ENABLED  (smoother marginal cov)
[iap_rosnode-4] [2026-08-23 17:00:05.892] [integrity_ext] [info] [IntegrityExt] ■ Dynamic AL:     ENABLED  (trunk HAL + altitude VAL)
[iap_rosnode-4] [2026-08-23 17:00:05.892] [integrity_ext] [info] [IntegrityExt] ■ Publish topic:  /iap/integrity
[iap_rosnode-4] [2026-08-23 17:00:05.892] [integrity_ext] [info] [IntegrityExt] ■ RViz markers:   disabled  topic=/iap/araim_envelopes
[iap_rosnode-4] [2026-08-23 17:00:05.892] [integrity_ext] [info] [IntegrityExt] ■ P5-5 fixture:   disabled  name=current_integrity_stamp_freeze_v1 start=30.000s duration=12.000s
[iap_rosnode-4] [2026-08-23 17:00:05.892] [integrity_ext] [info] ━━━━━━━━━━━━━━━━━━━━━━━━━━━━━━━━━━━━━━━━━━━━━━━━━━━
[iap_rosnode-4] [2026-08-23 17:00:05.892] [integrity_ext] [info] [IntegrityExt] GNSS ARAIM constellation hypotheses: disabled
[iap_rosnode-4] [2026-08-23 17:00:05.892] [glim] [info] [araim_debug] CSV logging to: /home/dev/ws_iap/src/iap/results/icra27/icra035/runs/benchmark/runtime/iap_logs/20260823T170005Z_774/export/iap_araim.csv
[iap_rosnode-4] [2026-08-23 17:00:05.892] [integrity_ext] [info] [IntegrityExt] ARAIM CSV: ENABLED → /home/dev/ws_iap/src/iap/results/icra27/icra035/runs/benchmark/runtime/iap_logs/20260823T170005Z_774/export/iap_araim.csv
[iap_rosnode-4] [2026-08-23 17:00:05.892] [integrity_ext] [info] [IntegrityExt] ARAIM PL decomposition CSV: disabled → /home/dev/ws_iap/src/iap/results/icra27/icra035/runs/benchmark/runtime/iap_logs/20260823T170005Z_774/export/iap_araim_pl_decomp.csv
[iap_rosnode-4] [2026-08-23 17:00:05.892] [integrity_ext] [info] [IntegrityExt] LiDAR ARAIM Stage0 CSV: disabled → /home/dev/ws_iap/src/iap/results/icra27/icra035/runs/benchmark/runtime/iap_logs/20260823T170005Z_774/export/iap_lidar_araim_stage0.csv
[iap_rosnode-4] [2026-08-23 17:00:05.892] [integrity_ext] [info] [IntegrityExt] Trajectory CSV: ENABLED → /home/dev/ws_iap/src/iap/results/icra27/icra035/runs/benchmark/runtime/iap_logs/20260823T170005Z_774/export/traj_with_gnss.csv
[iap_rosnode-4] [2026-08-23 17:00:05.892] [integrity_ext] [info] [IntegrityExt] callbacks registered — waiting for frames
[iap_rosnode-4] [2026-08-23 17:00:05.893] [integrity_ext] [info] [IntegrityExt] publisher created → /iap/integrity
[iap_rosnode-4] [2026-08-23 17:00:05.893] [glim] [info] load libsim_extension.so
[iap_rosnode-4] [2026-08-23 17:00:05.894] [glim] [warning] param glim_ros/sim/ not found
[iap_rosnode-4] [2026-08-23 17:00:05.894] [glim] [warning] use default_value=0.05
[iap_rosnode-4] [2026-08-23 17:00:05.894] [glim] [warning] param glim_ros/sim/ not found
[iap_rosnode-4] [2026-08-23 17:00:05.894] [glim] [warning] use default_value=2
[iap_rosnode-4] [2026-08-23 17:00:05.894] [sim_ext] [info] [sim_ext] truth_odom_topic=/sim/drone_0/truth_odom planner_odom_topic=/drone_0_visual_slam/odom align_to_truth=true alignment_max_dt=0.050s metrics_csv=/home/dev/ws_iap/src/iap/results/icra27/icra035/runs/benchmark/exports/test_planner_p0_open_sky_gnss_open_sky_3687977_1787504405600/iap_sim_truth_vs_est.csv
[iap_rosnode-4] [2026-08-23 17:00:05.894] [sim_ext] [info] [sim_ext] subscriptions created
[iap_rosnode-4] [INFO] [1787504405.895125620] [test_planner_iap_rosnode]: iap init stage=create_core_subscriptions
[iap_rosnode-4] [INFO] [1787504405.895418613] [test_planner_iap_rosnode]: iap subscribed imu_topic=/sim/drone_0/imu_iap points_topic=/sim/drone_0/lidar_body
[iap_rosnode-4] [INFO] [1787504405.895655859] [test_planner_iap_rosnode]: iap init stage=create_input_status_timer
[iap_rosnode-4] [INFO] [1787504405.895671908] [test_planner_iap_rosnode]: iap init stage=queue_thread_start
[iap_rosnode-4] [INFO] [1787504405.895740237] [test_planner_iap_rosnode]: iap init stage=ready
[iap_rosnode-4] [INFO] [1787504405.896069060] [test_planner_iap_rosnode]: iap input first imu stamp=1657065600.123091 frame_id=imu
[iap_rosnode-4] [2026-08-23 17:00:05.896] [glim] [info] meta/imu_frame_id=imu
[iap_rosnode-4] [2026-08-23 17:00:05.896] [glim] [info] meta/base_frame_id=imu
[iap_rosnode-4] [2026-08-23 17:00:05.896] [glim] [info] auto-detected acc_scale=1.00000
[iap_rosnode-4] [2026-08-23 17:00:05.984] [gnss_ext] [info] [gnss_ext] first epoch UTC stamp=1657065600.203  (last_frame_stamp=0.000  delta=1657065600.203s)
[component_container-11] [INFO] [1787504405.989582088] [test_planner_so3_control_container]: Load Library: /home/dev/ws_iap/install/so3_control/lib/libso3_control_component.so
[component_container-11] [INFO] [1787504405.991782436] [test_planner_so3_control_container]: Found class: rclcpp_components::NodeFactoryTemplate<SO3ControlComponent>
[component_container-11] [INFO] [1787504405.991805463] [test_planner_so3_control_container]: Instantiate class: rclcpp_components::NodeFactoryTemplate<SO3ControlComponent>
[component_container-11] [INFO] [1787504405.995811977] [test_planner_so3_control_component]: start SO3ControlComponent
[INFO] [launch_ros.actions.load_composable_nodes]: Loaded node '/test_planner_so3_control_component' in container '/test_planner_so3_control_container'
[pcl_render_node-2] [INFO] [1787504406.040435780] [pcl_render_node]: first odometry stamp=1657065600.267138 frame_id=map
[pcl_render_node-2] [WARN] [1787504406.280756847] [rcvGlobalPointCloudCallBack]: Global Pointcloud received..
[pcl_render_node-2] [INFO] [1787504406.370758076] [pcl_render_node]: first lidar publish stamp=1657065600.538270 points=3745 frame_id=map
[demo4_lidar_body_bridge-3] [INFO] [1787504406.371116856] [test_planner_lidar_body_bridge]: first body cloud stamp=1657065600.538270 points=3745 frame_id=lidar input_frame=map
[iap_rosnode-4] [INFO] [1787504406.371216175] [test_planner_iap_rosnode]: iap input first points stamp=1657065600.538270 frame_id=lidar width=3745 height=1 fields=3
[iap_rosnode-4] [2026-08-23 17:00:06.371] [glim] [info] meta/lidar_frame_id=lidar
[iap_rosnode-4] [2026-08-23 17:00:06.371] [glim] [warning] per-point timestamps are not given!!
[iap_rosnode-4] [2026-08-23 17:00:06.371] [glim] [warning] use pseudo per-point timestamps based on the order of points
[iap_rosnode-4] [INFO] [1787504406.372928866] [test_planner_iap_rosnode]: iap input first preprocessed frame stamp=1657065600.538270 points=3745 scan_end=1657065600.538270
[iap_rosnode-4] [2026-08-23 17:00:06.785] [gnss_ext] [info] [gnss_ext] Klobuchar iono params received — ionospheric correction enabled.  alpha=[1.0000e-08,0.0000e+00,0.0000e+00,0.0000e+00] beta=[90000,0,0,0]
[iap_rosnode-4] [2026-08-23 17:00:06.785] [gnss_ext] [info] GnssExtensionModule: ECEF origin set — lat=31.230400° lon=121.473574° ECEF=[-2850075,4655718,3287777]m
[iap_rosnode-4] [2026-08-23 17:00:06.883] [gnss_ext] [info] [gnss_ext] Klobuchar iono correction ACTIVE for this epoch — alpha=[1.0000e-08,0.0000e+00,0.0000e+00,0.0000e+00] beta=[90000,0,0,0]
[iap_rosnode-4] [2026-08-23 17:00:06.885] [gnss_ext] [info] [gnss_ext] epoch #1 inserted: stamp=1657065601.103 n_sats=41
[iap_rosnode-4] [INFO] [1787504407.895694262] [test_planner_iap_rosnode]: iap input status imu_count=2000 points_count=16 accepted_frames=16 dropped_points=0 imu_publishers=1 points_publishers=1
[iap_rosnode-4] [2026-08-23 17:00:09.377] [odom] [info] estimate initial IMU state
[iap_rosnode-4] Initial error: 1868.26, values: 93
[iap_rosnode-4] iter      cost      cost_change    lambda  success iter_time
[iap_rosnode-4]    0    0.0977501      1.9e+03      1e-05      1          0
[iap_rosnode-4]    1        0.091       0.0072      1e-06      1          0
[iap_rosnode-4]    2        0.091     -2.9e-12      1e-07      1          0
[iap_rosnode-4] [2026-08-23 17:00:09.381] [odom] [info] initial IMU state estimation result
[iap_rosnode-4] [2026-08-23 17:00:09.381] [odom] [info] T_world_imu=se3(-0.002625,-0.000008,0.077320,0.000510,0.000976,-0.000060,0.999999)
[iap_rosnode-4] [2026-08-23 17:00:09.381] [odom] [info] v_world_imu=vec(0.004307,-0.004322,-0.000849)
[iap_rosnode-4] [2026-08-23 17:00:09.381] [odom] [info] imu_bias=vec(-0.000596,0.000431,0.000001,-0.000189,-0.000246,-0.000661)
[iap_rosnode-4] [2026-08-23 17:00:09.382] [odom] [info] update_frames: clock not ready for current frame 0, skip read [count=1]
[iap_rosnode-4] [2026-08-23 17:00:09.382] [odom] [info] [lifecycle] events=10 stamp=1657065603.538 {b:{writes=odometry=1;missing=;expected=odometry;conflicts=0;violations=0}, c:{writes=;missing=;expected=gnss;conflicts=0;violations=0}, e:{writes=;missing=;expected=gnss;conflicts=0;violations=0}, r:{writes=;missing=;expected=gnss;conflicts=0;violations=0}, v:{writes=odometry=1;missing=;expected=odometry;conflicts=0;violations=0}, x:{writes=odometry=1;missing=;expected=odometry;conflicts=0;violations=0}}
[iap_rosnode-4] [2026-08-23 17:00:09.474] [gnss_ext] [info] [gnss_ext] E(0)/R(0) inserted — ECEF=[-2850075,4655718,3287777] σ_E=5m σ_R=0.087rad
[iap_rosnode-4] [2026-08-23 17:00:09.474] [gnss_ext] [info] [gnss_ext] C(1) not in new_values — inserting; warm-start: bias=0m drift=0.00m/s (glim base class does not add clock variable)
[iap_rosnode-4] [2026-08-23 17:00:09.474] [gnss_ext] [info] [gnss_ext] clock chain state: UNSEEDED -> SEEDED (clock_seeded) at 1657065603.638
[iap_rosnode-4] [2026-08-23 17:00:09.474] [gnss_ext] [info] [gnss_ext] injection #1: 82 GNSS factors → frame 1 (stamp=1657065603.638)
[iap_rosnode-4] [2026-08-23 17:00:09.474] [gnss_ext] [info] [gnss_ext] clock summary #1: state=SEEDED prev_missing=0 curr_missing=0 resets=0 stamp=1657065603.638
[iap_rosnode-4] [2026-08-23 17:00:09.475] [gnss_ext] [info] [gnss_ext] diag #1: clk_bias=3.15m  clk_drift=0.0151m/s | PR rms=1.30m (41 sats)  Dop rms=0.0282m/s (41 sats)
[iap_rosnode-4] [2026-08-23 17:00:09.477] [integrity_ext] [info] [IntegrityExt] #1: stamp=1657065603.638 state=SAFE monitor_fused_HPL=5.33m monitor_fused_VPL=14.89m HAL=10.00m monitor_IM=4.67m n_sv=41 n_trunks=0 fgo_valid=true fgo_factors=90 lidar_hyp=0 gnss_certified_HPL=5.33 gnss_certified_VPL=14.89 lidar_certified_HPL=1000000000.00 lidar_certified_VPL=1000000000.00 mode=NONE
[iap_rosnode-4] [2026-08-23 17:00:09.477] [sim_ext] [info] [sim_ext] initialized planner odom SE3 alignment truth_stamp=1657065603.638289 est_stamp=1657065603.638289 dt=0.000000s translation=[-11.997,0.001,1.422] rotation_deg=0.128
[iap_rosnode-4] [2026-08-23 17:00:09.574] [gnss_ext] [info] [gnss_ext] clock chain state: SEEDED -> CHAIN_ACTIVE (clock_between_added) at 1657065603.738
[iap_rosnode-4] [INFO] [1787504409.895682741] [test_planner_iap_rosnode]: iap input status imu_count=4001 points_count=36 accepted_frames=36 dropped_points=0 imu_publishers=1 points_publishers=1
[iap_rosnode-4] [INFO] [1787504411.895766067] [test_planner_iap_rosnode]: iap input status imu_count=6000 points_count=56 accepted_frames=56 dropped_points=0 imu_publishers=1 points_publishers=1
[iap_rosnode-4] [INFO] [1787504413.895669976] [test_planner_iap_rosnode]: iap input status imu_count=8000 points_count=76 accepted_frames=76 dropped_points=0 imu_publishers=1 points_publishers=1
[iap_rosnode-4] [2026-08-23 17:00:14.402] [gnss_ext] [info] [gnss_ext] diag #50: clk_bias=-0.05m  clk_drift=-0.0125m/s | PR rms=1.01m (41 sats)  Dop rms=0.0297m/s (41 sats)
[iap_rosnode-4] [2026-08-23 17:00:14.404] [integrity_ext] [info] [IntegrityExt] #50: stamp=1657065608.538 state=SAFE monitor_fused_HPL=5.27m monitor_fused_VPL=14.46m HAL=10.00m monitor_IM=4.73m n_sv=41 n_trunks=0 fgo_valid=true fgo_factors=4304 lidar_hyp=0 gnss_certified_HPL=5.27 gnss_certified_VPL=14.46 lidar_certified_HPL=1000000000.00 lidar_certified_VPL=1000000000.00 mode=NONE
[iap_rosnode-4] [2026-08-23 17:00:14.474] [gnss_ext] [info] [lifecycle] events=216 stamp=1657065608.638 {b:{writes=odometry=52;missing=;expected=odometry;conflicts=0;violations=0}, c:{writes=gnss=51;missing=;expected=gnss;conflicts=0;violations=0}, e:{writes=gnss=1;missing=;expected=gnss;conflicts=0;violations=0}, r:{writes=gnss=1;missing=;expected=gnss;conflicts=0;violations=0}, v:{writes=odometry=52;missing=;expected=odometry;conflicts=0;violations=0}, x:{writes=odometry=52;missing=;expected=odometry;conflicts=0;violations=0}}
[INFO] [ego_planner_node-13]: process started with pid [3689550]
[INFO] [traj_server-14]: process started with pid [3689551]
[ego_planner_node-13] hit: 0.619039
[ego_planner_node-13] miss: -0.619039
[ego_planner_node-13] min log: -1.99243
[ego_planner_node-13] max: 2.19722
[ego_planner_node-13] thresh log: 1.38629
[iap_rosnode-4] [INFO] [1787504415.895678385] [test_planner_iap_rosnode]: iap input status imu_count=10000 points_count=96 accepted_frames=96 dropped_points=0 imu_publishers=1 points_publishers=1
[ego_planner_node-13] [INFO] [1787504415.925190253] [drone_0_ego_planner_node]: Wait for 1 second.
[ego_planner_node-13] [WARN] [1787504415.987475289] [drone_0_ego_planner_node]: Waiting for trigger from [n3ctrl] from RC
[ego_planner_node-13] [FSM]: from INIT to WAIT_TARGET
[ego_planner_node-13] [FSM]: from WAIT_TARGET to SEQUENTIAL_START
[ego_planner_node-13] [RiskContext] planning_generation_id=0, query_base_time_s=1.65707e+09, snapshot_available=0
[ego_planner_node-13] [47;30m
[ego_planner_node-13] [drone 0 replan 0]==============================================[0m
[ego_planner_node-13] [1;33mmulti-trajs=1[1;0m
[ego_planner_node-13] [32miter(+1)=30,time(ms)=0.060,total_t(ms)=0.083,cost=0.293
[ego_planner_node-13] [0mtraj 1 success.
[ego_planner_node-13] plan_success=1
[ego_planner_node-13] total time:[42m0.000174663[0m,optimize:0.000173564,refine:1.099e-06,avg_time=0.000174663
[ego_planner_node-13] refine_success=1
[ego_planner_node-13] [WARN] [1787504416.018062424] [drone_0_ego_planner_node]: P1 published fresh bspline but could not write accepted-profile evidence
[ego_planner_node-13] [FSM]: from SEQUENTIAL_START to EXEC_TRAJ
[ego_planner_node-13] [INFO] [1787504416.424094199] [drone_0_ego_planner_node]: [p0] risk grid ready=0 stale=1 age=inf valid=0.000 unknown=1.000 gen=0 provider_queries=0 occupied_skip=0 provider_stale=0 provider_invalid=0 gnss_used=0 lidar_used=0 prior_used=0 stale_current_prior=0 regularized=0 conservative_max=0 lidar_points=0 lidar_fim_primitives=0 lidar_fim_valid_normals=0 lidar_fim_fallback=not_evaluated dominant_unknown=:0 refresh_stamp=nan grid_stamp=nan elapsed_ms=nan queries=0 reason=not_ready
[iap_rosnode-4] [2026-08-23 17:00:16.785] [gnss_ext] [info] [gnss_ext] epoch #100 inserted: stamp=1657065611.003 n_sats=41
[traj_server-14] [WARN] [1787504416.815067878] [drone_0_traj_server]: [Traj server]: ready.
[ego_planner_node-13] [FSM]: state: EXEC_TRAJ
[ego_planner_node-13] [FSM]: from EXEC_TRAJ to REPLAN_TRAJ
[ego_planner_node-13] [RiskContext] planning_generation_id=0, query_base_time_s=1.65707e+09, snapshot_available=0
[ego_planner_node-13] [47;30m
[ego_planner_node-13] [drone 0 replan 1]==============================================[0m
[ego_planner_node-13] [1;33mmulti-trajs=1[1;0m
[ego_planner_node-13] [32miter(+1)=14,time(ms)=0.046,total_t(ms)=0.072,cost=0.107
[ego_planner_node-13] [0mtraj 1 success.
[ego_planner_node-13] plan_success=1
[ego_planner_node-13] total time:[42m0.000180298[0m,optimize:0.000178673,refine:1.625e-06,avg_time=0.00017748
[ego_planner_node-13] refine_success=1
[ego_planner_node-13] [WARN] [1787504417.037916193] [drone_0_ego_planner_node]: P1 published fresh bspline but could not write accepted-profile evidence
[ego_planner_node-13] [FSM]: from REPLAN_TRAJ to EXEC_TRAJ
[iap_rosnode-4] [INFO] [1787504417.895696920] [test_planner_iap_rosnode]: iap input status imu_count=12000 points_count=116 accepted_frames=116 dropped_points=0 imu_publishers=1 points_publishers=1
[ego_planner_node-13] [FSM]: state: EXEC_TRAJ
[iap_rosnode-4] [2026-08-23 17:00:17.971] [glim] [warning] too few points in the downsampled cloud (12 points)
[iap_rosnode-4] [2026-08-23 17:00:17.971] [glim] [warning] too few points in the filtered cloud (12 points)
[ego_planner_node-13] [FSM]: from EXEC_TRAJ to REPLAN_TRAJ
[ego_planner_node-13] [RiskContext] planning_generation_id=0, query_base_time_s=1.65707e+09, snapshot_available=0
[ego_planner_node-13] [47;30m
[ego_planner_node-13] [drone 0 replan 2]==============================================[0m
[ego_planner_node-13] [1;33mmulti-trajs=1[1;0m
[ego_planner_node-13] [32miter(+1)=9,time(ms)=0.036,total_t(ms)=0.061,cost=0.025
[ego_planner_node-13] [0mtraj 1 success.
[ego_planner_node-13] plan_success=1
[ego_planner_node-13] total time:[42m0.00015911[0m,optimize:0.000157649,refine:1.461e-06,avg_time=0.000171357
[ego_planner_node-13] refine_success=1
[ego_planner_node-13] [WARN] [1787504418.047674291] [drone_0_ego_planner_node]: P1 published fresh bspline but could not write accepted-profile evidence
[ego_planner_node-13] [FSM]: from REPLAN_TRAJ to EXEC_TRAJ
[iap_rosnode-4] [2026-08-23 17:00:18.071] [glim] [warning] too few points in the downsampled cloud (35 points)
[iap_rosnode-4] [2026-08-23 17:00:18.071] [glim] [warning] too few points in the filtered cloud (35 points)
[ego_planner_node-13] [INFO] [1787504418.424103715] [drone_0_ego_planner_node]: [p0] risk grid ready=0 stale=1 age=inf valid=0.000 unknown=1.000 gen=0 provider_queries=0 occupied_skip=0 provider_stale=0 provider_invalid=0 gnss_used=0 lidar_used=0 prior_used=0 stale_current_prior=0 regularized=0 conservative_max=0 lidar_points=0 lidar_fim_primitives=0 lidar_fim_valid_normals=0 lidar_fim_fallback=not_evaluated dominant_unknown=:0 refresh_stamp=1657065612.651212 grid_stamp=nan elapsed_ms=0.006 queries=0 reason=invalid_current_provenance
[demo4_lidar_body_bridge-3] [WARN] [1787504418.671012140] [test_planner_lidar_body_bridge]: dropping empty input cloud stamp=1657065612.838225
[ego_planner_node-13] [FSM]: state: EXEC_TRAJ
[ego_planner_node-13] [FSM]: from EXEC_TRAJ to REPLAN_TRAJ
[ego_planner_node-13] [RiskContext] planning_generation_id=0, query_base_time_s=1.65707e+09, snapshot_available=0
[ego_planner_node-13] [47;30m
[ego_planner_node-13] [drone 0 replan 3]==============================================[0m
[ego_planner_node-13] [1;33mmulti-trajs=1[1;0m
[ego_planner_node-13] [32miter(+1)=10,time(ms)=0.030,total_t(ms)=0.054,cost=0.011
[ego_planner_node-13] [0mtraj 1 success.
[ego_planner_node-13] plan_success=1
[ego_planner_node-13] total time:[42m0.000152877[0m,optimize:0.000151368,refine:1.509e-06,avg_time=0.000166737
[ego_planner_node-13] refine_success=1
[ego_planner_node-13] [WARN] [1787504419.067100961] [drone_0_ego_planner_node]: P1 published fresh bspline but could not write accepted-profile evidence
[ego_planner_node-13] [FSM]: from REPLAN_TRAJ to EXEC_TRAJ
[iap_rosnode-4] [2026-08-23 17:00:19.374] [gnss_ext] [info] [lifecycle] events=400 stamp=1657065613.538 {b:{writes=odometry=98;missing=;expected=odometry;conflicts=0;violations=0}, c:{writes=gnss=97;missing=;expected=gnss;conflicts=0;violations=0}, e:{writes=gnss=1;missing=;expected=gnss;conflicts=0;violations=0}, r:{writes=gnss=1;missing=;expected=gnss;conflicts=0;violations=0}, v:{writes=odometry=98;missing=;expected=odometry;conflicts=0;violations=0}, x:{writes=odometry=98;missing=;expected=odometry;conflicts=0;violations=0}}
[iap_rosnode-4] [2026-08-23 17:00:19.395] [odom] [info] [lifecycle] events=400 stamp=1657065613.538 {b:{writes=odometry=98;missing=;expected=odometry;conflicts=0;violations=0}, c:{writes=gnss=97;missing=;expected=gnss;conflicts=0;violations=0}, e:{writes=gnss=1;missing=;expected=gnss;conflicts=0;violations=0}, r:{writes=gnss=1;missing=;expected=gnss;conflicts=0;violations=0}, v:{writes=odometry=98;missing=;expected=odometry;conflicts=0;violations=0}, x:{writes=odometry=98;missing=;expected=odometry;conflicts=0;violations=0}}
[iap_rosnode-4] [2026-08-23 17:00:19.675] [gnss_ext] [info] [gnss_ext] injection #100: 82 GNSS factors → frame 100 (stamp=1657065613.838)
[iap_rosnode-4] [2026-08-23 17:00:19.694] [gnss_ext] [info] [gnss_ext] diag #100: clk_bias=0.08m  clk_drift=0.0776m/s | PR rms=0.89m (41 sats)  Dop rms=0.0394m/s (41 sats)
[iap_rosnode-4] [2026-08-23 17:00:19.696] [integrity_ext] [info] [IntegrityExt] #100: stamp=1657065613.838 state=SAFE monitor_fused_HPL=5.31m monitor_fused_VPL=15.00m HAL=10.00m monitor_IM=4.69m n_sv=41 n_trunks=0 fgo_valid=true fgo_factors=4129 lidar_hyp=0 gnss_certified_HPL=5.31 gnss_certified_VPL=15.00 lidar_certified_HPL=1000000000.00 lidar_certified_VPL=1000000000.00 mode=NONE
[iap_rosnode-4] [INFO] [1787504419.895701903] [test_planner_iap_rosnode]: iap input status imu_count=14000 points_count=133 accepted_frames=133 dropped_points=0 imu_publishers=1 points_publishers=1
[ego_planner_node-13] [FSM]: state: EXEC_TRAJ
[ego_planner_node-13] [FSM]: from EXEC_TRAJ to REPLAN_TRAJ
[ego_planner_node-13] [RiskContext] planning_generation_id=2, query_base_time_s=1.65707e+09, snapshot_available=1
[ego_planner_node-13] [47;30m
[ego_planner_node-13] [drone 0 replan 4]==============================================[0m
[ego_planner_node-13] [1;33mmulti-trajs=1[1;0m
[ego_planner_node-13] [32miter(+1)=9,time(ms)=0.174,total_t(ms)=0.247,cost=0.003
[ego_planner_node-13] [0mtraj 1 success.
[ego_planner_node-13] plan_success=1
[ego_planner_node-13] total time:[42m0.000331052[0m,optimize:0.000330115,refine:9.37e-07,avg_time=0.0001996
[ego_planner_node-13] refine_success=1
[ego_planner_node-13] [WARN] [1787504420.087530538] [drone_0_ego_planner_node]: P1 published fresh bspline but could not write accepted-profile evidence
[ego_planner_node-13] [FSM]: from REPLAN_TRAJ to EXEC_TRAJ
[ego_planner_node-13] [INFO] [1787504420.424170470] [drone_0_ego_planner_node]: [p0] risk grid ready=1 stale=0 age=0.000 valid=1.000 unknown=0.000 gen=3 provider_queries=76782 occupied_skip=18 provider_stale=0 provider_invalid=0 gnss_used=76782 lidar_used=74256 prior_used=76782 stale_current_prior=0 regularized=76782 conservative_max=0 lidar_points=23309 lidar_fim_primitives=704 lidar_fim_valid_normals=704 lidar_fim_fallback= dominant_unknown=occupied_skip:18 refresh_stamp=1657065614.151270 grid_stamp=1657065614.151270 elapsed_ms=185.280 queries=76800 reason=ok
[ego_planner_node-13] [FSM]: state: EXEC_TRAJ
[ego_planner_node-13] [FSM]: from EXEC_TRAJ to REPLAN_TRAJ
[ego_planner_node-13] [RiskContext] planning_generation_id=5, query_base_time_s=1.65707e+09, snapshot_available=1
[ego_planner_node-13] [47;30m
[ego_planner_node-13] [drone 0 replan 5]==============================================[0m
[ego_planner_node-13] [1;33mmulti-trajs=1[1;0m
[ego_planner_node-13] [32miter(+1)=13,time(ms)=0.216,total_t(ms)=0.299,cost=0.004
[ego_planner_node-13] [0mtraj 1 success.
[ego_planner_node-13] plan_success=1
[ego_planner_node-13] total time:[42m0.00114591[0m,optimize:0.00114454,refine:1.372e-06,avg_time=0.000357319
[ego_planner_node-13] refine_success=1
[ego_planner_node-13] [WARN] [1787504421.098684505] [drone_0_ego_planner_node]: P1 published fresh bspline but could not write accepted-profile evidence
[ego_planner_node-13] [FSM]: from REPLAN_TRAJ to EXEC_TRAJ
[iap_rosnode-4] [INFO] [1787504421.895691168] [test_planner_iap_rosnode]: iap input status imu_count=16000 points_count=153 accepted_frames=153 dropped_points=0 imu_publishers=1 points_publishers=1
[ego_planner_node-13] [FSM]: state: EXEC_TRAJ
[ego_planner_node-13] [FSM]: from EXEC_TRAJ to REPLAN_TRAJ
[ego_planner_node-13] [RiskContext] planning_generation_id=7, query_base_time_s=1.65707e+09, snapshot_available=1
[ego_planner_node-13] [47;30m
[ego_planner_node-13] [drone 0 replan 6]==============================================[0m
[ego_planner_node-13] [1;33mmulti-trajs=1[1;0m
[ego_planner_node-13] [32miter(+1)=15,time(ms)=0.210,total_t(ms)=0.288,cost=0.002
[ego_planner_node-13] [0mtraj 1 success.
[ego_planner_node-13] plan_success=1
[ego_planner_node-13] total time:[42m0.00111864[0m,optimize:0.00111729,refine:1.354e-06,avg_time=0.000466079
[ego_planner_node-13] refine_success=1
[ego_planner_node-13] [WARN] [1787504422.110280504] [drone_0_ego_planner_node]: P1 published fresh bspline but could not write accepted-profile evidence
[ego_planner_node-13] [FSM]: from REPLAN_TRAJ to EXEC_TRAJ
[ego_planner_node-13] [INFO] [1787504422.593631765] [drone_0_ego_planner_node]: [p0] risk grid ready=1 stale=0 age=0.000 valid=1.000 unknown=0.000 gen=8 provider_queries=76782 occupied_skip=18 provider_stale=0 provider_invalid=0 gnss_used=76782 lidar_used=76770 prior_used=76782 stale_current_prior=0 regularized=76782 conservative_max=0 lidar_points=23309 lidar_fim_primitives=704 lidar_fim_valid_normals=704 lidar_fim_fallback= dominant_unknown=occupied_skip:18 refresh_stamp=1657065616.651231 grid_stamp=1657065616.651231 elapsed_ms=169.517 queries=76800 reason=ok
[ego_planner_node-13] [FSM]: state: EXEC_TRAJ
[ego_planner_node-13] [FSM]: from EXEC_TRAJ to REPLAN_TRAJ
[ego_planner_node-13] [RiskContext] planning_generation_id=9, query_base_time_s=1.65707e+09, snapshot_available=1
[ego_planner_node-13] [47;30m
[ego_planner_node-13] [drone 0 replan 7]==============================================[0m
[ego_planner_node-13] [1;33mmulti-trajs=1[1;0m
[ego_planner_node-13] [32miter(+1)=9,time(ms)=0.204,total_t(ms)=0.280,cost=0.003
[ego_planner_node-13] [0mtraj 1 success.
[ego_planner_node-13] plan_success=1
[ego_planner_node-13] total time:[42m0.00118917[0m,optimize:0.00118765,refine:1.513e-06,avg_time=0.000556465
[ego_planner_node-13] refine_success=1
[ego_planner_node-13] [WARN] [1787504423.122052934] [drone_0_ego_planner_node]: P1 published fresh bspline but could not write accepted-profile evidence
[ego_planner_node-13] [FSM]: from REPLAN_TRAJ to EXEC_TRAJ
[iap_rosnode-4] [INFO] [1787504423.895798375] [test_planner_iap_rosnode]: iap input status imu_count=18001 points_count=173 accepted_frames=173 dropped_points=0 imu_publishers=1 points_publishers=1
[ego_planner_node-13] [FSM]: state: EXEC_TRAJ
[ego_planner_node-13] [FSM]: from EXEC_TRAJ to REPLAN_TRAJ
[ego_planner_node-13] [RiskContext] planning_generation_id=11, query_base_time_s=1.65707e+09, snapshot_available=1
[ego_planner_node-13] [47;30m
[ego_planner_node-13] [drone 0 replan 8]==============================================[0m
[ego_planner_node-13] [1;33mmulti-trajs=1[1;0m
[ego_planner_node-13] [32miter(+1)=27,time(ms)=0.238,total_t(ms)=0.317,cost=0.003
[ego_planner_node-13] [0mtraj 1 success.
[ego_planner_node-13] plan_success=1
[ego_planner_node-13] total time:[42m0.0012876[0m,optimize:0.00128605,refine:1.551e-06,avg_time=0.000637702
[ego_planner_node-13] refine_success=1
[ego_planner_node-13] [WARN] [1787504424.133863678] [drone_0_ego_planner_node]: P1 published fresh bspline but could not write accepted-profile evidence
[ego_planner_node-13] [FSM]: from REPLAN_TRAJ to EXEC_TRAJ
[iap_rosnode-4] [2026-08-23 17:00:24.473] [gnss_ext] [info] [lifecycle] events=604 stamp=1657065618.638 {b:{writes=odometry=149;missing=;expected=odometry;conflicts=0;violations=0}, c:{writes=gnss=148;missing=;expected=gnss;conflicts=0;violations=0}, e:{writes=gnss=1;missing=;expected=gnss;conflicts=0;violations=0}, r:{writes=gnss=1;missing=;expected=gnss;conflicts=0;violations=0}, v:{writes=odometry=149;missing=;expected=odometry;conflicts=0;violations=0}, x:{writes=odometry=149;missing=;expected=odometry;conflicts=0;violations=0}}
[iap_rosnode-4] [2026-08-23 17:00:24.578] [integrity] [warning] NIS gating: sat 108 NIS_pr=7.23 > 6.63 -- downweighted
[ego_planner_node-13] [INFO] [1787504424.595315187] [drone_0_ego_planner_node]: [p0] risk grid ready=1 stale=0 age=0.000 valid=1.000 unknown=0.000 gen=12 provider_queries=76782 occupied_skip=18 provider_stale=0 provider_invalid=0 gnss_used=76782 lidar_used=76782 prior_used=76782 stale_current_prior=0 regularized=76782 conservative_max=0 lidar_points=23309 lidar_fim_primitives=704 lidar_fim_valid_normals=704 lidar_fim_fallback= dominant_unknown=occupied_skip:18 refresh_stamp=1657065618.651216 grid_stamp=1657065618.651216 elapsed_ms=171.127 queries=76800 reason=ok
[iap_rosnode-4] [2026-08-23 17:00:24.694] [gnss_ext] [info] [gnss_ext] diag #150: clk_bias=0.17m  clk_drift=0.0041m/s | PR rms=1.19m (41 sats)  Dop rms=0.0307m/s (41 sats)
[iap_rosnode-4] [2026-08-23 17:00:24.696] [integrity_ext] [info] [IntegrityExt] #150: stamp=1657065618.838 state=SAFE monitor_fused_HPL=4.90m monitor_fused_VPL=14.87m HAL=10.00m monitor_IM=5.10m n_sv=41 n_trunks=0 fgo_valid=true fgo_factors=4301 lidar_hyp=0 gnss_certified_HPL=4.90 gnss_certified_VPL=14.87 lidar_certified_HPL=1000000000.00 lidar_certified_VPL=1000000000.00 mode=NONE
[ego_planner_node-13] [FSM]: state: EXEC_TRAJ
[ego_planner_node-13] [FSM]: from EXEC_TRAJ to REPLAN_TRAJ
[ego_planner_node-13] [RiskContext] planning_generation_id=13, query_base_time_s=1.65707e+09, snapshot_available=1
[ego_planner_node-13] [47;30m
[ego_planner_node-13] [drone 0 replan 9]==============================================[0m
[ego_planner_node-13] [1;33mmulti-trajs=1[1;0m
[ego_planner_node-13] [32miter(+1)=8,time(ms)=0.202,total_t(ms)=0.280,cost=0.003
[ego_planner_node-13] [0mtraj 1 success.
[ego_planner_node-13] plan_success=1
[ego_planner_node-13] total time:[42m0.00121785[0m,optimize:0.00121631,refine:1.533e-06,avg_time=0.000695716
[ego_planner_node-13] refine_success=1
[ego_planner_node-13] [WARN] [1787504425.145031059] [drone_0_ego_planner_node]: P1 published fresh bspline but could not write accepted-profile evidence
[ego_planner_node-13] [FSM]: from REPLAN_TRAJ to EXEC_TRAJ
[iap_rosnode-4] [INFO] [1787504425.895682952] [test_planner_iap_rosnode]: iap input status imu_count=20000 points_count=193 accepted_frames=193 dropped_points=0 imu_publishers=1 points_publishers=1
[ego_planner_node-13] [FSM]: state: EXEC_TRAJ
[ego_planner_node-13] [FSM]: from EXEC_TRAJ to REPLAN_TRAJ
[ego_planner_node-13] [RiskContext] planning_generation_id=15, query_base_time_s=1.65707e+09, snapshot_available=1
[ego_planner_node-13] [47;30m
[ego_planner_node-13] [drone 0 replan 10]==============================================[0m
[ego_planner_node-13] [1;33mmulti-trajs=1[1;0m
[ego_planner_node-13] [32miter(+1)=9,time(ms)=0.211,total_t(ms)=0.299,cost=0.007
[ego_planner_node-13] [0mtraj 1 success.
[ego_planner_node-13] plan_success=1
[ego_planner_node-13] total time:[42m0.00125789[0m,optimize:0.00125645,refine:1.435e-06,avg_time=0.000746823
[ego_planner_node-13] refine_success=1
[ego_planner_node-13] [WARN] [1787504426.157704697] [drone_0_ego_planner_node]: P1 published fresh bspline but could not write accepted-profile evidence
[ego_planner_node-13] [FSM]: from REPLAN_TRAJ to EXEC_TRAJ
[ego_planner_node-13] [INFO] [1787504426.599524370] [drone_0_ego_planner_node]: [p0] risk grid ready=1 stale=0 age=0.000 valid=1.000 unknown=0.000 gen=16 provider_queries=76776 occupied_skip=24 provider_stale=0 provider_invalid=0 gnss_used=76776 lidar_used=76776 prior_used=76776 stale_current_prior=0 regularized=76776 conservative_max=0 lidar_points=23309 lidar_fim_primitives=704 lidar_fim_valid_normals=704 lidar_fim_fallback= dominant_unknown=occupied_skip:24 refresh_stamp=1657065620.651276 grid_stamp=1657065620.651276 elapsed_ms=175.413 queries=76800 reason=ok
[iap_rosnode-4] [2026-08-23 17:00:26.785] [gnss_ext] [info] [gnss_ext] epoch #200 inserted: stamp=1657065621.003 n_sats=41
[ego_planner_node-13] [FSM]: state: EXEC_TRAJ
[iap_rosnode-4] [2026-08-23 17:00:27.077] [integrity] [warning] NIS gating: sat 131 NIS_pr=7.12 > 6.63 -- downweighted
[ego_planner_node-13] [FSM]: from EXEC_TRAJ to REPLAN_TRAJ
[ego_planner_node-13] [RiskContext] planning_generation_id=17, query_base_time_s=1.65707e+09, snapshot_available=1
[ego_planner_node-13] [47;30m
[ego_planner_node-13] [drone 0 replan 11]==============================================[0m
[ego_planner_node-13] [1;33mmulti-trajs=1[1;0m
[ego_planner_node-13] [32miter(+1)=5,time(ms)=0.202,total_t(ms)=0.283,cost=0.007
[ego_planner_node-13] [0mtraj 1 success.
[ego_planner_node-13] plan_success=1
[ego_planner_node-13] total time:[42m0.00124408[0m,optimize:0.0012427,refine:1.377e-06,avg_time=0.000788261
[ego_planner_node-13] refine_success=1
[ego_planner_node-13] [WARN] [1787504427.169154108] [drone_0_ego_planner_node]: P1 published fresh bspline but could not write accepted-profile evidence
[ego_planner_node-13] [FSM]: from REPLAN_TRAJ to EXEC_TRAJ
[iap_rosnode-4] [2026-08-23 17:00:27.389] [integrity] [warning] NIS gating: sat 1 NIS_pr=9.46 > 6.63 -- downweighted
[iap_rosnode-4] [INFO] [1787504427.895672605] [test_planner_iap_rosnode]: iap input status imu_count=22001 points_count=213 accepted_frames=213 dropped_points=0 imu_publishers=1 points_publishers=1
[ego_planner_node-13] [FSM]: state: EXEC_TRAJ
[ego_planner_node-13] [FSM]: from EXEC_TRAJ to REPLAN_TRAJ
[ego_planner_node-13] [RiskContext] planning_generation_id=19, query_base_time_s=1.65707e+09, snapshot_available=1
[ego_planner_node-13] [47;30m
[ego_planner_node-13] [drone 0 replan 12]==============================================[0m
[ego_planner_node-13] [1;33mmulti-trajs=1[1;0m
[ego_planner_node-13] [32miter(+1)=5,time(ms)=0.201,total_t(ms)=0.281,cost=0.007
[ego_planner_node-13] [0mtraj 1 success.
[ego_planner_node-13] plan_success=1
[ego_planner_node-13] total time:[42m0.0012517[0m,optimize:0.00125029,refine:1.412e-06,avg_time=0.00082391
[ego_planner_node-13] refine_success=1
[ego_planner_node-13] [WARN] [1787504428.180226231] [drone_0_ego_planner_node]: P1 published fresh bspline but could not write accepted-profile evidence
[ego_planner_node-13] [FSM]: from REPLAN_TRAJ to EXEC_TRAJ
[iap_rosnode-4] [2026-08-23 17:00:28.781] [integrity] [warning] NIS gating: sat 131 NIS_pr=6.70 > 6.63 -- downweighted
[ego_planner_node-13] [INFO] [1787504428.924122267] [drone_0_ego_planner_node]: [p0] risk grid ready=1 stale=0 age=0.000 valid=1.000 unknown=0.000 gen=20 provider_queries=76776 occupied_skip=24 provider_stale=0 provider_invalid=0 gnss_used=76776 lidar_used=76572 prior_used=76776 stale_current_prior=0 regularized=76776 conservative_max=0 lidar_points=23309 lidar_fim_primitives=704 lidar_fim_valid_normals=704 lidar_fim_fallback= dominant_unknown=occupied_skip:24 refresh_stamp=1657065622.651290 grid_stamp=1657065622.651290 elapsed_ms=159.874 queries=76800 reason=ok
[ego_planner_node-13] [FSM]: state: EXEC_TRAJ
[ego_planner_node-13] [FSM]: from EXEC_TRAJ to REPLAN_TRAJ
[ego_planner_node-13] [RiskContext] planning_generation_id=21, query_base_time_s=1.65707e+09, snapshot_available=1
[ego_planner_node-13] [47;30m
[ego_planner_node-13] [drone 0 replan 13]==============================================[0m
[ego_planner_node-13] [1;33mmulti-trajs=1[1;0m
[ego_planner_node-13] [32miter(+1)=5,time(ms)=0.156,total_t(ms)=0.218,cost=0.022
[ego_planner_node-13] [0mtraj 1 success.
[ego_planner_node-13] plan_success=1
[ego_planner_node-13] total time:[42m0.00118706[0m,optimize:0.00118608,refine:9.76e-07,avg_time=0.000849849
[ego_planner_node-13] refine_success=1
[ego_planner_node-13] [WARN] [1787504429.190792716] [drone_0_ego_planner_node]: P1 published fresh bspline but could not write accepted-profile evidence
[ego_planner_node-13] [FSM]: from REPLAN_TRAJ to EXEC_TRAJ
[iap_rosnode-4] [2026-08-23 17:00:29.378] [gnss_ext] [info] [lifecycle] events=800 stamp=1657065623.538 {b:{writes=odometry=198;missing=;expected=odometry;conflicts=0;violations=0}, c:{writes=gnss=197;missing=;expected=gnss;conflicts=0;violations=0}, e:{writes=gnss=1;missing=;expected=gnss;conflicts=0;violations=0}, r:{writes=gnss=1;missing=;expected=gnss;conflicts=0;violations=0}, v:{writes=odometry=198;missing=;expected=odometry;conflicts=0;violations=0}, x:{writes=odometry=198;missing=;expected=odometry;conflicts=0;violations=0}}
[iap_rosnode-4] [2026-08-23 17:00:29.383] [odom] [info] [lifecycle] events=800 stamp=1657065623.538 {b:{writes=odometry=198;missing=;expected=odometry;conflicts=0;violations=0}, c:{writes=gnss=197;missing=;expected=gnss;conflicts=0;violations=0}, e:{writes=gnss=1;missing=;expected=gnss;conflicts=0;violations=0}, r:{writes=gnss=1;missing=;expected=gnss;conflicts=0;violations=0}, v:{writes=odometry=198;missing=;expected=odometry;conflicts=0;violations=0}, x:{writes=odometry=198;missing=;expected=odometry;conflicts=0;violations=0}}
[iap_rosnode-4] [2026-08-23 17:00:29.678] [gnss_ext] [info] [gnss_ext] injection #200: 82 GNSS factors → frame 200 (stamp=1657065623.838)
[iap_rosnode-4] [2026-08-23 17:00:29.678] [gnss_ext] [info] [gnss_ext] clock summary #200: state=CHAIN_ACTIVE prev_missing=0 curr_missing=0 resets=0 stamp=1657065623.838
[iap_rosnode-4] [2026-08-23 17:00:29.699] [gnss_ext] [info] [gnss_ext] diag #200: clk_bias=0.08m  clk_drift=0.0077m/s | PR rms=1.03m (41 sats)  Dop rms=0.0347m/s (41 sats)
[iap_rosnode-4] [2026-08-23 17:00:29.701] [integrity_ext] [info] [IntegrityExt] #200: stamp=1657065623.838 state=SAFE monitor_fused_HPL=5.12m monitor_fused_VPL=14.98m HAL=10.00m monitor_IM=4.88m n_sv=41 n_trunks=0 fgo_valid=true fgo_factors=4387 lidar_hyp=0 gnss_certified_HPL=5.12 gnss_certified_VPL=14.98 lidar_certified_HPL=1000000000.00 lidar_certified_VPL=1000000000.00 mode=NONE
[iap_rosnode-4] [INFO] [1787504429.895787456] [test_planner_iap_rosnode]: iap input status imu_count=24001 points_count=233 accepted_frames=233 dropped_points=0 imu_publishers=1 points_publishers=1
[ego_planner_node-13] [FSM]: state: EXEC_TRAJ
[ego_planner_node-13] [FSM]: from EXEC_TRAJ to REPLAN_TRAJ
[ego_planner_node-13] [RiskContext] planning_generation_id=23, query_base_time_s=1.65707e+09, snapshot_available=1
[ego_planner_node-13] [47;30m
[ego_planner_node-13] [drone 0 replan 14]==============================================[0m
[ego_planner_node-13] [1;33mmulti-trajs=1[1;0m
[ego_planner_node-13] [32miter(+1)=10,time(ms)=0.163,total_t(ms)=0.225,cost=0.023
[ego_planner_node-13] [0mtraj 1 success.
[ego_planner_node-13] plan_success=1
[ego_planner_node-13] total time:[42m0.00111701[0m,optimize:0.00111603,refine:9.84e-07,avg_time=0.00086766
[ego_planner_node-13] refine_success=1
[ego_planner_node-13] [FSM]: from REPLAN_TRAJ to EXEC_TRAJ
[ego_planner_node-13] [WARN] [1787504430.202330514] [drone_0_ego_planner_node]: P1 published fresh bspline but could not write accepted-profile evidence
[ego_planner_node-13] [FSM]: state: EXEC_TRAJ
[ego_planner_node-13] [INFO] [1787504431.094051301] [drone_0_ego_planner_node]: [p0] risk grid ready=1 stale=0 age=0.000 valid=1.000 unknown=0.000 gen=25 provider_queries=76776 occupied_skip=24 provider_stale=0 provider_invalid=0 gnss_used=76776 lidar_used=74916 prior_used=76776 stale_current_prior=0 regularized=76776 conservative_max=0 lidar_points=23309 lidar_fim_primitives=704 lidar_fim_valid_normals=704 lidar_fim_fallback= dominant_unknown=occupied_skip:24 refresh_stamp=1657065625.151282 grid_stamp=1657065625.151282 elapsed_ms=169.933 queries=76800 reason=ok
[ego_planner_node-13] [FSM]: from EXEC_TRAJ to REPLAN_TRAJ
[ego_planner_node-13] [RiskContext] planning_generation_id=25, query_base_time_s=1.65707e+09, snapshot_available=1
[ego_planner_node-13] [47;30m
[ego_planner_node-13] [drone 0 replan 15]==============================================[0m
[ego_planner_node-13] [1;33mmulti-trajs=1[1;0m
[ego_planner_node-13] [32miter(+1)=13,time(ms)=0.167,total_t(ms)=0.230,cost=0.035
[ego_planner_node-13] [0mtraj 1 success.
[ego_planner_node-13] plan_success=1
[ego_planner_node-13] total time:[42m0.00107937[0m,optimize:0.00107844,refine:9.2e-07,avg_time=0.000880891
[ego_planner_node-13] refine_success=1
[ego_planner_node-13] [WARN] [1787504431.213296676] [drone_0_ego_planner_node]: P1 published fresh bspline but could not write accepted-profile evidence
[ego_planner_node-13] [FSM]: from REPLAN_TRAJ to EXEC_TRAJ
[iap_rosnode-4] [INFO] [1787504431.895710910] [test_planner_iap_rosnode]: iap input status imu_count=26000 points_count=253 accepted_frames=253 dropped_points=0 imu_publishers=1 points_publishers=1
[ego_planner_node-13] [FSM]: state: EXEC_TRAJ
[ego_planner_node-13] [FSM]: from EXEC_TRAJ to REPLAN_TRAJ
[ego_planner_node-13] [RiskContext] planning_generation_id=27, query_base_time_s=1.65707e+09, snapshot_available=1
[ego_planner_node-13] [47;30m
[ego_planner_node-13] [drone 0 replan 16]==============================================[0m
[ego_planner_node-13] [1;33mmulti-trajs=1[1;0m
[ego_planner_node-13] [32miter(+1)=6,time(ms)=0.215,total_t(ms)=0.300,cost=0.023
[ego_planner_node-13] [0mtraj 1 success.
[ego_planner_node-13] plan_success=1
[ego_planner_node-13] total time:[42m0.00114662[0m,optimize:0.00114536,refine:1.265e-06,avg_time=0.000896522
[ego_planner_node-13] refine_success=1
[ego_planner_node-13] [WARN] [1787504432.225092245] [drone_0_ego_planner_node]: P1 published fresh bspline but could not write accepted-profile evidence
[ego_planner_node-13] [FSM]: from REPLAN_TRAJ to EXEC_TRAJ
[ego_planner_node-13] [INFO] [1787504433.104570410] [drone_0_ego_planner_node]: [p0] risk grid ready=1 stale=0 age=0.000 valid=0.997 unknown=0.003 gen=29 provider_queries=76590 occupied_skip=210 provider_stale=0 provider_invalid=0 gnss_used=76590 lidar_used=72438 prior_used=76590 stale_current_prior=0 regularized=76590 conservative_max=0 lidar_points=23309 lidar_fim_primitives=704 lidar_fim_valid_normals=704 lidar_fim_fallback= dominant_unknown=occupied_skip:210 refresh_stamp=1657065627.151270 grid_stamp=1657065627.151270 elapsed_ms=180.464 queries=76800 reason=ok
[ego_planner_node-13] [FSM]: state: EXEC_TRAJ
[ego_planner_node-13] [FSM]: from EXEC_TRAJ to REPLAN_TRAJ
[ego_planner_node-13] [RiskContext] planning_generation_id=29, query_base_time_s=1.65707e+09, snapshot_available=1
[ego_planner_node-13] [47;30m
[ego_planner_node-13] [drone 0 replan 17]==============================================[0m
[ego_planner_node-13] [1;33mmulti-trajs=1[1;0m
[ego_planner_node-13] [32miter(+1)=12,time(ms)=0.221,total_t(ms)=0.312,cost=0.011
[ego_planner_node-13] [0mtraj 1 success.
[ego_planner_node-13] plan_success=1
[ego_planner_node-13] total time:[42m0.00116672[0m,optimize:0.0011654,refine:1.319e-06,avg_time=0.000911533
[ego_planner_node-13] refine_success=1
[ego_planner_node-13] [WARN] [1787504433.236371242] [drone_0_ego_planner_node]: P1 published fresh bspline but could not write accepted-profile evidence
[ego_planner_node-13] [FSM]: from REPLAN_TRAJ to EXEC_TRAJ
[iap_rosnode-4] [2026-08-23 17:00:33.700] [integrity] [warning] NIS gating: sat 41 NIS_pr=6.75 > 6.63 -- downweighted
[iap_rosnode-4] [INFO] [1787504433.895732269] [test_planner_iap_rosnode]: iap input status imu_count=28001 points_count=273 accepted_frames=273 dropped_points=0 imu_publishers=1 points_publishers=1
[ego_planner_node-13] [FSM]: state: EXEC_TRAJ
[iap_rosnode-4] [2026-08-23 17:00:34.478] [gnss_ext] [info] [lifecycle] events=1004 stamp=1657065628.638 {b:{writes=odometry=249;missing=;expected=odometry;conflicts=0;violations=0}, c:{writes=gnss=248;missing=;expected=gnss;conflicts=0;violations=0}, e:{writes=gnss=1;missing=;expected=gnss;conflicts=0;violations=0}, r:{writes=gnss=1;missing=;expected=gnss;conflicts=0;violations=0}, v:{writes=odometry=249;missing=;expected=odometry;conflicts=0;violations=0}, x:{writes=odometry=249;missing=;expected=odometry;conflicts=0;violations=0}}
[iap_rosnode-4] [2026-08-23 17:00:34.681] [gnss_ext] [info] [gnss_ext] diag #250: clk_bias=0.25m  clk_drift=-0.0036m/s | PR rms=1.04m (41 sats)  Dop rms=0.0281m/s (41 sats)
[iap_rosnode-4] [2026-08-23 17:00:34.683] [integrity_ext] [info] [IntegrityExt] #250: stamp=1657065628.838 state=SAFE monitor_fused_HPL=4.97m monitor_fused_VPL=14.87m HAL=10.00m monitor_IM=5.03m n_sv=41 n_trunks=0 fgo_valid=true fgo_factors=4301 lidar_hyp=0 gnss_certified_HPL=4.97 gnss_certified_VPL=14.87 lidar_certified_HPL=1000000000.00 lidar_certified_VPL=1000000000.00 mode=NONE
[ego_planner_node-13] [FSM]: state: EXEC_TRAJ
[ego_planner_node-13] [TRIG]: from EXEC_TRAJ to REPLAN_TRAJ
[ego_planner_node-13] [FSM]: from REPLAN_TRAJ to WAIT_TARGET
[ego_planner_node-13] [INFO] [1787504435.424099376] [drone_0_ego_planner_node]: [p0] risk grid ready=1 stale=0 age=0.000 valid=0.997 unknown=0.003 gen=33 provider_queries=76596 occupied_skip=204 provider_stale=0 provider_invalid=0 gnss_used=76596 lidar_used=67350 prior_used=76596 stale_current_prior=0 regularized=76596 conservative_max=0 lidar_points=23309 lidar_fim_primitives=704 lidar_fim_valid_normals=704 lidar_fim_fallback= dominant_unknown=occupied_skip:204 refresh_stamp=1657065629.151269 grid_stamp=1657065629.151269 elapsed_ms=175.402 queries=76800 reason=ok
[iap_rosnode-4] [INFO] [1787504435.895731056] [test_planner_iap_rosnode]: iap input status imu_count=30000 points_count=293 accepted_frames=293 dropped_points=0 imu_publishers=1 points_publishers=1
[ego_planner_node-13] [FSM]: state: WAIT_TARGET
[iap_rosnode-4] [2026-08-23 17:00:36.396] [integrity] [warning] NIS gating: sat 41 NIS_pr=8.24 > 6.63 -- downweighted
[iap_rosnode-4] [2026-08-23 17:00:36.784] [gnss_ext] [info] [gnss_ext] epoch #300 inserted: stamp=1657065631.003 n_sats=41
[ego_planner_node-13] [FSM]: state: WAIT_TARGET
[ego_planner_node-13] [INFO] [1787504437.598610077] [drone_0_ego_planner_node]: [p0] risk grid ready=1 stale=0 age=0.000 valid=0.997 unknown=0.003 gen=38 provider_queries=76596 occupied_skip=204 provider_stale=0 provider_invalid=0 gnss_used=76596 lidar_used=67458 prior_used=76596 stale_current_prior=0 regularized=76596 conservative_max=0 lidar_points=23309 lidar_fim_primitives=704 lidar_fim_valid_normals=704 lidar_fim_fallback= dominant_unknown=occupied_skip:204 refresh_stamp=1657065631.651225 grid_stamp=1657065631.651225 elapsed_ms=174.407 queries=76800 reason=ok
[iap_rosnode-4] [INFO] [1787504437.895733767] [test_planner_iap_rosnode]: iap input status imu_count=32000 points_count=313 accepted_frames=313 dropped_points=0 imu_publishers=1 points_publishers=1
[ego_planner_node-13] [FSM]: state: WAIT_TARGET
[ego_planner_node-13] [FSM]: state: WAIT_TARGET
[iap_rosnode-4] [2026-08-23 17:00:39.375] [gnss_ext] [info] [lifecycle] events=1200 stamp=1657065633.538 {b:{writes=odometry=298;missing=;expected=odometry;conflicts=0;violations=0}, c:{writes=gnss=297;missing=;expected=gnss;conflicts=0;violations=0}, e:{writes=gnss=1;missing=;expected=gnss;conflicts=0;violations=0}, r:{writes=gnss=1;missing=;expected=gnss;conflicts=0;violations=0}, v:{writes=odometry=298;missing=;expected=odometry;conflicts=0;violations=0}, x:{writes=odometry=298;missing=;expected=odometry;conflicts=0;violations=0}}
[iap_rosnode-4] [2026-08-23 17:00:39.392] [odom] [info] [lifecycle] events=1200 stamp=1657065633.538 {b:{writes=odometry=298;missing=;expected=odometry;conflicts=0;violations=0}, c:{writes=gnss=297;missing=;expected=gnss;conflicts=0;violations=0}, e:{writes=gnss=1;missing=;expected=gnss;conflicts=0;violations=0}, r:{writes=gnss=1;missing=;expected=gnss;conflicts=0;violations=0}, v:{writes=odometry=298;missing=;expected=odometry;conflicts=0;violations=0}, x:{writes=odometry=298;missing=;expected=odometry;conflicts=0;violations=0}}
[ego_planner_node-13] [INFO] [1787504439.599591983] [drone_0_ego_planner_node]: [p0] risk grid ready=1 stale=0 age=0.000 valid=0.997 unknown=0.003 gen=42 provider_queries=76596 occupied_skip=204 provider_stale=0 provider_invalid=0 gnss_used=76596 lidar_used=67356 prior_used=76596 stale_current_prior=0 regularized=76596 conservative_max=0 lidar_points=23309 lidar_fim_primitives=704 lidar_fim_valid_normals=704 lidar_fim_fallback= dominant_unknown=occupied_skip:204 refresh_stamp=1657065633.651234 grid_stamp=1657065633.651234 elapsed_ms=175.481 queries=76800 reason=ok
[iap_rosnode-4] [2026-08-23 17:00:39.675] [gnss_ext] [info] [gnss_ext] injection #300: 82 GNSS factors → frame 300 (stamp=1657065633.838)
[iap_rosnode-4] [2026-08-23 17:00:39.695] [gnss_ext] [info] [gnss_ext] diag #300: clk_bias=0.32m  clk_drift=-0.0180m/s | PR rms=1.11m (41 sats)  Dop rms=0.0372m/s (41 sats)
[iap_rosnode-4] [2026-08-23 17:00:39.697] [integrity_ext] [info] [IntegrityExt] #300: stamp=1657065633.838 state=SAFE monitor_fused_HPL=5.22m monitor_fused_VPL=14.56m HAL=10.00m monitor_IM=4.78m n_sv=41 n_trunks=0 fgo_valid=true fgo_factors=4301 lidar_hyp=0 gnss_certified_HPL=5.22 gnss_certified_VPL=14.56 lidar_certified_HPL=1000000000.00 lidar_certified_VPL=1000000000.00 mode=NONE
[iap_rosnode-4] [INFO] [1787504439.895673391] [test_planner_iap_rosnode]: iap input status imu_count=34000 points_count=333 accepted_frames=333 dropped_points=0 imu_publishers=1 points_publishers=1
[ego_planner_node-13] [FSM]: state: WAIT_TARGET
[ego_planner_node-13] [FSM]: state: WAIT_TARGET
[iap_rosnode-4] [2026-08-23 17:00:41.319] [global] [warning] previous submap has only a small overlap with the current submap (0.13490295895641108)
[iap_rosnode-4] [2026-08-23 17:00:41.319] [global] [warning] create a between factor to prevent the submap from being isolated
[ego_planner_node-13] [INFO] [1787504441.599937330] [drone_0_ego_planner_node]: [p0] risk grid ready=1 stale=0 age=0.000 valid=0.997 unknown=0.003 gen=46 provider_queries=76596 occupied_skip=204 provider_stale=0 provider_invalid=0 gnss_used=76596 lidar_used=67356 prior_used=76596 stale_current_prior=0 regularized=76596 conservative_max=0 lidar_points=23309 lidar_fim_primitives=704 lidar_fim_valid_normals=704 lidar_fim_fallback= dominant_unknown=occupied_skip:204 refresh_stamp=1657065635.651271 grid_stamp=1657065635.651271 elapsed_ms=175.820 queries=76800 reason=ok
[iap_rosnode-4] [INFO] [1787504441.895726689] [test_planner_iap_rosnode]: iap input status imu_count=36001 points_count=353 accepted_frames=353 dropped_points=0 imu_publishers=1 points_publishers=1
[ego_planner_node-13] [FSM]: state: WAIT_TARGET
[iap_rosnode-4] [2026-08-23 17:00:43.098] [integrity] [warning] NIS gating: sat 1 NIS_pr=15.41 > 6.63 -- downweighted
[ego_planner_node-13] [FSM]: state: WAIT_TARGET
[iap_rosnode-4] [INFO] [1787504443.895712373] [test_planner_iap_rosnode]: iap input status imu_count=38000 points_count=373 accepted_frames=373 dropped_points=0 imu_publishers=1 points_publishers=1
[ego_planner_node-13] [INFO] [1787504443.924104201] [drone_0_ego_planner_node]: [p0] risk grid ready=1 stale=0 age=0.000 valid=0.997 unknown=0.003 gen=50 provider_queries=76596 occupied_skip=204 provider_stale=0 provider_invalid=0 gnss_used=76596 lidar_used=67356 prior_used=76596 stale_current_prior=0 regularized=76596 conservative_max=0 lidar_points=23309 lidar_fim_primitives=704 lidar_fim_valid_normals=704 lidar_fim_fallback= dominant_unknown=occupied_skip:204 refresh_stamp=1657065637.651271 grid_stamp=1657065637.651271 elapsed_ms=175.641 queries=76800 reason=ok
[ego_planner_node-13] [FSM]: state: WAIT_TARGET
[iap_rosnode-4] [2026-08-23 17:00:44.474] [gnss_ext] [info] [lifecycle] events=1404 stamp=1657065638.638 {b:{writes=odometry=349;missing=;expected=odometry;conflicts=0;violations=0}, c:{writes=gnss=348;missing=;expected=gnss;conflicts=0;violations=0}, e:{writes=gnss=1;missing=;expected=gnss;conflicts=0;violations=0}, r:{writes=gnss=1;missing=;expected=gnss;conflicts=0;violations=0}, v:{writes=odometry=349;missing=;expected=odometry;conflicts=0;violations=0}, x:{writes=odometry=349;missing=;expected=odometry;conflicts=0;violations=0}}
[iap_rosnode-4] [2026-08-23 17:00:44.695] [gnss_ext] [info] [gnss_ext] diag #350: clk_bias=0.04m  clk_drift=0.0025m/s | PR rms=0.95m (41 sats)  Dop rms=0.0256m/s (41 sats)
[iap_rosnode-4] [2026-08-23 17:00:44.697] [integrity_ext] [info] [IntegrityExt] #350: stamp=1657065638.838 state=SAFE monitor_fused_HPL=4.93m monitor_fused_VPL=14.97m HAL=10.00m monitor_IM=5.03m n_sv=41 n_trunks=0 fgo_valid=true fgo_factors=4301 lidar_hyp=0 gnss_certified_HPL=4.93 gnss_certified_VPL=14.97 lidar_certified_HPL=1000000000.00 lidar_certified_VPL=1000000000.00 mode=NONE
[ego_planner_node-13] [FSM]: state: WAIT_TARGET
[iap_rosnode-4] [INFO] [1787504445.895727885] [test_planner_iap_rosnode]: iap input status imu_count=40000 points_count=393 accepted_frames=393 dropped_points=0 imu_publishers=1 points_publishers=1
[ego_planner_node-13] [INFO] [1787504446.096563471] [drone_0_ego_planner_node]: [p0] risk grid ready=1 stale=0 age=0.000 valid=0.997 unknown=0.003 gen=55 provider_queries=76596 occupied_skip=204 provider_stale=0 provider_invalid=0 gnss_used=76596 lidar_used=67458 prior_used=76596 stale_current_prior=0 regularized=76596 conservative_max=0 lidar_points=23309 lidar_fim_primitives=704 lidar_fim_valid_normals=704 lidar_fim_fallback= dominant_unknown=occupied_skip:204 refresh_stamp=1657065640.151218 grid_stamp=1657065640.151218 elapsed_ms=172.453 queries=76800 reason=ok
[ego_planner_node-13] [FSM]: state: WAIT_TARGET
[iap_rosnode-4] [2026-08-23 17:00:46.784] [gnss_ext] [info] [gnss_ext] epoch #400 inserted: stamp=1657065641.003 n_sats=41
[iap_rosnode-4] [2026-08-23 17:00:47.091] [integrity] [warning] NIS gating: sat 1 NIS_pr=6.99 > 6.63 -- downweighted
[ego_planner_node-13] [FSM]: state: WAIT_TARGET
[iap_rosnode-4] [2026-08-23 17:00:47.597] [integrity] [warning] NIS gating: sat 41 NIS_pr=10.33 > 6.63 -- downweighted
[iap_rosnode-4] [INFO] [1787504447.895728149] [test_planner_iap_rosnode]: iap input status imu_count=42000 points_count=413 accepted_frames=413 dropped_points=0 imu_publishers=1 points_publishers=1
[ego_planner_node-13] [INFO] [1787504448.103384193] [drone_0_ego_planner_node]: [p0] risk grid ready=1 stale=0 age=0.000 valid=0.997 unknown=0.003 gen=59 provider_queries=76596 occupied_skip=204 provider_stale=0 provider_invalid=0 gnss_used=76596 lidar_used=67356 prior_used=76596 stale_current_prior=0 regularized=76596 conservative_max=0 lidar_points=23309 lidar_fim_primitives=704 lidar_fim_valid_normals=704 lidar_fim_fallback= dominant_unknown=occupied_skip:204 refresh_stamp=1657065642.151284 grid_stamp=1657065642.151284 elapsed_ms=179.266 queries=76800 reason=ok
[ego_planner_node-13] [FSM]: state: WAIT_TARGET
[ego_planner_node-13] [FSM]: state: WAIT_TARGET
[iap_rosnode-4] [2026-08-23 17:00:49.375] [gnss_ext] [info] [lifecycle] events=1600 stamp=1657065643.538 {b:{writes=odometry=398;missing=;expected=odometry;conflicts=0;violations=0}, c:{writes=gnss=397;missing=;expected=gnss;conflicts=0;violations=0}, e:{writes=gnss=1;missing=;expected=gnss;conflicts=0;violations=0}, r:{writes=gnss=1;missing=;expected=gnss;conflicts=0;violations=0}, v:{writes=odometry=398;missing=;expected=odometry;conflicts=0;violations=0}, x:{writes=odometry=398;missing=;expected=odometry;conflicts=0;violations=0}}
[iap_rosnode-4] [2026-08-23 17:00:49.380] [odom] [info] [lifecycle] events=1600 stamp=1657065643.538 {b:{writes=odometry=398;missing=;expected=odometry;conflicts=0;violations=0}, c:{writes=gnss=397;missing=;expected=gnss;conflicts=0;violations=0}, e:{writes=gnss=1;missing=;expected=gnss;conflicts=0;violations=0}, r:{writes=gnss=1;missing=;expected=gnss;conflicts=0;violations=0}, v:{writes=odometry=398;missing=;expected=odometry;conflicts=0;violations=0}, x:{writes=odometry=398;missing=;expected=odometry;conflicts=0;violations=0}}
[iap_rosnode-4] [2026-08-23 17:00:49.674] [gnss_ext] [info] [gnss_ext] injection #400: 82 GNSS factors → frame 400 (stamp=1657065643.838)
[iap_rosnode-4] [2026-08-23 17:00:49.675] [gnss_ext] [info] [gnss_ext] clock summary #400: state=CHAIN_ACTIVE prev_missing=0 curr_missing=0 resets=0 stamp=1657065643.838
[iap_rosnode-4] [2026-08-23 17:00:49.695] [gnss_ext] [info] [gnss_ext] diag #400: clk_bias=0.06m  clk_drift=0.0056m/s | PR rms=1.10m (41 sats)  Dop rms=0.0284m/s (41 sats)
[iap_rosnode-4] [2026-08-23 17:00:49.698] [integrity_ext] [info] [IntegrityExt] #400: stamp=1657065643.838 state=SAFE monitor_fused_HPL=5.15m monitor_fused_VPL=14.77m HAL=10.00m monitor_IM=4.85m n_sv=41 n_trunks=0 fgo_valid=true fgo_factors=4387 lidar_hyp=0 gnss_certified_HPL=5.15 gnss_certified_VPL=14.77 lidar_certified_HPL=1000000000.00 lidar_certified_VPL=1000000000.00 mode=NONE
[iap_rosnode-4] [INFO] [1787504449.895680338] [test_planner_iap_rosnode]: iap input status imu_count=44000 points_count=433 accepted_frames=433 dropped_points=0 imu_publishers=1 points_publishers=1
[ego_planner_node-13] [FSM]: state: WAIT_TARGET
[ego_planner_node-13] [INFO] [1787504450.424084108] [drone_0_ego_planner_node]: [p0] risk grid ready=1 stale=0 age=0.000 valid=0.997 unknown=0.003 gen=63 provider_queries=76596 occupied_skip=204 provider_stale=0 provider_invalid=0 gnss_used=76596 lidar_used=67458 prior_used=76596 stale_current_prior=0 regularized=76596 conservative_max=0 lidar_points=23309 lidar_fim_primitives=704 lidar_fim_valid_normals=704 lidar_fim_fallback= dominant_unknown=occupied_skip:204 refresh_stamp=1657065644.151272 grid_stamp=1657065644.151272 elapsed_ms=172.710 queries=76800 reason=ok
[ego_planner_node-13] [FSM]: state: WAIT_TARGET
[iap_rosnode-4] [INFO] [1787504451.895678275] [test_planner_iap_rosnode]: iap input status imu_count=46000 points_count=453 accepted_frames=453 dropped_points=0 imu_publishers=1 points_publishers=1
[ego_planner_node-13] [FSM]: state: WAIT_TARGET
[ego_planner_node-13] [INFO] [1787504452.424108307] [drone_0_ego_planner_node]: [p0] risk grid ready=1 stale=0 age=0.000 valid=0.997 unknown=0.003 gen=67 provider_queries=76596 occupied_skip=204 provider_stale=0 provider_invalid=0 gnss_used=76596 lidar_used=67458 prior_used=76596 stale_current_prior=0 regularized=76596 conservative_max=0 lidar_points=23309 lidar_fim_primitives=704 lidar_fim_valid_normals=704 lidar_fim_fallback= dominant_unknown=occupied_skip:204 refresh_stamp=1657065646.151275 grid_stamp=1657065646.151275 elapsed_ms=175.482 queries=76800 reason=ok
[ego_planner_node-13] [FSM]: state: WAIT_TARGET
[iap_rosnode-4] [INFO] [1787504453.895727836] [test_planner_iap_rosnode]: iap input status imu_count=47997 points_count=473 accepted_frames=473 dropped_points=0 imu_publishers=1 points_publishers=1
[ego_planner_node-13] [FSM]: state: WAIT_TARGET
[iap_rosnode-4] [2026-08-23 17:00:54.375] [gnss_ext] [info] [lifecycle] events=1800 stamp=1657065648.539 {b:{writes=odometry=448;missing=;expected=odometry;conflicts=0;violations=0}, c:{writes=gnss=447;missing=;expected=gnss;conflicts=0;violations=0}, e:{writes=gnss=1;missing=;expected=gnss;conflicts=0;violations=0}, r:{writes=gnss=1;missing=;expected=gnss;conflicts=0;violations=0}, v:{writes=odometry=448;missing=;expected=odometry;conflicts=0;violations=0}, x:{writes=odometry=448;missing=;expected=odometry;conflicts=0;violations=0}}
[ego_planner_node-13] [INFO] [1787504454.424112929] [drone_0_ego_planner_node]: [p0] risk grid ready=1 stale=0 age=0.000 valid=0.997 unknown=0.003 gen=71 provider_queries=76596 occupied_skip=204 provider_stale=0 provider_invalid=0 gnss_used=76596 lidar_used=67458 prior_used=76596 stale_current_prior=0 regularized=76596 conservative_max=0 lidar_points=23309 lidar_fim_primitives=704 lidar_fim_valid_normals=704 lidar_fim_fallback= dominant_unknown=occupied_skip:204 refresh_stamp=1657065648.150925 grid_stamp=1657065648.150925 elapsed_ms=179.681 queries=76800 reason=ok
[iap_rosnode-4] [2026-08-23 17:00:54.695] [gnss_ext] [info] [gnss_ext] diag #450: clk_bias=0.32m  clk_drift=-0.0064m/s | PR rms=1.05m (41 sats)  Dop rms=0.0293m/s (41 sats)
[iap_rosnode-4] [2026-08-23 17:00:54.697] [integrity_ext] [info] [IntegrityExt] #450: stamp=1657065648.839 state=SAFE monitor_fused_HPL=5.08m monitor_fused_VPL=14.28m HAL=10.00m monitor_IM=4.92m n_sv=41 n_trunks=0 fgo_valid=true fgo_factors=4301 lidar_hyp=0 gnss_certified_HPL=5.08 gnss_certified_VPL=14.28 lidar_certified_HPL=1000000000.00 lidar_certified_VPL=1000000000.00 mode=NONE
[ego_planner_node-13] [FSM]: state: WAIT_TARGET
[iap_rosnode-4] [INFO] [1787504455.895726845] [test_planner_iap_rosnode]: iap input status imu_count=49997 points_count=493 accepted_frames=493 dropped_points=0 imu_publishers=1 points_publishers=1
[ego_planner_node-13] [FSM]: state: WAIT_TARGET
[ego_planner_node-13] [INFO] [1787504456.597334213] [drone_0_ego_planner_node]: [p0] risk grid ready=1 stale=0 age=0.000 valid=0.997 unknown=0.003 gen=76 provider_queries=76596 occupied_skip=204 provider_stale=0 provider_invalid=0 gnss_used=76596 lidar_used=67356 prior_used=76596 stale_current_prior=0 regularized=76596 conservative_max=0 lidar_points=23309 lidar_fim_primitives=704 lidar_fim_valid_normals=704 lidar_fim_fallback= dominant_unknown=occupied_skip:204 refresh_stamp=1657065650.650912 grid_stamp=1657065650.650912 elapsed_ms=173.216 queries=76800 reason=ok
[iap_rosnode-4] [2026-08-23 17:00:56.784] [gnss_ext] [info] [gnss_ext] epoch #500 inserted: stamp=1657065651.003 n_sats=41
[ego_planner_node-13] [FSM]: state: WAIT_TARGET
[iap_rosnode-4] [INFO] [1787504457.895730166] [test_planner_iap_rosnode]: iap input status imu_count=51997 points_count=513 accepted_frames=513 dropped_points=0 imu_publishers=1 points_publishers=1
[ego_planner_node-13] [FSM]: state: WAIT_TARGET
[ego_planner_node-13] [INFO] [1787504458.600006449] [drone_0_ego_planner_node]: [p0] risk grid ready=1 stale=0 age=0.000 valid=0.997 unknown=0.003 gen=80 provider_queries=76596 occupied_skip=204 provider_stale=0 provider_invalid=0 gnss_used=76596 lidar_used=67356 prior_used=76596 stale_current_prior=0 regularized=76596 conservative_max=0 lidar_points=23309 lidar_fim_primitives=704 lidar_fim_valid_normals=704 lidar_fim_fallback= dominant_unknown=occupied_skip:204 refresh_stamp=1657065652.650971 grid_stamp=1657065652.650971 elapsed_ms=175.890 queries=76800 reason=ok
[ego_planner_node-13] [FSM]: state: WAIT_TARGET
[iap_rosnode-4] [2026-08-23 17:00:59.375] [gnss_ext] [info] [lifecycle] events=2000 stamp=1657065653.538 {b:{writes=odometry=498;missing=;expected=odometry;conflicts=0;violations=0}, c:{writes=gnss=497;missing=;expected=gnss;conflicts=0;violations=0}, e:{writes=gnss=1;missing=;expected=gnss;conflicts=0;violations=0}, r:{writes=gnss=1;missing=;expected=gnss;conflicts=0;violations=0}, v:{writes=odometry=498;missing=;expected=odometry;conflicts=0;violations=0}, x:{writes=odometry=498;missing=;expected=odometry;conflicts=0;violations=0}}
[iap_rosnode-4] [2026-08-23 17:00:59.380] [odom] [info] [lifecycle] events=2000 stamp=1657065653.538 {b:{writes=odometry=498;missing=;expected=odometry;conflicts=0;violations=0}, c:{writes=gnss=497;missing=;expected=gnss;conflicts=0;violations=0}, e:{writes=gnss=1;missing=;expected=gnss;conflicts=0;violations=0}, r:{writes=gnss=1;missing=;expected=gnss;conflicts=0;violations=0}, v:{writes=odometry=498;missing=;expected=odometry;conflicts=0;violations=0}, x:{writes=odometry=498;missing=;expected=odometry;conflicts=0;violations=0}}
[iap_rosnode-4] [2026-08-23 17:00:59.674] [gnss_ext] [info] [gnss_ext] injection #500: 82 GNSS factors → frame 500 (stamp=1657065653.838)
[iap_rosnode-4] [2026-08-23 17:00:59.676] [gnss_ext] [info] [gnss_ext] diag #500: clk_bias=0.18m  clk_drift=0.0201m/s | PR rms=1.01m (41 sats)  Dop rms=0.0235m/s (41 sats)
[iap_rosnode-4] [2026-08-23 17:00:59.678] [integrity_ext] [info] [IntegrityExt] #500: stamp=1657065653.838 state=SAFE monitor_fused_HPL=4.98m monitor_fused_VPL=14.03m HAL=10.00m monitor_IM=5.02m n_sv=41 n_trunks=0 fgo_valid=true fgo_factors=4387 lidar_hyp=0 gnss_certified_HPL=4.98 gnss_certified_VPL=14.03 lidar_certified_HPL=1000000000.00 lidar_certified_VPL=1000000000.00 mode=NONE
[iap_rosnode-4] [INFO] [1787504459.895736550] [test_planner_iap_rosnode]: iap input status imu_count=53997 points_count=533 accepted_frames=533 dropped_points=0 imu_publishers=1 points_publishers=1
[ego_planner_node-13] [FSM]: state: WAIT_TARGET
[ego_planner_node-13] [INFO] [1787504460.601087862] [drone_0_ego_planner_node]: [p0] risk grid ready=1 stale=0 age=0.000 valid=0.997 unknown=0.003 gen=84 provider_queries=76596 occupied_skip=204 provider_stale=0 provider_invalid=0 gnss_used=76596 lidar_used=67458 prior_used=76596 stale_current_prior=0 regularized=76596 conservative_max=0 lidar_points=23309 lidar_fim_primitives=704 lidar_fim_valid_normals=704 lidar_fim_fallback= dominant_unknown=occupied_skip:204 refresh_stamp=1657065654.650975 grid_stamp=1657065654.650975 elapsed_ms=176.959 queries=76800 reason=ok
[ego_planner_node-13] [FSM]: state: WAIT_TARGET
[iap_rosnode-4] [INFO] [1787504461.895726218] [test_planner_iap_rosnode]: iap input status imu_count=55997 points_count=553 accepted_frames=553 dropped_points=0 imu_publishers=1 points_publishers=1
[ego_planner_node-13] [FSM]: state: WAIT_TARGET
[ego_planner_node-13] [INFO] [1787504462.924114847] [drone_0_ego_planner_node]: [p0] risk grid ready=1 stale=0 age=0.000 valid=0.997 unknown=0.003 gen=88 provider_queries=76596 occupied_skip=204 provider_stale=0 provider_invalid=0 gnss_used=76596 lidar_used=67458 prior_used=76596 stale_current_prior=0 regularized=76596 conservative_max=0 lidar_points=23309 lidar_fim_primitives=704 lidar_fim_valid_normals=704 lidar_fim_fallback= dominant_unknown=occupied_skip:204 refresh_stamp=1657065656.650964 grid_stamp=1657065656.650964 elapsed_ms=175.082 queries=76800 reason=ok
[ego_planner_node-13] [FSM]: state: WAIT_TARGET
[iap_rosnode-4] [INFO] [1787504463.895726564] [test_planner_iap_rosnode]: iap input status imu_count=57997 points_count=573 accepted_frames=573 dropped_points=0 imu_publishers=1 points_publishers=1
[iap_rosnode-4] [2026-08-23 17:01:04.374] [gnss_ext] [info] [lifecycle] events=2200 stamp=1657065658.539 {b:{writes=odometry=548;missing=;expected=odometry;conflicts=0;violations=0}, c:{writes=gnss=547;missing=;expected=gnss;conflicts=0;violations=0}, e:{writes=gnss=1;missing=;expected=gnss;conflicts=0;violations=0}, r:{writes=gnss=1;missing=;expected=gnss;conflicts=0;violations=0}, v:{writes=odometry=548;missing=;expected=odometry;conflicts=0;violations=0}, x:{writes=odometry=548;missing=;expected=odometry;conflicts=0;violations=0}}
[ego_planner_node-13] [FSM]: state: WAIT_TARGET
[iap_rosnode-4] [2026-08-23 17:01:04.678] [gnss_ext] [info] [gnss_ext] diag #550: clk_bias=-0.10m  clk_drift=0.0072m/s | PR rms=0.89m (41 sats)  Dop rms=0.0286m/s (41 sats)
[iap_rosnode-4] [2026-08-23 17:01:04.680] [integrity_ext] [info] [IntegrityExt] #550: stamp=1657065658.838 state=SAFE monitor_fused_HPL=4.94m monitor_fused_VPL=14.21m HAL=10.00m monitor_IM=5.06m n_sv=41 n_trunks=0 fgo_valid=true fgo_factors=4301 lidar_hyp=0 gnss_certified_HPL=4.94 gnss_certified_VPL=14.21 lidar_certified_HPL=1000000000.00 lidar_certified_VPL=1000000000.00 mode=NONE
[ego_planner_node-13] [INFO] [1787504465.098505170] [drone_0_ego_planner_node]: [p0] risk grid ready=1 stale=0 age=0.000 valid=0.997 unknown=0.003 gen=93 provider_queries=76596 occupied_skip=204 provider_stale=0 provider_invalid=0 gnss_used=76596 lidar_used=67458 prior_used=76596 stale_current_prior=0 regularized=76596 conservative_max=0 lidar_points=23309 lidar_fim_primitives=704 lidar_fim_valid_normals=704 lidar_fim_fallback= dominant_unknown=occupied_skip:204 refresh_stamp=1657065659.150921 grid_stamp=1657065659.150921 elapsed_ms=174.397 queries=76800 reason=ok
[WARNING] [launch]: user interrupted with ctrl-c (SIGINT)
[ego_planner_node-13] [FSM]: state: WAIT_TARGET
[iap_rosnode-4] [2026-08-23 17:01:05.597] [integrity] [warning] NIS gating: sat 52 NIS_pr=6.73 > 6.63 -- downweighted
[iap_rosnode-4] [INFO] [1787504465.895726353] [test_planner_iap_rosnode]: iap input status imu_count=59997 points_count=593 accepted_frames=593 dropped_points=0 imu_publishers=1 points_publishers=1
[ego_planner_node-13] [FSM]: state: WAIT_TARGET
[iap_rosnode-4] [2026-08-23 17:01:06.784] [gnss_ext] [info] [gnss_ext] epoch #600 inserted: stamp=1657065661.003 n_sats=41
[ego_planner_node-13] [INFO] [1787504467.424160969] [drone_0_ego_planner_node]: [p0] risk grid ready=1 stale=0 age=0.500 valid=0.997 unknown=0.003 gen=97 provider_queries=0 occupied_skip=0 provider_stale=0 provider_invalid=0 gnss_used=76596 lidar_used=67458 prior_used=76596 stale_current_prior=0 regularized=76596 conservative_max=0 lidar_points=0 lidar_fim_primitives=0 lidar_fim_valid_normals=0 lidar_fim_fallback=not_evaluated dominant_unknown=occupied_skip:204 refresh_stamp=1657065661.650954 grid_stamp=1657065661.150975 elapsed_ms=nan queries=0 reason=ok
[ego_planner_node-13] [FSM]: state: WAIT_TARGET
[iap_rosnode-4] [INFO] [1787504467.895727300] [test_planner_iap_rosnode]: iap input status imu_count=61997 points_count=613 accepted_frames=613 dropped_points=0 imu_publishers=1 points_publishers=1
[ego_planner_node-13] [FSM]: state: WAIT_TARGET
[iap_rosnode-4] [2026-08-23 17:01:09.374] [gnss_ext] [info] [lifecycle] events=2400 stamp=1657065663.539 {b:{writes=odometry=598;missing=;expected=odometry;conflicts=0;violations=0}, c:{writes=gnss=597;missing=;expected=gnss;conflicts=0;violations=0}, e:{writes=gnss=1;missing=;expected=gnss;conflicts=0;violations=0}, r:{writes=gnss=1;missing=;expected=gnss;conflicts=0;violations=0}, v:{writes=odometry=598;missing=;expected=odometry;conflicts=0;violations=0}, x:{writes=odometry=598;missing=;expected=odometry;conflicts=0;violations=0}}
[iap_rosnode-4] [2026-08-23 17:01:09.379] [odom] [info] [lifecycle] events=2400 stamp=1657065663.539 {b:{writes=odometry=598;missing=;expected=odometry;conflicts=0;violations=0}, c:{writes=gnss=597;missing=;expected=gnss;conflicts=0;violations=0}, e:{writes=gnss=1;missing=;expected=gnss;conflicts=0;violations=0}, r:{writes=gnss=1;missing=;expected=gnss;conflicts=0;violations=0}, v:{writes=odometry=598;missing=;expected=odometry;conflicts=0;violations=0}, x:{writes=odometry=598;missing=;expected=odometry;conflicts=0;violations=0}}
[ego_planner_node-13] [FSM]: state: WAIT_TARGET
[ego_planner_node-13] [INFO] [1787504469.595870579] [drone_0_ego_planner_node]: [p0] risk grid ready=1 stale=0 age=0.000 valid=0.997 unknown=0.003 gen=102 provider_queries=76596 occupied_skip=204 provider_stale=0 provider_invalid=0 gnss_used=76596 lidar_used=67458 prior_used=76596 stale_current_prior=0 regularized=76596 conservative_max=0 lidar_points=23309 lidar_fim_primitives=704 lidar_fim_valid_normals=704 lidar_fim_fallback= dominant_unknown=occupied_skip:204 refresh_stamp=1657065663.650945 grid_stamp=1657065663.650945 elapsed_ms=171.752 queries=76800 reason=ok
[iap_rosnode-4] [2026-08-23 17:01:09.674] [gnss_ext] [info] [gnss_ext] injection #600: 82 GNSS factors → frame 600 (stamp=1657065663.839)
[iap_rosnode-4] [2026-08-23 17:01:09.674] [gnss_ext] [info] [gnss_ext] clock summary #600: state=CHAIN_ACTIVE prev_missing=0 curr_missing=0 resets=0 stamp=1657065663.839
[iap_rosnode-4] [2026-08-23 17:01:09.694] [gnss_ext] [info] [gnss_ext] diag #600: clk_bias=-0.14m  clk_drift=-0.0079m/s | PR rms=1.05m (41 sats)  Dop rms=0.0298m/s (41 sats)
[iap_rosnode-4] [2026-08-23 17:01:09.696] [integrity_ext] [info] [IntegrityExt] #600: stamp=1657065663.839 state=SAFE monitor_fused_HPL=5.12m monitor_fused_VPL=14.75m HAL=10.00m monitor_IM=4.88m n_sv=41 n_trunks=0 fgo_valid=true fgo_factors=4301 lidar_hyp=0 gnss_certified_HPL=5.12 gnss_certified_VPL=14.75 lidar_certified_HPL=1000000000.00 lidar_certified_VPL=1000000000.00 mode=NONE
[iap_rosnode-4] [INFO] [1787504469.895725600] [test_planner_iap_rosnode]: iap input status imu_count=63997 points_count=633 accepted_frames=633 dropped_points=0 imu_publishers=1 points_publishers=1
[ego_planner_node-13] [FSM]: state: WAIT_TARGET
[ERROR] [traj_server-14]: process[traj_server-14] failed to terminate '5' seconds after receiving 'SIGINT', escalating to 'SIGTERM'
[ERROR] [ego_planner_node-13]: process[ego_planner_node-13] failed to terminate '5' seconds after receiving 'SIGINT', escalating to 'SIGTERM'
[ERROR] [planner_evidence_provenance_publisher.py-12]: process[planner_evidence_provenance_publisher.py-12] failed to terminate '5' seconds after receiving 'SIGINT', escalating to 'SIGTERM'
[ERROR] [component_container-11]: process[component_container-11] failed to terminate '5' seconds after receiving 'SIGINT', escalating to 'SIGTERM'
[ERROR] [so3_quadrotor_simulator-10]: process[so3_quadrotor_simulator-10] failed to terminate '5' seconds after receiving 'SIGINT', escalating to 'SIGTERM'
[ERROR] [gnss_sim_node-9]: process[gnss_sim_node-9] failed to terminate '5' seconds after receiving 'SIGINT', escalating to 'SIGTERM'
[ERROR] [odom_visualization-8]: process[odom_visualization-8] failed to terminate '5' seconds after receiving 'SIGINT', escalating to 'SIGTERM'
[ERROR] [odom_visualization-7]: process[odom_visualization-7] failed to terminate '5' seconds after receiving 'SIGINT', escalating to 'SIGTERM'
[ERROR] [odom_visualization-6]: process[odom_visualization-6] failed to terminate '5' seconds after receiving 'SIGINT', escalating to 'SIGTERM'
[ERROR] [poscmd_2_odom-5]: process[poscmd_2_odom-5] failed to terminate '5' seconds after receiving 'SIGINT', escalating to 'SIGTERM'
[ERROR] [iap_rosnode-4]: process[iap_rosnode-4] failed to terminate '5' seconds after receiving 'SIGINT', escalating to 'SIGTERM'
[ERROR] [demo4_lidar_body_bridge-3]: process[demo4_lidar_body_bridge-3] failed to terminate '5' seconds after receiving 'SIGINT', escalating to 'SIGTERM'
[ERROR] [pcl_render_node-2]: process[pcl_render_node-2] failed to terminate '5' seconds after receiving 'SIGINT', escalating to 'SIGTERM'
[ERROR] [demo11_corridor_map_publisher-1]: process[demo11_corridor_map_publisher-1] failed to terminate '5' seconds after receiving 'SIGINT', escalating to 'SIGTERM'
[INFO] [traj_server-14]: sending signal 'SIGTERM' to process[traj_server-14]
[INFO] [ego_planner_node-13]: sending signal 'SIGTERM' to process[ego_planner_node-13]
[INFO] [planner_evidence_provenance_publisher.py-12]: sending signal 'SIGTERM' to process[planner_evidence_provenance_publisher.py-12]
[INFO] [component_container-11]: sending signal 'SIGTERM' to process[component_container-11]
[INFO] [so3_quadrotor_simulator-10]: sending signal 'SIGTERM' to process[so3_quadrotor_simulator-10]
[INFO] [gnss_sim_node-9]: sending signal 'SIGTERM' to process[gnss_sim_node-9]
[INFO] [odom_visualization-8]: sending signal 'SIGTERM' to process[odom_visualization-8]
[INFO] [odom_visualization-7]: sending signal 'SIGTERM' to process[odom_visualization-7]
[INFO] [odom_visualization-6]: sending signal 'SIGTERM' to process[odom_visualization-6]
[INFO] [poscmd_2_odom-5]: sending signal 'SIGTERM' to process[poscmd_2_odom-5]
[INFO] [iap_rosnode-4]: sending signal 'SIGTERM' to process[iap_rosnode-4]
[INFO] [demo4_lidar_body_bridge-3]: sending signal 'SIGTERM' to process[demo4_lidar_body_bridge-3]
[INFO] [pcl_render_node-2]: sending signal 'SIGTERM' to process[pcl_render_node-2]
[INFO] [demo11_corridor_map_publisher-1]: sending signal 'SIGTERM' to process[demo11_corridor_map_publisher-1]
[traj_server-14] [INFO] [1787504471.029845377] [rclcpp]: signal_handler(SIGINT/SIGTERM)
[ego_planner_node-13] [INFO] [1787504471.030298579] [rclcpp]: signal_handler(SIGINT/SIGTERM)
[component_container-11] [INFO] [1787504471.031107781] [rclcpp]: signal_handler(SIGINT/SIGTERM)
[so3_quadrotor_simulator-10] [INFO] [1787504471.031586331] [rclcpp]: signal_handler(SIGINT/SIGTERM)
[gnss_sim_node-9] [INFO] [1787504471.032000819] [rclcpp]: signal_handler(SIGINT/SIGTERM)
[odom_visualization-8] [INFO] [1787504471.032417346] [rclcpp]: signal_handler(SIGINT/SIGTERM)
[odom_visualization-6] [INFO] [1787504471.033215512] [rclcpp]: signal_handler(SIGINT/SIGTERM)
[poscmd_2_odom-5] [INFO] [1787504471.033682313] [rclcpp]: signal_handler(SIGINT/SIGTERM)
[odom_visualization-7] [INFO] [1787504471.033734810] [rclcpp]: signal_handler(SIGINT/SIGTERM)
[poscmd_2_odom-5] terminate called after throwing an instance of 'rclcpp::exceptions::RCLError'
[poscmd_2_odom-5]   what():  failed to create guard condition: the given context is not valid, either rcl_init() was not called or rcl_shutdown() was called., at ./src/rcl/guard_condition.c:67
[iap_rosnode-4] [INFO] [1787504471.034217473] [rclcpp]: signal_handler(SIGINT/SIGTERM)
[demo4_lidar_body_bridge-3] [INFO] [1787504471.034551371] [rclcpp]: signal_handler(SIGINT/SIGTERM)
[iap_rosnode-4] [2026-08-23 17:01:11.035] [glim] [info] waiting for odometry estimation
[demo11_corridor_map_publisher-1] [INFO] [1787504471.035404268] [rclcpp]: signal_handler(SIGINT/SIGTERM)
[pcl_render_node-2] [INFO] [1787504471.035724144] [rclcpp]: signal_handler(SIGINT/SIGTERM)
[pcl_render_node-2] terminate called after throwing an instance of 'rclcpp::exceptions::RCLError'
[pcl_render_node-2]   what():  failed to create guard condition: the given context is not valid, either rcl_init() was not called or rcl_shutdown() was called., at ./src/rcl/guard_condition.c:67
[iap_rosnode-4] [2026-08-23 17:01:11.036] [glim] [info] waiting for local mapping
[planner_evidence_provenance_publisher.py-12] Traceback (most recent call last):
[planner_evidence_provenance_publisher.py-12]   File "/home/dev/ws_iap/src/iap/results/icra27/icra035/install/lib/iap/planner_evidence_provenance_publisher.py", line 57, in <module>
[planner_evidence_provenance_publisher.py-12]     sys.exit(main())
[planner_evidence_provenance_publisher.py-12]              ^^^^^^
[planner_evidence_provenance_publisher.py-12]   File "/home/dev/ws_iap/src/iap/results/icra27/icra035/install/lib/iap/planner_evidence_provenance_publisher.py", line 43, in main
[planner_evidence_provenance_publisher.py-12]     rclpy.spin(node)
[planner_evidence_provenance_publisher.py-12]   File "/opt/ros/jazzy/lib/python3.12/site-packages/rclpy/__init__.py", line 247, in spin
[planner_evidence_provenance_publisher.py-12]     executor.spin_once()
[planner_evidence_provenance_publisher.py-12]   File "/opt/ros/jazzy/lib/python3.12/site-packages/rclpy/executors.py", line 923, in spin_once
[planner_evidence_provenance_publisher.py-12]     self._spin_once_impl(timeout_sec)
[planner_evidence_provenance_publisher.py-12]   File "/opt/ros/jazzy/lib/python3.12/site-packages/rclpy/executors.py", line 904, in _spin_once_impl
[planner_evidence_provenance_publisher.py-12]     handler, entity, node = self.wait_for_ready_callbacks(
[planner_evidence_provenance_publisher.py-12]                             ^^^^^^^^^^^^^^^^^^^^^^^^^^^^^^
[planner_evidence_provenance_publisher.py-12]   File "/opt/ros/jazzy/lib/python3.12/site-packages/rclpy/executors.py", line 874, in wait_for_ready_callbacks
[planner_evidence_provenance_publisher.py-12]     return next(self._cb_iter)
[planner_evidence_provenance_publisher.py-12]            ^^^^^^^^^^^^^^^^^^^
[planner_evidence_provenance_publisher.py-12]   File "/opt/ros/jazzy/lib/python3.12/site-packages/rclpy/executors.py", line 782, in _wait_for_ready_callbacks
[planner_evidence_provenance_publisher.py-12]     raise ExternalShutdownException()
[planner_evidence_provenance_publisher.py-12] rclpy.executors.ExternalShutdownException
[iap_rosnode-4] [2026-08-23 17:01:11.043] [glim] [info] waiting for global mapping
[ERROR] [pcl_render_node-2]: process has died [pid 3687999, exit code -6, cmd '/home/dev/ws_iap/install/local_sensing/lib/local_sensing/pcl_render_node --ros-args -r __node:=drone_0_pcl_render_node --params-file /home/dev/ws_iap/src/iap/results/icra27/icra035/tmp/launch_params_19kofi65 --params-file /home/dev/ws_iap/src/iap/results/icra27/icra035/tmp/launch_params_icmbr756 --params-file /home/dev/ws_iap/src/iap/results/icra27/icra035/tmp/launch_params_xy1k_jac --params-file /home/dev/ws_iap/src/iap/results/icra27/icra035/tmp/launch_params_uc4brjbk --params-file /home/dev/ws_iap/src/iap/results/icra27/icra035/tmp/launch_params_jtrasuz7 --params-file /home/dev/ws_iap/src/iap/results/icra27/icra035/tmp/launch_params_bj1w8peh --params-file /home/dev/ws_iap/src/iap/results/icra27/icra035/tmp/launch_params_dzmdwbo5 --params-file /home/dev/ws_iap/install/local_sensing/share/local_sensing/config/camera.yaml -r global_map:=/map_generator/global_cloud -r local_map:=/map_generator/local_cloud -r odometry:=/sim/drone_0/truth_odom -r pcl_render_node/cloud:=/sim/drone_0/lidar -r depth:=/sim/drone_0/depth -r camera_pose:=/drone_0_pcl_render_node/camera_pose'].
[ERROR] [poscmd_2_odom-5]: process has died [pid 3688002, exit code -6, cmd '/home/dev/ws_iap/install/poscmd_2_odom/lib/poscmd_2_odom/poscmd_2_odom --ros-args -r __node:=test_planner_desired_poscmd_to_odom --params-file /home/dev/ws_iap/src/iap/results/icra27/icra035/tmp/launch_params_6g7rsdds --params-file /home/dev/ws_iap/src/iap/results/icra27/icra035/tmp/launch_params_lyrcwuyw --params-file /home/dev/ws_iap/src/iap/results/icra27/icra035/tmp/launch_params_w292zdhg -r command:=/drone_0_planning/pos_cmd -r odometry:=/test_planner/desired/odom'].
[traj_server-14] terminate called after throwing an instance of 'std::system_error'
[traj_server-14]   what():  Invalid argument
[iap_rosnode-4] [2026-08-23 17:01:11.140] [global] [info] saving to /home/dev/ws_iap/src/iap/results/icra27/icra035/runs/benchmark/runtime/iap_logs/20260823T170005Z_774/export/dump...
[iap_rosnode-4] [2026-08-23 17:01:11.140] [global] [info] serializing factor graph to /home/dev/ws_iap/src/iap/results/icra27/icra035/runs/benchmark/runtime/iap_logs/20260823T170005Z_774/export/dump/graph.bin
[odom_visualization-8] Failed to delete datawriter, at ./src/publisher.cpp:45 during '__function__'
[odom_visualization-8] [ERROR] [1787504471.140870444] [test_planner_desired_odom_visualization.rclcpp]: Error in destruction of rcl publisher handle: cannot publish data, at ./src/rmw_publish.cpp:66, at ./src/rcl/publisher.c:201
[odom_visualization-8] Failed to delete datawriter, at ./src/publisher.cpp:45 during '__function__'
[odom_visualization-8] [ERROR] [1787504471.140888563] [test_planner_desired_odom_visualization.rclcpp]: Error in destruction of rcl publisher handle: cannot publish data, at ./src/rmw_publish.cpp:66, at ./src/rcl/publisher.c:201
[odom_visualization-8] Failed to delete datawriter, at ./src/publisher.cpp:45 during '__function__'
[odom_visualization-8] [ERROR] [1787504471.140895496] [test_planner_desired_odom_visualization.rclcpp]: Error in destruction of rcl publisher handle: cannot publish data, at ./src/rmw_publish.cpp:66, at ./src/rcl/publisher.c:201
[odom_visualization-8] Failed to delete datawriter, at ./src/publisher.cpp:45 during '__function__'
[odom_visualization-8] [ERROR] [1787504471.140900723] [test_planner_desired_odom_visualization.rclcpp]: Error in destruction of rcl publisher handle: cannot publish data, at ./src/rmw_publish.cpp:66, at ./src/rcl/publisher.c:201
[odom_visualization-8] Failed to delete datawriter, at ./src/publisher.cpp:45 during '__function__'
[odom_visualization-8] [ERROR] [1787504471.140905085] [test_planner_desired_odom_visualization.rclcpp]: Error in destruction of rcl publisher handle: cannot publish data, at ./src/rmw_publish.cpp:66, at ./src/rcl/publisher.c:201
[odom_visualization-8] Failed to delete datawriter, at ./src/publisher.cpp:45 during '__function__'
[odom_visualization-8] [ERROR] [1787504471.140909402] [test_planner_desired_odom_visualization.rclcpp]: Error in destruction of rcl publisher handle: cannot publish data, at ./src/rmw_publish.cpp:66, at ./src/rcl/publisher.c:201
[odom_visualization-8] Failed to delete datawriter, at ./src/publisher.cpp:45 during '__function__'
[odom_visualization-8] [ERROR] [1787504471.140913680] [test_planner_desired_odom_visualization.rclcpp]: Error in destruction of rcl publisher handle: cannot publish data, at ./src/rmw_publish.cpp:66, at ./src/rcl/publisher.c:201
[odom_visualization-8] Failed to delete datawriter, at ./src/publisher.cpp:45 during '__function__'
[odom_visualization-8] [ERROR] [1787504471.140917755] [test_planner_desired_odom_visualization.rclcpp]: Error in destruction of rcl publisher handle: cannot publish data, at ./src/rmw_publish.cpp:66, at ./src/rcl/publisher.c:201
[odom_visualization-8] Failed to delete datawriter, at ./src/publisher.cpp:45 during '__function__'
[odom_visualization-8] [ERROR] [1787504471.140926870] [test_planner_desired_odom_visualization.rclcpp]: Error in destruction of rcl publisher handle: cannot publish data, at ./src/rmw_publish.cpp:66, at ./src/rcl/publisher.c:201
[odom_visualization-8] Failed to delete datawriter, at ./src/publisher.cpp:45 during '__function__'
[odom_visualization-8] [ERROR] [1787504471.140933822] [test_planner_desired_odom_visualization.rclcpp]: Error in destruction of rcl publisher handle: cannot publish data, at ./src/rmw_publish.cpp:66, at ./src/rcl/publisher.c:201
[odom_visualization-8] Failed to delete datawriter, at ./src/publisher.cpp:45 during '__function__'
[odom_visualization-8] [ERROR] [1787504471.140940486] [test_planner_desired_odom_visualization.rclcpp]: Error in destruction of rcl publisher handle: cannot publish data, at ./src/rmw_publish.cpp:66, at ./src/rcl/publisher.c:201
[odom_visualization-7] Failed to delete datawriter, at ./src/publisher.cpp:45 during '__function__'
[odom_visualization-7] [ERROR] [1787504471.141589637] [test_planner_truth_odom_visualization.rclcpp]: Error in destruction of rcl publisher handle: cannot publish data, at ./src/rmw_publish.cpp:66, at ./src/rcl/publisher.c:201
[odom_visualization-7] Failed to delete datawriter, at ./src/publisher.cpp:45 during '__function__'
[odom_visualization-7] [ERROR] [1787504471.141628283] [test_planner_truth_odom_visualization.rclcpp]: Error in destruction of rcl publisher handle: cannot publish data, at ./src/rmw_publish.cpp:66, at ./src/rcl/publisher.c:201
[odom_visualization-7] Failed to delete datawriter, at ./src/publisher.cpp:45 during '__function__'
[odom_visualization-7] [ERROR] [1787504471.141635171] [test_planner_truth_odom_visualization.rclcpp]: Error in destruction of rcl publisher handle: cannot publish data, at ./src/rmw_publish.cpp:66, at ./src/rcl/publisher.c:201
[odom_visualization-7] Failed to delete datawriter, at ./src/publisher.cpp:45 during '__function__'
[odom_visualization-7] [ERROR] [1787504471.141640598] [test_planner_truth_odom_visualization.rclcpp]: Error in destruction of rcl publisher handle: cannot publish data, at ./src/rmw_publish.cpp:66, at ./src/rcl/publisher.c:201
[odom_visualization-7] Failed to delete datawriter, at ./src/publisher.cpp:45 during '__function__'
[odom_visualization-7] [ERROR] [1787504471.141646079] [test_planner_truth_odom_visualization.rclcpp]: Error in destruction of rcl publisher handle: cannot publish data, at ./src/rmw_publish.cpp:66, at ./src/rcl/publisher.c:201
[odom_visualization-7] Failed to delete datawriter, at ./src/publisher.cpp:45 during '__function__'
[odom_visualization-7] [ERROR] [1787504471.141650269] [test_planner_truth_odom_visualization.rclcpp]: Error in destruction of rcl publisher handle: cannot publish data, at ./src/rmw_publish.cpp:66, at ./src/rcl/publisher.c:201
[odom_visualization-7] Failed to delete datawriter, at ./src/publisher.cpp:45 during '__function__'
[odom_visualization-7] [ERROR] [1787504471.141654631] [test_planner_truth_odom_visualization.rclcpp]: Error in destruction of rcl publisher handle: cannot publish data, at ./src/rmw_publish.cpp:66, at ./src/rcl/publisher.c:201
[odom_visualization-7] Failed to delete datawriter, at ./src/publisher.cpp:45 during '__function__'
[odom_visualization-7] [ERROR] [1787504471.141658727] [test_planner_truth_odom_visualization.rclcpp]: Error in destruction of rcl publisher handle: cannot publish data, at ./src/rmw_publish.cpp:66, at ./src/rcl/publisher.c:201
[odom_visualization-7] Failed to delete datawriter, at ./src/publisher.cpp:45 during '__function__'
[odom_visualization-7] [ERROR] [1787504471.141667873] [test_planner_truth_odom_visualization.rclcpp]: Error in destruction of rcl publisher handle: cannot publish data, at ./src/rmw_publish.cpp:66, at ./src/rcl/publisher.c:201
[odom_visualization-7] Failed to delete datawriter, at ./src/publisher.cpp:45 during '__function__'
[odom_visualization-7] [ERROR] [1787504471.141674935] [test_planner_truth_odom_visualization.rclcpp]: Error in destruction of rcl publisher handle: cannot publish data, at ./src/rmw_publish.cpp:66, at ./src/rcl/publisher.c:201
[odom_visualization-7] Failed to delete datawriter, at ./src/publisher.cpp:45 during '__function__'
[odom_visualization-7] [ERROR] [1787504471.141681383] [test_planner_truth_odom_visualization.rclcpp]: Error in destruction of rcl publisher handle: cannot publish data, at ./src/rmw_publish.cpp:66, at ./src/rcl/publisher.c:201
[odom_visualization-6] terminate called after throwing an instance of 'std::system_error'
[odom_visualization-6]   what():  Invalid argument
[INFO] [so3_quadrotor_simulator-10]: process has finished cleanly [pid 3688033]
[INFO] [component_container-11]: process has finished cleanly [pid 3688036]
[INFO] [demo4_lidar_body_bridge-3]: process has finished cleanly [pid 3688000]
[INFO] [gnss_sim_node-9]: process has finished cleanly [pid 3688025]
[INFO] [demo11_corridor_map_publisher-1]: process has finished cleanly [pid 3687998]
[ERROR] [planner_evidence_provenance_publisher.py-12]: process has died [pid 3688038, exit code 1, cmd '/home/dev/ws_iap/src/iap/results/icra27/icra035/install/lib/iap/planner_evidence_provenance_publisher.py --ros-args -r __node:=test_planner_evidence_provenance --params-file /home/dev/ws_iap/src/iap/results/icra27/icra035/tmp/launch_params_5_0c2e59'].
[ERROR] [traj_server-14]: process has died [pid 3689551, exit code -6, cmd '/home/dev/ws_iap/src/iap/results/icra27/icra035/install_ego/lib/ego_planner/traj_server --ros-args -r __node:=drone_0_traj_server --params-file /home/dev/ws_iap/src/iap/results/icra27/icra035/tmp/launch_params_mz4myob3 -r planning/bspline:=/drone_0_planning/bspline -r odometry:=/sim/drone_0/truth_odom -r position_cmd:=/drone_0_planning/pos_cmd -r /position_cmd:=/drone_0_planning/pos_cmd'].
[iap_rosnode-4] [2026-08-23 17:01:11.213] [global] [info] saving config snapshot
[ERROR] [odom_visualization-6]: process has died [pid 3688017, exit code -6, cmd '/home/dev/ws_iap/install/odom_visualization/lib/odom_visualization/odom_visualization --ros-args -r __node:=test_planner_iap_odom_visualization --params-file /home/dev/ws_iap/src/iap/results/icra27/icra035/tmp/launch_params_y154330x --params-file /home/dev/ws_iap/src/iap/results/icra27/icra035/tmp/launch_params_6i0xajai --params-file /home/dev/ws_iap/src/iap/results/icra27/icra035/tmp/launch_params_upud8cak --params-file /home/dev/ws_iap/src/iap/results/icra27/icra035/tmp/launch_params_pvpe00md --params-file /home/dev/ws_iap/src/iap/results/icra27/icra035/tmp/launch_params_fpax126_ --params-file /home/dev/ws_iap/src/iap/results/icra27/icra035/tmp/launch_params_dqmubxgd --params-file /home/dev/ws_iap/src/iap/results/icra27/icra035/tmp/launch_params_x453fz1i --params-file /home/dev/ws_iap/src/iap/results/icra27/icra035/tmp/launch_params_u8iwl7eg --params-file /home/dev/ws_iap/src/iap/results/icra27/icra035/tmp/launch_params_akwsslt8 --params-file /home/dev/ws_iap/src/iap/results/icra27/icra035/tmp/launch_params_uwqyz2l2 --params-file /home/dev/ws_iap/src/iap/results/icra27/icra035/tmp/launch_params_oqoxzjcj --params-file /home/dev/ws_iap/src/iap/results/icra27/icra035/tmp/launch_params_xrikhtwx -r odom:=/drone_0_visual_slam/odom -r cmd:=/drone_0_planning/pos_cmd -r pose:=/test_planner/drone/pose -r path:=/test_planner/drone/path -r robot:=/test_planner/drone/robot -r velocity:=/test_planner/drone/velocity -r sensor:=/test_planner/drone/sensor_status -r time_gap:=/test_planner/drone/time_gap'].
[iap_rosnode-4] [2026-08-23 17:01:11.216] [global] [info] saved
[ERROR] [odom_visualization-8]: process has died [pid 3688021, exit code -11, cmd '/home/dev/ws_iap/install/odom_visualization/lib/odom_visualization/odom_visualization --ros-args -r __node:=test_planner_desired_odom_visualization --params-file /home/dev/ws_iap/src/iap/results/icra27/icra035/tmp/launch_params_u6omw9q1 --params-file /home/dev/ws_iap/src/iap/results/icra27/icra035/tmp/launch_params_n2hguh80 --params-file /home/dev/ws_iap/src/iap/results/icra27/icra035/tmp/launch_params_v2jvn0wn --params-file /home/dev/ws_iap/src/iap/results/icra27/icra035/tmp/launch_params_1r7dkgfo --params-file /home/dev/ws_iap/src/iap/results/icra27/icra035/tmp/launch_params_xgnqkbel --params-file /home/dev/ws_iap/src/iap/results/icra27/icra035/tmp/launch_params_oupqhe3z --params-file /home/dev/ws_iap/src/iap/results/icra27/icra035/tmp/launch_params_un4lbryj --params-file /home/dev/ws_iap/src/iap/results/icra27/icra035/tmp/launch_params_rdhuzp8q --params-file /home/dev/ws_iap/src/iap/results/icra27/icra035/tmp/launch_params_ue3cktlz --params-file /home/dev/ws_iap/src/iap/results/icra27/icra035/tmp/launch_params_9wh165w5 --params-file /home/dev/ws_iap/src/iap/results/icra27/icra035/tmp/launch_params_g8n9dkps --params-file /home/dev/ws_iap/src/iap/results/icra27/icra035/tmp/launch_params_bhbw9agt -r odom:=/test_planner/desired/odom -r cmd:=/drone_0_planning/pos_cmd -r pose:=/test_planner/desired/pose -r path:=/test_planner/desired/path -r robot:=/test_planner/desired/robot -r velocity:=/test_planner/desired/velocity -r sensor:=/test_planner/desired/sensor_status -r time_gap:=/test_planner/desired/time_gap'].
[ERROR] [odom_visualization-7]: process has died [pid 3688018, exit code -11, cmd '/home/dev/ws_iap/install/odom_visualization/lib/odom_visualization/odom_visualization --ros-args -r __node:=test_planner_truth_odom_visualization --params-file /home/dev/ws_iap/src/iap/results/icra27/icra035/tmp/launch_params_pear2fef --params-file /home/dev/ws_iap/src/iap/results/icra27/icra035/tmp/launch_params_1p65vu9a --params-file /home/dev/ws_iap/src/iap/results/icra27/icra035/tmp/launch_params_uzpjgxsg --params-file /home/dev/ws_iap/src/iap/results/icra27/icra035/tmp/launch_params_gyjuf5wl --params-file /home/dev/ws_iap/src/iap/results/icra27/icra035/tmp/launch_params_tx5d10ek --params-file /home/dev/ws_iap/src/iap/results/icra27/icra035/tmp/launch_params_pqby_pjq --params-file /home/dev/ws_iap/src/iap/results/icra27/icra035/tmp/launch_params_s46_yfo8 --params-file /home/dev/ws_iap/src/iap/results/icra27/icra035/tmp/launch_params_7kkhp47b --params-file /home/dev/ws_iap/src/iap/results/icra27/icra035/tmp/launch_params_2nm066ks --params-file /home/dev/ws_iap/src/iap/results/icra27/icra035/tmp/launch_params_1zt47f4d --params-file /home/dev/ws_iap/src/iap/results/icra27/icra035/tmp/launch_params_q5ii1yrf --params-file /home/dev/ws_iap/src/iap/results/icra27/icra035/tmp/launch_params_hjbs4g9_ -r odom:=/sim/drone_0/truth_odom -r cmd:=/drone_0_planning/pos_cmd -r pose:=/test_planner/truth/pose -r path:=/test_planner/truth/path -r robot:=/test_planner/truth/robot -r velocity:=/test_planner/truth/velocity -r sensor:=/test_planner/truth/sensor_status -r time_gap:=/test_planner/truth/time_gap'].
[INFO] [ego_planner_node-13]: process has finished cleanly [pid 3689550]
[INFO] [iap_rosnode-4]: process has finished cleanly [pid 3688001]
