stamp,module,elapsed_ms
1657065600.532227,1.1_pointcloud_extract,0.035
1657065600.532227,1.1_cloud_preprocess,1.608
1657065600.532227,1.1_ros_callback_total,1.776
1657065600.532227,1.2_odom_insert_frame,1.412
1657065600.632376,1.1_pointcloud_extract,0.031
1657065600.632376,1.1_cloud_preprocess,1.524
1657065600.632376,1.1_ros_callback_total,1.638
1657065600.632376,1.2_odom_insert_frame,7.419
1657065600.732225,1.1_pointcloud_extract,0.009
1657065600.732225,1.1_cloud_preprocess,1.253
1657065600.732225,1.1_ros_callback_total,1.318
1657065600.732225,1.2_odom_insert_frame,3.052
1657065600.832473,1.1_pointcloud_extract,0.010
1657065600.832473,1.1_cloud_preprocess,1.304
1657065600.832473,1.1_ros_callback_total,1.379
1657065600.832473,1.2_odom_insert_frame,4.973
1657065600.932238,1.1_pointcloud_extract,0.043
1657065600.932238,1.1_cloud_preprocess,1.512
1657065600.932238,1.1_ros_callback_total,1.629
1657065600.932238,1.2_odom_insert_frame,5.013
1657065601.032214,1.1_pointcloud_extract,0.042
1657065601.032214,1.1_cloud_preprocess,1.497
1657065601.032214,1.1_ros_callback_total,1.601
1657065601.032214,1.2_odom_insert_frame,3.115
1657065601.132282,1.1_pointcloud_extract,0.009
1657065601.132282,1.1_cloud_preprocess,1.188
1657065601.132282,1.1_ros_callback_total,1.251
1657065601.132282,1.2_odom_insert_frame,2.303
1657065601.232225,1.1_pointcloud_extract,0.011
1657065601.232225,1.1_cloud_preprocess,1.326
1657065601.232225,1.1_ros_callback_total,1.404
1657065601.232225,1.2_odom_insert_frame,4.917
1657065601.332451,1.1_pointcloud_extract,0.011
1657065601.332451,1.1_cloud_preprocess,1.456
1657065601.332451,1.1_ros_callback_total,1.554
1657065601.332451,1.2_odom_insert_frame,4.141
1657065601.432271,1.1_pointcloud_extract,0.011
1657065601.432271,1.1_cloud_preprocess,1.348
1657065601.432271,1.1_ros_callback_total,1.440
1657065601.432271,1.2_odom_insert_frame,4.995
1657065601.532288,1.1_pointcloud_extract,0.010
1657065601.532288,1.1_cloud_preprocess,1.220
1657065601.532288,1.1_ros_callback_total,1.299
1657065601.532288,1.2_odom_insert_frame,3.060
1657065601.632277,1.1_pointcloud_extract,0.010
1657065601.632277,1.1_cloud_preprocess,1.314
1657065601.632277,1.1_ros_callback_total,1.405
1657065601.632277,1.2_odom_insert_frame,3.101
1657065601.732269,1.1_pointcloud_extract,0.011
1657065601.732269,1.1_cloud_preprocess,1.293
1657065601.732269,1.1_ros_callback_total,1.381
1657065601.732269,1.2_odom_insert_frame,3.020
1657065601.832238,1.1_pointcloud_extract,0.010
1657065601.832238,1.1_cloud_preprocess,1.326
1657065601.832238,1.1_ros_callback_total,1.414
1657065601.832238,1.2_odom_insert_frame,3.001
1657065601.932284,1.1_pointcloud_extract,0.008
1657065601.932284,1.1_cloud_preprocess,1.284
1657065601.932284,1.1_ros_callback_total,1.357
1657065601.932284,1.2_odom_insert_frame,5.719
1657065602.032290,1.1_pointcloud_extract,0.012
1657065602.032290,1.1_cloud_preprocess,1.291
1657065602.032290,1.1_ros_callback_total,1.397
1657065602.032290,1.2_odom_insert_frame,4.331
1657065602.132288,1.1_pointcloud_extract,0.009
1657065602.132288,1.1_cloud_preprocess,1.508
1657065602.132288,1.1_ros_callback_total,1.600
1657065602.132288,1.2_odom_insert_frame,4.710
1657065602.232325,1.1_pointcloud_extract,0.011
1657065602.232325,1.1_cloud_preprocess,1.303
1657065602.232325,1.1_ros_callback_total,1.403
1657065602.232325,1.2_odom_insert_frame,4.497
1657065602.332246,1.1_pointcloud_extract,0.011
1657065602.332246,1.1_cloud_preprocess,1.313
1657065602.332246,1.1_ros_callback_total,1.409
1657065602.332246,1.2_odom_insert_frame,3.268
1657065602.432276,1.1_pointcloud_extract,0.011
1657065602.432276,1.1_cloud_preprocess,1.319
1657065602.432276,1.1_ros_callback_total,1.413
1657065602.432276,1.2_odom_insert_frame,3.678
1657065602.532284,1.1_pointcloud_extract,0.011
1657065602.532284,1.1_cloud_preprocess,1.346
1657065602.532284,1.1_ros_callback_total,1.444
1657065602.532284,1.2_odom_insert_frame,5.365
1657065602.632299,1.1_pointcloud_extract,0.011
1657065602.632299,1.1_cloud_preprocess,1.340
1657065602.632299,1.1_ros_callback_total,1.428
1657065602.632299,1.2_odom_insert_frame,3.399
1657065602.732299,1.1_pointcloud_extract,0.009
1657065602.732299,1.1_cloud_preprocess,1.171
1657065602.732299,1.1_ros_callback_total,1.247
1657065602.732299,1.2_odom_insert_frame,6.596
1657065602.832434,1.1_pointcloud_extract,0.010
1657065602.832434,1.1_cloud_preprocess,1.274
1657065602.832434,1.1_ros_callback_total,1.362
1657065602.832434,1.2_odom_insert_frame,6.507
1657065602.932231,1.1_pointcloud_extract,0.012
1657065602.932231,1.1_cloud_preprocess,1.263
1657065602.932231,1.1_ros_callback_total,1.362
1657065602.932231,1.2_odom_insert_frame,2.719
1657065603.032217,1.1_pointcloud_extract,0.011
1657065603.032217,1.1_cloud_preprocess,1.329
1657065603.032217,1.1_ros_callback_total,1.438
1657065603.032217,1.2_odom_insert_frame,4.692
1657065603.132284,1.1_pointcloud_extract,0.011
1657065603.132284,1.1_cloud_preprocess,1.292
1657065603.132284,1.1_ros_callback_total,1.381
1657065603.132284,1.2_odom_insert_frame,5.043
1657065603.232282,1.1_pointcloud_extract,0.011
1657065603.232282,1.1_cloud_preprocess,1.280
1657065603.232282,1.1_ros_callback_total,1.373
1657065603.232282,1.2_odom_insert_frame,3.308
1657065603.332276,1.1_pointcloud_extract,0.009
1657065603.332276,1.1_cloud_preprocess,1.187
1657065603.332276,1.1_ros_callback_total,1.254
1657065603.332276,1.2_odom_insert_frame,2.790
1657065603.432278,1.1_pointcloud_extract,0.010
1657065603.432278,1.1_cloud_preprocess,1.178
1657065603.432278,1.1_ros_callback_total,1.252
1657065603.432278,1.2_odom_insert_frame,3.326
1657065603.532229,1.1_pointcloud_extract,0.010
1657065603.532229,1.1_cloud_preprocess,1.345
1657065603.532229,1.1_ros_callback_total,1.448
1657065603.532229,1.2_covariance_estimation,0.517
1657065603.532229,1.2_create_factors,0.003
1657065603.532229,1.2_smoother_update,0.145
1657065603.532229,1.2_update_frames_calculate_estimate,0.008
1657065603.532229,1.2_update_frames_state_copy,0.012
1657065603.532229,1.2_update_frames_sigma_p,0.038
1657065603.532229,1.2_update_frames,0.077
1657065603.532229,1.2_odom_insert_frame,12.023
1657065603.632278,1.1_pointcloud_extract,0.011
1657065603.632278,1.1_cloud_preprocess,1.268
1657065603.632278,1.1_ros_callback_total,1.358
1657065603.632278,1.2_imu_integration,0.098
1657065603.632278,1.2_pointcloud_deskew,0.050
1657065603.632278,1.2_covariance_estimation,0.417
1657065603.632278,1.2_create_factors,0.016
1657065603.632278,1.2_smoother_update,0.698
1657065603.632278,1.3_gnss_injection,0.243
1657065603.632278,1.2_update_frames_calculate_estimate,0.002
1657065603.632278,1.2_update_frames_state_copy,0.002
1657065603.632278,1.2_update_frames_sigma_p,0.017
1657065603.632278,1.2_update_frames,0.034
1657065603.610284,2.1_gnss_araim,1.228
1657065603.632278,2.3_dynamic_al,0.001
1657065603.632278,2.3_state_machine,0.001
1657065603.632278,2.3_integrity_total,1.516
1657065603.632278,1.2_odom_insert_frame,3.879
1657065603.732290,1.1_pointcloud_extract,0.011
1657065603.732290,1.1_cloud_preprocess,1.259
1657065603.732290,1.1_ros_callback_total,1.342
1657065603.732290,1.2_imu_integration,0.091
1657065603.732290,1.2_pointcloud_deskew,0.038
1657065603.732290,1.2_covariance_estimation,0.651
1657065603.732290,1.2_create_factors,0.018
1657065603.732290,1.2_smoother_update,1.656
1657065603.732290,1.3_gnss_injection,0.305
1657065603.732290,1.2_update_frames_calculate_estimate,0.004
1657065603.732290,1.2_update_frames_state_copy,0.003
1657065603.732290,1.2_update_frames_sigma_p,0.025
1657065603.732290,1.2_update_frames,0.053
1657065603.710277,2.1_gnss_araim,0.686
1657065603.732290,2.3_dynamic_al,0.000
1657065603.732290,2.3_state_machine,0.000
1657065603.732290,2.3_integrity_total,0.751
1657065603.732290,1.2_odom_insert_frame,4.063
1657065603.832275,1.1_pointcloud_extract,0.012
1657065603.832275,1.1_cloud_preprocess,1.367
1657065603.832275,1.1_ros_callback_total,1.453
1657065603.832275,1.2_imu_integration,0.090
1657065603.832275,1.2_pointcloud_deskew,0.039
1657065603.832275,1.2_covariance_estimation,0.715
1657065603.832275,1.2_create_factors,0.015
1657065603.832275,1.2_smoother_update,1.642
1657065603.832275,1.3_gnss_injection,0.305
1657065603.832275,1.2_update_frames_calculate_estimate,0.005
1657065603.832275,1.2_update_frames_state_copy,0.003
1657065603.832275,1.2_update_frames_sigma_p,0.022
1657065603.832275,1.2_update_frames,0.054
1657065603.810295,2.1_gnss_araim,0.651
1657065603.832275,2.3_dynamic_al,0.000
1657065603.832275,2.3_state_machine,0.000
1657065603.832275,2.3_integrity_total,0.703
1657065603.832275,1.2_odom_insert_frame,4.113
1657065603.932446,1.1_pointcloud_extract,0.011
1657065603.932446,1.1_cloud_preprocess,1.397
1657065603.932446,1.1_ros_callback_total,1.488
1657065603.932446,1.2_imu_integration,0.091
1657065603.932446,1.2_pointcloud_deskew,0.038
1657065603.932446,1.2_covariance_estimation,0.696
1657065603.932446,1.2_create_factors,0.017
1657065603.932446,1.2_smoother_update,2.290
1657065603.932446,1.3_gnss_injection,0.319
1657065603.932446,1.2_update_frames_calculate_estimate,0.006
1657065603.932446,1.2_update_frames_state_copy,0.004
1657065603.932446,1.2_update_frames_sigma_p,0.056
1657065603.932446,1.2_update_frames,0.089
1657065603.910276,2.1_gnss_araim,0.638
1657065603.932446,2.3_dynamic_al,0.000
1657065603.932446,2.3_state_machine,0.000
1657065603.932446,2.3_integrity_total,0.703
1657065603.932446,1.2_odom_insert_frame,4.918
1657065603.981217,1.1_pointcloud_extract,0.011
1657065603.981217,1.1_cloud_preprocess,1.374
1657065603.981217,1.1_ros_callback_total,1.471
1657065603.981217,1.2_imu_integration,0.051
1657065603.981217,1.2_pointcloud_deskew,0.038
1657065603.981217,1.2_covariance_estimation,0.603
1657065603.981217,1.2_create_factors,0.016
1657065603.981217,1.2_smoother_update,3.534
1657065603.981217,1.3_gnss_injection,0.308
1657065603.981217,1.2_update_frames_calculate_estimate,0.008
1657065603.981217,1.2_update_frames_state_copy,0.004
1657065603.981217,1.2_update_frames_sigma_p,0.076
1657065603.981217,1.2_update_frames,0.115
1657065604.010231,2.1_gnss_araim,0.681
1657065603.981217,2.3_dynamic_al,0.000
1657065603.981217,2.3_state_machine,0.000
1657065603.981217,2.3_integrity_total,0.751
1657065603.981217,1.2_odom_insert_frame,6.259
1657065604.132231,1.1_pointcloud_extract,0.012
1657065604.132231,1.1_cloud_preprocess,1.420
1657065604.132231,1.1_ros_callback_total,1.519
1657065604.132231,1.2_imu_integration,0.127
1657065604.132231,1.2_pointcloud_deskew,0.039
1657065604.132231,1.2_covariance_estimation,0.700
1657065604.132231,1.2_create_factors,0.015
1657065604.132231,1.2_smoother_update,4.287
1657065604.132231,1.3_gnss_injection,0.325
1657065604.132231,1.2_update_frames_calculate_estimate,0.008
1657065604.132231,1.2_update_frames_state_copy,0.004
1657065604.132231,1.2_update_frames_sigma_p,0.099
1657065604.132231,1.2_update_frames,0.136
1657065604.110240,2.1_gnss_araim,0.757
1657065604.132231,2.3_dynamic_al,0.000
1657065604.132231,2.3_state_machine,0.000
1657065604.132231,2.3_integrity_total,0.814
1657065604.132231,1.2_odom_insert_frame,7.324
1657065604.232228,1.1_pointcloud_extract,0.011
1657065604.232228,1.1_cloud_preprocess,1.268
1657065604.232228,1.1_ros_callback_total,1.335
1657065604.232228,1.2_imu_integration,0.091
1657065604.232228,1.2_pointcloud_deskew,0.039
1657065604.232228,1.2_covariance_estimation,0.613
1657065604.232228,1.2_create_factors,0.018
1657065604.232228,1.2_smoother_update,4.908
1657065604.232228,1.3_gnss_injection,0.321
1657065604.232228,1.2_update_frames_calculate_estimate,0.009
1657065604.232228,1.2_update_frames_state_copy,0.004
1657065604.232228,1.2_update_frames_sigma_p,0.021
1657065604.232228,1.2_update_frames,0.056
1657065604.210255,2.1_gnss_araim,1.008
1657065604.232228,2.3_dynamic_al,0.000
1657065604.232228,2.3_state_machine,0.000
1657065604.232228,2.3_integrity_total,1.072
1657065604.232228,1.2_odom_insert_frame,7.756
1657065604.332235,1.1_pointcloud_extract,0.010
1657065604.332235,1.1_cloud_preprocess,1.274
1657065604.332235,1.1_ros_callback_total,1.355
1657065604.332235,1.2_imu_integration,0.082
1657065604.332235,1.2_pointcloud_deskew,0.050
1657065604.332235,1.2_covariance_estimation,0.415
1657065604.332235,1.2_create_factors,0.011
1657065604.332235,1.2_smoother_update,4.090
1657065604.332235,1.3_gnss_injection,0.250
1657065604.332235,1.2_update_frames_calculate_estimate,0.008
1657065604.332235,1.2_update_frames_state_copy,0.004
1657065604.332235,1.2_update_frames_sigma_p,0.018
1657065604.332235,1.2_update_frames,0.047
1657065604.310293,2.1_gnss_araim,0.696
1657065604.332235,2.3_dynamic_al,0.000
1657065604.332235,2.3_state_machine,0.000
1657065604.332235,2.3_integrity_total,0.749
1657065604.332235,1.2_odom_insert_frame,6.272
1657065604.432237,1.1_pointcloud_extract,0.011
1657065604.432237,1.1_cloud_preprocess,1.388
1657065604.432237,1.1_ros_callback_total,1.482
1657065604.432237,1.2_imu_integration,0.090
1657065604.432237,1.2_pointcloud_deskew,0.038
1657065604.432237,1.2_covariance_estimation,0.809
1657065604.432237,1.2_create_factors,0.018
1657065604.432237,1.2_smoother_update,2.607
1657065604.432237,1.3_gnss_injection,0.232
1657065604.432237,1.2_update_frames_calculate_estimate,0.009
1657065604.432237,1.2_update_frames_state_copy,0.004
1657065604.432237,1.2_update_frames_sigma_p,0.028
1657065604.432237,1.2_update_frames,0.056
1657065604.410242,2.1_gnss_araim,0.641
1657065604.432237,2.3_dynamic_al,0.000
1657065604.432237,2.3_state_machine,0.000
1657065604.432237,2.3_integrity_total,0.706
1657065604.432237,1.2_odom_insert_frame,5.230
1657065604.532244,1.1_pointcloud_extract,0.011
1657065604.532244,1.1_cloud_preprocess,1.400
1657065604.532244,1.1_ros_callback_total,1.504
1657065604.532244,1.2_imu_integration,0.091
1657065604.532244,1.2_pointcloud_deskew,0.038
1657065604.532244,1.2_covariance_estimation,0.769
1657065604.532244,1.2_create_factors,0.019
1657065604.532244,1.2_smoother_update,4.022
1657065604.532244,1.3_gnss_injection,0.350
1657065604.532244,1.2_update_frames_calculate_estimate,0.013
1657065604.532244,1.2_update_frames_state_copy,0.006
1657065604.532244,1.2_update_frames_sigma_p,0.022
1657065604.532244,1.2_update_frames,0.066
1657065604.510251,2.1_gnss_araim,0.659
1657065604.532244,2.3_dynamic_al,0.000
1657065604.532244,2.3_state_machine,0.000
1657065604.532244,2.3_integrity_total,0.718
1657065604.532244,1.2_odom_insert_frame,6.749
1657065604.632276,1.1_pointcloud_extract,0.011
1657065604.632276,1.1_cloud_preprocess,1.415
1657065604.632276,1.1_ros_callback_total,1.501
1657065604.632276,1.2_imu_integration,0.079
1657065604.632276,1.2_pointcloud_deskew,0.049
1657065604.632276,1.2_covariance_estimation,0.512
1657065604.632276,1.2_create_factors,0.012
1657065604.632276,1.2_smoother_update,5.615
1657065604.632276,1.3_gnss_injection,0.250
1657065604.632276,1.2_update_frames_calculate_estimate,0.011
1657065604.632276,1.2_update_frames_state_copy,0.004
1657065604.632276,1.2_update_frames_sigma_p,0.060
1657065604.632276,1.2_update_frames,0.092
1657065604.610277,2.1_gnss_araim,0.663
1657065604.632276,2.3_dynamic_al,0.000
1657065604.632276,2.3_state_machine,0.000
1657065604.632276,2.3_integrity_total,0.728
1657065604.632276,1.2_odom_insert_frame,8.202
1657065604.732282,1.1_pointcloud_extract,0.011
1657065604.732282,1.1_cloud_preprocess,1.379
1657065604.732282,1.1_ros_callback_total,1.460
1657065604.732282,1.2_imu_integration,0.090
1657065604.732282,1.2_pointcloud_deskew,0.037
1657065604.732282,1.2_covariance_estimation,0.668
1657065604.732282,1.2_create_factors,0.017
1657065604.732282,1.2_smoother_update,4.418
1657065604.732282,1.3_gnss_injection,0.319
1657065604.732282,1.2_update_frames_calculate_estimate,0.014
1657065604.732282,1.2_update_frames_state_copy,0.005
1657065604.732282,1.2_update_frames_sigma_p,0.032
1657065604.732282,1.2_update_frames,0.075
1657065604.710274,2.1_gnss_araim,0.673
1657065604.732282,2.3_dynamic_al,0.000
1657065604.732282,2.3_state_machine,0.000
1657065604.732282,2.3_integrity_total,0.736
1657065604.732282,1.2_odom_insert_frame,7.064
1657065604.832284,1.1_pointcloud_extract,0.009
1657065604.832284,1.1_cloud_preprocess,1.289
1657065604.832284,1.1_ros_callback_total,1.362
1657065604.832284,1.2_imu_integration,0.090
1657065604.832284,1.2_pointcloud_deskew,0.037
1657065604.832284,1.2_covariance_estimation,0.736
1657065604.832284,1.2_create_factors,0.016
1657065604.832284,1.2_smoother_update,5.212
1657065604.832284,1.3_gnss_injection,0.362
1657065604.832284,1.2_update_frames_calculate_estimate,0.014
1657065604.832284,1.2_update_frames_state_copy,0.006
1657065604.832284,1.2_update_frames_sigma_p,0.113
1657065604.832284,1.2_update_frames,0.159
1657065604.810303,2.1_gnss_araim,0.610
1657065604.832284,2.3_dynamic_al,0.000
1657065604.832284,2.3_state_machine,0.000
1657065604.832284,2.3_integrity_total,0.718
1657065604.832284,1.2_odom_insert_frame,8.373
1657065604.932218,1.1_pointcloud_extract,0.011
1657065604.932218,1.1_cloud_preprocess,1.393
1657065604.932218,1.1_ros_callback_total,1.466
1657065604.932218,1.2_imu_integration,0.091
1657065604.932218,1.2_pointcloud_deskew,0.037
1657065604.932218,1.2_covariance_estimation,0.679
1657065604.932218,1.2_create_factors,0.015
1657065604.932218,1.2_smoother_update,5.246
1657065604.932218,1.3_gnss_injection,0.325
1657065604.932218,1.2_update_frames_calculate_estimate,0.016
1657065604.932218,1.2_update_frames_state_copy,0.007
1657065604.932218,1.2_update_frames_sigma_p,0.031
1657065604.932218,1.2_update_frames,0.079
1657065604.910227,2.1_gnss_araim,0.652
1657065604.932218,2.3_dynamic_al,0.000
1657065604.932218,2.3_state_machine,0.000
1657065604.932218,2.3_integrity_total,0.718
1657065604.932218,1.2_odom_insert_frame,7.893
1657065605.032244,1.1_pointcloud_extract,0.011
1657065605.032244,1.1_cloud_preprocess,1.365
1657065605.032244,1.1_ros_callback_total,1.469
1657065605.032244,1.2_imu_integration,0.091
1657065605.032244,1.2_pointcloud_deskew,0.039
1657065605.032244,1.2_covariance_estimation,0.707
1657065605.032244,1.2_create_factors,0.016
1657065605.032244,1.2_smoother_update,0.982
1657065605.032244,1.3_gnss_injection,0.318
1657065605.032244,1.2_update_frames_calculate_estimate,0.015
1657065605.032244,1.2_update_frames_state_copy,0.006
1657065605.032244,1.2_update_frames_sigma_p,0.032
1657065605.032244,1.2_update_frames,0.077
1657065605.010220,2.1_gnss_araim,0.648
1657065605.032244,2.3_dynamic_al,0.000
1657065605.032244,2.3_state_machine,0.000
1657065605.032244,2.3_integrity_total,0.711
1657065605.032244,1.2_odom_insert_frame,3.679
1657065605.132296,1.1_pointcloud_extract,0.012
1657065605.132296,1.1_cloud_preprocess,1.362
1657065605.132296,1.1_ros_callback_total,1.467
1657065605.132296,1.2_imu_integration,0.080
1657065605.132296,1.2_pointcloud_deskew,0.052
1657065605.132296,1.2_covariance_estimation,0.674
1657065605.132296,1.2_create_factors,0.013
1657065605.132296,1.2_smoother_update,5.043
1657065605.132296,1.3_gnss_injection,0.282
1657065605.132296,1.2_update_frames_calculate_estimate,0.017
1657065605.132296,1.2_update_frames_state_copy,0.005
1657065605.132296,1.2_update_frames_sigma_p,0.117
1657065605.132296,1.2_update_frames,0.159
1657065605.110275,2.1_gnss_araim,0.767
1657065605.132296,2.3_dynamic_al,0.000
1657065605.132296,2.3_state_machine,0.000
1657065605.132296,2.3_integrity_total,0.830
1657065605.132296,1.2_odom_insert_frame,8.082
1657065605.232276,1.1_pointcloud_extract,0.009
1657065605.232276,1.1_cloud_preprocess,1.334
1657065605.232276,1.1_ros_callback_total,1.405
1657065605.232276,1.2_imu_integration,0.083
1657065605.232276,1.2_pointcloud_deskew,0.051
1657065605.232276,1.2_covariance_estimation,0.682
1657065605.232276,1.2_create_factors,0.013
1657065605.232276,1.2_smoother_update,9.105
1657065605.232276,1.3_gnss_injection,0.275
1657065605.232276,1.2_update_frames_calculate_estimate,0.014
1657065605.232276,1.2_update_frames_state_copy,0.006
1657065605.232276,1.2_update_frames_sigma_p,0.019
1657065605.232276,1.2_update_frames,0.055
1657065605.210377,2.1_gnss_araim,0.682
1657065605.232276,2.3_dynamic_al,0.000
1657065605.232276,2.3_state_machine,0.000
1657065605.232276,2.3_integrity_total,0.741
1657065605.232276,1.2_odom_insert_frame,11.531
1657065605.332267,1.1_pointcloud_extract,0.011
1657065605.332267,1.1_cloud_preprocess,1.368
1657065605.332267,1.1_ros_callback_total,1.454
1657065605.332267,1.2_imu_integration,0.083
1657065605.332267,1.2_pointcloud_deskew,0.051
1657065605.332267,1.2_covariance_estimation,0.460
1657065605.332267,1.2_create_factors,0.012
1657065605.332267,1.2_smoother_update,5.145
1657065605.332267,1.3_gnss_injection,0.233
1657065605.332267,1.2_update_frames_calculate_estimate,0.016
1657065605.332267,1.2_update_frames_state_copy,0.006
1657065605.332267,1.2_update_frames_sigma_p,0.028
1657065605.332267,1.2_update_frames,0.066
1657065605.310283,2.1_gnss_araim,0.819
1657065605.332267,2.3_dynamic_al,0.000
1657065605.332267,2.3_state_machine,0.000
1657065605.332267,2.3_integrity_total,0.878
1657065605.332267,1.2_odom_insert_frame,7.433
1657065605.432395,1.1_pointcloud_extract,0.013
1657065605.432395,1.1_cloud_preprocess,1.344
1657065605.432395,1.1_ros_callback_total,1.438
1657065605.432395,1.2_imu_integration,0.089
1657065605.432395,1.2_pointcloud_deskew,0.041
1657065605.432395,1.2_covariance_estimation,0.597
1657065605.432395,1.2_create_factors,0.016
1657065605.432395,1.2_smoother_update,1.077
1657065605.432395,1.3_gnss_injection,0.322
1657065605.432395,1.2_update_frames_calculate_estimate,0.019
1657065605.432395,1.2_update_frames_state_copy,0.008
1657065605.432395,1.2_update_frames_sigma_p,0.033
1657065605.432395,1.2_update_frames,0.084
1657065605.410258,2.1_gnss_araim,0.766
1657065605.432395,2.3_dynamic_al,0.000
1657065605.432395,2.3_state_machine,0.000
1657065605.432395,2.3_integrity_total,0.837
1657065605.432395,1.2_odom_insert_frame,3.942
1657065605.532280,1.1_pointcloud_extract,0.009
1657065605.532280,1.1_cloud_preprocess,1.307
1657065605.532280,1.1_ros_callback_total,1.385
1657065605.532280,1.2_imu_integration,0.089
1657065605.532280,1.2_pointcloud_deskew,0.038
1657065605.532280,1.2_covariance_estimation,0.714
1657065605.532280,1.2_create_factors,0.016
1657065605.532280,1.2_smoother_update,1.129
1657065605.532280,1.3_gnss_injection,0.341
1657065605.532280,1.2_update_frames_calculate_estimate,0.023
1657065605.532280,1.2_update_frames_state_copy,0.008
1657065605.532280,1.2_update_frames_sigma_p,0.035
1657065605.532280,1.2_update_frames,0.092
1657065605.510227,2.1_gnss_araim,0.626
1657065605.532280,2.3_dynamic_al,0.000
1657065605.532280,2.3_state_machine,0.000
1657065605.532280,2.3_integrity_total,0.686
1657065605.532280,1.2_odom_insert_frame,3.850
1657065605.632250,1.1_pointcloud_extract,0.011
1657065605.632250,1.1_cloud_preprocess,1.353
1657065605.632250,1.1_ros_callback_total,1.450
1657065605.632250,1.2_imu_integration,0.076
1657065605.632250,1.2_pointcloud_deskew,0.047
1657065605.632250,1.2_covariance_estimation,0.541
1657065605.632250,1.2_create_factors,0.012
1657065605.632250,1.2_smoother_update,0.903
1657065605.632250,1.3_gnss_injection,0.235
1657065605.632250,1.2_update_frames_calculate_estimate,0.016
1657065605.632250,1.2_update_frames_state_copy,0.006
1657065605.632250,1.2_update_frames_sigma_p,0.029
1657065605.632250,1.2_update_frames,0.067
1657065605.610294,2.1_gnss_araim,0.626
1657065605.632250,2.3_dynamic_al,0.000
1657065605.632250,2.3_state_machine,0.000
1657065605.632250,2.3_integrity_total,0.672
1657065605.632250,1.2_odom_insert_frame,3.162
1657065605.732224,1.1_pointcloud_extract,0.012
1657065605.732224,1.1_cloud_preprocess,1.366
1657065605.732224,1.1_ros_callback_total,1.455
1657065605.732224,1.2_imu_integration,0.121
1657065605.732224,1.2_pointcloud_deskew,0.038
1657065605.732224,1.2_covariance_estimation,0.609
1657065605.732224,1.2_create_factors,0.015
1657065605.732224,1.2_smoother_update,1.124
1657065605.732224,1.3_gnss_injection,0.313
1657065605.732224,1.2_update_frames_calculate_estimate,0.021
1657065605.732224,1.2_update_frames_state_copy,0.008
1657065605.732224,1.2_update_frames_sigma_p,0.034
1657065605.732224,1.2_update_frames,0.088
1657065605.710218,2.1_gnss_araim,0.681
1657065605.732224,2.3_dynamic_al,0.000
1657065605.732224,2.3_state_machine,0.000
1657065605.732224,2.3_integrity_total,0.728
1657065605.732224,1.2_odom_insert_frame,3.749
1657065605.832411,1.1_pointcloud_extract,0.011
1657065605.832411,1.1_cloud_preprocess,1.343
1657065605.832411,1.1_ros_callback_total,1.423
1657065605.832411,1.2_imu_integration,0.114
1657065605.832411,1.2_pointcloud_deskew,0.047
1657065605.832411,1.2_covariance_estimation,0.605
1657065605.832411,1.2_create_factors,0.012
1657065605.832411,1.2_smoother_update,7.598
1657065605.832411,1.3_gnss_injection,0.310
1657065605.832411,1.2_update_frames_calculate_estimate,0.018
1657065605.832411,1.2_update_frames_state_copy,0.007
1657065605.832411,1.2_update_frames_sigma_p,0.020
1657065605.832411,1.2_update_frames,0.062
1657065605.810445,2.1_gnss_araim,0.720
1657065605.832411,2.3_dynamic_al,0.000
1657065605.832411,2.3_state_machine,0.000
1657065605.832411,2.3_integrity_total,0.788
1657065605.832411,1.2_odom_insert_frame,10.198
1657065605.932292,1.1_pointcloud_extract,0.012
1657065605.932292,1.1_cloud_preprocess,1.366
1657065605.932292,1.1_ros_callback_total,1.459
1657065605.932292,1.2_imu_integration,0.090
1657065605.932292,1.2_pointcloud_deskew,0.038
1657065605.932292,1.2_covariance_estimation,0.544
1657065605.932292,1.2_create_factors,0.016
1657065605.932292,1.2_smoother_update,7.143
1657065605.932292,1.3_gnss_injection,0.247
1657065605.932292,1.2_update_frames_calculate_estimate,0.020
1657065605.932292,1.2_update_frames_state_copy,0.007
1657065605.932292,1.2_update_frames_sigma_p,0.029
1657065605.932292,1.2_update_frames,0.073
1657065605.910228,2.1_gnss_araim,0.872
1657065605.932292,2.3_dynamic_al,0.000
1657065605.932292,2.3_state_machine,0.000
1657065605.932292,2.3_integrity_total,0.934
1657065605.932292,1.2_odom_insert_frame,9.676
1657065606.032297,1.1_pointcloud_extract,0.011
1657065606.032297,1.1_cloud_preprocess,1.387
1657065606.032297,1.1_ros_callback_total,1.482
1657065606.032297,1.2_imu_integration,0.090
1657065606.032297,1.2_pointcloud_deskew,0.037
1657065606.032297,1.2_covariance_estimation,0.593
1657065606.032297,1.2_create_factors,0.016
1657065606.032297,1.2_smoother_update,1.236
1657065606.032297,1.3_gnss_injection,0.342
1657065606.032297,1.2_update_frames_calculate_estimate,0.027
1657065606.032297,1.2_update_frames_state_copy,0.009
1657065606.032297,1.2_update_frames_sigma_p,0.033
1657065606.032297,1.2_update_frames,0.095
1657065606.010411,2.1_gnss_araim,0.602
1657065606.032297,2.3_dynamic_al,0.000
1657065606.032297,2.3_state_machine,0.000
1657065606.032297,2.3_integrity_total,0.668
1657065606.032297,1.2_odom_insert_frame,4.027
1657065606.132262,1.1_pointcloud_extract,0.011
1657065606.132262,1.1_cloud_preprocess,1.345
1657065606.132262,1.1_ros_callback_total,1.448
1657065606.132262,1.2_imu_integration,0.073
1657065606.132262,1.2_pointcloud_deskew,0.048
1657065606.132262,1.2_covariance_estimation,0.591
1657065606.132262,1.2_create_factors,0.010
1657065606.132262,1.2_smoother_update,0.996
1657065606.132262,1.3_gnss_injection,0.241
1657065606.132262,1.2_update_frames_calculate_estimate,0.019
1657065606.132262,1.2_update_frames_state_copy,0.007
1657065606.132262,1.2_update_frames_sigma_p,0.029
1657065606.132262,1.2_update_frames,0.072
1657065606.110276,2.1_gnss_araim,0.682
1657065606.132262,2.3_dynamic_al,0.000
1657065606.132262,2.3_state_machine,0.000
1657065606.132262,2.3_integrity_total,0.798
1657065606.132262,1.2_odom_insert_frame,3.583
1657065606.232339,1.1_pointcloud_extract,0.011
1657065606.232339,1.1_cloud_preprocess,1.345
1657065606.232339,1.1_ros_callback_total,1.442
1657065606.232339,1.2_imu_integration,0.089
1657065606.232339,1.2_pointcloud_deskew,0.038
1657065606.232339,1.2_covariance_estimation,0.885
1657065606.232339,1.2_create_factors,0.015
1657065606.232339,1.2_smoother_update,1.258
1657065606.232339,1.3_gnss_injection,0.337
1657065606.232339,1.2_update_frames_calculate_estimate,0.025
1657065606.232339,1.2_update_frames_state_copy,0.010
1657065606.232339,1.2_update_frames_sigma_p,0.034
1657065606.232339,1.2_update_frames,0.096
1657065606.210339,2.1_gnss_araim,0.647
1657065606.232339,2.3_dynamic_al,0.000
1657065606.232339,2.3_state_machine,0.000
1657065606.232339,2.3_integrity_total,0.708
1657065606.232339,1.2_odom_insert_frame,4.203
1657065606.332220,1.1_pointcloud_extract,0.011
1657065606.332220,1.1_cloud_preprocess,1.399
1657065606.332220,1.1_ros_callback_total,1.475
1657065606.332220,1.2_imu_integration,0.084
1657065606.332220,1.2_pointcloud_deskew,0.050
1657065606.332220,1.2_covariance_estimation,0.611
1657065606.332220,1.2_create_factors,0.011
1657065606.332220,1.2_smoother_update,1.015
1657065606.332220,1.3_gnss_injection,0.239
1657065606.332220,1.2_update_frames_calculate_estimate,0.021
1657065606.332220,1.2_update_frames_state_copy,0.008
1657065606.332220,1.2_update_frames_sigma_p,0.030
1657065606.332220,1.2_update_frames,0.076
1657065606.310285,2.1_gnss_araim,0.671
1657065606.332220,2.3_dynamic_al,0.000
1657065606.332220,2.3_state_machine,0.000
1657065606.332220,2.3_integrity_total,0.729
1657065606.332220,1.2_odom_insert_frame,3.523
1657065606.432225,1.1_pointcloud_extract,0.010
1657065606.432225,1.1_cloud_preprocess,1.294
1657065606.432225,1.1_ros_callback_total,1.370
1657065606.432225,1.2_imu_integration,0.073
1657065606.432225,1.2_pointcloud_deskew,0.047
1657065606.432225,1.2_covariance_estimation,0.736
1657065606.432225,1.2_create_factors,0.012
1657065606.432225,1.2_smoother_update,1.045
1657065606.432225,1.3_gnss_injection,0.238
1657065606.432225,1.2_update_frames_calculate_estimate,0.021
1657065606.432225,1.2_update_frames_state_copy,0.008
1657065606.432225,1.2_update_frames_sigma_p,0.030
1657065606.432225,1.2_update_frames,0.075
1657065606.410295,2.1_gnss_araim,0.687
1657065606.432225,2.3_dynamic_al,0.000
1657065606.432225,2.3_state_machine,0.000
1657065606.432225,2.3_integrity_total,0.748
1657065606.432225,1.2_odom_insert_frame,3.572
1657065606.532275,1.1_pointcloud_extract,0.012
1657065606.532275,1.1_cloud_preprocess,1.336
1657065606.532275,1.1_ros_callback_total,1.440
1657065606.532275,1.2_imu_integration,0.090
1657065606.532275,1.2_pointcloud_deskew,0.038
1657065606.532275,1.2_covariance_estimation,0.861
1657065606.532275,1.2_create_factors,0.016
1657065606.532275,1.2_smoother_update,1.361
1657065606.532275,1.3_gnss_injection,0.344
1657065606.532275,1.2_update_frames_calculate_estimate,0.028
1657065606.532275,1.2_update_frames_state_copy,0.010
1657065606.532275,1.2_update_frames_sigma_p,0.034
1657065606.532275,1.2_update_frames,0.099
1657065606.510223,2.1_gnss_araim,0.725
1657065606.532275,2.3_dynamic_al,0.000
1657065606.532275,2.3_state_machine,0.000
1657065606.532275,2.3_integrity_total,0.788
1657065606.532275,1.2_odom_insert_frame,4.552
1657065606.632296,1.1_pointcloud_extract,0.011
1657065606.632296,1.1_cloud_preprocess,1.338
1657065606.632296,1.1_ros_callback_total,1.426
1657065606.632296,1.2_imu_integration,0.090
1657065606.632296,1.2_pointcloud_deskew,0.038
1657065606.632296,1.2_covariance_estimation,0.873
1657065606.632296,1.2_create_factors,0.016
1657065606.632296,1.2_smoother_update,14.486
1657065606.632296,1.3_gnss_injection,0.507
1657065606.632296,1.2_update_frames_calculate_estimate,0.036
1657065606.632296,1.2_update_frames_state_copy,0.012
1657065606.632296,1.2_update_frames_sigma_p,0.025
1657065606.632296,1.2_update_frames,0.103
1657065606.610283,2.1_gnss_araim,0.666
1657065606.632296,2.3_dynamic_al,0.000
1657065606.632296,2.3_state_machine,0.000
1657065606.632296,2.3_integrity_total,0.731
1657065606.632296,1.2_odom_insert_frame,17.778
1657065606.732285,1.1_pointcloud_extract,0.011
1657065606.732285,1.1_cloud_preprocess,1.390
1657065606.732285,1.1_ros_callback_total,1.492
1657065606.732285,1.2_imu_integration,0.077
1657065606.732285,1.2_pointcloud_deskew,0.048
1657065606.732285,1.2_covariance_estimation,0.521
1657065606.732285,1.2_create_factors,0.011
1657065606.732285,1.2_smoother_update,10.017
1657065606.732285,1.3_gnss_injection,0.265
1657065606.732285,1.2_update_frames_calculate_estimate,0.025
1657065606.732285,1.2_update_frames_state_copy,0.009
1657065606.732285,1.2_update_frames_sigma_p,0.031
1657065606.732285,1.2_update_frames,0.084
1657065606.710284,2.1_gnss_araim,0.767
1657065606.732285,2.3_dynamic_al,0.000
1657065606.732285,2.3_state_machine,0.000
1657065606.732285,2.3_integrity_total,0.831
1657065606.732285,1.2_odom_insert_frame,12.529
1657065606.832315,1.1_pointcloud_extract,0.010
1657065606.832315,1.1_cloud_preprocess,1.324
1657065606.832315,1.1_ros_callback_total,1.413
1657065606.832315,1.2_imu_integration,0.097
1657065606.832315,1.2_pointcloud_deskew,0.038
1657065606.832315,1.2_covariance_estimation,0.816
1657065606.832315,1.2_create_factors,0.017
1657065606.832315,1.2_smoother_update,1.495
1657065606.832315,1.3_gnss_injection,0.337
1657065606.832315,1.2_update_frames_calculate_estimate,0.035
1657065606.832315,1.2_update_frames_state_copy,0.012
1657065606.832315,1.2_update_frames_sigma_p,0.040
1657065606.832315,1.2_update_frames,0.120
1657065606.810282,2.1_gnss_araim,0.811
1657065606.832315,2.3_dynamic_al,0.000
1657065606.832315,2.3_state_machine,0.000
1657065606.832315,2.3_integrity_total,0.863
1657065606.832315,1.2_odom_insert_frame,4.787
1657065606.932290,1.1_pointcloud_extract,0.011
1657065606.932290,1.1_cloud_preprocess,1.345
1657065606.932290,1.1_ros_callback_total,1.443
1657065606.932290,1.2_imu_integration,0.090
1657065606.932290,1.2_pointcloud_deskew,0.040
1657065606.932290,1.2_covariance_estimation,0.621
1657065606.932290,1.2_create_factors,0.018
1657065606.932290,1.2_smoother_update,1.490
1657065606.932290,1.3_gnss_injection,0.339
1657065606.932290,1.2_update_frames_calculate_estimate,0.031
1657065606.932290,1.2_update_frames_state_copy,0.012
1657065606.932290,1.2_update_frames_sigma_p,0.034
1657065606.932290,1.2_update_frames,0.104
1657065606.910235,2.1_gnss_araim,0.642
1657065606.932290,2.3_dynamic_al,0.000
1657065606.932290,2.3_state_machine,0.000
1657065606.932290,2.3_integrity_total,0.709
1657065606.932290,1.2_odom_insert_frame,4.390
1657065607.032239,1.1_pointcloud_extract,0.012
1657065607.032239,1.1_cloud_preprocess,1.360
1657065607.032239,1.1_ros_callback_total,1.451
1657065607.032239,1.2_imu_integration,0.080
1657065607.032239,1.2_pointcloud_deskew,0.048
1657065607.032239,1.2_covariance_estimation,0.881
1657065607.032239,1.2_create_factors,0.019
1657065607.032239,1.2_smoother_update,16.243
1657065607.032239,1.3_gnss_injection,0.548
1657065607.032239,1.2_update_frames_calculate_estimate,0.057
1657065607.032239,1.2_update_frames_state_copy,0.015
1657065607.032239,1.2_update_frames_sigma_p,3.324
1657065607.032239,1.2_update_frames,3.482
1657065607.010247,2.1_gnss_araim,0.648
1657065607.032239,2.3_dynamic_al,0.000
1657065607.032239,2.3_state_machine,0.000
1657065607.032239,2.3_integrity_total,0.724
1657065607.032239,1.2_odom_insert_frame,52.913
1657065607.132279,1.1_pointcloud_extract,0.011
1657065607.132279,1.1_cloud_preprocess,1.379
1657065607.132279,1.1_ros_callback_total,1.470
1657065607.132279,1.2_imu_integration,0.090
1657065607.132279,1.2_pointcloud_deskew,0.038
1657065607.132279,1.2_covariance_estimation,0.494
1657065607.132279,1.2_create_factors,0.016
1657065607.132279,1.2_smoother_update,15.798
1657065607.132279,1.3_gnss_injection,0.380
1657065607.132279,1.2_update_frames_calculate_estimate,0.055
1657065607.132279,1.2_update_frames_state_copy,0.015
1657065607.132279,1.2_update_frames_sigma_p,0.041
1657065607.132279,1.2_update_frames,0.152
1657065607.110277,2.1_gnss_araim,0.636
1657065607.132279,2.3_dynamic_al,0.000
1657065607.132279,2.3_state_machine,0.000
1657065607.132279,2.3_integrity_total,0.705
1657065607.132279,1.2_odom_insert_frame,18.727
1657065607.232282,1.1_pointcloud_extract,0.011
1657065607.232282,1.1_cloud_preprocess,1.389
1657065607.232282,1.1_ros_callback_total,1.483
1657065607.232282,1.2_imu_integration,0.080
1657065607.232282,1.2_pointcloud_deskew,0.053
1657065607.232282,1.2_covariance_estimation,0.476
1657065607.232282,1.2_create_factors,0.014
1657065607.232282,1.2_smoother_update,1.258
1657065607.232282,1.3_gnss_injection,0.255
1657065607.232282,1.2_update_frames_calculate_estimate,0.027
1657065607.232282,1.2_update_frames_state_copy,0.010
1657065607.232282,1.2_update_frames_sigma_p,0.029
1657065607.232282,1.2_update_frames,0.086
1657065607.210278,2.1_gnss_araim,0.630
1657065607.232282,2.3_dynamic_al,0.000
1657065607.232282,2.3_state_machine,0.000
1657065607.232282,2.3_integrity_total,0.689
1657065607.232282,1.2_odom_insert_frame,3.601
1657065607.332290,1.1_pointcloud_extract,0.009
1657065607.332290,1.1_cloud_preprocess,1.307
1657065607.332290,1.1_ros_callback_total,1.379
1657065607.332290,1.2_imu_integration,0.094
1657065607.332290,1.2_pointcloud_deskew,0.038
1657065607.332290,1.2_covariance_estimation,0.701
1657065607.332290,1.2_create_factors,0.016
1657065607.332290,1.2_smoother_update,1.570
1657065607.332290,1.3_gnss_injection,0.350
1657065607.332290,1.2_update_frames_calculate_estimate,0.042
1657065607.332290,1.2_update_frames_state_copy,0.013
1657065607.332290,1.2_update_frames_sigma_p,0.041
1657065607.332290,1.2_update_frames,0.130
1657065607.310280,2.1_gnss_araim,0.626
1657065607.332290,2.3_dynamic_al,0.000
1657065607.332290,2.3_state_machine,0.000
1657065607.332290,2.3_integrity_total,0.678
1657065607.332290,1.2_odom_insert_frame,4.620
1657065607.432226,1.1_pointcloud_extract,0.010
1657065607.432226,1.1_cloud_preprocess,1.360
1657065607.432226,1.1_ros_callback_total,1.451
1657065607.432226,1.2_imu_integration,0.090
1657065607.432226,1.2_pointcloud_deskew,0.038
1657065607.432226,1.2_covariance_estimation,0.609
1657065607.432226,1.2_create_factors,0.018
1657065607.432226,1.2_smoother_update,1.650
1657065607.432226,1.3_gnss_injection,0.355
1657065607.432226,1.2_update_frames_calculate_estimate,0.038
1657065607.432226,1.2_update_frames_state_copy,0.014
1657065607.432226,1.2_update_frames_sigma_p,0.035
1657065607.432226,1.2_update_frames,0.115
1657065607.410280,2.1_gnss_araim,0.682
1657065607.432226,2.3_dynamic_al,0.000
1657065607.432226,2.3_state_machine,0.000
1657065607.432226,2.3_integrity_total,0.751
1657065607.432226,1.2_odom_insert_frame,4.657
1657065607.532280,1.1_pointcloud_extract,0.011
1657065607.532280,1.1_cloud_preprocess,1.385
1657065607.532280,1.1_ros_callback_total,1.490
1657065607.532280,1.2_imu_integration,0.089
1657065607.532280,1.2_pointcloud_deskew,0.040
1657065607.532280,1.2_covariance_estimation,0.848
1657065607.532280,1.2_create_factors,0.015
1657065607.532280,1.2_smoother_update,1.575
1657065607.532280,1.3_gnss_injection,0.344
1657065607.532280,1.2_update_frames_calculate_estimate,0.041
1657065607.532280,1.2_update_frames_state_copy,0.014
1657065607.532280,1.2_update_frames_sigma_p,0.038
1657065607.532280,1.2_update_frames,0.124
1657065607.510292,2.1_gnss_araim,0.760
1657065607.532280,2.3_dynamic_al,0.000
1657065607.532280,2.3_state_machine,0.000
1657065607.532280,2.3_integrity_total,0.814
1657065607.532280,1.2_odom_insert_frame,4.838
1657065607.632274,1.1_pointcloud_extract,0.009
1657065607.632274,1.1_cloud_preprocess,1.258
1657065607.632274,1.1_ros_callback_total,1.331
1657065607.632274,1.2_imu_integration,0.090
1657065607.632274,1.2_pointcloud_deskew,0.037
1657065607.632274,1.2_covariance_estimation,0.958
1657065607.632274,1.2_create_factors,0.016
1657065607.632274,1.2_smoother_update,1.680
1657065607.632274,1.3_gnss_injection,0.366
1657065607.632274,1.2_update_frames_calculate_estimate,0.044
1657065607.632274,1.2_update_frames_state_copy,0.014
1657065607.632274,1.2_update_frames_sigma_p,0.037
1657065607.632274,1.2_update_frames,0.124
1657065607.610327,2.1_gnss_araim,0.713
1657065607.632274,2.3_dynamic_al,0.000
1657065607.632274,2.3_state_machine,0.000
1657065607.632274,2.3_integrity_total,0.774
1657065607.632274,1.2_odom_insert_frame,5.079
1657065607.732220,1.1_pointcloud_extract,0.011
1657065607.732220,1.1_cloud_preprocess,1.344
1657065607.732220,1.1_ros_callback_total,1.434
1657065607.732220,1.2_imu_integration,0.074
1657065607.732220,1.2_pointcloud_deskew,0.047
1657065607.732220,1.2_covariance_estimation,0.750
1657065607.732220,1.2_create_factors,0.010
1657065607.732220,1.2_smoother_update,1.344
1657065607.732220,1.3_gnss_injection,0.254
1657065607.732220,1.2_update_frames_calculate_estimate,0.030
1657065607.732220,1.2_update_frames_state_copy,0.011
1657065607.732220,1.2_update_frames_sigma_p,0.030
1657065607.732220,1.2_update_frames,0.090
1657065607.710262,2.1_gnss_araim,0.682
1657065607.732220,2.3_dynamic_al,0.000
1657065607.732220,2.3_state_machine,0.000
1657065607.732220,2.3_integrity_total,0.719
1657065607.732220,1.2_odom_insert_frame,4.093
1657065607.832239,1.1_pointcloud_extract,0.011
1657065607.832239,1.1_cloud_preprocess,1.359
1657065607.832239,1.1_ros_callback_total,1.455
1657065607.832239,1.2_imu_integration,0.092
1657065607.832239,1.2_pointcloud_deskew,0.038
1657065607.832239,1.2_covariance_estimation,0.764
1657065607.832239,1.2_create_factors,0.015
1657065607.832239,1.2_smoother_update,1.622
1657065607.832239,1.3_gnss_injection,0.344
1657065607.832239,1.2_update_frames_calculate_estimate,0.039
1657065607.832239,1.2_update_frames_state_copy,0.014
1657065607.832239,1.2_update_frames_sigma_p,0.037
1657065607.832239,1.2_update_frames,0.119
1657065607.810420,2.1_gnss_araim,0.660
1657065607.832239,2.3_dynamic_al,0.000
1657065607.832239,2.3_state_machine,0.000
1657065607.832239,2.3_integrity_total,0.719
1657065607.832239,1.2_odom_insert_frame,4.751
1657065607.932222,1.1_pointcloud_extract,0.011
1657065607.932222,1.1_cloud_preprocess,1.333
1657065607.932222,1.1_ros_callback_total,1.417
1657065607.932222,1.2_imu_integration,0.077
1657065607.932222,1.2_pointcloud_deskew,0.047
1657065607.932222,1.2_covariance_estimation,0.569
1657065607.932222,1.2_create_factors,0.012
1657065607.932222,1.2_smoother_update,1.390
1657065607.932222,1.3_gnss_injection,0.266
1657065607.932222,1.2_update_frames_calculate_estimate,0.032
1657065607.932222,1.2_update_frames_state_copy,0.012
1657065607.932222,1.2_update_frames_sigma_p,0.030
1657065607.932222,1.2_update_frames,0.096
1657065607.910223,2.1_gnss_araim,0.641
1657065607.932222,2.3_dynamic_al,0.000
1657065607.932222,2.3_state_machine,0.000
1657065607.932222,2.3_integrity_total,0.700
1657065607.932222,1.2_odom_insert_frame,4.048
1657065608.032226,1.1_pointcloud_extract,0.012
1657065608.032226,1.1_cloud_preprocess,1.342
1657065608.032226,1.1_ros_callback_total,1.448
1657065608.032226,1.2_imu_integration,0.078
1657065608.032226,1.2_pointcloud_deskew,0.047
1657065608.032226,1.2_covariance_estimation,0.919
1657065608.032226,1.2_create_factors,0.014
1657065608.032226,1.2_smoother_update,24.811
1657065608.032226,1.3_gnss_injection,0.646
1657065608.032226,1.2_update_frames_calculate_estimate,0.056
1657065608.032226,1.2_update_frames_state_copy,0.016
1657065608.032226,1.2_update_frames_sigma_p,0.120
1657065608.032226,1.2_update_frames,0.231
1657065608.010226,2.1_gnss_araim,0.659
1657065608.032226,2.3_dynamic_al,0.000
1657065608.032226,2.3_state_machine,0.000
1657065608.032226,2.3_integrity_total,0.711
1657065608.032226,1.2_odom_insert_frame,29.100
1657065608.132277,1.1_pointcloud_extract,0.011
1657065608.132277,1.1_cloud_preprocess,1.334
1657065608.132277,1.1_ros_callback_total,1.431
1657065608.132277,1.2_imu_integration,0.074
1657065608.132277,1.2_pointcloud_deskew,0.046
1657065608.132277,1.2_covariance_estimation,0.311
1657065608.132277,1.2_create_factors,0.013
1657065608.132277,1.2_smoother_update,21.287
1657065608.132277,1.3_gnss_injection,0.296
1657065608.132277,1.2_update_frames_calculate_estimate,0.037
1657065608.132277,1.2_update_frames_state_copy,0.013
1657065608.132277,1.2_update_frames_sigma_p,0.030
1657065608.132277,1.2_update_frames,0.102
1657065608.110283,2.1_gnss_araim,0.732
1657065608.132277,2.3_dynamic_al,0.000
1657065608.132277,2.3_state_machine,0.000
1657065608.132277,2.3_integrity_total,0.778
1657065608.132277,1.2_odom_insert_frame,23.762
1657065608.232278,1.1_pointcloud_extract,0.011
1657065608.232278,1.1_cloud_preprocess,1.340
1657065608.232278,1.1_ros_callback_total,1.425
1657065608.232278,1.2_imu_integration,0.092
1657065608.232278,1.2_pointcloud_deskew,0.041
1657065608.232278,1.2_covariance_estimation,0.495
1657065608.232278,1.2_create_factors,0.016
1657065608.232278,1.2_smoother_update,1.881
1657065608.232278,1.3_gnss_injection,0.366
1657065608.232278,1.2_update_frames_calculate_estimate,0.052
1657065608.232278,1.2_update_frames_state_copy,0.016
1657065608.232278,1.2_update_frames_sigma_p,0.038
1657065608.232278,1.2_update_frames,0.140
1657065608.210280,2.1_gnss_araim,0.650
1657065608.232278,2.3_dynamic_al,0.000
1657065608.232278,2.3_state_machine,0.000
1657065608.232278,2.3_integrity_total,0.697
1657065608.232278,1.2_odom_insert_frame,4.824
1657065608.332330,1.1_pointcloud_extract,0.009
1657065608.332330,1.1_cloud_preprocess,1.287
1657065608.332330,1.1_ros_callback_total,1.350
1657065608.332330,1.2_imu_integration,0.084
1657065608.332330,1.2_pointcloud_deskew,0.054
1657065608.332330,1.2_covariance_estimation,0.549
1657065608.332330,1.2_create_factors,0.014
1657065608.332330,1.2_smoother_update,1.506
1657065608.332330,1.3_gnss_injection,0.256
1657065608.332330,1.2_update_frames_calculate_estimate,0.035
1657065608.332330,1.2_update_frames_state_copy,0.012
1657065608.332330,1.2_update_frames_sigma_p,0.031
1657065608.332330,1.2_update_frames,0.100
1657065608.310317,2.1_gnss_araim,0.667
1657065608.332330,2.3_dynamic_al,0.000
1657065608.332330,2.3_state_machine,0.000
1657065608.332330,2.3_integrity_total,0.724
1657065608.332330,1.2_odom_insert_frame,4.051
1657065608.432276,1.1_pointcloud_extract,0.009
1657065608.432276,1.1_cloud_preprocess,1.261
1657065608.432276,1.1_ros_callback_total,1.332
1657065608.432276,1.2_imu_integration,0.090
1657065608.432276,1.2_pointcloud_deskew,0.041
1657065608.432276,1.2_covariance_estimation,0.772
1657065608.432276,1.2_create_factors,0.017
1657065608.432276,1.2_smoother_update,1.911
1657065608.432276,1.3_gnss_injection,0.368
1657065608.432276,1.2_update_frames_calculate_estimate,0.050
1657065608.432276,1.2_update_frames_state_copy,0.016
1657065608.432276,1.2_update_frames_sigma_p,0.038
1657065608.432276,1.2_update_frames,0.137
1657065608.410278,2.1_gnss_araim,0.668
1657065608.432276,2.3_dynamic_al,0.000
1657065608.432276,2.3_state_machine,0.000
1657065608.432276,2.3_integrity_total,0.759
1657065608.432276,1.2_odom_insert_frame,5.221
1657065603.532229,1.4_sub_map_insert,0.005
1657065608.533275,1.1_pointcloud_extract,0.009
1657065608.533275,1.1_cloud_preprocess,1.313
1657065608.533275,1.1_ros_callback_total,1.388
1657065608.533275,1.2_imu_integration,0.092
1657065608.533275,1.2_pointcloud_deskew,0.040
1657065608.533275,1.2_covariance_estimation,0.593
1657065608.533275,1.2_create_factors,0.015
1657065608.533275,1.2_smoother_update,2.021
1657065608.533275,1.3_gnss_injection,0.361
1657065608.533275,1.2_update_frames_calculate_estimate,0.051
1657065608.533275,1.2_update_frames_state_copy,0.016
1657065608.533275,1.2_update_frames_sigma_p,0.043
1657065608.533275,1.2_update_frames,0.143
1657065608.510283,2.1_gnss_araim,0.810
1657065608.533275,2.3_dynamic_al,0.000
1657065608.533275,2.3_state_machine,0.000
1657065608.533275,2.3_integrity_total,0.863
1657065608.533275,1.2_odom_insert_frame,5.493
1657065603.632278,1.4_sub_map_insert,2.528
1657065608.632414,1.1_pointcloud_extract,0.011
1657065608.632414,1.1_cloud_preprocess,1.346
1657065608.632414,1.1_ros_callback_total,1.443
1657065608.632414,1.2_imu_integration,0.132
1657065608.632414,1.2_pointcloud_deskew,0.042
1657065608.632414,1.2_covariance_estimation,0.756
1657065608.632414,1.2_create_factors,0.016
1657065608.632414,1.2_smoother_update,18.511
1657065608.632414,1.3_gnss_injection,0.398
1657065608.632414,1.2_update_frames_calculate_estimate,0.057
1657065608.632414,1.2_update_frames_state_copy,0.018
1657065608.632414,1.2_update_frames_sigma_p,0.027
1657065608.632414,1.2_update_frames,0.137
1657065608.610228,2.1_gnss_araim,0.847
1657065608.632414,2.3_dynamic_al,0.001
1657065608.632414,2.3_state_machine,0.000
1657065608.632414,2.3_integrity_total,0.918
1657065608.632414,1.2_odom_insert_frame,22.387
1657065603.732290,1.4_sub_map_insert,1.400
1657065608.732280,1.1_pointcloud_extract,0.011
1657065608.732280,1.1_cloud_preprocess,1.393
1657065608.732280,1.1_ros_callback_total,1.481
1657065608.732280,1.2_imu_integration,0.097
1657065608.732280,1.2_pointcloud_deskew,0.050
1657065608.732280,1.2_covariance_estimation,0.312
1657065608.732280,1.2_create_factors,0.012
1657065608.732280,1.2_smoother_update,1.503
1657065608.732280,1.3_gnss_injection,0.261
1657065608.732280,1.2_update_frames_calculate_estimate,0.039
1657065608.732280,1.2_update_frames_state_copy,0.012
1657065608.732280,1.2_update_frames_sigma_p,0.029
1657065608.732280,1.2_update_frames,0.100
1657065608.710282,2.1_gnss_araim,0.676
1657065608.732280,2.3_dynamic_al,0.000
1657065608.732280,2.3_state_machine,0.000
1657065608.732280,2.3_integrity_total,0.774
1657065608.732280,1.2_odom_insert_frame,3.930
1657065603.832275,1.4_sub_map_insert,1.338
1657065608.832275,1.1_pointcloud_extract,0.011
1657065608.832275,1.1_cloud_preprocess,1.344
1657065608.832275,1.1_ros_callback_total,1.432
1657065608.832275,1.2_imu_integration,0.085
1657065608.832275,1.2_pointcloud_deskew,0.053
1657065608.832275,1.2_covariance_estimation,0.321
1657065608.832275,1.2_create_factors,0.011
1657065608.832275,1.2_smoother_update,1.694
1657065608.832275,1.3_gnss_injection,0.274
1657065608.832275,1.2_update_frames_calculate_estimate,0.038
1657065608.832275,1.2_update_frames_state_copy,0.013
1657065608.832275,1.2_update_frames_sigma_p,0.034
1657065608.832275,1.2_update_frames,0.108
1657065608.810277,2.1_gnss_araim,0.678
1657065608.832275,2.3_dynamic_al,0.000
1657065608.832275,2.3_state_machine,0.000
1657065608.832275,2.3_integrity_total,0.739
1657065608.832275,1.2_odom_insert_frame,4.169
1657065608.932249,1.1_pointcloud_extract,0.011
1657065608.932249,1.1_cloud_preprocess,1.329
1657065608.932249,1.1_ros_callback_total,1.409
1657065608.932249,1.2_imu_integration,0.084
1657065608.932249,1.2_pointcloud_deskew,0.053
1657065608.932249,1.2_covariance_estimation,0.391
1657065608.932249,1.2_create_factors,0.013
1657065608.932249,1.2_smoother_update,1.527
1657065608.932249,1.3_gnss_injection,0.268
1657065608.932249,1.2_update_frames_calculate_estimate,0.039
1657065608.932249,1.2_update_frames_state_copy,0.012
1657065608.932249,1.2_update_frames_sigma_p,0.031
1657065608.932249,1.2_update_frames,0.106
1657065608.910222,2.1_gnss_araim,0.647
1657065608.932249,2.3_dynamic_al,0.000
1657065608.932249,2.3_state_machine,0.000
1657065608.932249,2.3_integrity_total,0.705
1657065608.932249,1.2_odom_insert_frame,4.020
1657065603.932446,1.4_sub_map_insert,2.013
1657065609.032224,1.1_pointcloud_extract,0.011
1657065609.032224,1.1_cloud_preprocess,1.372
1657065609.032224,1.1_ros_callback_total,1.477
1657065609.032224,1.2_imu_integration,0.078
1657065609.032224,1.2_pointcloud_deskew,0.049
1657065609.032224,1.2_covariance_estimation,0.374
1657065609.032224,1.2_create_factors,0.013
1657065609.032224,1.2_smoother_update,1.728
1657065609.032224,1.3_gnss_injection,0.265
1657065609.032224,1.2_update_frames_calculate_estimate,0.038
1657065609.032224,1.2_update_frames_state_copy,0.013
1657065609.032224,1.2_update_frames_sigma_p,0.034
1657065609.032224,1.2_update_frames,0.109
1657065609.010226,2.1_gnss_araim,0.655
1657065609.032224,2.3_dynamic_al,0.000
1657065609.032224,2.3_state_machine,0.000
1657065609.032224,2.3_integrity_total,0.704
1657065609.032224,1.2_odom_insert_frame,4.250
1657065609.132222,1.1_pointcloud_extract,0.011
1657065609.132222,1.1_cloud_preprocess,1.270
1657065609.132222,1.1_ros_callback_total,1.362
1657065609.132222,1.2_imu_integration,0.075
1657065609.132222,1.2_pointcloud_deskew,0.047
1657065609.132222,1.2_covariance_estimation,0.373
1657065609.132222,1.2_create_factors,0.012
1657065609.132222,1.2_smoother_update,1.504
1657065609.132222,1.3_gnss_injection,0.276
1657065609.132222,1.2_update_frames_calculate_estimate,0.040
1657065609.132222,1.2_update_frames_state_copy,0.012
1657065609.132222,1.2_update_frames_sigma_p,0.031
1657065609.132222,1.2_update_frames,0.106
1657065609.110487,2.1_gnss_araim,0.823
1657065609.132222,2.3_dynamic_al,0.000
1657065609.132222,2.3_state_machine,0.000
1657065609.132222,2.3_integrity_total,0.882
1657065609.132222,1.2_odom_insert_frame,4.133
1657065604.132231,1.4_sub_map_insert,1.861
1657065609.232219,1.1_pointcloud_extract,0.012
1657065609.232219,1.1_cloud_preprocess,1.454
1657065609.232219,1.1_ros_callback_total,1.556
1657065609.232219,1.2_imu_integration,0.074
1657065609.232219,1.2_pointcloud_deskew,0.049
1657065609.232219,1.2_covariance_estimation,0.388
1657065609.232219,1.2_create_factors,0.012
1657065609.232219,1.2_smoother_update,14.326
1657065609.232219,1.3_gnss_injection,0.319
1657065609.232219,1.2_update_frames_calculate_estimate,0.040
1657065609.232219,1.2_update_frames_state_copy,0.014
1657065609.232219,1.2_update_frames_sigma_p,0.022
1657065609.232219,1.2_update_frames,0.099
1657065609.210224,2.1_gnss_araim,0.675
1657065609.232219,2.3_dynamic_al,0.000
1657065609.232219,2.3_state_machine,0.000
1657065609.232219,2.3_integrity_total,0.717
1657065609.232219,1.2_odom_insert_frame,16.921
1657065604.232228,1.4_sub_map_insert,1.430
1657065609.332278,1.1_pointcloud_extract,0.009
1657065609.332278,1.1_cloud_preprocess,1.246
1657065609.332278,1.1_ros_callback_total,1.321
1657065609.332278,1.2_imu_integration,0.073
1657065609.332278,1.2_pointcloud_deskew,0.049
1657065609.332278,1.2_covariance_estimation,0.503
1657065609.332278,1.2_create_factors,0.014
1657065609.332278,1.2_smoother_update,1.814
1657065609.332278,1.3_gnss_injection,0.262
1657065609.332278,1.2_update_frames_calculate_estimate,0.040
1657065609.332278,1.2_update_frames_state_copy,0.013
1657065609.332278,1.2_update_frames_sigma_p,0.046
1657065609.332278,1.2_update_frames,0.125
1657065609.310292,2.1_gnss_araim,0.637
1657065609.332278,2.3_dynamic_al,0.000
1657065609.332278,2.3_state_machine,0.000
1657065609.332278,2.3_integrity_total,0.695
1657065609.332278,1.2_odom_insert_frame,4.528
1657065604.332235,1.4_sub_map_insert,2.650
1657065609.432222,1.1_pointcloud_extract,0.011
1657065609.432222,1.1_cloud_preprocess,1.359
1657065609.432222,1.1_ros_callback_total,1.460
1657065609.432222,1.2_imu_integration,0.091
1657065609.432222,1.2_pointcloud_deskew,0.042
1657065609.432222,1.2_covariance_estimation,0.546
1657065609.432222,1.2_create_factors,0.017
1657065609.432222,1.2_smoother_update,2.020
1657065609.432222,1.3_gnss_injection,0.422
1657065609.432222,1.2_update_frames_calculate_estimate,0.064
1657065609.432222,1.2_update_frames_state_copy,0.017
1657065609.432222,1.2_update_frames_sigma_p,0.041
1657065609.432222,1.2_update_frames,0.161
1657065609.410298,2.1_gnss_araim,0.780
1657065609.432222,2.3_dynamic_al,0.000
1657065609.432222,2.3_state_machine,0.000
1657065609.432222,2.3_integrity_total,0.844
1657065609.432222,1.2_odom_insert_frame,5.492
1657065609.532281,1.1_pointcloud_extract,0.013
1657065609.532281,1.1_cloud_preprocess,1.417
1657065609.532281,1.1_ros_callback_total,1.557
1657065609.532281,1.2_imu_integration,0.085
1657065609.532281,1.2_pointcloud_deskew,0.050
1657065609.532281,1.2_covariance_estimation,0.412
1657065609.532281,1.2_create_factors,0.014
1657065609.532281,1.2_smoother_update,1.667
1657065609.532281,1.3_gnss_injection,0.275
1657065609.532281,1.2_update_frames_calculate_estimate,0.040
1657065609.532281,1.2_update_frames_state_copy,0.017
1657065609.532281,1.2_update_frames_sigma_p,0.034
1657065609.532281,1.2_update_frames,0.121
1657065609.510327,2.1_gnss_araim,0.684
1657065609.532281,2.3_dynamic_al,0.000
1657065609.532281,2.3_state_machine,0.000
1657065609.532281,2.3_integrity_total,0.732
1657065609.532281,1.2_odom_insert_frame,4.354
1657065604.532244,1.4_sub_map_insert,3.907
1657065609.632280,1.1_pointcloud_extract,0.011
1657065609.632280,1.1_cloud_preprocess,1.395
1657065609.632280,1.1_ros_callback_total,1.487
1657065609.632280,1.2_imu_integration,0.079
1657065609.632280,1.2_pointcloud_deskew,0.051
1657065609.632280,1.2_covariance_estimation,0.383
1657065609.632280,1.2_create_factors,0.013
1657065609.632280,1.2_smoother_update,13.736
1657065609.632280,1.3_gnss_injection,0.285
1657065609.632280,1.2_update_frames_calculate_estimate,0.038
1657065609.632280,1.2_update_frames_state_copy,0.014
1657065609.632280,1.2_update_frames_sigma_p,0.022
1657065609.632280,1.2_update_frames,0.098
1657065609.610290,2.1_gnss_araim,0.694
1657065609.632280,2.3_dynamic_al,0.000
1657065609.632280,2.3_state_machine,0.000
1657065609.632280,2.3_integrity_total,0.739
1657065609.632280,1.2_odom_insert_frame,16.266
1657065609.732318,1.1_pointcloud_extract,0.011
1657065609.732318,1.1_cloud_preprocess,1.358
1657065609.732318,1.1_ros_callback_total,1.455
1657065609.732318,1.2_imu_integration,0.075
1657065609.732318,1.2_pointcloud_deskew,0.049
1657065609.732318,1.2_covariance_estimation,0.385
1657065609.732318,1.2_create_factors,0.012
1657065609.732318,1.2_smoother_update,13.823
1657065609.732318,1.3_gnss_injection,0.289
1657065609.732318,1.2_update_frames_calculate_estimate,0.038
1657065609.732318,1.2_update_frames_state_copy,0.014
1657065609.732318,1.2_update_frames_sigma_p,0.023
1657065609.732318,1.2_update_frames,0.101
1657065609.710299,2.1_gnss_araim,0.658
1657065609.732318,2.3_dynamic_al,0.000
1657065609.732318,2.3_state_machine,0.000
1657065609.732318,2.3_integrity_total,0.720
1657065609.732318,1.2_odom_insert_frame,16.386
1657065604.732282,1.4_sub_map_insert,2.569
1657065609.832424,1.1_pointcloud_extract,0.012
1657065609.832424,1.1_cloud_preprocess,1.337
1657065609.832424,1.1_ros_callback_total,1.429
1657065609.832424,1.2_imu_integration,0.084
1657065609.832424,1.2_pointcloud_deskew,0.051
1657065609.832424,1.2_covariance_estimation,0.378
1657065609.832424,1.2_create_factors,0.013
1657065609.832424,1.2_smoother_update,13.868
1657065609.832424,1.3_gnss_injection,0.296
1657065609.832424,1.2_update_frames_calculate_estimate,0.039
1657065609.832424,1.2_update_frames_state_copy,0.014
1657065609.832424,1.2_update_frames_sigma_p,0.023
1657065609.832424,1.2_update_frames,0.100
1657065609.810232,2.1_gnss_araim,0.984
1657065609.832424,2.3_dynamic_al,0.000
1657065609.832424,2.3_state_machine,0.000
1657065609.832424,2.3_integrity_total,1.032
1657065609.832424,1.2_odom_insert_frame,16.710
1657065604.932218,1.4_sub_map_insert,1.405
1657065609.932298,1.1_pointcloud_extract,0.011
1657065609.932298,1.1_cloud_preprocess,1.301
1657065609.932298,1.1_ros_callback_total,1.361
1657065609.932298,1.2_imu_integration,0.089
1657065609.932298,1.2_pointcloud_deskew,0.039
1657065609.932298,1.2_covariance_estimation,0.517
1657065609.932298,1.2_create_factors,0.016
1657065609.932298,1.2_smoother_update,18.883
1657065609.932298,1.3_gnss_injection,0.378
1657065609.932298,1.2_update_frames_calculate_estimate,0.060
1657065609.932298,1.2_update_frames_state_copy,0.018
1657065609.932298,1.2_update_frames_sigma_p,0.032
1657065609.932298,1.2_update_frames,0.148
1657065609.910247,2.1_gnss_araim,0.719
1657065609.932298,2.3_dynamic_al,0.000
1657065609.932298,2.3_state_machine,0.000
1657065609.932298,2.3_integrity_total,0.768
1657065609.932298,1.2_odom_insert_frame,22.150
1657065605.032244,1.4_sub_map_insert,1.475
1657065610.032280,1.1_pointcloud_extract,0.009
1657065610.032280,1.1_cloud_preprocess,1.216
1657065610.032280,1.1_ros_callback_total,1.272
1657065610.032280,1.2_imu_integration,0.077
1657065610.032280,1.2_pointcloud_deskew,0.047
1657065610.032280,1.2_covariance_estimation,0.324
1657065610.032280,1.2_create_factors,0.014
1657065610.032280,1.2_smoother_update,14.458
1657065610.032280,1.3_gnss_injection,0.318
1657065610.032280,1.2_update_frames_calculate_estimate,0.042
1657065610.032280,1.2_update_frames_state_copy,0.015
1657065610.032280,1.2_update_frames_sigma_p,0.024
1657065610.032280,1.2_update_frames,0.108
1657065610.010307,2.1_gnss_araim,0.627
1657065610.032280,2.3_dynamic_al,0.000
1657065610.032280,2.3_state_machine,0.000
1657065610.032280,2.3_integrity_total,0.662
1657065610.032280,1.2_odom_insert_frame,17.010
1657065610.132234,1.1_pointcloud_extract,0.009
1657065610.132234,1.1_cloud_preprocess,1.322
1657065610.132234,1.1_ros_callback_total,1.380
1657065610.132234,1.2_imu_integration,0.091
1657065610.132234,1.2_pointcloud_deskew,0.037
1657065610.132234,1.2_covariance_estimation,0.919
1657065610.132234,1.2_create_factors,0.017
1657065610.132234,1.2_smoother_update,1.982
1657065610.132234,1.3_gnss_injection,0.377
1657065610.132234,1.2_update_frames_calculate_estimate,0.058
1657065610.132234,1.2_update_frames_state_copy,0.017
1657065610.132234,1.2_update_frames_sigma_p,0.037
1657065610.132234,1.2_update_frames,0.144
1657065610.110242,2.1_gnss_araim,0.626
1657065610.132234,2.3_dynamic_al,0.000
1657065610.132234,2.3_state_machine,0.000
1657065610.132234,2.3_integrity_total,0.675
1657065610.132234,1.2_odom_insert_frame,5.502
1657065605.132296,1.4_sub_map_insert,1.639
1657065610.232280,1.1_pointcloud_extract,0.011
1657065610.232280,1.1_cloud_preprocess,1.296
1657065610.232280,1.1_ros_callback_total,1.373
1657065610.232280,1.2_imu_integration,0.077
1657065610.232280,1.2_pointcloud_deskew,0.049
1657065610.232280,1.2_covariance_estimation,0.513
1657065610.232280,1.2_create_factors,0.010
1657065610.232280,1.2_smoother_update,1.692
1657065610.232280,1.3_gnss_injection,0.260
1657065610.232280,1.2_update_frames_calculate_estimate,0.039
1657065610.232280,1.2_update_frames_state_copy,0.012
1657065610.232280,1.2_update_frames_sigma_p,0.034
1657065610.232280,1.2_update_frames,0.108
1657065610.210288,2.1_gnss_araim,0.795
1657065610.232280,2.3_dynamic_al,0.000
1657065610.232280,2.3_state_machine,0.000
1657065610.232280,2.3_integrity_total,0.851
1657065610.232280,1.2_odom_insert_frame,4.459
1657065605.232276,1.4_sub_map_insert,2.673
1657065610.332234,1.1_pointcloud_extract,0.011
1657065610.332234,1.1_cloud_preprocess,1.300
1657065610.332234,1.1_ros_callback_total,1.374
1657065610.332234,1.2_imu_integration,0.093
1657065610.332234,1.2_pointcloud_deskew,0.040
1657065610.332234,1.2_covariance_estimation,0.484
1657065610.332234,1.2_create_factors,0.016
1657065610.332234,1.2_smoother_update,1.991
1657065610.332234,1.3_gnss_injection,0.373
1657065610.332234,1.2_update_frames_calculate_estimate,0.055
1657065610.332234,1.2_update_frames_state_copy,0.017
1657065610.332234,1.2_update_frames_sigma_p,0.039
1657065610.332234,1.2_update_frames,0.143
1657065610.310221,2.1_gnss_araim,0.738
1657065610.332234,2.3_dynamic_al,0.000
1657065610.332234,2.3_state_machine,0.000
1657065610.332234,2.3_integrity_total,0.798
1657065610.332234,1.2_odom_insert_frame,5.207
1657065610.432272,1.1_pointcloud_extract,0.012
1657065610.432272,1.1_cloud_preprocess,1.301
1657065610.432272,1.1_ros_callback_total,1.379
1657065610.432272,1.2_imu_integration,0.089
1657065610.432272,1.2_pointcloud_deskew,0.040
1657065610.432272,1.2_covariance_estimation,0.491
1657065610.432272,1.2_create_factors,0.016
1657065610.432272,1.2_smoother_update,19.292
1657065610.432272,1.3_gnss_injection,0.391
1657065610.432272,1.2_update_frames_calculate_estimate,0.067
1657065610.432272,1.2_update_frames_state_copy,0.019
1657065610.432272,1.2_update_frames_sigma_p,0.028
1657065610.432272,1.2_update_frames,0.155
1657065610.410220,2.1_gnss_araim,0.804
1657065610.432272,2.3_dynamic_al,0.000
1657065610.432272,2.3_state_machine,0.000
1657065610.432272,2.3_integrity_total,0.864
1657065610.432272,1.2_odom_insert_frame,22.691
1657065605.432395,1.4_sub_map_insert,1.510
1657065610.481235,1.1_pointcloud_extract,0.012
1657065610.481235,1.1_cloud_preprocess,1.267
1657065610.481235,1.1_ros_callback_total,1.347
1657065610.481235,1.2_imu_integration,0.048
1657065610.481235,1.2_pointcloud_deskew,0.040
1657065610.481235,1.2_covariance_estimation,0.485
1657065610.481235,1.2_create_factors,0.018
1657065610.481235,1.2_smoother_update,19.146
1657065610.481235,1.3_gnss_injection,0.400
1657065610.481235,1.2_update_frames_calculate_estimate,0.071
1657065610.481235,1.2_update_frames_state_copy,0.019
1657065610.481235,1.2_update_frames_sigma_p,0.031
1657065610.481235,1.2_update_frames,0.161
1657065610.510246,2.1_gnss_araim,0.836
1657065610.481235,2.3_dynamic_al,0.000
1657065610.481235,2.3_state_machine,0.000
1657065610.481235,2.3_integrity_total,0.899
1657065610.481235,1.2_odom_insert_frame,22.581
1657065605.532280,1.4_sub_map_insert,1.608
1657065610.632441,1.1_pointcloud_extract,0.011
1657065610.632441,1.1_cloud_preprocess,1.315
1657065610.632441,1.1_ros_callback_total,1.389
1657065610.632441,1.2_imu_integration,0.130
1657065610.632441,1.2_pointcloud_deskew,0.038
1657065610.632441,1.2_covariance_estimation,0.495
1657065610.632441,1.2_create_factors,0.016
1657065610.632441,1.2_smoother_update,2.441
1657065610.632441,1.3_gnss_injection,0.379
1657065610.632441,1.2_update_frames_calculate_estimate,0.061
1657065610.632441,1.2_update_frames_state_copy,0.017
1657065610.632441,1.2_update_frames_sigma_p,0.061
1657065610.632441,1.2_update_frames,0.176
1657065610.610219,2.1_gnss_araim,0.643
1657065610.632441,2.3_dynamic_al,0.000
1657065610.632441,2.3_state_machine,0.000
1657065610.632441,2.3_integrity_total,0.702
1657065610.632441,1.2_odom_insert_frame,5.748
1657065605.632250,1.4_sub_map_insert,3.102
1657065610.732280,1.1_pointcloud_extract,0.012
1657065610.732280,1.1_cloud_preprocess,1.280
1657065610.732280,1.1_ros_callback_total,1.376
1657065610.732280,1.2_imu_integration,0.074
1657065610.732280,1.2_pointcloud_deskew,0.047
1657065610.732280,1.2_covariance_estimation,0.391
1657065610.732280,1.2_create_factors,0.012
1657065610.732280,1.2_smoother_update,14.127
1657065610.732280,1.3_gnss_injection,0.298
1657065610.732280,1.2_update_frames_calculate_estimate,0.038
1657065610.732280,1.2_update_frames_state_copy,0.015
1657065610.732280,1.2_update_frames_sigma_p,0.022
1657065610.732280,1.2_update_frames,0.097
1657065610.710289,2.1_gnss_araim,0.772
1657065610.732280,2.3_dynamic_al,0.000
1657065610.732280,2.3_state_machine,0.000
1657065610.732280,2.3_integrity_total,0.832
1657065610.732280,1.2_odom_insert_frame,16.809
1657065610.832275,1.1_pointcloud_extract,0.009
1657065610.832275,1.1_cloud_preprocess,1.207
1657065610.832275,1.1_ros_callback_total,1.271
1657065610.832275,1.2_imu_integration,0.090
1657065610.832275,1.2_pointcloud_deskew,0.056
1657065610.832275,1.2_covariance_estimation,0.546
1657065610.832275,1.2_create_factors,0.017
1657065610.832275,1.2_smoother_update,2.109
1657065610.832275,1.3_gnss_injection,0.391
1657065610.832275,1.2_update_frames_calculate_estimate,0.065
1657065610.832275,1.2_update_frames_state_copy,0.017
1657065610.832275,1.2_update_frames_sigma_p,0.040
1657065610.832275,1.2_update_frames,0.159
1657065610.810286,2.1_gnss_araim,0.867
1657065610.832275,2.3_dynamic_al,0.000
1657065610.832275,2.3_state_machine,0.000
1657065610.832275,2.3_integrity_total,0.914
1657065610.832275,1.2_odom_insert_frame,5.730
1657065605.832411,1.4_sub_map_insert,1.665
1657065610.932280,1.1_pointcloud_extract,0.011
1657065610.932280,1.1_cloud_preprocess,1.276
1657065610.932280,1.1_ros_callback_total,1.356
1657065610.932280,1.2_imu_integration,0.092
1657065610.932280,1.2_pointcloud_deskew,0.039
1657065610.932280,1.2_covariance_estimation,0.518
1657065610.932280,1.2_create_factors,0.017
1657065610.932280,1.2_smoother_update,19.409
1657065610.932280,1.3_gnss_injection,0.374
1657065610.932280,1.2_update_frames_calculate_estimate,0.065
1657065610.932280,1.2_update_frames_state_copy,0.019
1657065610.932280,1.2_update_frames_sigma_p,0.029
1657065610.932280,1.2_update_frames,0.150
1657065610.910280,2.1_gnss_araim,0.836
1657065610.932280,2.3_dynamic_al,0.000
1657065610.932280,2.3_state_machine,0.000
1657065610.932280,2.3_integrity_total,0.901
1657065610.932280,1.2_odom_insert_frame,22.830
1657065605.932292,1.4_sub_map_insert,1.625
1657065611.032214,1.1_pointcloud_extract,0.008
1657065611.032214,1.1_cloud_preprocess,1.216
1657065611.032214,1.1_ros_callback_total,1.270
1657065611.032214,1.2_imu_integration,0.083
1657065611.032214,1.2_pointcloud_deskew,0.049
1657065611.032214,1.2_covariance_estimation,0.386
1657065611.032214,1.2_create_factors,0.012
1657065611.032214,1.2_smoother_update,14.314
1657065611.032214,1.3_gnss_injection,0.289
1657065611.032214,1.2_update_frames_calculate_estimate,0.038
1657065611.032214,1.2_update_frames_state_copy,0.014
1657065611.032214,1.2_update_frames_sigma_p,0.022
1657065611.032214,1.2_update_frames,0.098
1657065611.010225,2.1_gnss_araim,0.626
1657065611.032214,2.3_dynamic_al,0.000
1657065611.032214,2.3_state_machine,0.000
1657065611.032214,2.3_integrity_total,0.693
1657065611.032214,1.2_odom_insert_frame,16.871
1657065606.032297,1.4_sub_map_insert,1.643
1657065611.132218,1.1_pointcloud_extract,0.011
1657065611.132218,1.1_cloud_preprocess,1.281
1657065611.132218,1.1_ros_callback_total,1.353
1657065611.132218,1.2_imu_integration,0.090
1657065611.132218,1.2_pointcloud_deskew,0.038
1657065611.132218,1.2_covariance_estimation,0.493
1657065611.132218,1.2_create_factors,0.016
1657065611.132218,1.2_smoother_update,19.500
1657065611.132218,1.3_gnss_injection,0.391
1657065611.132218,1.2_update_frames_calculate_estimate,0.065
1657065611.132218,1.2_update_frames_state_copy,0.019
1657065611.132218,1.2_update_frames_sigma_p,0.030
1657065611.132218,1.2_update_frames,0.155
1657065611.110224,2.1_gnss_araim,0.648
1657065611.132218,2.3_dynamic_al,0.000
1657065611.132218,2.3_state_machine,0.000
1657065611.132218,2.3_integrity_total,0.702
1657065611.132218,1.2_odom_insert_frame,22.744
1657065606.132262,1.4_sub_map_insert,1.614
1657065611.232281,1.1_pointcloud_extract,0.012
1657065611.232281,1.1_cloud_preprocess,1.287
1657065611.232281,1.1_ros_callback_total,1.371
1657065611.232281,1.2_imu_integration,0.091
1657065611.232281,1.2_pointcloud_deskew,0.038
1657065611.232281,1.2_covariance_estimation,0.488
1657065611.232281,1.2_create_factors,0.016
1657065611.232281,1.2_smoother_update,19.292
1657065611.232281,1.3_gnss_injection,0.393
1657065611.232281,1.2_update_frames_calculate_estimate,0.075
1657065611.232281,1.2_update_frames_state_copy,0.020
1657065611.232281,1.2_update_frames_sigma_p,0.035
1657065611.232281,1.2_update_frames,0.174
1657065611.210279,2.1_gnss_araim,0.658
1657065611.232281,2.3_dynamic_al,0.000
1657065611.232281,2.3_state_machine,0.000
1657065611.232281,2.3_integrity_total,0.716
1657065611.232281,1.2_odom_insert_frame,22.606
1657065606.232339,1.4_sub_map_insert,3.132
1657065611.332267,1.1_pointcloud_extract,0.011
1657065611.332267,1.1_cloud_preprocess,1.270
1657065611.332267,1.1_ros_callback_total,1.342
1657065611.332267,1.2_imu_integration,0.090
1657065611.332267,1.2_pointcloud_deskew,0.039
1657065611.332267,1.2_covariance_estimation,0.500
1657065611.332267,1.2_create_factors,0.020
1657065611.332267,1.2_smoother_update,2.438
1657065611.332267,1.3_gnss_injection,0.411
1657065611.332267,1.2_update_frames_calculate_estimate,0.072
1657065611.332267,1.2_update_frames_state_copy,0.018
1657065611.332267,1.2_update_frames_sigma_p,0.062
1657065611.332267,1.2_update_frames,0.192
1657065611.310275,2.1_gnss_araim,0.721
1657065611.332267,2.3_dynamic_al,0.000
1657065611.332267,2.3_state_machine,0.000
1657065611.332267,2.3_integrity_total,0.784
1657065611.332267,1.2_odom_insert_frame,6.033
1657065606.432225,1.4_sub_map_insert,1.657
1657065611.432293,1.1_pointcloud_extract,0.009
1657065611.432293,1.1_cloud_preprocess,1.215
1657065611.432293,1.1_ros_callback_total,1.272
1657065611.432293,1.2_imu_integration,0.093
1657065611.432293,1.2_pointcloud_deskew,0.050
1657065611.432293,1.2_covariance_estimation,0.584
1657065611.432293,1.2_create_factors,0.016
1657065611.432293,1.2_smoother_update,19.104
1657065611.432293,1.3_gnss_injection,0.376
1657065611.432293,1.2_update_frames_calculate_estimate,0.060
1657065611.432293,1.2_update_frames_state_copy,0.019
1657065611.432293,1.2_update_frames_sigma_p,0.028
1657065611.432293,1.2_update_frames,0.144
1657065611.410291,2.1_gnss_araim,0.671
1657065611.432293,2.3_dynamic_al,0.000
1657065611.432293,2.3_state_machine,0.000
1657065611.432293,2.3_integrity_total,0.728
1657065611.432293,1.2_odom_insert_frame,22.396
1657065606.532275,1.4_sub_map_insert,1.656
1657065611.532215,1.1_pointcloud_extract,0.011
1657065611.532215,1.1_cloud_preprocess,1.266
1657065611.532215,1.1_ros_callback_total,1.342
1657065611.532215,1.2_imu_integration,0.074
1657065611.532215,1.2_pointcloud_deskew,0.047
1657065611.532215,1.2_covariance_estimation,0.380
1657065611.532215,1.2_create_factors,0.015
1657065611.532215,1.2_smoother_update,1.615
1657065611.532215,1.3_gnss_injection,0.278
1657065611.532215,1.2_update_frames_calculate_estimate,0.044
1657065611.532215,1.2_update_frames_state_copy,0.013
1657065611.532215,1.2_update_frames_sigma_p,0.030
1657065611.532215,1.2_update_frames,0.114
1657065611.510289,2.1_gnss_araim,0.715
1657065611.532215,2.3_dynamic_al,0.000
1657065611.532215,2.3_state_machine,0.000
1657065611.532215,2.3_integrity_total,0.779
1657065611.532215,1.2_odom_insert_frame,4.227
1657065611.632251,1.1_pointcloud_extract,0.012
1657065611.632251,1.1_cloud_preprocess,1.304
1657065611.632251,1.1_ros_callback_total,1.381
1657065611.632251,1.2_imu_integration,0.091
1657065611.632251,1.2_pointcloud_deskew,0.039
1657065611.632251,1.2_covariance_estimation,0.654
1657065611.632251,1.2_create_factors,0.017
1657065611.632251,1.2_smoother_update,19.415
1657065611.632251,1.3_gnss_injection,0.379
1657065611.632251,1.2_update_frames_calculate_estimate,0.058
1657065611.632251,1.2_update_frames_state_copy,0.019
1657065611.632251,1.2_update_frames_sigma_p,0.027
1657065611.632251,1.2_update_frames,0.147
1657065611.610222,2.1_gnss_araim,0.626
1657065611.632251,2.3_dynamic_al,0.000
1657065611.632251,2.3_state_machine,0.000
1657065611.632251,2.3_integrity_total,0.694
1657065611.632251,1.2_odom_insert_frame,22.728
1657065606.632296,1.4_sub_map_insert,1.664
1657065611.732250,1.1_pointcloud_extract,0.011
1657065611.732250,1.1_cloud_preprocess,1.299
1657065611.732250,1.1_ros_callback_total,1.377
1657065611.732250,1.2_imu_integration,0.078
1657065611.732250,1.2_pointcloud_deskew,0.048
1657065611.732250,1.2_covariance_estimation,0.332
1657065611.732250,1.2_create_factors,0.013
1657065611.732250,1.2_smoother_update,14.677
1657065611.732250,1.3_gnss_injection,0.279
1657065611.732250,1.2_update_frames_calculate_estimate,0.040
1657065611.732250,1.2_update_frames_state_copy,0.014
1657065611.732250,1.2_update_frames_sigma_p,0.022
1657065611.732250,1.2_update_frames,0.101
1657065611.710226,2.1_gnss_araim,0.828
1657065611.732250,2.3_dynamic_al,0.000
1657065611.732250,2.3_state_machine,0.000
1657065611.732250,2.3_integrity_total,0.889
1657065611.732250,1.2_odom_insert_frame,17.335
1657065606.732285,1.4_sub_map_insert,1.641
1657065611.832277,1.1_pointcloud_extract,0.011
1657065611.832277,1.1_cloud_preprocess,1.303
1657065611.832277,1.1_ros_callback_total,1.377
1657065611.832277,1.2_imu_integration,0.075
1657065611.832277,1.2_pointcloud_deskew,0.048
1657065611.832277,1.2_covariance_estimation,0.481
1657065611.832277,1.2_create_factors,0.014
1657065611.832277,1.2_smoother_update,14.473
1657065611.832277,1.3_gnss_injection,0.281
1657065611.832277,1.2_update_frames_calculate_estimate,0.039
1657065611.832277,1.2_update_frames_state_copy,0.014
1657065611.832277,1.2_update_frames_sigma_p,0.021
1657065611.832277,1.2_update_frames,0.097
1657065611.810275,2.1_gnss_araim,0.670
1657065611.832277,2.3_dynamic_al,0.000
1657065611.832277,2.3_state_machine,0.000
1657065611.832277,2.3_integrity_total,0.705
1657065611.832277,1.2_odom_insert_frame,17.039
1657065606.832315,1.4_sub_map_insert,1.725
1657065611.932208,1.1_pointcloud_extract,0.011
1657065611.932208,1.1_cloud_preprocess,1.399
1657065611.932208,1.1_ros_callback_total,1.486
1657065611.932208,1.2_imu_integration,0.075
1657065611.932208,1.2_pointcloud_deskew,0.048
1657065611.932208,1.2_covariance_estimation,0.311
1657065611.932208,1.2_create_factors,0.013
1657065611.932208,1.2_smoother_update,14.816
1657065611.932208,1.3_gnss_injection,0.292
1657065611.932208,1.2_update_frames_calculate_estimate,0.041
1657065611.932208,1.2_update_frames_state_copy,0.014
1657065611.932208,1.2_update_frames_sigma_p,0.024
1657065611.932208,1.2_update_frames,0.104
1657065611.910235,2.1_gnss_araim,0.692
1657065611.932208,2.3_dynamic_al,0.000
1657065611.932208,2.3_state_machine,0.000
1657065611.932208,2.3_integrity_total,0.726
1657065611.932208,1.2_odom_insert_frame,17.362
1657065606.932290,1.4_sub_map_insert,1.654
1657065612.032289,1.1_pointcloud_extract,0.011
1657065612.032289,1.1_cloud_preprocess,1.279
1657065612.032289,1.1_ros_callback_total,1.371
1657065612.032289,1.2_imu_integration,0.073
1657065612.032289,1.2_pointcloud_deskew,0.046
1657065612.032289,1.2_covariance_estimation,0.426
1657065612.032289,1.2_create_factors,0.014
1657065612.032289,1.2_smoother_update,1.881
1657065612.032289,1.3_gnss_injection,0.277
1657065612.032289,1.2_update_frames_calculate_estimate,0.042
1657065612.032289,1.2_update_frames_state_copy,0.013
1657065612.032289,1.2_update_frames_sigma_p,0.047
1657065612.032289,1.2_update_frames,0.127
1657065612.010287,2.1_gnss_araim,0.679
1657065612.032289,2.3_dynamic_al,0.000
1657065612.032289,2.3_state_machine,0.000
1657065612.032289,2.3_integrity_total,0.742
1657065612.032289,1.2_odom_insert_frame,4.608
1657065607.032239,1.4_sub_map_insert,3.210
1657065612.132286,1.1_pointcloud_extract,0.011
1657065612.132286,1.1_cloud_preprocess,1.263
1657065612.132286,1.1_ros_callback_total,1.342
1657065612.132286,1.2_imu_integration,0.091
1657065612.132286,1.2_pointcloud_deskew,0.037
1657065612.132286,1.2_covariance_estimation,0.495
1657065612.132286,1.2_create_factors,0.017
1657065612.132286,1.2_smoother_update,19.296
1657065612.132286,1.3_gnss_injection,0.385
1657065612.132286,1.2_update_frames_calculate_estimate,0.061
1657065612.132286,1.2_update_frames_state_copy,0.019
1657065612.132286,1.2_update_frames_sigma_p,0.029
1657065612.132286,1.2_update_frames,0.146
1657065612.110276,2.1_gnss_araim,0.773
1657065612.132286,2.3_dynamic_al,0.000
1657065612.132286,2.3_state_machine,0.000
1657065612.132286,2.3_integrity_total,0.835
1657065612.132286,1.2_odom_insert_frame,22.669
1657065607.232282,1.4_sub_map_insert,1.769
1657065612.232258,1.1_pointcloud_extract,0.010
1657065612.232258,1.1_cloud_preprocess,1.271
1657065612.232258,1.1_ros_callback_total,1.364
1657065612.232258,1.2_imu_integration,0.090
1657065612.232258,1.2_pointcloud_deskew,0.039
1657065612.232258,1.2_covariance_estimation,0.605
1657065612.232258,1.2_create_factors,0.019
1657065612.232258,1.2_smoother_update,2.053
1657065612.232258,1.3_gnss_injection,0.395
1657065612.232258,1.2_update_frames_calculate_estimate,0.062
1657065612.232258,1.2_update_frames_state_copy,0.016
1657065612.232258,1.2_update_frames_sigma_p,0.038
1657065612.232258,1.2_update_frames,0.151
1657065612.210237,2.1_gnss_araim,0.696
1657065612.232258,2.3_dynamic_al,0.000
1657065612.232258,2.3_state_machine,0.000
1657065612.232258,2.3_integrity_total,0.765
1657065612.232258,1.2_odom_insert_frame,5.506
1657065612.332421,1.1_pointcloud_extract,0.011
1657065612.332421,1.1_cloud_preprocess,1.275
1657065612.332421,1.1_ros_callback_total,1.366
1657065612.332421,1.2_imu_integration,0.090
1657065612.332421,1.2_pointcloud_deskew,0.039
1657065612.332421,1.2_covariance_estimation,0.495
1657065612.332421,1.2_create_factors,0.016
1657065612.332421,1.2_smoother_update,2.375
1657065612.332421,1.3_gnss_injection,0.409
1657065612.332421,1.2_update_frames_calculate_estimate,0.070
1657065612.332421,1.2_update_frames_state_copy,0.018
1657065612.332421,1.2_update_frames_sigma_p,0.068
1657065612.332421,1.2_update_frames,0.199
1657065612.310281,2.1_gnss_araim,0.635
1657065612.332421,2.3_dynamic_al,0.000
1657065612.332421,2.3_state_machine,0.000
1657065612.332421,2.3_integrity_total,0.684
1657065612.332421,1.2_odom_insert_frame,5.864
1657065607.332290,1.4_sub_map_insert,3.163
1657065612.432229,1.1_pointcloud_extract,0.012
1657065612.432229,1.1_cloud_preprocess,1.351
1657065612.432229,1.1_ros_callback_total,1.461
1657065612.432229,1.2_imu_integration,0.090
1657065612.432229,1.2_pointcloud_deskew,0.040
1657065612.432229,1.2_covariance_estimation,0.511
1657065612.432229,1.2_create_factors,0.017
1657065612.432229,1.2_smoother_update,19.299
1657065612.432229,1.3_gnss_injection,0.381
1657065612.432229,1.2_update_frames_calculate_estimate,0.066
1657065612.432229,1.2_update_frames_state_copy,0.020
1657065612.432229,1.2_update_frames_sigma_p,0.030
1657065612.432229,1.2_update_frames,0.158
1657065612.410226,2.1_gnss_araim,0.818
1657065612.432229,2.3_dynamic_al,0.000
1657065612.432229,2.3_state_machine,0.000
1657065612.432229,2.3_integrity_total,0.871
1657065612.432229,1.2_odom_insert_frame,22.728
1657065612.532232,1.1_pointcloud_extract,0.011
1657065612.532232,1.1_cloud_preprocess,1.253
1657065612.532232,1.1_ros_callback_total,1.344
1657065612.532232,1.2_imu_integration,0.072
1657065612.532232,1.2_pointcloud_deskew,0.047
1657065612.532232,1.2_covariance_estimation,0.577
1657065612.532232,1.2_create_factors,0.012
1657065612.532232,1.2_smoother_update,1.615
1657065612.532232,1.3_gnss_injection,0.274
1657065612.532232,1.2_update_frames_calculate_estimate,0.042
1657065612.532232,1.2_update_frames_state_copy,0.013
1657065612.532232,1.2_update_frames_sigma_p,0.030
1657065612.532232,1.2_update_frames,0.108
1657065612.510291,2.1_gnss_araim,0.701
1657065612.532232,2.3_dynamic_al,0.000
1657065612.532232,2.3_state_machine,0.000
1657065612.532232,2.3_integrity_total,0.760
1657065612.532232,1.2_odom_insert_frame,4.365
1657065607.532280,1.4_sub_map_insert,1.710
1657065612.632223,1.1_pointcloud_extract,0.009
1657065612.632223,1.1_cloud_preprocess,1.196
1657065612.632223,1.1_ros_callback_total,1.262
1657065612.632223,1.2_imu_integration,0.090
1657065612.632223,1.2_pointcloud_deskew,0.039
1657065612.632223,1.2_covariance_estimation,0.508
1657065612.632223,1.2_create_factors,0.017
1657065612.632223,1.2_smoother_update,19.536
1657065612.632223,1.3_gnss_injection,0.389
1657065612.632223,1.2_update_frames_calculate_estimate,0.078
1657065612.632223,1.2_update_frames_state_copy,0.020
1657065612.632223,1.2_update_frames_sigma_p,0.034
1657065612.632223,1.2_update_frames,0.173
1657065612.610277,2.1_gnss_araim,0.679
1657065612.632223,2.3_dynamic_al,0.000
1657065612.632223,2.3_state_machine,0.000
1657065612.632223,2.3_integrity_total,0.729
1657065612.632223,1.2_odom_insert_frame,22.946
1657065607.632274,1.4_sub_map_insert,4.741
1657065612.732293,1.1_pointcloud_extract,0.012
1657065612.732293,1.1_cloud_preprocess,1.270
1657065612.732293,1.1_ros_callback_total,1.367
1657065612.732293,1.2_imu_integration,0.091
1657065612.732293,1.2_pointcloud_deskew,0.040
1657065612.732293,1.2_covariance_estimation,0.491
1657065612.732293,1.2_create_factors,0.018
1657065612.732293,1.2_smoother_update,2.521
1657065612.732293,1.3_gnss_injection,0.408
1657065612.732293,1.2_update_frames_calculate_estimate,0.071
1657065612.732293,1.2_update_frames_state_copy,0.018
1657065612.732293,1.2_update_frames_sigma_p,0.061
1657065612.732293,1.2_update_frames,0.191
1657065612.710275,2.1_gnss_araim,0.705
1657065612.732293,2.3_dynamic_al,0.000
1657065612.732293,2.3_state_machine,0.000
1657065612.732293,2.3_integrity_total,0.775
1657065612.732293,1.2_odom_insert_frame,6.071
1657065607.832239,1.4_sub_map_insert,2.356
1657065612.832322,1.1_pointcloud_extract,0.011
1657065612.832322,1.1_cloud_preprocess,1.282
1657065612.832322,1.1_ros_callback_total,1.376
1657065612.832322,1.2_imu_integration,0.089
1657065612.832322,1.2_pointcloud_deskew,0.038
1657065612.832322,1.2_covariance_estimation,0.498
1657065612.832322,1.2_create_factors,0.018
1657065612.832322,1.2_smoother_update,19.256
1657065612.832322,1.3_gnss_injection,0.380
1657065612.832322,1.2_update_frames_calculate_estimate,0.066
1657065612.832322,1.2_update_frames_state_copy,0.020
1657065612.832322,1.2_update_frames_sigma_p,0.030
1657065612.832322,1.2_update_frames,0.157
1657065612.810275,2.1_gnss_araim,0.820
1657065612.832322,2.3_dynamic_al,0.000
1657065612.832322,2.3_state_machine,0.000
1657065612.832322,2.3_integrity_total,0.892
1657065612.832322,1.2_odom_insert_frame,22.751
1657065607.932222,1.4_sub_map_insert,2.438
1657065612.932227,1.1_pointcloud_extract,0.011
1657065612.932227,1.1_cloud_preprocess,1.315
1657065612.932227,1.1_ros_callback_total,1.405
1657065612.932227,1.2_imu_integration,0.092
1657065612.932227,1.2_pointcloud_deskew,0.042
1657065612.932227,1.2_covariance_estimation,0.511
1657065612.932227,1.2_create_factors,0.018
1657065612.932227,1.2_smoother_update,19.369
1657065612.932227,1.3_gnss_injection,0.389
1657065612.932227,1.2_update_frames_calculate_estimate,0.068
1657065612.932227,1.2_update_frames_state_copy,0.019
1657065612.932227,1.2_update_frames_sigma_p,0.030
1657065612.932227,1.2_update_frames,0.160
1657065612.910294,2.1_gnss_araim,0.789
1657065612.932227,2.3_dynamic_al,0.000
1657065612.932227,2.3_state_machine,0.000
1657065612.932227,2.3_integrity_total,0.852
1657065612.932227,1.2_odom_insert_frame,22.849
1657065608.032226,1.4_sub_map_insert,2.451
1657065613.032234,1.1_pointcloud_extract,0.012
1657065613.032234,1.1_cloud_preprocess,1.386
1657065613.032234,1.1_ros_callback_total,1.485
1657065613.032234,1.2_imu_integration,0.075
1657065613.032234,1.2_pointcloud_deskew,0.047
1657065613.032234,1.2_covariance_estimation,0.430
1657065613.032234,1.2_create_factors,0.012
1657065613.032234,1.2_smoother_update,14.167
1657065613.032234,1.3_gnss_injection,0.287
1657065613.032234,1.2_update_frames_calculate_estimate,0.039
1657065613.032234,1.2_update_frames_state_copy,0.014
1657065613.032234,1.2_update_frames_sigma_p,0.022
1657065613.032234,1.2_update_frames,0.098
1657065613.010237,2.1_gnss_araim,0.772
1657065613.032234,2.3_dynamic_al,0.000
1657065613.032234,2.3_state_machine,0.000
1657065613.032234,2.3_integrity_total,0.823
1657065613.032234,1.2_odom_insert_frame,16.804
1657065613.132228,1.1_pointcloud_extract,0.009
1657065613.132228,1.1_cloud_preprocess,1.180
1657065613.132228,1.1_ros_callback_total,1.254
1657065613.132228,1.2_imu_integration,0.076
1657065613.132228,1.2_pointcloud_deskew,0.057
1657065613.132228,1.2_covariance_estimation,0.364
1657065613.132228,1.2_create_factors,0.014
1657065613.132228,1.2_smoother_update,1.653
1657065613.132228,1.3_gnss_injection,0.280
1657065613.132228,1.2_update_frames_calculate_estimate,0.042
1657065613.132228,1.2_update_frames_state_copy,0.014
1657065613.132228,1.2_update_frames_sigma_p,0.031
1657065613.132228,1.2_update_frames,0.112
1657065613.110259,2.1_gnss_araim,0.643
1657065613.132228,2.3_dynamic_al,0.000
1657065613.132228,2.3_state_machine,0.000
1657065613.132228,2.3_integrity_total,0.681
1657065613.132228,1.2_odom_insert_frame,4.213
1657065608.132277,1.4_sub_map_insert,3.199
1657065613.232361,1.1_pointcloud_extract,0.011
1657065613.232361,1.1_cloud_preprocess,1.330
1657065613.232361,1.1_ros_callback_total,1.424
1657065613.232361,1.2_imu_integration,0.096
1657065613.232361,1.2_pointcloud_deskew,0.040
1657065613.232361,1.2_covariance_estimation,0.560
1657065613.232361,1.2_create_factors,0.015
1657065613.232361,1.2_smoother_update,2.387
1657065613.232361,1.3_gnss_injection,0.402
1657065613.232361,1.2_update_frames_calculate_estimate,0.069
1657065613.232361,1.2_update_frames_state_copy,0.018
1657065613.232361,1.2_update_frames_sigma_p,0.049
1657065613.232361,1.2_update_frames,0.177
1657065613.210311,2.1_gnss_araim,0.724
1657065613.232361,2.3_dynamic_al,0.000
1657065613.232361,2.3_state_machine,0.000
1657065613.232361,2.3_integrity_total,0.776
1657065613.232361,1.2_odom_insert_frame,6.091
1657065608.232278,1.4_sub_map_insert,6.047
1657065613.332277,1.1_pointcloud_extract,0.011
1657065613.332277,1.1_cloud_preprocess,1.455
1657065613.332277,1.1_ros_callback_total,1.536
1657065613.332277,1.2_imu_integration,0.094
1657065613.332277,1.2_pointcloud_deskew,0.041
1657065613.332277,1.2_covariance_estimation,0.661
1657065613.332277,1.2_create_factors,0.020
1657065613.332277,1.2_smoother_update,2.056
1657065613.332277,1.3_gnss_injection,0.373
1657065613.332277,1.2_update_frames_calculate_estimate,0.053
1657065613.332277,1.2_update_frames_state_copy,0.016
1657065613.332277,1.2_update_frames_sigma_p,0.038
1657065613.332277,1.2_update_frames,0.140
1657065613.310287,2.1_gnss_araim,0.726
1657065613.332277,2.3_dynamic_al,0.000
1657065613.332277,2.3_state_machine,0.000
1657065613.332277,2.3_integrity_total,0.781
1657065613.332277,1.2_odom_insert_frame,5.485
1657065608.432276,1.4_sub_map_insert,1.714
1657065613.432243,1.1_pointcloud_extract,0.012
1657065613.432243,1.1_cloud_preprocess,1.418
1657065613.432243,1.1_ros_callback_total,1.506
1657065613.432243,1.2_imu_integration,0.076
1657065613.432243,1.2_pointcloud_deskew,0.051
1657065613.432243,1.2_covariance_estimation,0.536
1657065613.432243,1.2_create_factors,0.013
1657065613.432243,1.2_smoother_update,14.609
1657065613.432243,1.3_gnss_injection,0.293
1657065613.432243,1.2_update_frames_calculate_estimate,0.040
1657065613.432243,1.2_update_frames_state_copy,0.014
1657065613.432243,1.2_update_frames_sigma_p,0.021
1657065613.432243,1.2_update_frames,0.100
1657065613.410313,2.1_gnss_araim,0.824
1657065613.432243,2.3_dynamic_al,0.000
1657065613.432243,2.3_state_machine,0.000
1657065613.432243,2.3_integrity_total,0.888
1657065613.432243,1.2_odom_insert_frame,17.534
1657065613.532227,1.1_pointcloud_extract,0.011
1657065613.532227,1.1_cloud_preprocess,1.428
1657065613.532227,1.1_ros_callback_total,1.517
1657065613.532227,1.2_imu_integration,0.088
1657065613.532227,1.2_pointcloud_deskew,0.055
1657065613.532227,1.2_covariance_estimation,0.420
1657065613.532227,1.2_create_factors,0.013
1657065613.532227,1.2_smoother_update,14.714
1657065613.532227,1.3_gnss_injection,0.326
1657065613.532227,1.2_update_frames_calculate_estimate,0.040
1657065613.532227,1.2_update_frames_state_copy,0.014
1657065613.532227,1.2_update_frames_sigma_p,0.023
1657065613.532227,1.2_update_frames,0.101
1657065613.510220,2.1_gnss_araim,0.671
1657065613.532227,2.3_dynamic_al,0.000
1657065613.532227,2.3_state_machine,0.000
1657065613.532227,2.3_integrity_total,0.728
1657065613.532227,1.2_odom_insert_frame,17.492
1657065608.533275,1.4_sub_map_insert,1.690
1657065613.632218,1.1_pointcloud_extract,0.012
1657065613.632218,1.1_cloud_preprocess,1.435
1657065613.632218,1.1_ros_callback_total,1.536
1657065613.632218,1.2_imu_integration,0.091
1657065613.632218,1.2_pointcloud_deskew,0.040
1657065613.632218,1.2_covariance_estimation,0.507
1657065613.632218,1.2_create_factors,0.020
1657065613.632218,1.2_smoother_update,20.297
1657065613.632218,1.3_gnss_injection,0.396
1657065613.632218,1.2_update_frames_calculate_estimate,0.079
1657065613.632218,1.2_update_frames_state_copy,0.020
1657065613.632218,1.2_update_frames_sigma_p,0.033
1657065613.632218,1.2_update_frames,0.179
1657065613.610229,2.1_gnss_araim,0.759
1657065613.632218,2.3_dynamic_al,0.000
1657065613.632218,2.3_state_machine,0.000
1657065613.632218,2.3_integrity_total,0.833
1657065613.632218,1.2_odom_insert_frame,23.882
1657065608.632414,1.4_sub_map_insert,1.695
1657065613.732287,1.1_pointcloud_extract,0.012
1657065613.732287,1.1_cloud_preprocess,1.424
1657065613.732287,1.1_ros_callback_total,1.525
1657065613.732287,1.2_imu_integration,0.092
1657065613.732287,1.2_pointcloud_deskew,0.041
1657065613.732287,1.2_covariance_estimation,0.527
1657065613.732287,1.2_create_factors,0.018
1657065613.732287,1.2_smoother_update,2.447
1657065613.732287,1.3_gnss_injection,0.388
1657065613.732287,1.2_update_frames_calculate_estimate,0.063
1657065613.732287,1.2_update_frames_state_copy,0.019
1657065613.732287,1.2_update_frames_sigma_p,0.059
1657065613.732287,1.2_update_frames,0.179
1657065613.710451,2.1_gnss_araim,0.644
1657065613.732287,2.3_dynamic_al,0.000
1657065613.732287,2.3_state_machine,0.000
1657065613.732287,2.3_integrity_total,0.703
1657065613.732287,1.2_odom_insert_frame,5.836
1657065608.732280,1.4_sub_map_insert,3.259
1657065613.832279,1.1_pointcloud_extract,0.012
1657065613.832279,1.1_cloud_preprocess,1.367
1657065613.832279,1.1_ros_callback_total,1.464
1657065613.832279,1.2_imu_integration,0.092
1657065613.832279,1.2_pointcloud_deskew,0.042
1657065613.832279,1.2_covariance_estimation,0.532
1657065613.832279,1.2_create_factors,0.016
1657065613.832279,1.2_smoother_update,19.594
1657065613.832279,1.3_gnss_injection,0.402
1657065613.832279,1.2_update_frames_calculate_estimate,0.066
1657065613.832279,1.2_update_frames_state_copy,0.019
1657065613.832279,1.2_update_frames_sigma_p,0.030
1657065613.832279,1.2_update_frames,0.154
1657065613.810225,2.1_gnss_araim,0.823
1657065613.832279,2.3_dynamic_al,0.000
1657065613.832279,2.3_state_machine,0.000
1657065613.832279,2.3_integrity_total,0.889
1657065613.832279,1.2_odom_insert_frame,23.170
1657065608.932249,1.4_sub_map_insert,1.708
1657065613.932281,1.1_pointcloud_extract,0.012
1657065613.932281,1.1_cloud_preprocess,1.395
1657065613.932281,1.1_ros_callback_total,1.495
1657065613.932281,1.2_imu_integration,0.092
1657065613.932281,1.2_pointcloud_deskew,0.042
1657065613.932281,1.2_covariance_estimation,0.525
1657065613.932281,1.2_create_factors,0.019
1657065613.932281,1.2_smoother_update,19.843
1657065613.932281,1.3_gnss_injection,0.395
1657065613.932281,1.2_update_frames_calculate_estimate,0.076
1657065613.932281,1.2_update_frames_state_copy,0.020
1657065613.932281,1.2_update_frames_sigma_p,0.033
1657065613.932281,1.2_update_frames,0.174
1657065613.910286,2.1_gnss_araim,0.828
1657065613.932281,2.3_dynamic_al,0.000
1657065613.932281,2.3_state_machine,0.000
1657065613.932281,2.3_integrity_total,0.895
1657065613.932281,1.2_odom_insert_frame,23.525
1657065609.032224,1.4_sub_map_insert,1.686
1657065614.032279,1.1_pointcloud_extract,0.012
1657065614.032279,1.1_cloud_preprocess,1.309
1657065614.032279,1.1_ros_callback_total,1.407
1657065614.032279,1.2_imu_integration,0.092
1657065614.032279,1.2_pointcloud_deskew,0.041
1657065614.032279,1.2_covariance_estimation,0.523
1657065614.032279,1.2_create_factors,0.018
1657065614.032279,1.2_smoother_update,19.532
1657065614.032279,1.3_gnss_injection,0.382
1657065614.032279,1.2_update_frames_calculate_estimate,0.064
1657065614.032279,1.2_update_frames_state_copy,0.019
1657065614.032279,1.2_update_frames_sigma_p,0.028
1657065614.032279,1.2_update_frames,0.148
1657065614.010305,2.1_gnss_araim,0.885
1657065614.032279,2.3_dynamic_al,0.001
1657065614.032279,2.3_state_machine,0.000
1657065614.032279,2.3_integrity_total,0.952
1657065614.032279,1.2_odom_insert_frame,23.167
1657065609.132222,1.4_sub_map_insert,1.817
1657065614.132228,1.1_pointcloud_extract,0.011
1657065614.132228,1.1_cloud_preprocess,1.261
1657065614.132228,1.1_ros_callback_total,1.319
1657065614.132228,1.2_imu_integration,0.075
1657065614.132228,1.2_pointcloud_deskew,0.058
1657065614.132228,1.2_covariance_estimation,0.306
1657065614.132228,1.2_create_factors,0.014
1657065614.132228,1.2_smoother_update,14.800
1657065614.132228,1.3_gnss_injection,0.298
1657065614.132228,1.2_update_frames_calculate_estimate,0.043
1657065614.132228,1.2_update_frames_state_copy,0.015
1657065614.132228,1.2_update_frames_sigma_p,0.024
1657065614.132228,1.2_update_frames,0.109
1657065614.110215,2.1_gnss_araim,0.639
1657065614.132228,2.3_dynamic_al,0.000
1657065614.132228,2.3_state_machine,0.000
1657065614.132228,2.3_integrity_total,0.689
1657065614.132228,1.2_odom_insert_frame,17.396
1657065609.232219,1.4_sub_map_insert,1.785
1657065614.232309,1.1_pointcloud_extract,0.009
1657065614.232309,1.1_cloud_preprocess,1.134
1657065614.232309,1.1_ros_callback_total,1.196
1657065614.232309,1.2_imu_integration,0.093
1657065614.232309,1.2_pointcloud_deskew,0.037
1657065614.232309,1.2_covariance_estimation,0.487
1657065614.232309,1.2_create_factors,0.016
1657065614.232309,1.2_smoother_update,20.301
1657065614.232309,1.3_gnss_injection,0.394
1657065614.232309,1.2_update_frames_calculate_estimate,0.066
1657065614.232309,1.2_update_frames_state_copy,0.020
1657065614.232309,1.2_update_frames_sigma_p,0.028
1657065614.232309,1.2_update_frames,0.153
1657065614.210281,2.1_gnss_araim,0.666
1657065614.232309,2.3_dynamic_al,0.000
1657065614.232309,2.3_state_machine,0.000
1657065614.232309,2.3_integrity_total,0.729
1657065614.232309,1.2_odom_insert_frame,23.627
1657065609.332278,1.4_sub_map_insert,1.905
1657065614.332302,1.1_pointcloud_extract,0.010
1657065614.332302,1.1_cloud_preprocess,1.187
1657065614.332302,1.1_ros_callback_total,1.253
1657065614.332302,1.2_imu_integration,0.092
1657065614.332302,1.2_pointcloud_deskew,0.035
1657065614.332302,1.2_covariance_estimation,0.463
1657065614.332302,1.2_create_factors,0.016
1657065614.332302,1.2_smoother_update,19.713
1657065614.332302,1.3_gnss_injection,0.386
1657065614.332302,1.2_update_frames_calculate_estimate,0.066
1657065614.332302,1.2_update_frames_state_copy,0.019
1657065614.332302,1.2_update_frames_sigma_p,0.029
1657065614.332302,1.2_update_frames,0.153
1657065614.310313,2.1_gnss_araim,0.794
1657065614.332302,2.3_dynamic_al,0.000
1657065614.332302,2.3_state_machine,0.000
1657065614.332302,2.3_integrity_total,0.843
1657065614.332302,1.2_odom_insert_frame,23.094
1657065609.432222,1.4_sub_map_insert,1.723
1657065614.432280,1.1_pointcloud_extract,0.011
1657065614.432280,1.1_cloud_preprocess,1.286
1657065614.432280,1.1_ros_callback_total,1.378
1657065614.432280,1.2_imu_integration,0.093
1657065614.432280,1.2_pointcloud_deskew,0.037
1657065614.432280,1.2_covariance_estimation,0.493
1657065614.432280,1.2_create_factors,0.020
1657065614.432280,1.2_smoother_update,19.738
1657065614.432280,1.3_gnss_injection,0.410
1657065614.432280,1.2_update_frames_calculate_estimate,0.089
1657065614.432280,1.2_update_frames_state_copy,0.020
1657065614.432280,1.2_update_frames_sigma_p,0.042
1657065614.432280,1.2_update_frames,0.207
1657065614.410280,2.1_gnss_araim,0.686
1657065614.432280,2.3_dynamic_al,0.000
1657065614.432280,2.3_state_machine,0.000
1657065614.432280,2.3_integrity_total,0.753
1657065614.432280,1.2_odom_insert_frame,23.344
1657065614.532299,1.1_pointcloud_extract,0.012
1657065614.532299,1.1_cloud_preprocess,1.303
1657065614.532299,1.1_ros_callback_total,1.401
1657065614.532299,1.2_imu_integration,0.094
1657065614.532299,1.2_pointcloud_deskew,0.039
1657065614.532299,1.2_covariance_estimation,0.500
1657065614.532299,1.2_create_factors,0.019
1657065614.532299,1.2_smoother_update,19.715
1657065614.532299,1.3_gnss_injection,0.398
1657065614.532299,1.2_update_frames_calculate_estimate,0.066
1657065614.532299,1.2_update_frames_state_copy,0.020
1657065614.532299,1.2_update_frames_sigma_p,0.029
1657065614.532299,1.2_update_frames,0.156
1657065614.510253,2.1_gnss_araim,0.684
1657065614.532299,2.3_dynamic_al,0.000
1657065614.532299,2.3_state_machine,0.000
1657065614.532299,2.3_integrity_total,0.743
1657065614.532299,1.2_odom_insert_frame,23.122
1657065609.532281,1.4_sub_map_insert,4.754
1657065614.632253,1.1_pointcloud_extract,0.009
1657065614.632253,1.1_cloud_preprocess,1.179
1657065614.632253,1.1_ros_callback_total,1.247
1657065614.632253,1.2_imu_integration,0.074
1657065614.632253,1.2_pointcloud_deskew,0.046
1657065614.632253,1.2_covariance_estimation,0.317
1657065614.632253,1.2_create_factors,0.014
1657065614.632253,1.2_smoother_update,1.626
1657065614.632253,1.3_gnss_injection,0.279
1657065614.632253,1.2_update_frames_calculate_estimate,0.044
1657065614.632253,1.2_update_frames_state_copy,0.013
1657065614.632253,1.2_update_frames_sigma_p,0.030
1657065614.632253,1.2_update_frames,0.114
1657065614.610289,2.1_gnss_araim,0.638
1657065614.632253,2.3_dynamic_al,0.000
1657065614.632253,2.3_state_machine,0.000
1657065614.632253,2.3_integrity_total,0.700
1657065614.632253,1.2_odom_insert_frame,4.198
1657065614.732250,1.1_pointcloud_extract,0.011
1657065614.732250,1.1_cloud_preprocess,1.317
1657065614.732250,1.1_ros_callback_total,1.401
1657065614.732250,1.2_imu_integration,0.092
1657065614.732250,1.2_pointcloud_deskew,0.038
1657065614.732250,1.2_covariance_estimation,0.409
1657065614.732250,1.2_create_factors,0.018
1657065614.732250,1.2_smoother_update,20.460
1657065614.732250,1.3_gnss_injection,0.393
1657065614.732250,1.2_update_frames_calculate_estimate,0.069
1657065614.732250,1.2_update_frames_state_copy,0.019
1657065614.732250,1.2_update_frames_sigma_p,0.030
1657065614.732250,1.2_update_frames,0.159
1657065614.710285,2.1_gnss_araim,0.618
1657065614.732250,2.3_dynamic_al,0.000
1657065614.732250,2.3_state_machine,0.000
1657065614.732250,2.3_integrity_total,0.673
1657065614.732250,1.2_odom_insert_frame,23.691
1657065609.732318,1.4_sub_map_insert,3.164
1657065614.832293,1.1_pointcloud_extract,0.012
1657065614.832293,1.1_cloud_preprocess,1.345
1657065614.832293,1.1_ros_callback_total,1.424
1657065614.832293,1.2_imu_integration,0.162
1657065614.832293,1.2_pointcloud_deskew,0.047
1657065614.832293,1.2_covariance_estimation,0.394
1657065614.832293,1.2_create_factors,0.015
1657065614.832293,1.2_smoother_update,14.860
1657065614.832293,1.3_gnss_injection,0.283
1657065614.832293,1.2_update_frames_calculate_estimate,0.041
1657065614.832293,1.2_update_frames_state_copy,0.015
1657065614.832293,1.2_update_frames_sigma_p,0.022
1657065614.832293,1.2_update_frames,0.102
1657065614.810220,2.1_gnss_araim,0.685
1657065614.832293,2.3_dynamic_al,0.000
1657065614.832293,2.3_state_machine,0.000
1657065614.832293,2.3_integrity_total,0.747
1657065614.832293,1.2_odom_insert_frame,17.610
1657065609.832424,1.4_sub_map_insert,3.115
1657065614.932242,1.1_pointcloud_extract,0.012
1657065614.932242,1.1_cloud_preprocess,1.300
1657065614.932242,1.1_ros_callback_total,1.373
1657065614.932242,1.2_imu_integration,0.092
1657065614.932242,1.2_pointcloud_deskew,0.038
1657065614.932242,1.2_covariance_estimation,0.505
1657065614.932242,1.2_create_factors,0.023
1657065614.932242,1.2_smoother_update,20.111
1657065614.932242,1.3_gnss_injection,0.393
1657065614.932242,1.2_update_frames_calculate_estimate,0.070
1657065614.932242,1.2_update_frames_state_copy,0.020
1657065614.932242,1.2_update_frames_sigma_p,0.032
1657065614.932242,1.2_update_frames,0.165
1657065614.910283,2.1_gnss_araim,0.659
1657065614.932242,2.3_dynamic_al,0.000
1657065614.932242,2.3_state_machine,0.000
1657065614.932242,2.3_integrity_total,0.731
1657065614.932242,1.2_odom_insert_frame,23.541
1657065609.932298,1.4_sub_map_insert,1.717
1657065615.032281,1.1_pointcloud_extract,0.012
1657065615.032281,1.1_cloud_preprocess,1.300
1657065615.032281,1.1_ros_callback_total,1.386
1657065615.032281,1.2_imu_integration,0.092
1657065615.032281,1.2_pointcloud_deskew,0.038
1657065615.032281,1.2_covariance_estimation,0.514
1657065615.032281,1.2_create_factors,0.019
1657065615.032281,1.2_smoother_update,2.660
1657065615.032281,1.3_gnss_injection,0.412
1657065615.032281,1.2_update_frames_calculate_estimate,0.072
1657065615.032281,1.2_update_frames_state_copy,0.019
1657065615.032281,1.2_update_frames_sigma_p,0.063
1657065615.032281,1.2_update_frames,0.199
1657065615.010303,2.1_gnss_araim,0.685
1657065615.032281,2.3_dynamic_al,0.000
1657065615.032281,2.3_state_machine,0.000
1657065615.032281,2.3_integrity_total,0.739
1657065615.032281,1.2_odom_insert_frame,6.300
1657065610.032280,1.4_sub_map_insert,3.267
1657065615.132449,1.1_pointcloud_extract,0.044
1657065615.132449,1.1_cloud_preprocess,1.486
1657065615.132449,1.1_ros_callback_total,1.621
1657065615.132449,1.2_imu_integration,0.092
1657065615.132449,1.2_pointcloud_deskew,0.040
1657065615.132449,1.2_covariance_estimation,0.524
1657065615.132449,1.2_create_factors,0.019
1657065615.132449,1.2_smoother_update,20.012
1657065615.132449,1.3_gnss_injection,0.395
1657065615.132449,1.2_update_frames_calculate_estimate,0.074
1657065615.132449,1.2_update_frames_state_copy,0.020
1657065615.132449,1.2_update_frames_sigma_p,0.031
1657065615.132449,1.2_update_frames,0.167
1657065615.110223,2.1_gnss_araim,0.636
1657065615.132449,2.3_dynamic_al,0.000
1657065615.132449,2.3_state_machine,0.000
1657065615.132449,2.3_integrity_total,0.716
1657065615.132449,1.2_odom_insert_frame,23.408
1657065610.232280,1.4_sub_map_insert,1.805
1657065615.232245,1.1_pointcloud_extract,0.011
1657065615.232245,1.1_cloud_preprocess,1.314
1657065615.232245,1.1_ros_callback_total,1.396
1657065615.232245,1.2_imu_integration,0.083
1657065615.232245,1.2_pointcloud_deskew,0.055
1657065615.232245,1.2_covariance_estimation,0.544
1657065615.232245,1.2_create_factors,0.020
1657065615.232245,1.2_smoother_update,2.312
1657065615.232245,1.3_gnss_injection,0.436
1657065615.232245,1.2_update_frames_calculate_estimate,0.080
1657065615.232245,1.2_update_frames_state_copy,0.019
1657065615.232245,1.2_update_frames_sigma_p,0.044
1657065615.232245,1.2_update_frames,0.185
1657065615.210217,2.1_gnss_araim,0.631
1657065615.232245,2.3_dynamic_al,0.000
1657065615.232245,2.3_state_machine,0.000
1657065615.232245,2.3_integrity_total,0.689
1657065615.232245,1.2_odom_insert_frame,5.895
1657065610.332234,1.4_sub_map_insert,2.474
1657065615.332279,1.1_pointcloud_extract,0.009
1657065615.332279,1.1_cloud_preprocess,1.182
1657065615.332279,1.1_ros_callback_total,1.237
1657065615.332279,1.2_imu_integration,0.085
1657065615.332279,1.2_pointcloud_deskew,0.055
1657065615.332279,1.2_covariance_estimation,0.404
1657065615.332279,1.2_create_factors,0.014
1657065615.332279,1.2_smoother_update,1.790
1657065615.332279,1.3_gnss_injection,0.275
1657065615.332279,1.2_update_frames_calculate_estimate,0.041
1657065615.332279,1.2_update_frames_state_copy,0.014
1657065615.332279,1.2_update_frames_sigma_p,0.036
1657065615.332279,1.2_update_frames,0.118
1657065615.310286,2.1_gnss_araim,1.097
1657065615.332279,2.3_dynamic_al,0.000
1657065615.332279,2.3_state_machine,0.000
1657065615.332279,2.3_integrity_total,1.147
1657065615.332279,1.2_odom_insert_frame,4.929
1657065610.432272,1.4_sub_map_insert,6.663
1657065615.432233,1.1_pointcloud_extract,0.010
1657065615.432233,1.1_cloud_preprocess,1.155
1657065615.432233,1.1_ros_callback_total,1.223
1657065615.432233,1.2_imu_integration,0.082
1657065615.432233,1.2_pointcloud_deskew,0.051
1657065615.432233,1.2_covariance_estimation,0.467
1657065615.432233,1.2_create_factors,0.016
1657065615.432233,1.2_smoother_update,1.694
1657065615.432233,1.3_gnss_injection,0.279
1657065615.432233,1.2_update_frames_calculate_estimate,0.039
1657065615.432233,1.2_update_frames_state_copy,0.014
1657065615.432233,1.2_update_frames_sigma_p,0.033
1657065615.432233,1.2_update_frames,0.114
1657065615.410225,2.1_gnss_araim,0.703
1657065615.432233,2.3_dynamic_al,0.000
1657065615.432233,2.3_state_machine,0.000
1657065615.432233,2.3_integrity_total,0.748
1657065615.432233,1.2_odom_insert_frame,4.475
1657065610.481235,1.4_sub_map_insert,2.055
1657065615.532282,1.1_pointcloud_extract,0.009
1657065615.532282,1.1_cloud_preprocess,1.237
1657065615.532282,1.1_ros_callback_total,1.301
1657065615.532282,1.2_imu_integration,0.091
1657065615.532282,1.2_pointcloud_deskew,0.040
1657065615.532282,1.2_covariance_estimation,0.500
1657065615.532282,1.2_create_factors,0.019
1657065615.532282,1.2_smoother_update,2.363
1657065615.532282,1.3_gnss_injection,0.407
1657065615.532282,1.2_update_frames_calculate_estimate,0.067
1657065615.532282,1.2_update_frames_state_copy,0.018
1657065615.532282,1.2_update_frames_sigma_p,0.049
1657065615.532282,1.2_update_frames,0.177
1657065615.510216,2.1_gnss_araim,0.662
1657065615.532282,2.3_dynamic_al,0.000
1657065615.532282,2.3_state_machine,0.000
1657065615.532282,2.3_integrity_total,0.733
1657065615.532282,1.2_odom_insert_frame,5.855
1657065615.632290,1.1_pointcloud_extract,0.011
1657065615.632290,1.1_cloud_preprocess,1.280
1657065615.632290,1.1_ros_callback_total,1.371
1657065615.632290,1.2_imu_integration,0.092
1657065615.632290,1.2_pointcloud_deskew,0.043
1657065615.632290,1.2_covariance_estimation,0.548
1657065615.632290,1.2_create_factors,0.021
1657065615.632290,1.2_smoother_update,2.255
1657065615.632290,1.3_gnss_injection,0.406
1657065615.632290,1.2_update_frames_calculate_estimate,0.061
1657065615.632290,1.2_update_frames_state_copy,0.018
1657065615.632290,1.2_update_frames_sigma_p,0.042
1657065615.632290,1.2_update_frames,0.160
1657065615.610274,2.1_gnss_araim,0.660
1657065615.632290,2.3_dynamic_al,0.000
1657065615.632290,2.3_state_machine,0.000
1657065615.632290,2.3_integrity_total,0.717
1657065615.632290,1.2_odom_insert_frame,5.735
1657065610.632441,1.4_sub_map_insert,4.862
1657065615.732296,1.1_pointcloud_extract,0.009
1657065615.732296,1.1_cloud_preprocess,1.164
1657065615.732296,1.1_ros_callback_total,1.231
1657065615.732296,1.2_imu_integration,0.091
1657065615.732296,1.2_pointcloud_deskew,0.056
1657065615.732296,1.2_covariance_estimation,0.510
1657065615.732296,1.2_create_factors,0.019
1657065615.732296,1.2_smoother_update,2.278
1657065615.732296,1.3_gnss_injection,0.372
1657065615.732296,1.2_update_frames_calculate_estimate,0.056
1657065615.732296,1.2_update_frames_state_copy,0.016
1657065615.732296,1.2_update_frames_sigma_p,0.043
1657065615.732296,1.2_update_frames,0.153
1657065615.710279,2.1_gnss_araim,0.640
1657065615.732296,2.3_dynamic_al,0.000
1657065615.732296,2.3_state_machine,0.000
1657065615.732296,2.3_integrity_total,0.722
1657065615.732296,1.2_odom_insert_frame,5.637
1657065610.832275,1.4_sub_map_insert,1.660
1657065615.832280,1.1_pointcloud_extract,0.012
1657065615.832280,1.1_cloud_preprocess,1.286
1657065615.832280,1.1_ros_callback_total,1.384
1657065615.832280,1.2_imu_integration,0.100
1657065615.832280,1.2_pointcloud_deskew,0.041
1657065615.832280,1.2_covariance_estimation,0.500
1657065615.832280,1.2_create_factors,0.019
1657065615.832280,1.2_smoother_update,19.187
1657065615.832280,1.3_gnss_injection,0.385
1657065615.832280,1.2_update_frames_calculate_estimate,0.065
1657065615.832280,1.2_update_frames_state_copy,0.020
1657065615.832280,1.2_update_frames_sigma_p,0.029
1657065615.832280,1.2_update_frames,0.155
1657065615.810287,2.1_gnss_araim,0.825
1657065615.832280,2.3_dynamic_al,0.000
1657065615.832280,2.3_state_machine,0.000
1657065615.832280,2.3_integrity_total,0.876
1657065615.832280,1.2_odom_insert_frame,22.623
1657065615.932285,1.1_pointcloud_extract,0.011
1657065615.932285,1.1_cloud_preprocess,1.324
1657065615.932285,1.1_ros_callback_total,1.411
1657065615.932285,1.2_imu_integration,0.085
1657065615.932285,1.2_pointcloud_deskew,0.051
1657065615.932285,1.2_covariance_estimation,0.421
1657065615.932285,1.2_create_factors,0.020
1657065615.932285,1.2_smoother_update,14.440
1657065615.932285,1.3_gnss_injection,0.287
1657065615.932285,1.2_update_frames_calculate_estimate,0.039
1657065615.932285,1.2_update_frames_state_copy,0.015
1657065615.932285,1.2_update_frames_sigma_p,0.021
1657065615.932285,1.2_update_frames,0.098
1657065615.910277,2.1_gnss_araim,0.788
1657065615.932285,2.3_dynamic_al,0.000
1657065615.932285,2.3_state_machine,0.000
1657065615.932285,2.3_integrity_total,0.820
1657065615.932285,1.2_odom_insert_frame,17.208
1657065610.932280,1.4_sub_map_insert,3.037
1657065616.032219,1.1_pointcloud_extract,0.009
1657065616.032219,1.1_cloud_preprocess,1.180
1657065616.032219,1.1_ros_callback_total,1.253
1657065616.032219,1.2_imu_integration,0.092
1657065616.032219,1.2_pointcloud_deskew,0.038
1657065616.032219,1.2_covariance_estimation,0.505
1657065616.032219,1.2_create_factors,0.019
1657065616.032219,1.2_smoother_update,19.390
1657065616.032219,1.3_gnss_injection,0.385
1657065616.032219,1.2_update_frames_calculate_estimate,0.059
1657065616.032219,1.2_update_frames_state_copy,0.019
1657065616.032219,1.2_update_frames_sigma_p,0.028
1657065616.032219,1.2_update_frames,0.142
1657065616.010230,2.1_gnss_araim,0.782
1657065616.032219,2.3_dynamic_al,0.000
1657065616.032219,2.3_state_machine,0.000
1657065616.032219,2.3_integrity_total,0.847
1657065616.032219,1.2_odom_insert_frame,22.783
1657065611.132218,1.4_sub_map_insert,1.619
1657065616.132244,1.1_pointcloud_extract,0.011
1657065616.132244,1.1_cloud_preprocess,1.303
1657065616.132244,1.1_ros_callback_total,1.399
1657065616.132244,1.2_imu_integration,0.076
1657065616.132244,1.2_pointcloud_deskew,0.049
1657065616.132244,1.2_covariance_estimation,0.489
1657065616.132244,1.2_create_factors,0.015
1657065616.132244,1.2_smoother_update,14.611
1657065616.132244,1.3_gnss_injection,0.285
1657065616.132244,1.2_update_frames_calculate_estimate,0.042
1657065616.132244,1.2_update_frames_state_copy,0.015
1657065616.132244,1.2_update_frames_sigma_p,0.024
1657065616.132244,1.2_update_frames,0.108
1657065616.110278,2.1_gnss_araim,0.638
1657065616.132244,2.3_dynamic_al,0.000
1657065616.132244,2.3_state_machine,0.000
1657065616.132244,2.3_integrity_total,0.701
1657065616.132244,1.2_odom_insert_frame,17.335
1657065616.232322,1.1_pointcloud_extract,0.011
1657065616.232322,1.1_cloud_preprocess,1.295
1657065616.232322,1.1_ros_callback_total,1.397
1657065616.232322,1.2_imu_integration,0.091
1657065616.232322,1.2_pointcloud_deskew,0.038
1657065616.232322,1.2_covariance_estimation,0.513
1657065616.232322,1.2_create_factors,0.021
1657065616.232322,1.2_smoother_update,19.912
1657065616.232322,1.3_gnss_injection,0.392
1657065616.232322,1.2_update_frames_calculate_estimate,0.062
1657065616.232322,1.2_update_frames_state_copy,0.019
1657065616.232322,1.2_update_frames_sigma_p,0.029
1657065616.232322,1.2_update_frames,0.151
1657065616.210226,2.1_gnss_araim,0.661
1657065616.232322,2.3_dynamic_al,0.000
1657065616.232322,2.3_state_machine,0.000
1657065616.232322,2.3_integrity_total,0.724
1657065616.232322,1.2_odom_insert_frame,23.280
1657065611.232281,1.4_sub_map_insert,3.251
1657065616.332292,1.1_pointcloud_extract,0.012
1657065616.332292,1.1_cloud_preprocess,1.337
1657065616.332292,1.1_ros_callback_total,1.423
1657065616.332292,1.2_imu_integration,0.082
1657065616.332292,1.2_pointcloud_deskew,0.051
1657065616.332292,1.2_covariance_estimation,0.318
1657065616.332292,1.2_create_factors,0.017
1657065616.332292,1.2_smoother_update,14.466
1657065616.332292,1.3_gnss_injection,0.280
1657065616.332292,1.2_update_frames_calculate_estimate,0.038
1657065616.332292,1.2_update_frames_state_copy,0.017
1657065616.332292,1.2_update_frames_sigma_p,0.035
1657065616.332292,1.2_update_frames,0.116
1657065616.310299,2.1_gnss_araim,0.758
1657065616.332292,2.3_dynamic_al,0.000
1657065616.332292,2.3_state_machine,0.000
1657065616.332292,2.3_integrity_total,0.817
1657065616.332292,1.2_odom_insert_frame,17.113
1657065616.432260,1.1_pointcloud_extract,0.013
1657065616.432260,1.1_cloud_preprocess,1.308
1657065616.432260,1.1_ros_callback_total,1.396
1657065616.432260,1.2_imu_integration,0.091
1657065616.432260,1.2_pointcloud_deskew,0.042
1657065616.432260,1.2_covariance_estimation,0.542
1657065616.432260,1.2_create_factors,0.020
1657065616.432260,1.2_smoother_update,2.433
1657065616.432260,1.3_gnss_injection,0.410
1657065616.432260,1.2_update_frames_calculate_estimate,0.066
1657065616.432260,1.2_update_frames_state_copy,0.018
1657065616.432260,1.2_update_frames_sigma_p,0.040
1657065616.432260,1.2_update_frames,0.162
1657065616.410285,2.1_gnss_araim,0.691
1657065616.432260,2.3_dynamic_al,0.000
1657065616.432260,2.3_state_machine,0.000
1657065616.432260,2.3_integrity_total,0.756
1657065616.432260,1.2_odom_insert_frame,5.982
1657065611.432293,1.4_sub_map_insert,3.100
1657065616.532281,1.1_pointcloud_extract,0.012
1657065616.532281,1.1_cloud_preprocess,1.334
1657065616.532281,1.1_ros_callback_total,1.439
1657065616.532281,1.2_imu_integration,0.091
1657065616.532281,1.2_pointcloud_deskew,0.039
1657065616.532281,1.2_covariance_estimation,0.509
1657065616.532281,1.2_create_factors,0.020
1657065616.532281,1.2_smoother_update,2.384
1657065616.532281,1.3_gnss_injection,0.392
1657065616.532281,1.2_update_frames_calculate_estimate,0.063
1657065616.532281,1.2_update_frames_state_copy,0.018
1657065616.532281,1.2_update_frames_sigma_p,0.045
1657065616.532281,1.2_update_frames,0.169
1657065616.510286,2.1_gnss_araim,0.746
1657065616.532281,2.3_dynamic_al,0.000
1657065616.532281,2.3_state_machine,0.000
1657065616.532281,2.3_integrity_total,0.801
1657065616.532281,1.2_odom_insert_frame,5.934
1657065611.632251,1.4_sub_map_insert,1.614
1657065616.632224,1.1_pointcloud_extract,0.013
1657065616.632224,1.1_cloud_preprocess,1.360
1657065616.632224,1.1_ros_callback_total,1.471
1657065616.632224,1.2_imu_integration,0.086
1657065616.632224,1.2_pointcloud_deskew,0.056
1657065616.632224,1.2_covariance_estimation,0.414
1657065616.632224,1.2_create_factors,0.016
1657065616.632224,1.2_smoother_update,1.723
1657065616.632224,1.3_gnss_injection,0.311
1657065616.632224,1.2_update_frames_calculate_estimate,0.043
1657065616.632224,1.2_update_frames_state_copy,0.014
1657065616.632224,1.2_update_frames_sigma_p,0.034
1657065616.632224,1.2_update_frames,0.117
1657065616.610223,2.1_gnss_araim,0.630
1657065616.632224,2.3_dynamic_al,0.000
1657065616.632224,2.3_state_machine,0.000
1657065616.632224,2.3_integrity_total,0.692
1657065616.632224,1.2_odom_insert_frame,4.508
1657065616.732256,1.1_pointcloud_extract,0.013
1657065616.732256,1.1_cloud_preprocess,1.343
1657065616.732256,1.1_ros_callback_total,1.464
1657065616.732256,1.2_imu_integration,0.094
1657065616.732256,1.2_pointcloud_deskew,0.039
1657065616.732256,1.2_covariance_estimation,0.495
1657065616.732256,1.2_create_factors,0.020
1657065616.732256,1.2_smoother_update,2.435
1657065616.732256,1.3_gnss_injection,0.386
1657065616.732256,1.2_update_frames_calculate_estimate,0.059
1657065616.732256,1.2_update_frames_state_copy,0.024
1657065616.732256,1.2_update_frames_sigma_p,0.045
1657065616.732256,1.2_update_frames,0.167
1657065616.710225,2.1_gnss_araim,0.617
1657065616.732256,2.3_dynamic_al,0.000
1657065616.732256,2.3_state_machine,0.000
1657065616.732256,2.3_integrity_total,0.685
1657065616.732256,1.2_odom_insert_frame,5.810
1657065611.732250,1.4_sub_map_insert,1.652
1657065616.832225,1.1_pointcloud_extract,0.011
1657065616.832225,1.1_cloud_preprocess,1.358
1657065616.832225,1.1_ros_callback_total,1.451
1657065616.832225,1.2_imu_integration,0.091
1657065616.832225,1.2_pointcloud_deskew,0.039
1657065616.832225,1.2_covariance_estimation,0.490
1657065616.832225,1.2_create_factors,0.022
1657065616.832225,1.2_smoother_update,2.177
1657065616.832225,1.3_gnss_injection,0.395
1657065616.832225,1.2_update_frames_calculate_estimate,0.067
1657065616.832225,1.2_update_frames_state_copy,0.018
1657065616.832225,1.2_update_frames_sigma_p,0.043
1657065616.832225,1.2_update_frames,0.173
1657065616.810221,2.1_gnss_araim,0.664
1657065616.832225,2.3_dynamic_al,0.000
1657065616.832225,2.3_state_machine,0.000
1657065616.832225,2.3_integrity_total,0.727
1657065616.832225,1.2_odom_insert_frame,5.598
1657065611.832277,1.4_sub_map_insert,3.116
1657065616.932233,1.1_pointcloud_extract,0.011
1657065616.932233,1.1_cloud_preprocess,1.268
1657065616.932233,1.1_ros_callback_total,1.358
1657065616.932233,1.2_imu_integration,0.092
1657065616.932233,1.2_pointcloud_deskew,0.039
1657065616.932233,1.2_covariance_estimation,0.502
1657065616.932233,1.2_create_factors,0.080
1657065616.932233,1.2_smoother_update,2.409
1657065616.932233,1.3_gnss_injection,0.451
1657065616.932233,1.2_update_frames_calculate_estimate,0.056
1657065616.932233,1.2_update_frames_state_copy,0.017
1657065616.932233,1.2_update_frames_sigma_p,0.043
1657065616.932233,1.2_update_frames,0.152
1657065616.910223,2.1_gnss_araim,0.642
1657065616.932233,2.3_dynamic_al,0.000
1657065616.932233,2.3_state_machine,0.000
1657065616.932233,2.3_integrity_total,0.711
1657065616.932233,1.2_odom_insert_frame,5.943
1657065617.032223,1.1_pointcloud_extract,0.012
1657065617.032223,1.1_cloud_preprocess,1.319
1657065617.032223,1.1_ros_callback_total,1.422
1657065617.032223,1.2_imu_integration,0.090
1657065617.032223,1.2_pointcloud_deskew,0.040
1657065617.032223,1.2_covariance_estimation,0.526
1657065617.032223,1.2_create_factors,0.023
1657065617.032223,1.2_smoother_update,2.002
1657065617.032223,1.3_gnss_injection,0.379
1657065617.032223,1.2_update_frames_calculate_estimate,0.058
1657065617.032223,1.2_update_frames_state_copy,0.017
1657065617.032223,1.2_update_frames_sigma_p,0.040
1657065617.032223,1.2_update_frames,0.148
1657065617.010248,2.1_gnss_araim,0.669
1657065617.032223,2.3_dynamic_al,0.000
1657065617.032223,2.3_state_machine,0.000
1657065617.032223,2.3_integrity_total,0.718
1657065617.032223,1.2_odom_insert_frame,5.267
1657065612.032289,1.4_sub_map_insert,1.720
1657065617.132279,1.1_pointcloud_extract,0.011
1657065617.132279,1.1_cloud_preprocess,1.288
1657065617.132279,1.1_ros_callback_total,1.395
1657065617.132279,1.2_imu_integration,0.109
1657065617.132279,1.2_pointcloud_deskew,0.050
1657065617.132279,1.2_covariance_estimation,0.519
1657065617.132279,1.2_create_factors,0.014
1657065617.132279,1.2_smoother_update,15.115
1657065617.132279,1.3_gnss_injection,0.291
1657065617.132279,1.2_update_frames_calculate_estimate,0.041
1657065617.132279,1.2_update_frames_state_copy,0.014
1657065617.132279,1.2_update_frames_sigma_p,0.023
1657065617.132279,1.2_update_frames,0.104
1657065617.110279,2.1_gnss_araim,0.720
1657065617.132279,2.3_dynamic_al,0.000
1657065617.132279,2.3_state_machine,0.000
1657065617.132279,2.3_integrity_total,0.778
1657065617.132279,1.2_odom_insert_frame,17.988
1657065612.132286,1.4_sub_map_insert,2.703
1657065617.232308,1.1_pointcloud_extract,0.012
1657065617.232308,1.1_cloud_preprocess,1.284
1657065617.232308,1.1_ros_callback_total,1.375
1657065617.232308,1.2_imu_integration,0.093
1657065617.232308,1.2_pointcloud_deskew,0.042
1657065617.232308,1.2_covariance_estimation,0.553
1657065617.232308,1.2_create_factors,0.024
1657065617.232308,1.2_smoother_update,2.521
1657065617.232308,1.3_gnss_injection,0.390
1657065617.232308,1.2_update_frames_calculate_estimate,0.066
1657065617.232308,1.2_update_frames_state_copy,0.018
1657065617.232308,1.2_update_frames_sigma_p,0.058
1657065617.232308,1.2_update_frames,0.183
1657065617.210281,2.1_gnss_araim,0.671
1657065617.232308,2.3_dynamic_al,0.000
1657065617.232308,2.3_state_machine,0.000
1657065617.232308,2.3_integrity_total,0.735
1657065617.232308,1.2_odom_insert_frame,6.149
1657065617.332285,1.1_pointcloud_extract,0.012
1657065617.332285,1.1_cloud_preprocess,1.332
1657065617.332285,1.1_ros_callback_total,1.426
1657065617.332285,1.2_imu_integration,0.091
1657065617.332285,1.2_pointcloud_deskew,0.041
1657065617.332285,1.2_covariance_estimation,0.516
1657065617.332285,1.2_create_factors,0.023
1657065617.332285,1.2_smoother_update,2.349
1657065617.332285,1.3_gnss_injection,0.401
1657065617.332285,1.2_update_frames_calculate_estimate,0.065
1657065617.332285,1.2_update_frames_state_copy,0.018
1657065617.332285,1.2_update_frames_sigma_p,0.041
1657065617.332285,1.2_update_frames,0.164
1657065617.310231,2.1_gnss_araim,0.609
1657065617.332285,2.3_dynamic_al,0.000
1657065617.332285,2.3_state_machine,0.000
1657065617.332285,2.3_integrity_total,0.674
1657065617.332285,1.2_odom_insert_frame,5.712
1657065612.332421,1.4_sub_map_insert,2.675
1657065617.432282,1.1_pointcloud_extract,0.012
1657065617.432282,1.1_cloud_preprocess,1.287
1657065617.432282,1.1_ros_callback_total,1.381
1657065617.432282,1.2_imu_integration,0.084
1657065617.432282,1.2_pointcloud_deskew,0.054
1657065617.432282,1.2_covariance_estimation,0.554
1657065617.432282,1.2_create_factors,0.017
1657065617.432282,1.2_smoother_update,1.814
1657065617.432282,1.3_gnss_injection,0.272
1657065617.432282,1.2_update_frames_calculate_estimate,0.039
1657065617.432282,1.2_update_frames_state_copy,0.012
1657065617.432282,1.2_update_frames_sigma_p,0.033
1657065617.432282,1.2_update_frames,0.108
1657065617.410277,2.1_gnss_araim,0.656
1657065617.432282,2.3_dynamic_al,0.000
1657065617.432282,2.3_state_machine,0.000
1657065617.432282,2.3_integrity_total,0.712
1657065617.432282,1.2_odom_insert_frame,4.565
1657065612.532232,1.4_sub_map_insert,1.365
1657065617.532231,1.1_pointcloud_extract,0.010
1657065617.532231,1.1_cloud_preprocess,1.145
1657065617.532231,1.1_ros_callback_total,1.220
1657065617.532231,1.2_imu_integration,0.093
1657065617.532231,1.2_pointcloud_deskew,0.040
1657065617.532231,1.2_covariance_estimation,0.505
1657065617.532231,1.2_create_factors,0.023
1657065617.532231,1.2_smoother_update,2.093
1657065617.532231,1.3_gnss_injection,0.370
1657065617.532231,1.2_update_frames_calculate_estimate,0.052
1657065617.532231,1.2_update_frames_state_copy,0.017
1657065617.532231,1.2_update_frames_sigma_p,0.038
1657065617.532231,1.2_update_frames,0.140
1657065617.510223,2.1_gnss_araim,0.651
1657065617.532231,2.3_dynamic_al,0.000
1657065617.532231,2.3_state_machine,0.000
1657065617.532231,2.3_integrity_total,0.714
1657065617.532231,1.2_odom_insert_frame,5.307
1657065612.632223,1.4_sub_map_insert,1.404
1657065617.632223,1.1_pointcloud_extract,0.012
1657065617.632223,1.1_cloud_preprocess,1.338
1657065617.632223,1.1_ros_callback_total,1.439
1657065617.632223,1.2_imu_integration,0.085
1657065617.632223,1.2_pointcloud_deskew,0.056
1657065617.632223,1.2_covariance_estimation,0.521
1657065617.632223,1.2_create_factors,0.015
1657065617.632223,1.2_smoother_update,1.792
1657065617.632223,1.3_gnss_injection,0.275
1657065617.632223,1.2_update_frames_calculate_estimate,0.041
1657065617.632223,1.2_update_frames_state_copy,0.013
1657065617.632223,1.2_update_frames_sigma_p,0.036
1657065617.632223,1.2_update_frames,0.117
1657065617.610365,2.1_gnss_araim,0.625
1657065617.632223,2.3_dynamic_al,0.000
1657065617.632223,2.3_state_machine,0.000
1657065617.632223,2.3_integrity_total,0.687
1657065617.632223,1.2_odom_insert_frame,4.520
1657065617.732282,1.1_pointcloud_extract,0.009
1657065617.732282,1.1_cloud_preprocess,1.175
1657065617.732282,1.1_ros_callback_total,1.222
1657065617.732282,1.2_imu_integration,0.076
1657065617.732282,1.2_pointcloud_deskew,0.051
1657065617.732282,1.2_covariance_estimation,0.439
1657065617.732282,1.2_create_factors,0.020
1657065617.732282,1.2_smoother_update,1.634
1657065617.732282,1.3_gnss_injection,0.274
1657065617.732282,1.2_update_frames_calculate_estimate,0.039
1657065617.732282,1.2_update_frames_state_copy,0.013
1657065617.732282,1.2_update_frames_sigma_p,0.031
1657065617.732282,1.2_update_frames,0.107
1657065617.710279,2.1_gnss_araim,0.997
1657065617.732282,2.3_dynamic_al,0.000
1657065617.732282,2.3_state_machine,0.000
1657065617.732282,2.3_integrity_total,1.053
1657065617.732282,1.2_odom_insert_frame,4.565
1657065612.732293,1.4_sub_map_insert,1.737
1657065617.832276,1.1_pointcloud_extract,0.010
1657065617.832276,1.1_cloud_preprocess,1.142
1657065617.832276,1.1_ros_callback_total,1.218
1657065617.832276,1.2_imu_integration,0.085
1657065617.832276,1.2_pointcloud_deskew,0.052
1657065617.832276,1.2_covariance_estimation,0.304
1657065617.832276,1.2_create_factors,0.015
1657065617.832276,1.2_smoother_update,14.542
1657065617.832276,1.3_gnss_injection,0.288
1657065617.832276,1.2_update_frames_calculate_estimate,0.040
1657065617.832276,1.2_update_frames_state_copy,0.014
1657065617.832276,1.2_update_frames_sigma_p,0.022
1657065617.832276,1.2_update_frames,0.101
1657065617.810277,2.1_gnss_araim,0.632
1657065617.832276,2.3_dynamic_al,0.000
1657065617.832276,2.3_state_machine,0.000
1657065617.832276,2.3_integrity_total,0.693
1657065617.832276,1.2_odom_insert_frame,16.982
1657065612.832322,1.4_sub_map_insert,3.202
1657065617.932274,1.1_pointcloud_extract,0.011
1657065617.932274,1.1_cloud_preprocess,1.276
1657065617.932274,1.1_ros_callback_total,1.355
1657065617.932274,1.2_imu_integration,0.091
1657065617.932274,1.2_pointcloud_deskew,0.038
1657065617.932274,1.2_covariance_estimation,0.524
1657065617.932274,1.2_create_factors,0.023
1657065617.932274,1.2_smoother_update,2.457
1657065617.932274,1.3_gnss_injection,0.374
1657065617.932274,1.2_update_frames_calculate_estimate,0.062
1657065617.932274,1.2_update_frames_state_copy,0.017
1657065617.932274,1.2_update_frames_sigma_p,0.058
1657065617.932274,1.2_update_frames,0.174
1657065617.910282,2.1_gnss_araim,0.668
1657065617.932274,2.3_dynamic_al,0.000
1657065617.932274,2.3_state_machine,0.000
1657065617.932274,2.3_integrity_total,0.729
1657065617.932274,1.2_odom_insert_frame,6.006
1657065613.032234,1.4_sub_map_insert,1.661
1657065618.032295,1.1_pointcloud_extract,0.011
1657065618.032295,1.1_cloud_preprocess,1.268
1657065618.032295,1.1_ros_callback_total,1.360
1657065618.032295,1.2_imu_integration,0.091
1657065618.032295,1.2_pointcloud_deskew,0.040
1657065618.032295,1.2_covariance_estimation,0.622
1657065618.032295,1.2_create_factors,0.022
1657065618.032295,1.2_smoother_update,20.010
1657065618.032295,1.3_gnss_injection,0.433
1657065618.032295,1.2_update_frames_calculate_estimate,0.070
1657065618.032295,1.2_update_frames_state_copy,0.020
1657065618.032295,1.2_update_frames_sigma_p,0.032
1657065618.032295,1.2_update_frames,0.167
1657065618.010288,2.1_gnss_araim,0.757
1657065618.032295,2.3_dynamic_al,0.000
1657065618.032295,2.3_state_machine,0.000
1657065618.032295,2.3_integrity_total,0.824
1657065618.032295,1.2_odom_insert_frame,23.766
1657065613.132228,1.4_sub_map_insert,1.766
1657065618.132224,1.1_pointcloud_extract,0.011
1657065618.132224,1.1_cloud_preprocess,1.378
1657065618.132224,1.1_ros_callback_total,1.473
1657065618.132224,1.2_imu_integration,0.078
1657065618.132224,1.2_pointcloud_deskew,0.052
1657065618.132224,1.2_covariance_estimation,0.507
1657065618.132224,1.2_create_factors,0.019
1657065618.132224,1.2_smoother_update,1.675
1657065618.132224,1.3_gnss_injection,0.275
1657065618.132224,1.2_update_frames_calculate_estimate,0.042
1657065618.132224,1.2_update_frames_state_copy,0.014
1657065618.132224,1.2_update_frames_sigma_p,0.031
1657065618.132224,1.2_update_frames,0.113
1657065618.110424,2.1_gnss_araim,0.629
1657065618.132224,2.3_dynamic_al,0.000
1657065618.132224,2.3_state_machine,0.000
1657065618.132224,2.3_integrity_total,0.689
1657065618.132224,1.2_odom_insert_frame,4.385
1657065618.232233,1.1_pointcloud_extract,0.011
1657065618.232233,1.1_cloud_preprocess,1.233
1657065618.232233,1.1_ros_callback_total,1.336
1657065618.232233,1.2_imu_integration,0.091
1657065618.232233,1.2_pointcloud_deskew,0.040
1657065618.232233,1.2_covariance_estimation,0.516
1657065618.232233,1.2_create_factors,0.022
1657065618.232233,1.2_smoother_update,20.050
1657065618.232233,1.3_gnss_injection,0.429
1657065618.232233,1.2_update_frames_calculate_estimate,0.073
1657065618.232233,1.2_update_frames_state_copy,0.021
1657065618.232233,1.2_update_frames_sigma_p,0.031
1657065618.232233,1.2_update_frames,0.168
1657065618.210266,2.1_gnss_araim,0.648
1657065618.232233,2.3_dynamic_al,0.000
1657065618.232233,2.3_state_machine,0.000
1657065618.232233,2.3_integrity_total,0.710
1657065618.232233,1.2_odom_insert_frame,23.601
1657065613.232361,1.4_sub_map_insert,1.692
1657065618.332283,1.1_pointcloud_extract,0.011
1657065618.332283,1.1_cloud_preprocess,1.269
1657065618.332283,1.1_ros_callback_total,1.363
1657065618.332283,1.2_imu_integration,0.094
1657065618.332283,1.2_pointcloud_deskew,0.039
1657065618.332283,1.2_covariance_estimation,0.514
1657065618.332283,1.2_create_factors,0.024
1657065618.332283,1.2_smoother_update,2.626
1657065618.332283,1.3_gnss_injection,0.420
1657065618.332283,1.2_update_frames_calculate_estimate,0.072
1657065618.332283,1.2_update_frames_state_copy,0.019
1657065618.332283,1.2_update_frames_sigma_p,0.064
1657065618.332283,1.2_update_frames,0.196
1657065618.310300,2.1_gnss_araim,0.617
1657065618.332283,2.3_dynamic_al,0.000
1657065618.332283,2.3_state_machine,0.000
1657065618.332283,2.3_integrity_total,0.680
1657065618.332283,1.2_odom_insert_frame,6.255
1657065613.332277,1.4_sub_map_insert,3.317
1657065618.432349,1.1_pointcloud_extract,0.011
1657065618.432349,1.1_cloud_preprocess,1.280
1657065618.432349,1.1_ros_callback_total,1.363
1657065618.432349,1.2_imu_integration,0.075
1657065618.432349,1.2_pointcloud_deskew,0.048
1657065618.432349,1.2_covariance_estimation,0.412
1657065618.432349,1.2_create_factors,0.017
1657065618.432349,1.2_smoother_update,14.328
1657065618.432349,1.3_gnss_injection,0.298
1657065618.432349,1.2_update_frames_calculate_estimate,0.040
1657065618.432349,1.2_update_frames_state_copy,0.014
1657065618.432349,1.2_update_frames_sigma_p,0.023
1657065618.432349,1.2_update_frames,0.103
1657065618.410281,2.1_gnss_araim,0.665
1657065618.432349,2.3_dynamic_al,0.000
1657065618.432349,2.3_state_machine,0.000
1657065618.432349,2.3_integrity_total,0.715
1657065618.432349,1.2_odom_insert_frame,16.979
1657065613.532227,1.4_sub_map_insert,1.726
1657065618.532277,1.1_pointcloud_extract,0.012
1657065618.532277,1.1_cloud_preprocess,1.287
1657065618.532277,1.1_ros_callback_total,1.390
1657065618.532277,1.2_imu_integration,0.090
1657065618.532277,1.2_pointcloud_deskew,0.039
1657065618.532277,1.2_covariance_estimation,0.591
1657065618.532277,1.2_create_factors,0.020
1657065618.532277,1.2_smoother_update,19.549
1657065618.532277,1.3_gnss_injection,0.435
1657065618.532277,1.2_update_frames_calculate_estimate,0.078
1657065618.532277,1.2_update_frames_state_copy,0.020
1657065618.532277,1.2_update_frames_sigma_p,0.035
1657065618.532277,1.2_update_frames,0.175
1657065618.510303,2.1_gnss_araim,0.698
1657065618.532277,2.3_dynamic_al,0.000
1657065618.532277,2.3_state_machine,0.000
1657065618.532277,2.3_integrity_total,0.763
1657065618.532277,1.2_odom_insert_frame,23.239
1657065613.632218,1.4_sub_map_insert,1.727
1657065618.632278,1.1_pointcloud_extract,0.010
1657065618.632278,1.1_cloud_preprocess,1.194
1657065618.632278,1.1_ros_callback_total,1.268
1657065618.632278,1.2_imu_integration,0.090
1657065618.632278,1.2_pointcloud_deskew,0.039
1657065618.632278,1.2_covariance_estimation,0.498
1657065618.632278,1.2_create_factors,0.022
1657065618.632278,1.2_smoother_update,20.827
1657065618.632278,1.3_gnss_injection,0.431
1657065618.632278,1.2_update_frames_calculate_estimate,0.087
1657065618.632278,1.2_update_frames_state_copy,0.025
1657065618.632278,1.2_update_frames_sigma_p,0.046
1657065618.632278,1.2_update_frames,0.212
1657065618.610287,2.1_gnss_araim,0.846
1657065618.632278,2.3_dynamic_al,0.000
1657065618.632278,2.3_state_machine,0.000
1657065618.632278,2.3_integrity_total,0.909
1657065618.632278,1.2_odom_insert_frame,24.650
1657065618.732275,1.1_pointcloud_extract,0.012
1657065618.732275,1.1_cloud_preprocess,1.278
1657065618.732275,1.1_ros_callback_total,1.348
1657065618.732275,1.2_imu_integration,0.084
1657065618.732275,1.2_pointcloud_deskew,0.052
1657065618.732275,1.2_covariance_estimation,0.362
1657065618.732275,1.2_create_factors,0.019
1657065618.732275,1.2_smoother_update,1.705
1657065618.732275,1.3_gnss_injection,0.266
1657065618.732275,1.2_update_frames_calculate_estimate,0.042
1657065618.732275,1.2_update_frames_state_copy,0.013
1657065618.732275,1.2_update_frames_sigma_p,0.030
1657065618.732275,1.2_update_frames,0.109
1657065618.710234,2.1_gnss_araim,0.660
1657065618.732275,2.3_dynamic_al,0.000
1657065618.732275,2.3_state_machine,0.000
1657065618.732275,2.3_integrity_total,0.692
1657065618.732275,1.2_odom_insert_frame,4.201
1657065613.732287,1.4_sub_map_insert,1.479
1657065618.832279,1.1_pointcloud_extract,0.011
1657065618.832279,1.1_cloud_preprocess,1.357
1657065618.832279,1.1_ros_callback_total,1.453
1657065618.832279,1.2_imu_integration,0.091
1657065618.832279,1.2_pointcloud_deskew,0.041
1657065618.832279,1.2_covariance_estimation,0.506
1657065618.832279,1.2_create_factors,0.022
1657065618.832279,1.2_smoother_update,20.100
1657065618.832279,1.3_gnss_injection,0.413
1657065618.832279,1.2_update_frames_calculate_estimate,0.082
1657065618.832279,1.2_update_frames_state_copy,0.020
1657065618.832279,1.2_update_frames_sigma_p,0.036
1657065618.832279,1.2_update_frames,0.184
1657065618.810286,2.1_gnss_araim,0.758
1657065618.832279,2.3_dynamic_al,0.000
1657065618.832279,2.3_state_machine,0.000
1657065618.832279,2.3_integrity_total,0.815
1657065618.832279,1.2_odom_insert_frame,23.738
1657065613.832279,1.4_sub_map_insert,2.326
1657065618.932275,1.1_pointcloud_extract,0.010
1657065618.932275,1.1_cloud_preprocess,1.223
1657065618.932275,1.1_ros_callback_total,1.291
1657065618.932275,1.2_imu_integration,0.091
1657065618.932275,1.2_pointcloud_deskew,0.039
1657065618.932275,1.2_covariance_estimation,0.438
1657065618.932275,1.2_create_factors,0.023
1657065618.932275,1.2_smoother_update,20.276
1657065618.932275,1.3_gnss_injection,0.442
1657065618.932275,1.2_update_frames_calculate_estimate,0.087
1657065618.932275,1.2_update_frames_state_copy,0.020
1657065618.932275,1.2_update_frames_sigma_p,0.036
1657065618.932275,1.2_update_frames,0.192
1657065618.910285,2.1_gnss_araim,0.791
1657065618.932275,2.3_dynamic_al,0.000
1657065618.932275,2.3_state_machine,0.000
1657065618.932275,2.3_integrity_total,0.870
1657065618.932275,1.2_odom_insert_frame,24.038
1657065613.932281,1.4_sub_map_insert,1.408
1657065619.032229,1.1_pointcloud_extract,0.011
1657065619.032229,1.1_cloud_preprocess,1.368
1657065619.032229,1.1_ros_callback_total,1.476
1657065619.032229,1.2_imu_integration,0.090
1657065619.032229,1.2_pointcloud_deskew,0.039
1657065619.032229,1.2_covariance_estimation,0.511
1657065619.032229,1.2_create_factors,0.025
1657065619.032229,1.2_smoother_update,20.051
1657065619.032229,1.3_gnss_injection,0.407
1657065619.032229,1.2_update_frames_calculate_estimate,0.077
1657065619.032229,1.2_update_frames_state_copy,0.020
1657065619.032229,1.2_update_frames_sigma_p,0.031
1657065619.032229,1.2_update_frames,0.170
1657065619.010276,2.1_gnss_araim,0.933
1657065619.032229,2.3_dynamic_al,0.000
1657065619.032229,2.3_state_machine,0.000
1657065619.032229,2.3_integrity_total,0.983
1657065619.032229,1.2_odom_insert_frame,23.797
1657065614.032279,1.4_sub_map_insert,3.234
1657065619.132281,1.1_pointcloud_extract,0.011
1657065619.132281,1.1_cloud_preprocess,1.395
1657065619.132281,1.1_ros_callback_total,1.503
1657065619.132281,1.2_imu_integration,0.076
1657065619.132281,1.2_pointcloud_deskew,0.049
1657065619.132281,1.2_covariance_estimation,0.331
1657065619.132281,1.2_create_factors,0.020
1657065619.132281,1.2_smoother_update,2.005
1657065619.132281,1.3_gnss_injection,0.290
1657065619.132281,1.2_update_frames_calculate_estimate,0.042
1657065619.132281,1.2_update_frames_state_copy,0.014
1657065619.132281,1.2_update_frames_sigma_p,0.048
1657065619.132281,1.2_update_frames,0.131
1657065619.110278,2.1_gnss_araim,0.639
1657065619.132281,2.3_dynamic_al,0.000
1657065619.132281,2.3_state_machine,0.000
1657065619.132281,2.3_integrity_total,0.702
1657065619.132281,1.2_odom_insert_frame,4.658
1657065619.232228,1.1_pointcloud_extract,0.012
1657065619.232228,1.1_cloud_preprocess,1.298
1657065619.232228,1.1_ros_callback_total,1.407
1657065619.232228,1.2_imu_integration,0.090
1657065619.232228,1.2_pointcloud_deskew,0.040
1657065619.232228,1.2_covariance_estimation,0.510
1657065619.232228,1.2_create_factors,0.022
1657065619.232228,1.2_smoother_update,2.356
1657065619.232228,1.3_gnss_injection,0.408
1657065619.232228,1.2_update_frames_calculate_estimate,0.064
1657065619.232228,1.2_update_frames_state_copy,0.017
1657065619.232228,1.2_update_frames_sigma_p,0.039
1657065619.232228,1.2_update_frames,0.156
1657065619.210255,2.1_gnss_araim,0.724
1657065619.232228,2.3_dynamic_al,0.000
1657065619.232228,2.3_state_machine,0.000
1657065619.232228,2.3_integrity_total,0.776
1657065619.232228,1.2_odom_insert_frame,5.795
1657065614.232309,1.4_sub_map_insert,1.773
1657065619.332325,1.1_pointcloud_extract,0.011
1657065619.332325,1.1_cloud_preprocess,1.253
1657065619.332325,1.1_ros_callback_total,1.338
1657065619.332325,1.2_imu_integration,0.084
1657065619.332325,1.2_pointcloud_deskew,0.048
1657065619.332325,1.2_covariance_estimation,0.397
1657065619.332325,1.2_create_factors,0.017
1657065619.332325,1.2_smoother_update,1.812
1657065619.332325,1.3_gnss_injection,0.282
1657065619.332325,1.2_update_frames_calculate_estimate,0.041
1657065619.332325,1.2_update_frames_state_copy,0.013
1657065619.332325,1.2_update_frames_sigma_p,0.038
1657065619.332325,1.2_update_frames,0.119
1657065619.310297,2.1_gnss_araim,0.712
1657065619.332325,2.3_dynamic_al,0.000
1657065619.332325,2.3_state_machine,0.000
1657065619.332325,2.3_integrity_total,0.772
1657065619.332325,1.2_odom_insert_frame,4.489
1657065614.332302,1.4_sub_map_insert,2.681
1657065619.432276,1.1_pointcloud_extract,0.010
1657065619.432276,1.1_cloud_preprocess,1.143
1657065619.432276,1.1_ros_callback_total,1.214
1657065619.432276,1.2_imu_integration,0.082
1657065619.432276,1.2_pointcloud_deskew,0.053
1657065619.432276,1.2_covariance_estimation,0.385
1657065619.432276,1.2_create_factors,0.019
1657065619.432276,1.2_smoother_update,1.692
1657065619.432276,1.3_gnss_injection,0.287
1657065619.432276,1.2_update_frames_calculate_estimate,0.041
1657065619.432276,1.2_update_frames_state_copy,0.013
1657065619.432276,1.2_update_frames_sigma_p,0.031
1657065619.432276,1.2_update_frames,0.109
1657065619.410256,2.1_gnss_araim,0.625
1657065619.432276,2.3_dynamic_al,0.000
1657065619.432276,2.3_state_machine,0.000
1657065619.432276,2.3_integrity_total,0.685
1657065619.432276,1.2_odom_insert_frame,4.259
1657065619.532284,1.1_pointcloud_extract,0.011
1657065619.532284,1.1_cloud_preprocess,1.329
1657065619.532284,1.1_ros_callback_total,1.434
1657065619.532284,1.2_imu_integration,0.091
1657065619.532284,1.2_pointcloud_deskew,0.042
1657065619.532284,1.2_covariance_estimation,0.514
1657065619.532284,1.2_create_factors,0.024
1657065619.532284,1.2_smoother_update,20.088
1657065619.532284,1.3_gnss_injection,0.413
1657065619.532284,1.2_update_frames_calculate_estimate,0.077
1657065619.532284,1.2_update_frames_state_copy,0.019
1657065619.532284,1.2_update_frames_sigma_p,0.033
1657065619.532284,1.2_update_frames,0.172
1657065619.510295,2.1_gnss_araim,0.795
1657065619.532284,2.3_dynamic_al,0.000
1657065619.532284,2.3_state_machine,0.000
1657065619.532284,2.3_integrity_total,0.876
1657065619.532284,1.2_odom_insert_frame,23.763
1657065614.532299,1.4_sub_map_insert,2.696
1657065619.632220,1.1_pointcloud_extract,0.012
1657065619.632220,1.1_cloud_preprocess,1.340
1657065619.632220,1.1_ros_callback_total,1.442
1657065619.632220,1.2_imu_integration,0.098
1657065619.632220,1.2_pointcloud_deskew,0.039
1657065619.632220,1.2_covariance_estimation,0.504
1657065619.632220,1.2_create_factors,0.022
1657065619.632220,1.2_smoother_update,20.197
1657065619.632220,1.3_gnss_injection,0.411
1657065619.632220,1.2_update_frames_calculate_estimate,0.074
1657065619.632220,1.2_update_frames_state_copy,0.021
1657065619.632220,1.2_update_frames_sigma_p,0.031
1657065619.632220,1.2_update_frames,0.169
1657065619.610287,2.1_gnss_araim,0.699
1657065619.632220,2.3_dynamic_al,0.000
1657065619.632220,2.3_state_machine,0.000
1657065619.632220,2.3_integrity_total,0.769
1657065619.632220,1.2_odom_insert_frame,23.722
1657065619.732238,1.1_pointcloud_extract,0.011
1657065619.732238,1.1_cloud_preprocess,1.301
1657065619.732238,1.1_ros_callback_total,1.396
1657065619.732238,1.2_imu_integration,0.090
1657065619.732238,1.2_pointcloud_deskew,0.042
1657065619.732238,1.2_covariance_estimation,0.514
1657065619.732238,1.2_create_factors,0.022
1657065619.732238,1.2_smoother_update,20.321
1657065619.732238,1.3_gnss_injection,0.438
1657065619.732238,1.2_update_frames_calculate_estimate,0.074
1657065619.732238,1.2_update_frames_state_copy,0.019
1657065619.732238,1.2_update_frames_sigma_p,0.032
1657065619.732238,1.2_update_frames,0.166
1657065619.710224,2.1_gnss_araim,0.703
1657065619.732238,2.3_dynamic_al,0.000
1657065619.732238,2.3_state_machine,0.000
1657065619.732238,2.3_integrity_total,0.767
1657065619.732238,1.2_odom_insert_frame,23.928
1657065614.732250,1.4_sub_map_insert,1.726
1657065619.832408,1.1_pointcloud_extract,0.011
1657065619.832408,1.1_cloud_preprocess,1.307
1657065619.832408,1.1_ros_callback_total,1.387
1657065619.832408,1.2_imu_integration,0.089
1657065619.832408,1.2_pointcloud_deskew,0.041
1657065619.832408,1.2_covariance_estimation,0.562
1657065619.832408,1.2_create_factors,0.023
1657065619.832408,1.2_smoother_update,2.511
1657065619.832408,1.3_gnss_injection,0.389
1657065619.832408,1.2_update_frames_calculate_estimate,0.079
1657065619.832408,1.2_update_frames_state_copy,0.018
1657065619.832408,1.2_update_frames_sigma_p,0.061
1657065619.832408,1.2_update_frames,0.199
1657065619.810304,2.1_gnss_araim,0.791
1657065619.832408,2.3_dynamic_al,0.000
1657065619.832408,2.3_state_machine,0.000
1657065619.832408,2.3_integrity_total,0.852
1657065619.832408,1.2_odom_insert_frame,6.239
1657065614.832293,1.4_sub_map_insert,3.343
1657065619.932223,1.1_pointcloud_extract,0.010
1657065619.932223,1.1_cloud_preprocess,1.133
1657065619.932223,1.1_ros_callback_total,1.194
1657065619.932223,1.2_imu_integration,0.083
1657065619.932223,1.2_pointcloud_deskew,0.057
1657065619.932223,1.2_covariance_estimation,0.429
1657065619.932223,1.2_create_factors,0.019
1657065619.932223,1.2_smoother_update,1.725
1657065619.932223,1.3_gnss_injection,0.274
1657065619.932223,1.2_update_frames_calculate_estimate,0.047
1657065619.932223,1.2_update_frames_state_copy,0.014
1657065619.932223,1.2_update_frames_sigma_p,0.031
1657065619.932223,1.2_update_frames,0.116
1657065619.910219,2.1_gnss_araim,0.620
1657065619.932223,2.3_dynamic_al,0.000
1657065619.932223,2.3_state_machine,0.000
1657065619.932223,2.3_integrity_total,0.662
1657065619.932223,1.2_odom_insert_frame,4.296
1657065620.032288,1.1_pointcloud_extract,0.010
1657065620.032288,1.1_cloud_preprocess,1.127
1657065620.032288,1.1_ros_callback_total,1.204
1657065620.032288,1.2_imu_integration,0.090
1657065620.032288,1.2_pointcloud_deskew,0.041
1657065620.032288,1.2_covariance_estimation,0.495
1657065620.032288,1.2_create_factors,0.024
1657065620.032288,1.2_smoother_update,2.286
1657065620.032288,1.3_gnss_injection,0.385
1657065620.032288,1.2_update_frames_calculate_estimate,0.060
1657065620.032288,1.2_update_frames_state_copy,0.017
1657065620.032288,1.2_update_frames_sigma_p,0.042
1657065620.032288,1.2_update_frames,0.155
1657065620.010242,2.1_gnss_araim,0.648
1657065620.032288,2.3_dynamic_al,0.000
1657065620.032288,2.3_state_machine,0.000
1657065620.032288,2.3_integrity_total,0.699
1657065620.032288,1.2_odom_insert_frame,5.566
1657065615.032281,1.4_sub_map_insert,1.737
1657065620.132280,1.1_pointcloud_extract,0.009
1657065620.132280,1.1_cloud_preprocess,1.177
1657065620.132280,1.1_ros_callback_total,1.253
1657065620.132280,1.2_imu_integration,0.080
1657065620.132280,1.2_pointcloud_deskew,0.051
1657065620.132280,1.2_covariance_estimation,0.437
1657065620.132280,1.2_create_factors,0.017
1657065620.132280,1.2_smoother_update,1.606
1657065620.132280,1.3_gnss_injection,0.284
1657065620.132280,1.2_update_frames_calculate_estimate,0.042
1657065620.132280,1.2_update_frames_state_copy,0.013
1657065620.132280,1.2_update_frames_sigma_p,0.032
1657065620.132280,1.2_update_frames,0.110
1657065620.110286,2.1_gnss_araim,0.677
1657065620.132280,2.3_dynamic_al,0.000
1657065620.132280,2.3_state_machine,0.000
1657065620.132280,2.3_integrity_total,0.727
1657065620.132280,1.2_odom_insert_frame,4.218
1657065615.132449,1.4_sub_map_insert,3.254
